{
  "mj_metric": {
    "easy": 0.7664864864864865,
    "easy_total": 925,
    "medium": 0.6573275862068966,
    "medium_total": 464,
    "hard": 0.5517241379310345,
    "hard_total": 464,
    "extra": 0,
    "extra_total": 0,
    "all": 0.7131681877444589,
    "all_total": 1534,
    "acc": 0.7131681877444589,
    "simple": 0.7664864864864865,
    "moderate": 0.6573275862068966,
    "challenging": 0.5517241379310345
  }
}