{
  "mj_metric": {
    "easy": 0.7427027027027027,
    "easy_total": 925,
    "medium": 0.6314655172413793,
    "medium_total": 464,
    "hard": 0.5586206896551724,
    "hard_total": 464,
    "extra": 0,
    "extra_total": 0,
    "all": 0.6916558018252934,
    "all_total": 1534,
    "acc": 0.6916558018252934,
    "simple": 0.7427027027027027,
    "moderate": 0.6314655172413793,
    "challenging": 0.5586206896551724
  }
}