question_id,db_id,question,evidence,SQL,difficulty,gt_tables
1364,student_club,Where is Amy Firth's hometown?,"hometown refers to city, county, state","SELECT T2.city, T2.county, T2.state FROM member AS T1 INNER JOIN zip_code AS T2 ON T1.zip = T2.zip_code WHERE T1.first_name = 'Amy' AND T1.last_name = 'Firth'",simple,"['zip_code', 'member']"
76,california_schools,What is the city location of the high school level school with Lunch Provision 2 whose lowest grade is 9 and the highest grade is 12 in the county of Merced?,High school can be represented as EILCode = 'HS',SELECT T2.City FROM frpm AS T1 INNER JOIN schools AS T2 ON T1.CDSCode = T2.CDSCode WHERE T1.`NSLP Provision Status` = 'Lunch Provision 2' AND T2.County = 'Merced' AND T1.`Low Grade` = 9 AND T1.`High Grade` = 12 AND T2.EILCode = 'HS',moderate,"['schools', 'frpm']"
316,toxicology,"Among the molecules which contain ""c"" element, which of them are not carcinogenic?",label = '-' means molecules are non-carcinogenic,SELECT DISTINCT T1.molecule_id FROM atom AS T1 INNER JOIN molecule AS T2 ON T1.molecule_id = T2.molecule_id WHERE T1.element = 'c' AND T2.label = '-',simple,"['atom', 'molecule']"
1089,european_football_2,How many matches in the 2008/2009 season were held in Belgium?,Belgium refers to Country.name = 'Belgium';,SELECT COUNT(t2.id) FROM Country AS t1 INNER JOIN Match AS t2 ON t1.id = t2.country_id WHERE t1.name = 'Belgium' AND t2.season = '2008/2009',simple,"['Match', 'Country']"
1356,student_club,Which department was the President of the club in?,'President' is a position of Student Club,SELECT T2.department FROM member AS T1 INNER JOIN major AS T2 ON T1.link_to_major = T2.major_id WHERE T1.position = 'President',simple,"['member', 'major']"
923,formula_1,How many Formula_1 races took place on the circuits in Italy?,,SELECT COUNT(T2.circuitId) FROM circuits AS T1 INNER JOIN races AS T2 ON T2.circuitID = T1.circuitId WHERE T1.country = 'Italy',simple,"['circuits', 'races']"
757,superhero,Identify the race of the superhero who weighed 169 kg.,weighed 169 kg refers to weight_kg = 169,SELECT T2.race FROM superhero AS T1 INNER JOIN race AS T2 ON T1.race_id = T2.id WHERE T1.weight_kg = 169,simple,"['race', 'superhero']"
1504,debit_card_specializing,"What is the average total price of the transactions taken place in January, 2012?","In January, 2012 means Date contains '2012-01'",SELECT AVG(Amount) FROM transactions_1k WHERE Date LIKE '2012-01%',simple,['transactions_1k']
963,formula_1,How many French drivers who obtain the laptime less than 02:00.00?,lap time less than 01:00.00 refers to seconds < 120;,"SELECT COUNT(T1.driverId) FROM drivers AS T1 INNER JOIN lapTimes AS T2 on T1.driverId = T2.driverId WHERE T1.nationality = 'French' AND (CAST(SUBSTR(T2.time, 1, 2) AS INTEGER) * 60 + CAST(SUBSTR(T2.time, 4, 2) AS INTEGER) + CAST(SUBSTR(T2.time, 7, 2) AS REAL) / 1000) < 120",moderate,"['lapTimes', 'drivers']"
1196,thrombosis_prediction,What is the most common sign of patients with SLE disease?,the most common sign refers to MAX(symptoms); 'SLE' refers to diagnosis,SELECT Symptoms FROM Examination WHERE Diagnosis = 'SLE' GROUP BY Symptoms ORDER BY COUNT(Symptoms) DESC LIMIT 1,simple,['Examination']
1426,student_club,List the last name of members with a major in environmental engineering and include its department and college name.,'Environmental Engineering' is the major name;,"SELECT T2.last_name, T1.department, T1.college FROM major AS T1 INNER JOIN member AS T2 ON T1.major_id = T2.link_to_major WHERE T2.position = 'Member' AND T1.major_name = 'Environmental Engineering'",moderate,"['member', 'major']"
678,codebase_community,Which post by Harvey Motulsky has the most views? Please give the id and title of this post.,DisplayName = 'Harvey Motulsky'; the most views refer to MAX(ViewCount);,"SELECT T2.Id, T2.Title FROM users AS T1 INNER JOIN posts AS T2 ON T1.Id = T2.OwnerUserId WHERE T1.DisplayName = 'Harvey Motulsky' ORDER BY T2.ViewCount DESC LIMIT 1",simple,"['posts', 'users']"
371,card_games,What is the percentage of cards whose language is French among the Story Spotlight cards?,"Story Spotlight card refers to isStorySpotlight = 1; French is the language; Percentage = Divide(Count(id) where language = 'French' and isStorySpotlight = 1, Count(id) where isStorySpotlight = 1)*100",SELECT CAST(SUM(CASE WHEN T2.language = 'French' THEN 1 ELSE 0 END) AS REAL) * 100 / COUNT(T1.id) FROM cards AS T1 INNER JOIN foreign_data AS T2 ON T1.uuid = T2.uuid WHERE T1.isStorySpotlight = 1,challenging,"['cards', 'foreign_data']"
1486,debit_card_specializing,"Is it true that more SMEs pay in Czech koruna than in euros? If so, how many more?",Amount of more SMEs = Total of SMEs uses Czech Koruna - Total of SMEs uses Euro,SELECT SUM(Currency = 'CZK') - SUM(Currency = 'EUR') FROM customers WHERE Segment = 'SME',simple,['customers']
1167,thrombosis_prediction,"For the year that concluded on December 31, 1998, how many male patients on average were tested in the lab each month?","the year that concluded on December 31, 1998 refers to Date BETWEEN '1998-01-01' AND '1998-12-31'; male refers to SEX = 'M'; calculation = DIVIDE(COUNT(ID), 12)","SELECT CAST(COUNT(T1.ID) AS REAL) / 12 FROM Patient AS T1 INNER JOIN Laboratory AS T2 ON T1.ID = T2.ID WHERE STRFTIME('%Y', T2.Date) = '1998' AND T1.SEX = 'M'",moderate,"['Laboratory', 'Patient']"
1080,european_football_2,"Among the players whose preferred foot was the left foot when attacking, how many of them would remain in his position when the team attacked?",preferred foot when attacking refers to preferred foot; preferred_foot = 'left'; players who would remain in his position when the team attacked refers to attacking_work_rate = 'low';,SELECT COUNT(player_api_id) FROM Player_Attributes WHERE preferred_foot = 'left' AND attacking_work_rate = 'low',moderate,['Player_Attributes']
1000,formula_1,Which racetrack hosted the most recent race? Indicate the full location.,"full location refers to location+country; most recent race = MAX(date)

",SELECT T1.location FROM circuits AS T1 INNER JOIN races AS T2 ON T1.circuitId = T2.circuitId ORDER BY T2.date DESC LIMIT 1,simple,"['circuits', 'races']"
30,california_schools,Which cities have the top 5 lowest enrollment number for students in grades 1 through 12?,K-12 refers to students in grades 1 through 12.,SELECT T2.City FROM frpm AS T1 INNER JOIN schools AS T2 ON T1.CDSCode = T2.CDSCode GROUP BY T2.City ORDER BY SUM(T1.`Enrollment (K-12)`) ASC LIMIT 5,simple,"['schools', 'frpm']"
49,california_schools,Which different county has the most number of closed schools? Please provide the name of each school as well as the closure date.,Closure date and closed date are synonyms; 'Closed' was mentioned in schools.StatusType.,"SELECT DISTINCT County, School, ClosedDate FROM schools WHERE County = ( SELECT County FROM schools WHERE StatusType = 'Closed' GROUP BY County ORDER BY COUNT(School) DESC LIMIT 1 ) AND StatusType = 'Closed' AND school IS NOT NULL",moderate,['schools']
240,toxicology,"List all the elements of the toxicology of the molecule ""TR004"".","TR004 is the molecule id; element = 'cl' means Chlorine; element = 'c' means Carbon; element = 'h' means Hydrogen; element = 'o' means Oxygen, element = 's' means Sulfur; element = 'n' means Nitrogen, element = 'p' means Phosphorus, element = 'na' means Sodium, element = 'br' means Bromine, element = 'f' means Fluorine; element = 'i' means Iodine; element = 'sn' means Tin; element = 'pb' means Lead; element = 'te' means Tellurium; element = 'ca' means Calcium",SELECT DISTINCT T.element FROM atom AS T WHERE T.molecule_id = 'TR004',challenging,['atom']
309,toxicology,List out the atom id that belongs to the TR346 molecule and how many bond type can be created by this molecule?,,"SELECT T1.atom_id, COUNT(DISTINCT T2.bond_type) FROM atom AS T1 INNER JOIN bond AS T2 ON T1.molecule_id = T2.molecule_id WHERE T1.molecule_id = 'TR346' GROUP BY T1.atom_id, T2.bond_type",simple,"['atom', 'bond']"
353,card_games,List all the sets available in Italian translation. State the total number of cards per set.,Italian translation refers to language = 'Italian'; total number of card per set refers to totalSetSize;,"SELECT T1.name, T1.totalSetSize FROM sets AS T1 INNER JOIN set_translations AS T2 ON T1.code = T2.setCode WHERE T2.language = 'Italian'",simple,"['set_translations', 'sets']"
124,financial,"List the loan ID, district and average salary for loan with duration of 60 months.",A3 refers to regions; A11 refers to average salary,"SELECT T3.loan_id, T2.A2, T2.A11 FROM account AS T1 INNER JOIN district AS T2 ON T1.district_id = T2.district_id INNER JOIN loan AS T3 ON T1.account_id = T3.account_id WHERE T3.duration = 60",simple,"['account', 'district', 'loan']"
381,card_games,List down the name of artists for cards in Chinese Simplified.,Chinese Simplified' is the language;,SELECT T1.artist FROM cards AS T1 INNER JOIN foreign_data AS T2 ON T1.uuid = T2.uuid WHERE T2.language = 'Chinese Simplified',simple,"['cards', 'foreign_data']"
1434,student_club,What are the zip codes that have post office boxes in the country of the country of San Juan Municipio whose state is Puerto Rico?,zip codes that have post office boxes refers to type = 'PO Box',SELECT zip_code FROM zip_code WHERE type = 'PO Box' AND county = 'San Juan Municipio' AND state = 'Puerto Rico',simple,['zip_code']
70,california_schools,How many active and closed District Community Day Schools are there in the county of Alpine?,,SELECT COUNT(School) FROM schools WHERE (StatusType = 'Closed' OR StatusType = 'Active') AND County = 'Alpine',simple,['schools']
1124,european_football_2,Who are the players that tend to be attacking when their mates were doing attack moves? List down their name.,tend to be attacking when their mates were doing attack moves refers to attacking_work_rate = 'high';,SELECT DISTINCT t1.player_name FROM Player AS t1 INNER JOIN Player_Attributes AS t2 ON t1.player_api_id = t2.player_api_id WHERE t2.attacking_work_rate = 'high',moderate,"['Player', 'Player_Attributes']"
704,codebase_community,What is the excerpt post ID and wiki post ID of the tag named sample?,tag named sample refers to TagName = 'sample';,"SELECT ExcerptPostId, WikiPostId FROM tags WHERE TagName = 'sample'",simple,['tags']
940,formula_1,"Among the drivers that finished the race in the 2008 Australian Grand Prix, how many of them have participated in Formula_1 races?",COUNT(raceID) > 0 reveals that this driver participated in races; drivers who finished the race refers to time has value.,SELECT COUNT(*) FROM ( SELECT T1.driverId FROM results AS T1 INNER JOIN races AS T2 on T1.raceId = T2.raceId WHERE T2.name = 'Australian Grand Prix' AND T2.year = 2008 AND T1.time IS NOT NULL GROUP BY T1.driverId HAVING COUNT(T2.raceId) > 0 ),moderate,"['results', 'races']"
987,formula_1,What is the average fastest lap time of the top 10 drivers in the 2006 United States Grand Prix?,top 10 refers to rank <11; AVG(fastestLapTime);,SELECT AVG(T1.fastestLapTime) FROM results AS T1 INNER JOIN races AS T2 on T1.raceId = T2.raceId WHERE T1.rank < 11 AND T2.year = 2006 AND T2.name = 'United States GrAND Prix',simple,"['results', 'races']"
570,codebase_community,"For the user whose display name is ""DatEpicCoderGuyWhoPrograms"", what is his/her badge's name?","""DatEpicCoderGuyWhoPrograms"" is the DisplayName;",SELECT T2.Name FROM users AS T1 INNER JOIN badges AS T2 ON T1.Id = T2.UserId WHERE T1.DisplayName = 'DatEpicCoderGuyWhoPrograms',simple,"['badges', 'users']"
1471,debit_card_specializing,What is the ratio of costumers who pay in EUR against customers who pay in CZK?,ratio of costumers who pay in EUR against customers who pay in CZK = count(Currency = 'EUR') / count(Currency = 'CZK').,"SELECT CAST(SUM(IIF(Currency = 'EUR', 1, 0)) AS FLOAT) / SUM(IIF(Currency = 'CZK', 1, 0)) FROM customers",simple,['customers']
575,codebase_community,What is the badge name that user 'SilentGhost' obtained?,"""SilentGhost"" is the DisplayName of user;",SELECT T2.Name FROM users AS T1 INNER JOIN badges AS T2 ON T1.Id = T2.UserId WHERE T1.DisplayName = 'SilentGhost',simple,"['badges', 'users']"
585,codebase_community,How much is the total bounty amount of the post titled about 'data',About data means the title contains 'data'; total bounty Amount refers to Sum(BountyAmount),SELECT SUM(T2.BountyAmount) FROM posts AS T1 INNER JOIN votes AS T2 ON T1.Id = T2.PostId WHERE T1.Title LIKE '%data%',simple,"['votes', 'posts']"
1522,debit_card_specializing,"There's one customer spent 214582.17 in the June of 2013, which currency did he/she use?",June of 2013 means Date contains '201306' in the yearmonth.date of the database,SELECT T2.Currency FROM yearmonth AS T1 INNER JOIN customers AS T2 ON T1.CustomerID = T2.CustomerID WHERE T1.Date = '201306' AND T1.Consumption = 214582.17,simple,"['customers', 'yearmonth']"
1452,student_club,What is the average amount paid by students in a position other than a member?,"position other than a member refers to position ! = 'Member'; average amount paid = DIVIDE( SUM(cost), COUNT(event_id))",SELECT AVG(T1.cost) FROM expense AS T1 INNER JOIN member as T2 ON T1.link_to_member = T2.member_id WHERE T2.position != 'Member',moderate,"['expense', 'member']"
621,codebase_community,What are the name of badges that users who have the lowest reputation obtained?,lowest reputation refers to Min(Reputation); user refers to UserId,SELECT T2.Name FROM users AS T1 INNER JOIN badges AS T2 ON T1.Id = T2.UserId WHERE T1.Reputation = (SELECT MIN(Reputation) FROM users),simple,"['badges', 'users']"
669,codebase_community,"When did ""chl"" cast its first vote in a post?",DisplayName = 'chl'; cast its first vote refers to MIN(CreationDate);,SELECT T2.CreationDate FROM users AS T1 INNER JOIN votes AS T2 ON T1.Id = T2.UserId WHERE T1.DisplayName = 'chl' ORDER BY T2.CreationDate LIMIT 1,simple,"['votes', 'users']"
1073,european_football_2,"How many matches were held in the league Germany 1. Bundesliga
from August to October 2008?","Germany 1. Bundesliga refers to League.name = 'Germany 1. Bundesliga'; from August to October 2008 refers to strftime('%Y-%m', date) BETWEEN '2008-08' AND '2008-10';","SELECT COUNT(t2.id) FROM League AS t1 INNER JOIN Match AS t2 ON t1.id = t2.league_id WHERE t1.name = 'Germany 1. Bundesliga' AND SUBSTR(t2.`date`, 1, 7) BETWEEN '2008-08' AND '2008-10'",moderate,"['Match', 'League']"
1304,thrombosis_prediction,"Among the patients with a normal blood glucose, how many of them don't have thrombosis?",normal blood glucose refers to GLU < 180; don't have thrombosis refers to Thrombosis = 0;,SELECT COUNT(T1.ID) FROM Patient AS T1 INNER JOIN Laboratory AS T2 ON T1.ID = T2.ID INNER JOIN Examination AS T3 ON T1.ID = T3.ID WHERE T2.GLU < 180 AND T3.Thrombosis = 0,moderate,"['Laboratory', 'Examination', 'Patient']"
1403,student_club,Indicate the name of the closed event whose cost has exceeded the budget the most.,closed events refers to event_name where status = 'Closed'; exceed the budget the most refers to MIN(remaining) where remaining < 0,SELECT T2.event_name FROM budget AS T1 INNER JOIN event AS T2 ON T2.event_id = T1.link_to_event WHERE T1.event_status = 'Closed' AND T1.remaining < 0 ORDER BY T1.remaining LIMIT 1,moderate,"['budget', 'event']"
1470,debit_card_specializing,How many gas stations in CZE has Premium gas?,,SELECT COUNT(GasStationID) FROM gasstations WHERE Country = 'CZE' AND Segment = 'Premium',simple,['gasstations']
613,codebase_community,"List out the dates that users who are located in Rochester, NY obtained their badges?","""Rochester, NY"" is the Location of user; user refers to UserId","SELECT T2.Date FROM users AS T1 INNER JOIN badges AS T2 ON T1.Id = T2.UserId WHERE T1.Location = 'Rochester, NY'",simple,"['badges', 'users']"
493,card_games,"For the set ""Commander 2014 Oversized"" , give its parent code.","the set ""Commander 2014 Oversized"" refers to name = 'Commander 2014 Oversized';",SELECT parentCode FROM sets WHERE name = 'Commander 2014 Oversized',simple,['sets']
354,card_games,How many types of cards does the artist Aaron Boyd illustrated about card art?,Aaron Boyd' is artist;,SELECT COUNT(type) FROM cards WHERE artist = 'Aaron Boyd',simple,['cards']
261,toxicology,Write down bond id for molecules that are carcinogenic.,label = '+' mean molecules are carcinogenic,SELECT DISTINCT T1.bond_id FROM bond AS T1 INNER JOIN molecule AS T2 ON T1.molecule_id = T2.molecule_id WHERE T2.label = '+',simple,"['molecule', 'bond']"
59,california_schools,What is the website for the schools under the administrations of Mike Larson and Dante Alvarez?,,SELECT Website FROM schools WHERE (AdmFName1 = 'Mike' AND AdmLName1 = 'Larson') OR (AdmFName1 = 'Dante' AND AdmLName1 = 'Alvarez'),simple,['schools']
597,codebase_community,How many users from India have the teacher badges?,"""India"" is the Location; ""Teacher"" is the Name of badge",SELECT COUNT(T1.Id) FROM badges AS T1 INNER JOIN users AS T2 ON T1.UserId = T2.Id WHERE T2.Location = 'India' AND T1.Name = 'Teacher',simple,"['badges', 'users']"
1110,european_football_2,"Tell the build Up play passing class for ""FC Lorient"" on 2010/2/22.","""FC Lorient"" refers to team_long_name = 'FC Lorient'; on 2010/2/22  refers to date = '2010-02-22","SELECT t2.buildUpPlayPassingClass FROM Team AS t1 INNER JOIN Team_Attributes AS t2 ON t1.team_api_id = t2.team_api_id WHERE t1.team_long_name = 'FC Lorient' AND SUBSTR(t2.`date`, 1, 10) = '2010-02-22'",moderate,"['Team_Attributes', 'Team']"
1050,european_football_2,What is the preferred foot when attacking of the youngest football player?,preferred foot when attacking refers to preferred_foot; youngest football player refers to latest birthday;,SELECT t2.preferred_foot FROM Player AS t1 INNER JOIN Player_Attributes AS t2 ON t1.player_api_id = t2.player_api_id ORDER BY t1.birthday DESC LIMIT 1,simple,"['Player', 'Player_Attributes']"
259,toxicology,How many elements are there for single bond molecules?,single bond refers to bond_type = '-';,"SELECT COUNT(DISTINCT T.element) FROM ( SELECT DISTINCT T2.molecule_id, T1.element FROM atom AS T1 INNER JOIN molecule AS T2 ON T1.molecule_id = T2.molecule_id INNER JOIN bond AS T3 ON T2.molecule_id = T3.molecule_id WHERE T3.bond_type = '-' ) AS T",simple,"['atom', 'molecule', 'bond']"
1161,thrombosis_prediction,"For in-patient age 50 and above, what is their average anti-cardiolipin antibody (IgG) concentration?","in-patient refers to Admission = '+'; age 50 and above refers to SUBTRACT(year(current_timestamp), year(Birthday)) >= '50'; average anti-cardiolipin antibody (IgG) concentration refers to AVG(aCL IgG)","SELECT AVG(T2.`aCL IgG`) FROM Patient AS T1 INNER JOIN Examination AS T2 ON T1.ID = T2.ID WHERE STRFTIME('%Y', CURRENT_TIMESTAMP) - STRFTIME('%Y', T1.Birthday) >= 50 AND T1.Admission = '+'",challenging,"['Examination', 'Patient']"
1030,european_football_2,Which League had the most matches end as draw in the 2016 season?,most matches end as draw refers to MAX(SUM(home_team_goal = away_team_goal)); 2016 season refers to season = '2015/2016';,SELECT t2.name FROM Match AS t1 INNER JOIN League AS t2 ON t1.league_id = t2.id WHERE t1.season = '2015/2016' AND t1.home_team_goal = t1.away_team_goal GROUP BY t2.name ORDER BY COUNT(t1.id) DESC LIMIT 1,moderate,"['Match', 'League']"
1481,debit_card_specializing,"What is the difference in the annual average consumption of the customers with the least amount of consumption paid in CZK for 2013 between SME and LAM, LAM and KAM, and KAM and SME?",annual average consumption of customer with the lowest consumption in each segment = total consumption per year / the number of customer with lowest consumption in each segment; Difference in annual average = SME's annual average - LAM's annual average; Difference in annual average = LAM's annual average - KAM's annual average; Year 2013 can be presented as Between 201301 And 201312; First 4 strings of Date represents the year.,"SELECT CAST(SUM(IIF(T1.Segment = 'SME', T2.Consumption, 0)) AS FLOAT) / COUNT(T1.CustomerID) - CAST(SUM(IIF(T1.Segment = 'LAM', T2.Consumption, 0)) AS FLOAT) / COUNT(T1.CustomerID) , CAST(SUM(IIF(T1.Segment = 'LAM', T2.Consumption, 0)) AS FLOAT) / COUNT(T1.CustomerID) - CAST(SUM(IIF(T1.Segment = 'KAM', T2.Consumption, 0)) AS FLOAT) / COUNT(T1.CustomerID) , CAST(SUM(IIF(T1.Segment = 'KAM', T2.Consumption, 0)) AS FLOAT) / COUNT(T1.CustomerID) - CAST(SUM(IIF(T1.Segment = 'SME', T2.Consumption, 0)) AS FLOAT) / COUNT(T1.CustomerID) FROM customers AS T1 INNER JOIN yearmonth AS T2 ON T1.CustomerID = T2.CustomerID WHERE T1.Currency = 'CZK' AND T2.Consumption = ( SELECT MIN(Consumption) FROM yearmonth ) AND T2.Date BETWEEN 201301 AND 201312",challenging,"['customers', 'yearmonth']"
1094,european_football_2,How much higher in percentage is Ariel Borysiuk's overall rating than that of Paulin Puel?,"how much higher in percentage = MULTIPLY(DIVIDE(SUBTRACT(overall_rating WHERE player_name = 'Ariel Borysiuk', overall_rating WHERE player_name = 'Paulin Puel'), overall_rating WHERE player_name = 'Paulin Puel'), 100);",SELECT (SUM(CASE WHEN t1.player_name = 'Ariel Borysiuk' THEN t2.overall_rating ELSE 0 END) * 1.0 - SUM(CASE WHEN t1.player_name = 'Paulin Puel' THEN t2.overall_rating ELSE 0 END)) * 100 / SUM(CASE WHEN t1.player_name = 'Paulin Puel' THEN t2.overall_rating ELSE 0 END) FROM Player AS t1 INNER JOIN Player_Attributes AS t2 ON t1.player_api_id = t2.player_api_id,challenging,"['Player', 'Player_Attributes']"
720,superhero,Please list the full names of all the superheroes with over 15 super powers.,15 super powers refers to COUNT(full_name) > 15,SELECT DISTINCT T1.full_name FROM superhero AS T1 INNER JOIN hero_power AS T2 ON T1.id = T2.hero_id GROUP BY T1.full_name HAVING COUNT(T2.power_id) > 15,simple,"['hero_power', 'superhero']"
51,california_schools,In which mailing street address can you find the school that has the lowest average score in reading? Also give the school's name.,,"SELECT T2.MailStreet, T2.School FROM satscores AS T1 INNER JOIN schools AS T2 ON T1.cds = T2.CDSCode WHERE T1.AvgScrRead IS NOT NULL ORDER BY T1.AvgScrRead ASC LIMIT 1",simple,"['satscores', 'schools']"
1500,debit_card_specializing,"Please list the product description of the products consumed in September, 2013.",September 2013 refers to 201309; First 4 strings represent the year,SELECT T3.Description FROM transactions_1k AS T1 INNER JOIN yearmonth AS T2 ON T1.CustomerID = T2.CustomerID INNER JOIN products AS T3 ON T1.ProductID = T3.ProductID WHERE T2.Date = '201309',simple,"['products', 'transactions_1k', 'yearmonth']"
344,card_games,List all the mythic rarity print cards banned in gladiator format.,mythic rarity printing refers to rarity = 'mythic'; card banned refers to status = 'Banned'; in gladiator format refers to format = 'gladiator';,SELECT DISTINCT T1.id FROM cards AS T1 INNER JOIN legalities AS T2 ON T1.uuid = T2.uuid WHERE T2.format = 'gladiator' AND T2.status = 'Banned' AND T1.rarity = 'mythic',moderate,"['cards', 'legalities']"
724,superhero,Please list the superhero names of all the superheroes that have blue eyes and blond hair.,"blue eyes refers to colour = 'Blue' and eye_colour_id = colour.id; blond hair refers to colour = 'Blond' and hair_colour_id = colour.id; super power of ""Agility"" refers to power_name = 'Agility'",SELECT T1.superhero_name FROM superhero AS T1 INNER JOIN colour AS T2 ON T1.eye_colour_id = T2.id INNER JOIN colour AS T3 ON T1.hair_colour_id = T3.id WHERE T2.colour = 'Blue' AND T3.colour = 'Blond',challenging,"['colour', 'superhero']"
303,toxicology,How many double bonds does TR006 have and is it carcinogenic?,label = '+' mean molecules are carcinogenic; label = '-' means molecules are non-carcinogenic; double bond refers to bond_type = ' = ';,"SELECT COUNT(T1.bond_id), T2.label FROM bond AS T1 INNER JOIN molecule AS T2 ON T1.molecule_id = T2.molecule_id WHERE T1.bond_type = '=' AND T2.molecule_id = 'TR006' GROUP BY T2.label",moderate,"['molecule', 'bond']"
756,superhero,How many bad superheroes are there?,bad superheroes refers to alignment_id = Bad,SELECT COUNT(T1.id) FROM superhero AS T1 INNER JOIN alignment AS T2 ON T1.alignment_id = T2.id WHERE T2.alignment = 'Bad',simple,"['alignment', 'superhero']"
23,california_schools,List the names of schools with more than 30 difference in enrollements between K-12 and ages 5-17? Please also give the full street adress of the schools.,Diffrence in enrollement = `Enrollment (K-12)` - `Enrollment (Ages 5-17)`,"SELECT T1.School, T1.StreetAbr FROM schools AS T1 INNER JOIN frpm AS T2 ON T1.CDSCode = T2.CDSCode WHERE T2.`Enrollment (K-12)` - T2.`Enrollment (Ages 5-17)` > 30",moderate,"['schools', 'frpm']"
591,codebase_community,How many users are awarded with supporter badge during year 2011?,"""Supporter"" is the Name of badge; in year 2011 refers to year(Date) = 2011","SELECT COUNT(Id) FROM badges WHERE STRFTIME('%Y', Date) = '2011' AND Name = 'Supporter'",simple,['badges']
887,formula_1,Name the races in year 2017 that are not hosted in year 2000.,not hosted means not in;,SELECT name FROM races WHERE year = 2017 AND name NOT IN ( SELECT name FROM races WHERE year = 2000 ),simple,['races']
464,card_games,"Please list the names of the cards in the set ""Hauptset Zehnte Edition"".","card set ""Hauptset Zehnte Edition"" refers to translation = 'Hauptset Zehnte Edition'",SELECT DISTINCT T1.name FROM cards AS T1 INNER JOIN set_translations AS T2 ON T2.setCode = T1.setCode WHERE T2.translation = 'Hauptset Zehnte Edition',simple,"['cards', 'set_translations']"
1096,european_football_2,Calculate the average overall rating of Pietro Marino.,Pietro Marino refers to player_name = 'Pietro Marino'; average overall rating AVG(T1.overall_rating),SELECT CAST(SUM(t2.overall_rating) AS REAL) / COUNT(t2.id) FROM Player AS t1 INNER JOIN Player_Attributes AS t2 ON t1.player_api_id = t2.player_api_id WHERE t1.player_name = 'Pietro Marino',moderate,"['Player', 'Player_Attributes']"
1133,european_football_2,"How many football players born after the 1990s have the first name ""Aaron""?","first name ""Aaron"" refers to player_name LIKE 'Aaron%'; born after the 1990s refers to birthday > '1990'",SELECT COUNT(id) FROM Player WHERE birthday > '1990' AND player_name LIKE 'Aaron%',simple,['Player']
453,card_games,"What's the unconverted mana cost of the card ""Ancestor's Chosen""?","card ""Ancestor's Chosen"" refers to name = 'Ancestor`s Chosen'",SELECT DISTINCT manaCost FROM cards WHERE name = 'Ancestor''s Chosen',simple,['cards']
168,financial,What percentage of clients who opened their accounts in the district with an average salary of over 10000 are women?,Female refers to gender = 'F'; Woman and female are closed; Average salary can be found in A11,SELECT CAST(SUM(T2.gender = 'F') AS REAL) * 100 / COUNT(T2.client_id) FROM district AS T1 INNER JOIN client AS T2 ON T1.district_id = T2.district_id WHERE T1.A11 > 10000,moderate,"['client', 'district']"
1114,european_football_2,What was the average overall rating for Marko Arnautovic from 2007/2/22 to 2016/4/21?,average overall rating refers to avg(overall_rating); Marko Arnautovic refers to player_name = 'Marko Arnautovic'; from 2007/2/22 to 2016/4/21 refers to date BETWEEN '2007-02-22 00:00:00' and '2016-04-21 00:00:00',"SELECT CAST(SUM(t2.overall_rating) AS REAL) / COUNT(t2.id) FROM Player AS t1 INNER JOIN Player_Attributes AS t2 ON t1.player_fifa_api_id = t2.player_fifa_api_id WHERE t1.player_name = 'Marko Arnautovic' AND SUBSTR(t2.`date`, 1, 10) BETWEEN '2007-02-22' AND '2016-04-21'",challenging,"['Player', 'Player_Attributes']"
754,superhero,What is the superpower of hero ID 56?,superpower refers to hero_power,SELECT T2.power_name FROM hero_power AS T1 INNER JOIN superpower AS T2 ON T1.power_id = T2.id WHERE T1.hero_id = 56,simple,"['superpower', 'hero_power']"
1164,thrombosis_prediction,How many of the patients with the most serious thrombosis cases examined in 1997 are women?,the most serious thrombosis refers to Thrombosis = '1' (the most severe one); women refers to sex = 'F',"SELECT CAST(SUM(CASE WHEN T1.SEX = 'F' THEN 1 ELSE 0 END) AS REAL) / COUNT(*) FROM Patient AS T1 INNER JOIN Examination AS T2 ON T1.ID = T2.ID WHERE STRFTIME('%Y', T2.`Examination Date`) = '1997' AND T2.Thrombosis = 1",moderate,"['Examination', 'Patient']"
361,card_games,How many cards of legalities whose status is restricted have text boxes?,restricted refers to status = 'restricted'; have text boxes refers to is Textless = 0;,SELECT COUNT(DISTINCT T1.id) FROM cards AS T1 INNER JOIN legalities AS T2 ON T1.uuid = T2.uuid WHERE T2.status = 'Restricted' AND T1.isTextless = 0,simple,"['cards', 'legalities']"
237,toxicology,Which molecule does the atom TR001_10 belong to? Please state whether this molecule is carcinogenic or not.,TR001_10 is the atom id; label = '+' mean molecules are carcinogenic,"SELECT T2.molecule_id , IIF(T2.label = '+', 'YES', 'NO') AS flag_carcinogenic FROM atom AS T1 INNER JOIN molecule AS T2 ON T1.molecule_id = T2.molecule_id WHERE T1.atom_id = 'TR001_10'",moderate,"['atom', 'molecule']"
994,formula_1,"Which constructor scored most points from Monaco Grand Prix between 1980 and 2010? List the score, name and nationality of this team.",Monaco Grand Priz refers to the race; race in year between 1980 and 2010,"SELECT SUM(T1.points), T2.name, T2.nationality FROM constructorResults AS T1 INNER JOIN constructors AS T2 ON T1.constructorId = T2.constructorId INNER JOIN races AS T3 ON T3.raceid = T1.raceid WHERE T3.name = 'Monaco Grand Prix' AND T3.year BETWEEN 1980 AND 2010 GROUP BY T2.name ORDER BY SUM(T1.points) DESC LIMIT 1",challenging,"['constructorResults', 'constructors', 'races']"
792,superhero,What is Abomination's superpower?,Abomination refers to superhero_name = 'Abomination'; superpower refers to power_name;,SELECT T3.power_name FROM superhero AS T1 INNER JOIN hero_power AS T2 ON T1.id = T2.hero_id INNER JOIN superpower AS T3 ON T2.power_id = T3.id WHERE T1.superhero_name = 'Abomination',simple,"['superpower', 'hero_power', 'superhero']"
438,card_games,"Point out the language of set id ""174""?",,SELECT language FROM set_translations WHERE id = 174,simple,['set_translations']
1037,european_football_2,"Calculate the percentage of players who prefer left foot, who were born between 1987 and 1992.","players who prefer left foot refers to preferred_foot = 'left'; percentage of players who prefer left foot = DIVIDE(MULTIPLY((SUM(preferred_foot = 'left'), 1.0)), COUNT(player_fifa_api_id)); born between 1987 and 1992 refers to birthday BETWEEN '1987-01-01 00:00:00'AND '1992-12-31 00:00:00';","SELECT CAST(COUNT(CASE WHEN t2.preferred_foot = 'left' THEN t1.id ELSE NULL END) AS REAL) * 100 / COUNT(t1.id) percent FROM Player AS t1 INNER JOIN Player_Attributes AS t2 ON t1.player_api_id = t2.player_api_id WHERE SUBSTR(t1.birthday, 1, 4) BETWEEN '1987' AND '1992'",challenging,"['Player', 'Player_Attributes']"
99,financial,"Among the accounts who have loan validity more than 12 months, list out the accounts that have the highest approved amount and have account opening date in 1993.",Loan validity more than 12 months refers to duration > 12,"SELECT T1.account_id FROM loan AS T1 INNER JOIN disp AS T2 ON T1.account_id = T2.account_id WHERE STRFTIME('%Y', T1.date) = '1993' AND T1.duration = 12 ORDER BY T1.amount DESC LIMIT 1",moderate,"['disp', 'loan']"
1476,debit_card_specializing,What was the difference in gas consumption between CZK-paying customers and EUR-paying customers in 2012?,"Year 2012 can be presented as Between 201201 And 201212, which means between January and December in 2012; Difference in Consumption = CZK customers consumption in 2012 - EUR customers consumption in 2012","SELECT SUM(IIF(T1.Currency = 'CZK', T2.Consumption, 0)) - SUM(IIF(T1.Currency = 'EUR', T2.Consumption, 0)) FROM customers AS T1 INNER JOIN yearmonth AS T2 ON T1.CustomerID = T2.CustomerID WHERE SUBSTRING(T2.Date, 1, 4) = '2012'",challenging,"['customers', 'yearmonth']"
918,formula_1,What's Lewis Hamilton's reference name?,reference name refers to driverRef,SELECT driverRef FROM drivers WHERE forename = 'Lewis' AND surname = 'Hamilton',simple,['drivers']
607,codebase_community,How many positive comments are there on the list?,Positive comment refers to score > 60,SELECT COUNT(id) FROM comments WHERE score > 60,simple,['comments']
67,california_schools,What is the total amount of Community College District closure in 1989 in the city of San Francisco?,,"SELECT COUNT(School) FROM schools WHERE strftime('%Y', ClosedDate) = '1989' AND City = 'San Francisco' AND DOCType = 'Community College District'",simple,['schools']
1108,european_football_2,"What was the build up play speed class for ""Willem II"" on 2011/2/22?","""Willem II"" refers to team_long_name = 'Willem II'; on 2011/2/22 refers to date = '2012-02-22 00:00:00'","SELECT t2.buildUpPlaySpeedClass FROM Team AS t1 INNER JOIN Team_Attributes AS t2 ON t1.team_api_id = t2.team_api_id WHERE t1.team_long_name = 'Willem II' AND SUBSTR(t2.`date`, 1, 10) = '2011-02-22'",moderate,"['Team_Attributes', 'Team']"
247,toxicology,List all the elements of atoms that can not bond with any other atoms.,"element = 'cl' means Chlorine; element = 'c' means Carbon; element = 'h' means Hydrogen; element = 'o' means Oxygen, element = 's' means Sulfur; element = 'n' means Nitrogen, element = 'p' means Phosphorus, element = 'na' means Sodium, element = 'br' means Bromine, element = 'f' means Fluorine; element = 'i' means Iodine; element = 'sn' means Tin; element = 'pb' means Lead; element = 'te' means Tellurium; element = 'ca' means Calcium; atoms cannot bond with other atoms means atom_id NOT in connected table;",SELECT DISTINCT T.element FROM atom AS T WHERE T.element NOT IN ( SELECT DISTINCT T1.element FROM atom AS T1 INNER JOIN connected AS T2 ON T1.atom_id = T2.atom_id ),challenging,"['atom', 'connected']"
135,financial,"After making a credit card withdrawal, how many account/s with monthly issuance has a negative balance?",Negative balance means balance < 0; Operation = 'VYBER KARTOU' stands for credit card withdraw. Frequency = 'POPLATEK MESICNE' stands for monthly issurance,SELECT COUNT(T1.account_id) FROM trans AS T1 INNER JOIN account AS T2 ON T1.account_id = T2.account_id WHERE T1.balance < 0 AND T1.operation = 'VYBER KARTOU' AND T2.frequency = 'POPLATEK MESICNE',moderate,"['trans', 'account']"
1170,thrombosis_prediction,How many patients hadn't undergone a medical examination until at least a year following their initial hospital visit?,"hadn't undergone a medical examination until at least a year refers to SUBTRACT(year(`Examination Date`), year(`First Date`)) > = 1","SELECT COUNT(DISTINCT T1.ID) FROM Patient AS T1 INNER JOIN Examination AS T2 ON T1.ID = T2.ID WHERE T1.Admission = '+' AND STRFTIME('%Y', T2.`Examination Date`) - STRFTIME('%Y', T1.`First Date`) >= 1",moderate,"['Examination', 'Patient']"
651,codebase_community,"Provide the related post title of ""How to tell if something happened in a data set which monitors a value over time"".",,SELECT T3.Title FROM postLinks AS T1 INNER JOIN posts AS T2 ON T1.PostId = T2.Id INNER JOIN posts AS T3 ON T1.RelatedPostId = T3.Id WHERE T2.Title = 'How to tell if something happened in a data set which monitors a value over time',simple,"['posts', 'postLinks']"
1159,thrombosis_prediction,"For patient with albumin level lower than 3.5, list their ID, sex and diagnosis.",albumin level lower than 3.5 refers to ALB < 3.5;,"SELECT DISTINCT T1.ID, T1.SEX, T1.Diagnosis FROM Patient AS T1 INNER JOIN Laboratory AS T2 ON T1.ID = T2.ID WHERE T2.ALB < 3.5",simple,"['Laboratory', 'Patient']"
1371,student_club,"How many members attended the ""Women's Soccer"" event?",'Women's Soccer' is the event name;,SELECT COUNT(T2.link_to_member) FROM event AS T1 INNER JOIN attendance AS T2 ON T1.event_id = T2.link_to_event WHERE T1.event_name = 'Women''s Soccer',simple,"['attendance', 'event']"
394,card_games,How many white bordered cards are powerful?,"white bordered cards refer to borderColor = 'white'; powerful cards refers to cardKingdomFoilId = cardKingdomId AND cardKingdomId is not null (replace)

",SELECT COUNT(id) FROM cards WHERE borderColor = 'white' AND cardKingdomId IS NOT NULL AND cardKingdomFoilId IS NOT NULL,simple,['cards']
123,financial,"Provide the account ID, district and region for loan amount greater than USD300,000.",A2 contains district names and A3 contains region names.,"SELECT T1.account_id, T2.A2, T2.A3 FROM account AS T1 INNER JOIN district AS T2 ON T1.district_id = T2.district_id INNER JOIN loan AS T3 ON T1.account_id = T3.account_id WHERE T3.amount > 300000",simple,"['account', 'district', 'loan']"
834,superhero,"Among all superheroes created by George Lucas, identify the percentage of female superheroes.","created by George Lucas refers to publisher_name = 'George Lucas'; percentage = MULTIPLY(DIVIDE(SUM(gender = 'Female' WHERE publisher_name = 'George Lucas'), COUNT(publisher_name = 'George Lucas')), 100.0); female refers to gender = 'Female';",SELECT CAST(COUNT(CASE WHEN T3.gender = 'Female' THEN 1 ELSE NULL END) AS REAL) * 100 / COUNT(T1.id) FROM superhero AS T1 INNER JOIN publisher AS T2 ON T1.publisher_id = T2.id INNER JOIN gender AS T3 ON T1.gender_id = T3.id WHERE T2.publisher_name = 'George Lucas',challenging,"['publisher', 'superhero', 'gender']"
1231,thrombosis_prediction,"For patient born between 1936-1956, how many male patients have creatinine phosphokinase beyond the normal range?",born between 1936-1956 refers to year(Birthday) BETWEEN '1936' AND '1956'; male patients refers to sex = 'M'; creatinine phosphokinase beyond the normal range refers to CPK > = 250;,"SELECT COUNT(DISTINCT T1.ID) FROM Patient AS T1 INNER JOIN Laboratory AS T2 ON T1.ID = T2.ID WHERE STRFTIME('%Y', T1.Birthday) BETWEEN '1936' AND '1956' AND T1.SEX = 'M' AND T2.CPK >= 250",challenging,"['Laboratory', 'Patient']"
425,card_games,What are the card numbers that don't have multiple faces on a single card and have the subtypes Angel and Wizard?,don't have multiple faces on a single card side is null,"SELECT id FROM cards WHERE subtypes = 'Angel,Wizard' AND side IS NULL",simple,['cards']
1378,student_club,What is the highest amount of budget spend for an event?,highest amount of budget spend refers to MAX(spent),SELECT MAX(spent) FROM budget,simple,['budget']
643,codebase_community,What are the display names and ages of user who got the highest in views?,the highest in views refers to MAX(Views);,"SELECT DisplayName, Age FROM users WHERE Views = ( SELECT MAX(Views) FROM users )",simple,['users']
767,superhero,What is the average of superheroes with no skin colour?,"average = DIVIDE(COUNT(superhero.id), SUM(skin_colour_id = 1)); no skin colour refers to skin_colour_id WHERE colour.id = 1;",SELECT CAST(COUNT(*) AS REAL) / SUM(CASE WHEN T2.id = 1 THEN 1 ELSE 0 END) FROM superhero AS T1 INNER JOIN colour AS T2 ON T1.skin_colour_id = T2.id,simple,"['colour', 'superhero']"
660,codebase_community,What is the owner user id of the most valuable post?,the most valuable post refers to MAX(FavoriteCount);,SELECT OwnerUserId FROM posts WHERE FavoriteCount = ( SELECT MAX(FavoriteCount) FROM posts ),simple,['posts']
990,formula_1,What is the constructor reference name of the champion in the 2009 Singapore Grand Prix? Please give its website.,"the time of the champion shows in the format of ""minutes: seconds.millionsecond"" in which Max(time); constructor reference name refers to constructorRef; website refers to url","SELECT T3.constructorRef, T3.url FROM results AS T1 INNER JOIN races AS T2 on T1.raceId = T2.raceId INNER JOIN constructors AS T3 on T1.constructorId = T3.constructorId WHERE T2.name = 'Singapore Grand Prix' AND T2.year = 2009 AND T1.time LIKE '_:%:__.___'",challenging,"['constructors', 'results', 'races']"
1262,thrombosis_prediction,How many patients with a normal level of complement 3 have a P pattern observed in the sheet of ANA examination?,normal level of complement 3 refers to C3 > 35; have a P pattern observed in the sheet of ANA examination refers to ANA Pattern = 'P'; Should compute the number of distinct ones,SELECT COUNT(DISTINCT T1.ID) FROM Examination AS T1 INNER JOIN Laboratory AS T2 ON T1.ID = T2.ID WHERE T2.C3 > 35 AND T1.`ANA Pattern` = 'P',moderate,"['Examination', 'Laboratory']"
239,toxicology,How many connections does the atom 19 have?,connections refers to bond_id; atom 19 refers to atom_id like 'TR%_19';,"SELECT COUNT(T.bond_id) FROM connected AS T WHERE SUBSTR(T.atom_id, -2) = '19'",simple,['connected']
1401,student_club,Indicate the cost of posters for 'September Speaker' event.,'Posters' is the expense description; 'September Speaker' is an event name,SELECT T3.cost FROM event AS T1 INNER JOIN budget AS T2 ON T1.event_id = T2.link_to_event INNER JOIN expense AS T3 ON T2.budget_id = T3.link_to_budget WHERE T1.event_name = 'September Speaker' AND T3.expense_description = 'Posters',moderate,"['expense', 'budget', 'event']"
413,card_games,How many cards with print rarity have ruling text printed on 10/01/2009?,with print rarity refers to rarity = 'rare'; on 10/01/2009 refers to date = '2009-01-10',SELECT COUNT(DISTINCT T1.id) FROM cards AS T1 INNER JOIN rulings AS T2 ON T1.uuid = T2.uuid WHERE T1.rarity = 'rare' AND T2.date = '2009-01-10',simple,"['cards', 'rulings']"
1523,debit_card_specializing,Which country was the card owner of No.667467 in?,,SELECT T2.Country FROM transactions_1k AS T1 INNER JOIN gasstations AS T2 ON T1.GasStationID = T2.GasStationID WHERE T1.CardID = '667467',simple,"['transactions_1k', 'gasstations']"
966,formula_1,How many driver participated in race ID number 18?,,SELECT COUNT(driverId) FROM driverStandings WHERE raceId = 18,simple,['driverStandings']
1010,formula_1,What is the lap record set by Lewis Hamilton in a Formula_1 race?,lap recod means the fastest time recorded which refers to time,SELECT T1.time FROM lapTimes AS T1 INNER JOIN drivers AS T2 on T1.driverId = T2.driverId WHERE T2.forename = 'Lewis' AND T2.surname = 'Hamilton',simple,"['lapTimes', 'drivers']"
534,codebase_community,What is the display name of the user who has the most number of views?,user who has the most number of view refers to Max(Views),SELECT DisplayName FROM users WHERE Views = ( SELECT MAX(Views) FROM users ),simple,['users']
1326,student_club,"How many members of the Student_Club have majored Environmental Engineering?
",'Environmental Engineering' is the major name,SELECT COUNT(T1.member_id) FROM member AS T1 INNER JOIN major AS T2 ON T1.link_to_major = T2.major_id WHERE T2.major_name = 'Environmental Engineering',simple,"['member', 'major']"
29,california_schools,When did the first-through-twelfth-grade school with the largest enrollment open?,K-12 means First-through-twelfth-grade,SELECT T2.OpenDate FROM frpm AS T1 INNER JOIN schools AS T2 ON T1.CDSCode = T2.CDSCode ORDER BY T1.`Enrollment (K-12)` DESC LIMIT 1,simple,"['schools', 'frpm']"
1032,european_football_2,Give the name of the league with the highest matches of all time and how many matches were played in the said league.,name of the league refers to League.name; league with highest matches of all time refers to MAX(COUNT(league_id));,"SELECT t2.name, COUNT(t1.id) FROM Match AS t1 INNER JOIN League AS t2 ON t1.league_id = t2.id GROUP BY t2.name ORDER BY COUNT(t1.id) DESC LIMIT 1",moderate,"['Match', 'League']"
342,card_games,List the card names with value that cost more converted mana for the face.,more converted mana for the face refers to Max(faceConvertedManaCost);,SELECT name FROM cards ORDER BY faceConvertedManaCost LIMIT 1,simple,['cards']
1185,thrombosis_prediction,"For the patient who was born on 1959/2/18, what is the decrease rate for his/her total cholesterol from November to December in 1981?","born on 1959/2/18 refers to Birthday = '1959-02-18'; calculation = SUBTRACT(SUM(Birthday = '1959-02-18' and Date like '1981-11-%' THEN `T-CHO`), SUM(Birthday = '1959-02-18' and Date like '1981-12-%' THEN `T-CHO`))",SELECT CAST((SUM(CASE WHEN T2.Date LIKE '1981-11-%' THEN T2.`T-CHO` ELSE 0 END) - SUM(CASE WHEN T2.Date LIKE '1981-12-%' THEN T2.`T-CHO` ELSE 0 END)) AS REAL) / SUM(CASE WHEN T2.Date LIKE '1981-12-%' THEN T2.`T-CHO` ELSE 0 END) FROM Patient AS T1 INNER JOIN Laboratory AS T2 ON T1.ID = T2.ID WHERE T1.Birthday = '1959-02-18',challenging,"['Laboratory', 'Patient']"
1268,thrombosis_prediction,"For the patients with an abnormal anti-SM, please list the IDs of the three youngest ones.","abnormal anti-SM refers to SM NOT IN('-', '+-'); youngest refers to MAX(Birthday);","SELECT T1.ID FROM Patient AS T1 INNER JOIN Laboratory AS T2 ON T1.ID = T2.ID WHERE T2.SM NOT IN ('negative','0') ORDER BY T1.Birthday DESC LIMIT 3",simple,"['Laboratory', 'Patient']"
65,california_schools,What is the ratio in percentage of Santa Clara County schools that are locally funded compared to all other types of charter school funding?,Ratio in percentage = (count(locally funded schools in Santa Clara) / count(all funding type schools in Santa Clara) * 100%,SELECT CAST(SUM(CASE WHEN FundingType = 'Locally funded' THEN 1 ELSE 0 END) AS REAL) * 100 / SUM(CASE WHEN FundingType != 'Locally funded' THEN 1 ELSE 0 END) FROM schools WHERE County = 'Santa Clara' AND Charter = 1,moderate,['schools']
936,formula_1,Which was the fastest lap for Lewis Hamilton in the 2008 Australian Grand Prix?,,SELECT T1.fastestLap FROM results AS T1 INNER JOIN races AS T2 on T1.raceId = T2.raceId INNER JOIN drivers AS T3 on T1.driverId = T3.driverId WHERE T2.name = 'Australian Grand Prix' AND T2.year = 2008 AND T3.forename = 'Lewis' AND T3.surname = 'Hamilton',simple,"['drivers', 'results', 'races']"
888,formula_1,In which country was the first European Grand Prix hosted? Name the circuit and location.,the first refers to min(year);,"SELECT T1.country, T1.location FROM circuits AS T1 INNER JOIN races AS T2 ON T2.circuitID = T1.circuitId WHERE T2.name = 'European Grand Prix' ORDER BY T2.year ASC LIMIT 1",simple,"['circuits', 'races']"
1177,thrombosis_prediction,Was the total cholesterol status for the patient id 2927464 on 1995-9-4 at the normal level?,total cholesterol normal level refers to N < 250,SELECT CASE WHEN `T-CHO` < 250 THEN 'Normal' ELSE 'Abnormal' END FROM Laboratory WHERE ID = 2927464 AND Date = '1995-09-04',simple,['Laboratory']
1093,european_football_2,What is the average overall rating of the players born before the year 1986?,"average overall rating = DIVIDE(SUM(overall_rating), COUNT(id)); born before the year 1986 refers to strftime('%Y', birthday) < '1986';","SELECT SUM(t2.overall_rating) / COUNT(t1.id) FROM Player AS t1 INNER JOIN Player_Attributes AS t2 ON t1.player_api_id = t2.player_api_id WHERE SUBSTR(t1.birthday, 1, 4) < '1986'",moderate,"['Player', 'Player_Attributes']"
970,formula_1,List out top 3 German drivers who were born from 1980-1990 and have the earliest lap time.,born from 1980-1990 refers to year(dob) between 1980 and 1990; earliest lap time refers to Min(time);,"SELECT T2.driverId FROM pitStops AS T1 INNER JOIN drivers AS T2 on T1.driverId = T2.driverId WHERE T2.nationality = 'German' AND STRFTIME('%Y', T2.dob) BETWEEN '1980' AND '1990' ORDER BY T1.time LIMIT 3",moderate,"['drivers', 'pitStops']"
141,financial,"Which districts have transactions greater than USS$10,000 in 1997?",,"SELECT T1.district_id FROM account AS T1 INNER JOIN district AS T2 ON T1.district_id = T2.district_id INNER JOIN trans AS T3 ON T1.account_id = T3.account_id WHERE STRFTIME('%Y', T3.date) = '1997' GROUP BY T1.district_id HAVING SUM(T3.amount) > 10000",simple,"['trans', 'account', 'district']"
654,codebase_community,Mention the display name and location of the user who owned the excerpt post with hypothesis-testing tag.,user who owned the excerpt post with hypothesis-testing tag refers to OwnerUserId WHERE TagName = 'hypothesis-testing';,"SELECT T3.DisplayName, T3.Location FROM tags AS T1 INNER JOIN posts AS T2 ON T1.ExcerptPostId = T2.Id INNER JOIN users AS T3 ON T3.Id = T2.OwnerUserId WHERE T1.TagName = 'hypothesis-testing'",moderate,"['posts', 'tags', 'users']"
1079,european_football_2,Which player is the tallest?,tallest player refers to MAX(height);,SELECT player_name FROM Player ORDER BY height DESC LIMIT 1,simple,['Player']
1430,student_club,What is the last name and position of the student that bought pizza on 09/10/2019?,bought pizza on 09/10/2019 refers to expense_description = 'Pizza' where expense_date = '2019-09-10',"SELECT T1.last_name, T1.position FROM member AS T1 INNER JOIN expense AS T2 ON T1.member_id = T2.link_to_member WHERE T2.expense_date = '2019-09-10' AND T2.expense_description = 'Pizza'",moderate,"['expense', 'member']"
727,superhero,Who is the publisher of Sauron?,the publisher refers to publisher_name; Sauron refers to superhero_name = 'Sauron',SELECT T2.publisher_name FROM superhero AS T1 INNER JOIN publisher AS T2 ON T1.publisher_id = T2.id WHERE T1.superhero_name = 'Sauron',simple,"['publisher', 'superhero']"
275,toxicology,Give me the molecule ID of the double bond type.,double bond refers to bond_type = ' = ';,SELECT DISTINCT T.molecule_id FROM bond AS T WHERE T.bond_type = '=',simple,['bond']
405,card_games,How many Brazilian Portuguese translated sets are inside the Commander block?,"Commander block refer to block = 'Commander'; sets refer to setCode; Portuguese refer to language = 'Portuguese (Brasil)'

",SELECT COUNT(T1.id) FROM sets AS T1 INNER JOIN set_translations AS T2 ON T1.code = T2.setCode WHERE T2.language = 'Portuguese (Brazil)' AND T1.block = 'Commander',moderate,"['set_translations', 'sets']"
867,formula_1,"For the driver who set the fastest lap speed in race No.933, where does he come from?",fastest lap speed refers to MAX(fastestLapSpeed);,SELECT T1.nationality FROM drivers AS T1 INNER JOIN results AS T2 ON T2.driverId = T1.driverId WHERE T2.raceId = 933 AND T2.fastestLapTime IS NOT NULL ORDER BY T2.fastestLapSpeed DESC LIMIT 1,simple,"['drivers', 'results']"
1199,thrombosis_prediction,How many patients who underwent testing in 1997 had protein levels outside the normal range?,underwent testing in 1997 refers to YEAR(DATE) = '1997'; protein levels within the normal range refers to tp > 6 and tp < 8.5,"SELECT COUNT(ID) FROM Laboratory WHERE ALB <= 6.0 OR ALB >= 8.5 AND STRFTIME('%Y', Date) = '1997'",simple,['Laboratory']
629,codebase_community,Calculate the ratio of votes in 2010 and 2011.,"DIVIDE(COUNT(Id where YEAR(CreationDate) = 2010), COUNT(Id where YEAR(CreationDate) = 2011)) FROM votes;","SELECT CAST(SUM(IIF(STRFTIME('%Y', CreationDate) = '2010', 1, 0)) AS REAL) / SUM(IIF(STRFTIME('%Y', CreationDate) = '2011', 1, 0)) FROM votes",simple,['votes']
1141,european_football_2,"Does the KSV Cercle Brugge team have a slow, balanced or fast speed class?",KSV Cercle Brugge refers to team_long_name = 'KSV Cercle Brugge'; speed class refers to buildUpPlaySpeedClass,SELECT DISTINCT t1.buildUpPlaySpeedClass FROM Team_Attributes AS t1 INNER JOIN Team AS t2 ON t1.team_api_id = t2.team_api_id WHERE t2.team_long_name = 'KSV Cercle Brugge',moderate,"['Team_Attributes', 'Team']"
1046,european_football_2,What is the ADO Den Haag team freedom of movement in the 1st two thirds of the pitch?,ADO Den Haag refers to team_long_name = 'ADO Den Haag'; freedom of movement in the 1st two thirds of the pitch refers to buildUpPlayPositioningClass;,SELECT DISTINCT t2.buildUpPlayPositioningClass FROM Team AS t1 INNER JOIN Team_attributes AS t2 ON t1.team_fifa_api_id = t2.team_fifa_api_id WHERE t1.team_long_name = 'ADO Den Haag',moderate,"['Team_attributes', 'Team']"
930,formula_1,In which Formula_1 race did Lewis Hamilton rank the highest?,rank the highest refers to min(rank),SELECT name FROM races WHERE raceId IN ( SELECT raceId FROM results WHERE rank = 1 AND driverId = ( SELECT driverId FROM drivers WHERE forename = 'Lewis' AND surname = 'Hamilton' ) ),simple,"['drivers', 'results', 'races']"
1529,debit_card_specializing,"What is the amount spent by customer ""38508"" at the gas stations? How much had the customer spent in January 2012?",January 2012 refers '201201' in the table transactions_1k,"SELECT SUM(T1.Price) , SUM(IIF(T3.Date = '201201', T1.Price, 0)) FROM transactions_1k AS T1 INNER JOIN gasstations AS T2 ON T1.GasStationID = T2.GasStationID INNER JOIN yearmonth AS T3 ON T1.CustomerID = T3.CustomerID WHERE T1.CustomerID = '38508'",moderate,"['transactions_1k', 'gasstations', 'yearmonth']"
44,california_schools,What is the average writing score of the school who has the highest number of test takers whose total SAT sscores are greater or equal to 1500? Indicate the city to where the school is situated.,,"SELECT T1.AvgScrWrite, T2.City FROM satscores AS T1 INNER JOIN schools AS T2 ON T1.cds = T2.CDSCode ORDER BY T1.NumGE1500 DESC LIMIT 1",simple,"['satscores', 'schools']"
1279,thrombosis_prediction,"What is the percentage of patient who has a abnormal level of glutamic oxaloacetic transaminase level, yet he or she is diagnosed with SLE?","abnormal level of glutamic oxaloacetic transaminase refers to GOT > = 60; percentage = MULTIPLY(DIVIDE(COUNT(ID WHERE GOT > = 60 AND Diagnosis = 'SLE'), COUNT(ID WHERE GOT > = 60)), 1.0);",SELECT COUNT(CASE WHEN T1.Diagnosis LIKE '%SLE%' THEN T1.ID ELSE 0 END) / COUNT(T1.ID) FROM Patient AS T1 INNER JOIN Laboratory AS T2 ON T1.ID = T2.ID WHERE T2.`GOT` >= 60,moderate,"['Laboratory', 'Patient']"
270,toxicology,"Among the molecules with element Calcium, are they mostly carcinogenic or non carcinogenic?",calcium refers to element = 'ca'; label = '+' mean molecules are carcinogenic; label = '-' means molecules are non-carcinogenic; MAX(label),SELECT T2.label FROM atom AS T1 INNER JOIN molecule AS T2 ON T1.molecule_id = T2.molecule_id WHERE T1.element = 'ca' GROUP BY T2.label ORDER BY COUNT(T2.label) DESC LIMIT 1,moderate,"['atom', 'molecule']"
938,formula_1,Who was the champion of 2008's Australian Grand Prix and where can I know more about him?,only champion's finished time is represented by 'HH:MM:SS.mmm'; where can I know more refers to url,"SELECT T1.forename, T1.surname, T1.url FROM drivers AS T1 INNER JOIN results AS T2 ON T1.driverId = T2.driverId INNER JOIN races AS T3 ON T3.raceId = T2.raceId WHERE T3.name = 'Australian Grand Prix' AND T2.time LIKE '_:%:__.___' AND T3.year = 2008",moderate,"['drivers', 'results', 'races']"
802,superhero,Who is the tallest superhero?,who refers to superhero_name; tallest superhero refers to MAX(height_cm);,SELECT superhero_name FROM superhero ORDER BY height_cm DESC LIMIT 1,simple,['superhero']
115,financial,"For the branch which located in the south Bohemia with biggest number of inhabitants, what is the percentage of the male clients?","Percentage of the male clients = DIVIDE(COUNT(male clients), COUNT(clients)) * 100%; Male refers to gender = 'M', A3 is the region name. A4 contains the information about inhabitants.",SELECT CAST(SUM(T1.gender = 'M') AS REAL) * 100 / COUNT(T1.client_id) FROM client AS T1 INNER JOIN district AS T2 ON T1.district_id = T2.district_id WHERE T2.A3 = 'south Bohemia' GROUP BY T2.A4 ORDER BY T2.A4 DESC LIMIT 1,challenging,"['client', 'district']"
1138,european_football_2,In what country did the Poland Ekstraklasa take place?,,SELECT name FROM Country WHERE id IN ( SELECT country_id FROM League WHERE name = 'Poland Ekstraklasa' ),simple,"['League', 'Country']"
1006,formula_1,"Among all the lap records set on various circuits, what is the time for the fastest one?",,"SELECT time FROM lapTimes ORDER BY (CASE WHEN INSTR(time, ':') <> INSTR(SUBSTR(time, INSTR(time, ':') + 1), ':') + INSTR(time, ':') THEN CAST(SUBSTR(time, 1, INSTR(time, ':') - 1) AS REAL) * 3600 ELSE 0 END) + (CAST(SUBSTR(time, INSTR(time, ':') - 2 * (INSTR(time, ':') = INSTR(SUBSTR(time, INSTR(time, ':') + 1), ':') + INSTR(time, ':')), INSTR(time, ':') - 1) AS REAL) * 60) + (CAST(SUBSTR(time, INSTR(time, ':') + 1, INSTR(time, '.') - INSTR(time, ':') - 1) AS REAL)) + (CAST(SUBSTR(time, INSTR(time, '.') + 1) AS REAL) / 1000) ASC LIMIT 1",challenging,['lapTimes']
1368,student_club,"What does the person with the phone number ""809-555-3360"" major in?",major in refers to major_name,SELECT T2.major_name FROM member AS T1 INNER JOIN major AS T2 ON T1.link_to_major = T2.major_id WHERE T1.phone = '809-555-3360',simple,"['member', 'major']"
529,card_games,Find and list the names of sets which doesn't have Japanese translation but have Korean translation.,names of sets refers to name; doesn't have Japanese translation refers to language not like '%Japanese%'; have Korean translation refers to language = 'Korean',SELECT name FROM sets WHERE code IN ( SELECT setCode FROM set_translations WHERE language = 'Korean' AND language NOT LIKE '%Japanese%' ),moderate,"['set_translations', 'sets']"
433,card_games,What is the percentage of the set of cards that have Chinese Simplified as the language and are only available for online games?,"are only available for online games refers to isOnlineOnly = 1; percentage = DIVIDE(COUNT(isOnlineOnly = 1),COUNT(isOnlineOnly))*100",SELECT CAST(SUM(CASE WHEN T2.language = 'Chinese Simplified' AND T1.isOnlineOnly = 1 THEN 1 ELSE 0 END) AS REAL) * 100 / COUNT(*) FROM sets AS T1 INNER JOIN set_translations AS T2 ON T1.code = T2.setCode,moderate,"['set_translations', 'sets']"
416,card_games,What percentage of cards without power are in French?,"in French refers to language = 'French'; cards without power refers to power IS NULL OR power = '*'; 
percentage = DIVIDE(COUNT(language = 'French' and power is NULL or power = '*'), COUNT( power is NULL or power = '*'))*100
",SELECT CAST(SUM(CASE WHEN T2.language = 'French' THEN 1 ELSE 0 END) AS REAL) * 100 / COUNT(T1.id) FROM cards AS T1 INNER JOIN foreign_data AS T2 ON T1.uuid = T2.uuid WHERE T1.power IS NULL OR T1.power LIKE '%*%',challenging,"['cards', 'foreign_data']"
583,codebase_community,What is the total score of the posts edited by Yevgeny and include the user's website URL.,"""Yevgeny"" is the DisplayName; edited refers to LastEditorUserId","SELECT SUM(T1.Score), T2.WebsiteUrl FROM posts AS T1 INNER JOIN users AS T2 ON T1.OwnerUserId = T2.Id WHERE T2.DisplayName = 'Yevgeny' GROUP BY T2.WebsiteUrl",simple,"['posts', 'users']"
78,california_schools,What is the most common type of grade span served in the city of Adelanto?,,SELECT GSserved FROM schools WHERE City = 'Adelanto' GROUP BY GSserved ORDER BY COUNT(GSserved) DESC LIMIT 1,simple,['schools']
1236,thrombosis_prediction,"For all the female patient age 50 and above, who has abnormal red blood cell count. State if they were admitted to hospital.","female patient refers to Sex = 'F'; age 50 and above = SUBTRACT(year(current_timestamp), year(Birthday)) > = 50; abnormal red blood cell count refers to RBC < = 3.5 or RBC > = 6.0; Admission = '+' means the patient was admitted to the hospital; Admission = '-' means the patient was not admitted to the hospital;","SELECT DISTINCT T1.ID, T1.Admission FROM Patient AS T1 INNER JOIN Laboratory AS T2 ON T1.ID = T2.ID WHERE T1.SEX = 'F' AND (T2.RBC <= 3.5 OR T2.RBC >= 6.0) AND STRFTIME('%Y', CURRENT_TIMESTAMP) - STRFTIME('%Y', T1.Birthday) >= 50",challenging,"['Laboratory', 'Patient']"
1415,student_club,List out the position of members who joined major of Business.,'Business' is the major name,SELECT T2.position FROM major AS T1 INNER JOIN member AS T2 ON T1.major_id = T2.link_to_major WHERE T1.major_name = 'Business',simple,"['member', 'major']"
1429,student_club,What is the name of the social event that was attended by the vice president of the Student_Club located at 900 E. Washington St.?,name of social event refers to event_name where type = 'Social'; 'Vice President' is position; located at refers to location,SELECT T2.event_name FROM attendance AS T1 INNER JOIN event AS T2 ON T2.event_id = T1.link_to_event INNER JOIN member AS T3 ON T1.link_to_member = T3.member_id WHERE T3.position = 'Vice President' AND T2.location = '900 E. Washington St.' AND T2.type = 'Social',challenging,"['attendance', 'member', 'event']"
1083,european_football_2,Which player has the strongest overall strength?,overall strength refers to overall_rating; strongest overall strength refers to MAX(overall_rating);,SELECT t1.player_name FROM Player AS t1 INNER JOIN Player_Attributes AS t2 ON t1.player_api_id = t2.player_api_id ORDER BY t2.overall_rating DESC LIMIT 1,simple,"['Player', 'Player_Attributes']"
461,card_games,Please list the names of the top 3 cards with the highest converted mana cost and have a 2003 card frame style.,name of cards refers to name; 2003 card frame style refers to frameVersion = '2003',SELECT name FROM cards WHERE frameVersion = 2003 ORDER BY convertedManaCost DESC LIMIT 3,simple,['cards']
1245,thrombosis_prediction,"For the examinations done after 1997/1/1, how many of them have the result of an inactivated partial prothrom bin time?",examinations done after 1997/1/1 refers to `Examination Date` > '1997-01-01'; normal activated partial prothrom bin time refesr to APTT < 45;,SELECT COUNT(T1.ID) FROM Patient AS T1 INNER JOIN Laboratory AS T2 ON T1.ID = T2.ID WHERE T2.Date > '1997-01-01' AND T2.APTT >= 45,moderate,"['Laboratory', 'Patient']"
15,california_schools,Which active district has the highest average score in Reading?,,SELECT T1.District FROM schools AS T1 INNER JOIN satscores AS T2 ON T1.CDSCode = T2.cds WHERE T1.StatusType = 'Active' ORDER BY T2.AvgScrRead DESC LIMIT 1,simple,"['satscores', 'schools']"
582,codebase_community,List the title of posts which were edited by Vebjorn Ljosa.,"""Vebjorn Ljosa"" is the DisplayName; last edited refers to LastEditorUserId",SELECT T1.Title FROM posts AS T1 INNER JOIN users AS T2 ON T1.OwnerUserId = T2.Id WHERE T2.DisplayName = 'Vebjorn Ljosa',simple,"['posts', 'users']"
1360,student_club,"What percentage was the budget for Parking to the total budget for the ""November Speaker""?","DIVDE(SUM( amount where category = 'Parking' and event_name = 'November Speaker'), COUNT(event_name = 'November Speaker)) * 100",SELECT CAST(SUM(CASE WHEN T1.category = 'Parking' THEN T1.amount ELSE 0 END) AS REAL) * 100 / SUM(T1.amount) FROM budget AS T1 INNER JOIN event AS T2 ON T1.link_to_event = T2.event_id WHERE T2.event_name = 'November Speaker',moderate,"['budget', 'event']"
175,financial,How many accounts have an owner disposition and request for a statement to be generated upon a transaction?,Frequency = 'POPLATEK PO OBRATU' stands for issuance after transaction,SELECT COUNT(T1.account_id) FROM account AS T1 INNER JOIN disp AS T2 ON T1.account_id = T2.account_id WHERE T2.type = 'OWNER' AND T1.frequency = 'POPLATEK PO OBRATU',moderate,"['disp', 'account']"
1156,thrombosis_prediction,State the ID and age of patient with positive degree of coagulation.,"age refers to SUBTRACT(year(current_timestamp), year(Birthday)); positive degree of coagulation refers to RVVT = '+'","SELECT DISTINCT T1.ID, STRFTIME('%Y', CURRENT_TIMESTAMP) - STRFTIME('%Y', T1.Birthday) FROM Patient AS T1 INNER JOIN Examination AS T2 ON T1.ID = T2.ID WHERE T2.RVVT = '+'",moderate,"['Examination', 'Patient']"
1477,debit_card_specializing,Which year recorded the most gas use paid in EUR?,,"SELECT SUBSTRING(T2.Date, 1, 4) FROM customers AS T1 INNER JOIN yearmonth AS T2 ON T1.CustomerID = T2.CustomerID WHERE T1.Currency = 'EUR' GROUP BY SUBSTRING(T2.Date, 1, 4) ORDER BY SUM(T2.Consumption) DESC LIMIT 1",simple,"['customers', 'yearmonth']"
1388,student_club,Which students manage to generate the highest income. State his/her full name along with the income source.,"name of students means the full name; full name refers to first_name, last_name; generate the highest income refers to MAX(income.amount);","SELECT T1.first_name, T1.last_name, T2.source FROM member AS T1 INNER JOIN income AS T2 ON T1.member_id = T2.link_to_member GROUP BY T1.first_name, T1.last_name, T2.source ORDER BY SUM(T2.amount) DESC LIMIT 1",moderate,"['income', 'member']"
1490,debit_card_specializing,How many percent of LAM customer consumed more than 46.73?,Percentage of LAM customer consumed more than 46.73 = (Total no. of LAM customers who consumed more than 46.73 / Total no. of LAM customers) * 100%.,"SELECT CAST(SUM(IIF(T2.Consumption > 46.73, 1, 0)) AS FLOAT) * 100 / COUNT(T1.CustomerID) FROM customers AS T1 INNER JOIN yearmonth AS T2 ON T1.CustomerID = T2.CustomerID WHERE T1.Segment = 'LAM'",moderate,"['customers', 'yearmonth']"
543,codebase_community,"For the post that got the most number of answers owned by csgillespie, how many answers did it get?","""csgillespie"" is the DisplayName of user; the most number of answer refers to Max(AnswerCount)",SELECT MAX(T1.AnswerCount) FROM posts AS T1 INNER JOIN users AS T2 ON T1.OwnerUserId = T2.Id WHERE T2.DisplayName = 'csgillespie',simple,"['posts', 'users']"
366,card_games,"What is the rule of playing card ""Benalish Knight""?",Benalish Knight' is the name of card; rule of playing card refers to format;,SELECT T2.format FROM cards AS T1 INNER JOIN legalities AS T2 ON T1.uuid = T2.uuid WHERE T1.name = 'Benalish Knight',simple,"['cards', 'legalities']"
973,formula_1,List out top 10 Spanish drivers who were born before 1982 and have the latest lap time.,born before 1982 refers to year(dob) < 1982; latest lap time refers to Max(time);,"SELECT T2.driverId FROM pitStops AS T1 INNER JOIN drivers AS T2 on T1.driverId = T2.driverId WHERE T2.nationality = 'Spanish' AND STRFTIME('%Y', T2.dob) < '1982' ORDER BY T1.time DESC LIMIT 10",moderate,"['drivers', 'pitStops']"
203,toxicology,In how many atoms is there no bromine?,atoms with no bromine refers to element ! = 'br',SELECT COUNT(DISTINCT T.atom_id) FROM atom AS T WHERE T.element <> 'br',simple,['atom']
781,superhero,Provide the heights of the heroes whose eye colours are amber.,heights of the heroes refers to height_cm; eye colours are amber refers to colour.colour = 'Amber' WHERE eye_colour_id = colour.id;,SELECT T1.height_cm FROM superhero AS T1 INNER JOIN colour AS T2 ON T1.eye_colour_id = T2.id WHERE T2.colour = 'Amber',simple,"['colour', 'superhero']"
844,superhero,Give the eye colour of Blackwulf.,eye colour refers to colour.colour where eye_colour_id = colour.id; Blackwulf refers to superhero_name = 'Blackwulf';,SELECT T2.colour FROM superhero AS T1 INNER JOIN colour AS T2 ON T1.eye_colour_id = T2.id WHERE T1.superhero_name = 'Blackwulf',simple,"['colour', 'superhero']"
944,formula_1,How much faster in percentage is the champion than the driver who finished the race last in the 2008 Australian Grand Prix?,"how much faster in percentage = divide(subtract(incremental time, champion time), last_driver time) * 100%; last driver finished time = incremental time + champion time; only champion's finished time is represented by 'HH:MM:SS.mmm'; finished the game refers to time is not null","WITH time_in_seconds AS ( SELECT T1.positionOrder, CASE WHEN T1.positionOrder = 1 THEN (CAST(SUBSTR(T1.time, 1, 1) AS REAL) * 3600) + (CAST(SUBSTR(T1.time, 3, 2) AS REAL) * 60) + CAST(SUBSTR(T1.time, 6) AS REAL) ELSE CAST(SUBSTR(T1.time, 2) AS REAL) END AS time_seconds FROM results AS T1 INNER JOIN races AS T2 ON T1.raceId = T2.raceId WHERE T2.name = 'Australian Grand Prix' AND T1.time IS NOT NULL AND T2.year = 2008 ), champion_time AS ( SELECT time_seconds FROM time_in_seconds WHERE positionOrder = 1), last_driver_incremental AS ( SELECT time_seconds FROM time_in_seconds WHERE positionOrder = (SELECT MAX(positionOrder) FROM time_in_seconds) ) SELECT (CAST((SELECT time_seconds FROM last_driver_incremental) AS REAL) * 100) / (SELECT time_seconds + (SELECT time_seconds FROM last_driver_incremental) FROM champion_time)",challenging,"['results', 'races']"
849,formula_1,Where can the introduction of the races held on Circuit de Barcelona-Catalunya be found?,introduction of races refers to url; Circuit de Barcelona-Catalunya is a name of circuit;,SELECT DISTINCT T1.url FROM circuits AS T1 INNER JOIN races AS T2 ON T2.circuitID = T1.circuitId WHERE T1.name = 'Circuit de Barcelona-Catalunya',simple,"['circuits', 'races']"
811,superhero,Give the alignment and superpowers of the superhero named Atom IV.,superpowers refers to power_name;,SELECT T3.power_name FROM superhero AS T1 INNER JOIN hero_power AS T2 ON T1.id = T2.hero_id INNER JOIN superpower AS T3 ON T3.id = T2.power_id WHERE T1.superhero_name = 'Atom IV',simple,"['superpower', 'hero_power', 'superhero']"
915,formula_1,Which country is the oldest driver from?,oldest driver refers to min(dob),SELECT nationality FROM drivers WHERE dob IS NOT NULL ORDER BY dob ASC LIMIT 1,simple,['drivers']
1041,european_football_2,"For the teams with normal build-up play dribbling class in 2014, List the names of the teams with less than average chance creation passing, in descending order of chance creation passing.","normal build-up play dribbling class refers to buildUpPlayDribblingClass = 'Normal'; in 2014 refers to date > = '2014-01-01 00:00:00' AND date < = '2014-01-31 00:00:00'; names of the teams refers to team_long_name; less than average chance creation passing = DIVIDE(SUM(chanceCreationPassing), COUNT(id)) > chanceCreationPassing;","SELECT t3.team_long_name FROM Team AS t3 INNER JOIN Team_Attributes AS t4 ON t3.team_api_id = t4.team_api_id WHERE t4.buildUpPlayDribblingClass = 'Normal' AND t4.chanceCreationPassing < ( SELECT CAST(SUM(t2.chanceCreationPassing) AS REAL) / COUNT(t1.id) FROM Team AS t1 INNER JOIN Team_Attributes AS t2 ON t1.team_api_id = t2.team_api_id WHERE t2.buildUpPlayDribblingClass = 'Normal' AND SUBSTR(t2.`date`, 1, 4) = '2014') ORDER BY t4.chanceCreationPassing DESC",challenging,"['Team_Attributes', 'Team']"
184,financial,How many female customers have a junior credit card?,Female refers to gender = 'F',SELECT COUNT(T1.client_id) FROM client AS T1 INNER JOIN disp AS T2 ON T1.client_id = T2.client_id INNER JOIN card AS T3 ON T2.disp_id = T3.disp_id WHERE T1.gender = 'F' AND T3.type = 'junior',simple,"['disp', 'client', 'card']"
1179,thrombosis_prediction,"For the patient who was diagnosed with SLE on 1994/2/19, what was his/her anti-Cardiolipin antibody concentration status on 1993/11/12?",'SLE' refers to Diagnosis; 1994/2/19 refers to Description = '1994-02-19'; anti-Cardiolipin refers to aCL IgM; 1993/11/12 refers to Description = '1993/11/12',"SELECT `aCL IgA`, `aCL IgG`, `aCL IgM` FROM Examination WHERE ID IN ( SELECT ID FROM Patient WHERE Diagnosis = 'SLE' AND Description = '1994-02-19' ) AND `Examination Date` = '1993-11-12'",moderate,"['Examination', 'Patient']"
482,card_games,"What's the German type of the card ""Ancestor's Chosen""?","German refers to language = 'German'; ""Ancestor's Chosen"" refers to name = 'Ancestor''s Chosen'",SELECT DISTINCT T1.type FROM cards AS T1 INNER JOIN foreign_data AS T2 ON T2.uuid = T1.uuid WHERE T1.name = 'Ancestor''s Chosen' AND T2.language = 'German',simple,"['cards', 'foreign_data']"
56,california_schools,"Of all the schools with a mailing state address in California, how many are active in San Joaquin?",,SELECT COUNT(CDSCode) FROM schools WHERE City = 'San Joaquin' AND MailState = 'CA' AND StatusType = 'Active',simple,['schools']
997,formula_1,Which citizenship do the vast majority of the drivers hold?,"Citizenship of majority of drivers = MAX(nationality); citizenship and nationality are synonyms

",SELECT nationality FROM drivers GROUP BY nationality ORDER BY COUNT(driverId) DESC LIMIT 1,simple,['drivers']
1225,thrombosis_prediction,List and group all patients by sex for total bilirubin (T-BIL) level not within the normal range.,total bilirubin (T-BIL) not within normal range refers to T-BIL > = 2.0,"SELECT DISTINCT CASE WHEN T1.SEX = 'F' THEN T1.ID END , CASE WHEN T1.SEX = 'M' THEN T1.ID END FROM Patient AS T1 INNER JOIN Laboratory AS T2 ON T1.ID = T2.ID WHERE T2.`T-BIL` >= 2.0",moderate,"['Laboratory', 'Patient']"
420,card_games,"How many cards are oversized, reprinted, and printed for promotions?",are oversized refers to isOversized = 1; reprinted refers to isReprint = 1; printed for promotions refers to isPromo = 1,SELECT COUNT(id) FROM cards WHERE isOversized = 1 AND isReprint = 1 AND isPromo = 1,simple,['cards']
43,california_schools,"What is the average math score of the school with the lowest average score for all subjects, and in which county is it located?",Average score for all subjects can be computed by AvgScrMath + AvgScrRead + AvgScrWrite,"SELECT T1.AvgScrMath, T2.County FROM satscores AS T1 INNER JOIN schools AS T2 ON T1.cds = T2.CDSCode WHERE T1.AvgScrMath IS NOT NULL ORDER BY T1.AvgScrMath + T1.AvgScrRead + T1.AvgScrWrite ASC LIMIT 1",moderate,"['satscores', 'schools']"
949,formula_1,Which constructor has the highest point?,,SELECT T2.name FROM constructorStandings AS T1 INNER JOIN constructors AS T2 on T1.constructorId = T2.constructorId ORDER BY T1.points DESC LIMIT 1,simple,"['constructors', 'constructorStandings']"
439,card_games,"List out the set name of the set code ""ALL"".",,SELECT name FROM sets WHERE code = 'ALL',simple,['sets']
691,codebase_community,Identify the number of adult users who have cast over 5000 upvotes.,adult users refer to Age BETWEEN 19 and 65; over 5000 upvotes refer to UpVotes > 5000;,SELECT COUNT(Id) FROM users WHERE Age BETWEEN 19 AND 65 AND UpVotes > 5000,simple,['users']
598,codebase_community,What is the percentage difference of student badges given during 2010 and 2011?,"""Students"" is the Name of badge;  during 2010 refers to Year(Date) = 2010; 2011 refers to Year(Date) = 2011; percentage difference = Subtract (Divide(Count(Name where Year(Date) = 2010), Count (Name)) *100, Divide(Count(Name where Year(Date) = 2011), Count(Name)) * 100)","SELECT CAST(SUM(IIF(STRFTIME('%Y', Date) = '2010', 1, 0)) AS REAL) * 100 / COUNT(Id) - CAST(SUM(IIF(STRFTIME('%Y', Date) = '2011', 1, 0)) AS REAL) * 100 / COUNT(Id) FROM badges WHERE Name = 'Student'",challenging,['badges']
101,financial,List out the accounts who have the earliest trading date in 1995 ?,,"SELECT account_id FROM trans WHERE STRFTIME('%Y', date) = '1995' ORDER BY date ASC LIMIT 1",simple,['trans']
411,card_games,"To which artist does the card with the text ""Das perfekte Gegenmittel zu einer dichten Formation"" belong?",,SELECT DISTINCT T1.artist FROM cards AS T1 INNER JOIN foreign_data AS T2 ON T1.uuid = T2.uuid WHERE T2.flavorText LIKE '%DAS perfekte Gegenmittel zu einer dichten Formation%',simple,"['cards', 'foreign_data']"
1120,european_football_2,Sum up the away team goal scored by both Daan Smith and Filipe Ferreira.,Daan Smith refers to player_name = 'Daan Smith'; Filipe Ferreira refers to player_name = 'Filipe Ferreira',"SELECT SUM(t2.away_team_goal) FROM Player AS t1 INNER JOIN match AS t2 ON t1.player_api_id = t2.away_player_5 WHERE t1.player_name IN ('Daan Smith', 'Filipe Ferreira')",moderate,"['Player', 'match']"
107,financial,What is the gender of the oldest client who opened his/her account in the highest average salary branch?,Earlier birthdate refers to older age; A11 refers to average salary,"SELECT T2.gender FROM district AS T1 INNER JOIN client AS T2 ON T1.district_id = T2.district_id ORDER BY T1.A11 DESC, T2.birth_date ASC LIMIT 1",simple,"['client', 'district']"
1098,european_football_2,What is Ajax's highest chance creation passing score and what is it classified as?,Ajax's refers to team_long_name = 'Ajax'; chance creation passing score refers to MAX(chanceCreationPassing); classified as chanceCreationPassingClass,"SELECT t2.chanceCreationPassing, t2.chanceCreationPassingClass FROM Team AS t1 INNER JOIN Team_Attributes AS t2 ON t1.team_api_id = t2.team_api_id WHERE t1.team_long_name = 'Ajax' ORDER BY t2.chanceCreationPassing DESC LIMIT 1",moderate,"['Team_Attributes', 'Team']"
1410,student_club,"List out the full name and total cost that member id ""rec4BLdZHS2Blfp4v"" incurred?","full name refers to first_name, last name","SELECT T1.first_name, T1.last_name, SUM(T2.cost) FROM member AS T1 INNER JOIN expense AS T2 ON T1.member_id = T2.link_to_member WHERE T1.member_id = 'rec4BLdZHS2Blfp4v'",simple,"['expense', 'member']"
220,toxicology,Please list top three elements of the toxicology of the molecule TR000 in alphabetical order.,"TR000 is the molecule id; element = 'cl' means Chlorine; element = 'c' means Carbon; element = 'h' means Hydrogen; element = 'o' means Oxygen, element = 's' means Sulfur; element = 'n' means Nitrogen, element = 'p' means Phosphorus, element = 'na' means Sodium, element = 'br' means Bromine, element = 'f' means Fluorine; element = 'i' means Iodine; element = 'sn' means Tin; element = 'pb' means Lead; element = 'te' means Tellurium; element = 'ca' means Calcium",SELECT DISTINCT T.element FROM atom AS T WHERE T.molecule_id = 'TR000' ORDER BY T.element LIMIT 3,challenging,['atom']
1206,thrombosis_prediction,When is the laboratory examination of patient '48473' where his/her AST glutamic oxaloacetic transaminase (GOT) index is above the normal range.,AST glutamic oxaloacetic transaminase (GOT) index is above the normal range refers to GOT > = 60; when refers to DATE,SELECT Date FROM Laboratory WHERE ID = 48473 AND GOT >= 60,simple,['Laboratory']
1031,european_football_2,"At present, calculate for the player's age who have a sprint speed of no less than 97 between 2013 to 2015.","players age at present = SUBTRACT((DATETIME(), birthday)); sprint_speed > = 97; between 2013 to 2015 refers to date > = '2013-01-01 00:00:00' AND date < = '2015-12-31 00:00:00';","SELECT DATETIME() - T2.birthday age FROM Player_Attributes AS t1 INNER JOIN Player AS t2 ON t1.player_api_id = t2.player_api_id WHERE SUBSTR(t1.`date`, 1, 10) BETWEEN '2013-01-01' AND '2015-12-31' AND t1.sprint_speed >= 97",challenging,"['Player', 'Player_Attributes']"
1261,thrombosis_prediction,How many patients with a normal RF don't have thrombosis?,normal RF refers to RF < 20; don't have thrombosis refers to Thrombosis = '0';,SELECT COUNT(DISTINCT T1.ID) FROM Examination AS T1 INNER JOIN Laboratory AS T2 ON T1.ID = T2.ID WHERE T2.RF < 20 AND T1.Thrombosis = 0,simple,"['Examination', 'Laboratory']"
661,codebase_community,How old is the most influential user?,How old describes age; the most influential refers to user where MAX(Reputation);,SELECT Age FROM users WHERE Reputation = ( SELECT MAX(Reputation) FROM users ),simple,['users']
1404,student_club,Identify the type of expenses and their total value approved for 'October Meeting' event.,total value refers to SUM(cost); 'October Meeting' is an event name;,"SELECT T1.type, SUM(T3.cost) FROM event AS T1 INNER JOIN budget AS T2 ON T1.event_id = T2.link_to_event INNER JOIN expense AS T3 ON T2.budget_id = T3.link_to_budget WHERE T1.event_name = 'October Meeting'",moderate,"['expense', 'budget', 'event']"
128,financial,"List the top ten districts, by descending order, from the highest to the lowest, the number of female account holders.",A2 refers to districts; Female refers to gender = 'F',"SELECT T2.A2, COUNT(T1.client_id) FROM client AS T1 INNER JOIN district AS T2 ON T1.district_id = T2.district_id WHERE T1.gender = 'F' GROUP BY T2.district_id, T2.A2 ORDER BY COUNT(T1.client_id) DESC LIMIT 10",moderate,"['client', 'district']"
332,toxicology,"Among the molecules between TR004 to TR010, how many of them has single bonds?",single bond refers to bond_type = '-'; molecules between TR004 to TR010 refers molecule_id BETWEEN 'TR004' and 'TR010';,SELECT COUNT(DISTINCT T.molecule_id) FROM bond AS T WHERE T.molecule_id BETWEEN 'TR004' AND 'TR010' AND T.bond_type = '-',simple,['bond']
297,toxicology,"Among the atoms that contain element carbon, which one does not contain compound carcinogenic?",label = '-' means molecules are non-carcinogenic; carbon refers to element = 'c',SELECT T1.atom_id FROM atom AS T1 INNER JOIN molecule AS T2 ON T1.molecule_id = T2.molecule_id WHERE T1.element = 'c' AND T2.label = '-',simple,"['atom', 'molecule']"
1465,student_club,Which budget category does the expense 'Posters' fall to?,'Posters' refers to expense description,SELECT DISTINCT T2.category FROM expense AS T1 INNER JOIN budget AS T2 ON T1.link_to_budget = T2.budget_id WHERE T1.expense_description = 'Posters',simple,"['expense', 'budget']"
707,codebase_community,"Among the posts with views ranging from 100 to 150, what is the comment with the highest score?",views ranging from 100 to 150 refers to ViewCount BETWEEN 100 and 150; comment with the highest score refers to Text where MAX(Score);,SELECT Text FROM comments WHERE PostId IN ( SELECT Id FROM posts WHERE ViewCount BETWEEN 100 AND 150 ) ORDER BY Score DESC LIMIT 1,moderate,"['posts', 'comments']"
365,card_games,"What is the type of card ""Benalish Knight""?",Benalish Knight' is the name of card;,SELECT DISTINCT T1.type FROM cards AS T1 INNER JOIN foreign_data AS T2 ON T1.uuid = T2.uuid WHERE T1.name = 'Benalish Knight',simple,"['cards', 'foreign_data']"
244,toxicology,Is the molecule with the most double bonds carcinogenic?,double bond refers to bond_type = ' = '; label = '+' mean molecules are carcinogenic,"SELECT T1.label FROM molecule AS T1 INNER JOIN ( SELECT T.molecule_id, COUNT(T.bond_type) FROM bond AS T WHERE T.bond_type = '=' GROUP BY T.molecule_id ORDER BY COUNT(T.bond_type) DESC LIMIT 1 ) AS T2 ON T1.molecule_id = T2.molecule_id",moderate,"['molecule', 'bond']"
812,superhero,List down at least five full names of superheroes with blue eyes.,blue eyes refers to colour.colour = 'Blue' WHERE eye_colour_id = colour.id;,SELECT T1.superhero_name FROM superhero AS T1 INNER JOIN colour AS T2 ON T1.eye_colour_id = T2.id WHERE T2.colour = 'Blue' LIMIT 5,simple,"['colour', 'superhero']"
664,codebase_community,What is the score of the post with the most popular tag?,Higher view count means the post has higher popularity; the most popular tag refers to MAX(Count);,SELECT Score FROM posts WHERE Id = ( SELECT ExcerptPostId FROM tags ORDER BY Count DESC LIMIT 1 ),simple,"['tags', 'posts']"
1222,thrombosis_prediction,How many male patients are are with creatinine index out of the normal range?,creatinine (CRE) out of the normal range refers to CRE > = 1.5; Male refers to Sex = 'M',SELECT COUNT(T1.ID) FROM Patient AS T1 INNER JOIN Laboratory AS T2 ON T1.ID = T2.ID WHERE T2.CRE >= 1.5 AND T1.SEX = 'M',simple,"['Laboratory', 'Patient']"
615,codebase_community,"Among the users who obtained the ""Organizer"" badges, calculate the percentage of users who are teenagers.","""Organizer"" is the Name of badge; teenager refers to Age BETWEEN 13 AND 18; percentage = Divide (Count(UserId where Age BETWEEN 13 AND 18), Count(UserId)) *100","SELECT CAST(SUM(IIF(T2.Age BETWEEN 13 AND 18, 1, 0)) AS REAL) * 100 / COUNT(T1.Id) FROM badges AS T1 INNER JOIN users AS T2 ON T1.UserId = T2.Id WHERE T1.`Name` = 'Organizer'",moderate,"['badges', 'users']"
602,codebase_community,List out all post ID with score more than 60 and list out all the user ID that created these post.,score more than 60 refers to Score > 60,"SELECT PostId, UserId FROM postHistory WHERE PostId IN ( SELECT Id FROM posts WHERE Score > 60 )",simple,"['posts', 'postHistory']"
231,toxicology,Which bond type accounted for the majority of the bonds found in molecule TR018 and state whether or not this molecule is carcinogenic?,TR018 is the molecule id; majority of the bond found refers to MAX(COUNT(bond_type)); label = '+' mean molecules are carcinogenic; label = '-' means molecules are non-carcinogenic,"SELECT T.bond_type FROM ( SELECT T1.bond_type, COUNT(T1.molecule_id) FROM bond AS T1  WHERE T1.molecule_id = 'TR018' GROUP BY T1.bond_type ORDER BY COUNT(T1.molecule_id) DESC LIMIT 1 ) AS T",challenging,['bond']
32,california_schools,What is the eligible free or reduced price meal rate for the top 5 schools in grades 1-12 with the highest free or reduced price meal count of the schools with the ownership code 66?,grades 1-12 means K-12; Eligible free or reduced price meal rate for K-12 = `FRPM Count (K-12)` / `Enrollment (K-12)`,SELECT CAST(T1.`FRPM Count (K-12)` AS REAL) / T1.`Enrollment (K-12)` FROM frpm AS T1 INNER JOIN schools AS T2 ON T1.CDSCode = T2.CDSCode WHERE T2.SOC = 66 ORDER BY T1.`FRPM Count (K-12)` DESC LIMIT 5,moderate,"['schools', 'frpm']"
1489,debit_card_specializing,How much did the KAM customers consume in total in May 2013?,May 2013 refers to yearmonth.date = 201305,SELECT SUM(T2.Consumption) FROM customers AS T1 INNER JOIN yearmonth AS T2 ON T1.CustomerID = T2.CustomerID WHERE T2.Date = '201305' AND T1.Segment = 'KAM',simple,"['customers', 'yearmonth']"
497,card_games,"List the expansion type of the set ""Huitième édition"".","the set ""Huitième édition"" refers to translation = 'Huitième édition'; expansion type refers to type",SELECT type FROM sets WHERE code IN ( SELECT setCode FROM set_translations WHERE translation = 'Huitième édition' ),simple,"['set_translations', 'sets']"
1244,thrombosis_prediction,List all patients who first came to the hospital after year 1992 with prothrombin time (PT) level that are normal.,first came to the hospital after year 1992 refers to year(`First Date`) > 1992; prothrombin time (PT) level that are normal refers to PT < 14;,"SELECT T1.ID FROM Patient AS T1 INNER JOIN Laboratory AS T2 ON T1.ID = T2.ID WHERE STRFTIME('%Y', T1.`First Date`) > '1992' AND T2.PT < 14",moderate,"['Laboratory', 'Patient']"
1299,thrombosis_prediction,"Among the patients with the normal level of triglyceride, how many of them have other symptoms observed?",normal level of triglyceride refers to TG < 200; have other symptoms refers to Symptoms is not null;,SELECT COUNT(T1.ID) FROM Examination AS T1 INNER JOIN Laboratory AS T2 ON T1.ID = T2.ID WHERE T2.TG < 200 AND T1.Symptoms IS NOT NULL,simple,"['Examination', 'Laboratory']"
1223,thrombosis_prediction,Are there more male patients with creatinine not within the normal range than female? True or False?,creatinine (CRE) not within the normal range refers to CRE > = 1.5; male refers to Sex = 'M'; female refers to Sex = 'F'; calculation = (SUM(SEX = 'M') > SUM(SEX = 'F')) where CRE > = 1.5,SELECT CASE WHEN SUM(CASE WHEN T1.SEX = 'M' THEN 1 ELSE 0 END) > SUM(CASE WHEN T1.SEX = 'F' THEN 1 ELSE 0 END) THEN 'True' ELSE 'False' END FROM Patient AS T1 INNER JOIN Laboratory AS T2 ON T1.ID = T2.ID WHERE T2.CRE >= 1.5,challenging,"['Laboratory', 'Patient']"
351,card_games,Name all the cards which have alternative language in Japanese.,Japanese' is the language;,SELECT T1.name FROM cards AS T1 INNER JOIN foreign_data AS T2 ON T1.uuid = T2.uuid WHERE T2.language = 'Japanese',simple,"['cards', 'foreign_data']"
494,card_games,For all cards illustrated by Jim Pavelec. and describe the text of the ruling of these cards. Do these cards have missing or degraded properties and values.,all cards illustrated by Jim Pavelec refers to artist = 'Jim Pavelec'; the text of the ruling refers to text; cards have missing or degraded properties and values if hasContentWarning = 1 else it doesn't have;,"SELECT T2.text , CASE WHEN T1.hasContentWarning = 1 THEN 'YES' ELSE 'NO' END FROM cards AS T1 INNER JOIN rulings AS T2 ON T2.uuid = T1.uuid WHERE T1.artist = 'Jim Pavelec'",challenging,"['cards', 'rulings']"
962,formula_1,"From 2000 to 2005, what percentage of drivers who were born before 1985 and the lap numbers were over 50?","born before 1985 refers to year(dob)<1985; in 2000 to 2005 refers to year between 2000 and 2005; percentage = Divide(COUNT(driverId where year (dob) <1985 and laps >50),COUNT(DriverID where year between 2000 and 2005) *100;","SELECT CAST(SUM(IIF(STRFTIME('%Y', T3.dob) < '1985' AND T1.laps > 50, 1, 0)) AS REAL) * 100 / COUNT(*) FROM results AS T1 INNER JOIN races AS T2 on T1.raceId = T2.raceId INNER JOIN drivers AS T3 on T1.driverId = T3.driverId WHERE T2.year BETWEEN 2000 AND 2005",challenging,"['drivers', 'results', 'races']"
538,codebase_community,Please list the titles of the posts owned by the user csgillespie?,"""csgillespie"" is the DisplayName of user",SELECT T1.Title FROM posts AS T1 INNER JOIN users AS T2 ON T1.OwnerUserId = T2.Id WHERE T2.DisplayName = 'csgillespie',simple,"['posts', 'users']"
1313,student_club,How many students in the Student_Club are from the College of Engineering?,,SELECT COUNT(T1.member_id) FROM member AS T1 INNER JOIN major AS T2 ON T1.link_to_major = T2.major_id WHERE T2.college = 'College of Engineering',simple,"['member', 'major']"
718,superhero,"How many superheroes have the super power of ""Super Strength""?","super power of ""Super Strength"" refers to power_name = 'Super Strength'",SELECT COUNT(T1.hero_id) FROM hero_power AS T1 INNER JOIN superpower AS T2 ON T1.power_id = T2.id WHERE T2.power_name = 'Super Strength',simple,"['superpower', 'hero_power']"
163,financial,Which district has the most accounts with loan contracts finished with no problems?,status = 'A' refers to loan contracts finished with no problems,SELECT T1.district_id FROM district AS T1 INNER JOIN account AS T2 ON T1.district_id = T2.district_id INNER JOIN loan AS T3 ON T2.account_id = T3.account_id WHERE T3.status = 'A' GROUP BY T1.district_id ORDER BY COUNT(T2.account_id) DESC LIMIT 1,moderate,"['account', 'district', 'loan']"
908,formula_1,"What is the most laps f1 races had? Name the race, year and circuit location where the races with most laps was hosted.",,"SELECT T3.lap, T2.name, T2.year, T1.location FROM circuits AS T1 INNER JOIN races AS T2 ON T1.circuitId = T2.circuitId INNER JOIN lapTimes AS T3 ON T3.raceId = T2.raceId ORDER BY T3.lap DESC LIMIT 1",simple,"['lapTimes', 'circuits', 'races']"
500,card_games,"Tell the Japanese name of the set which card ""Fellwar Stone"" is in it.","Japanese name refers to language = 'Japanese'; card ""Fellwar Stone"" refers to name = 'Fellwar Stone'",SELECT T2.translation FROM cards AS T1 INNER JOIN set_translations AS T2 ON T2.setCode = T1.setCode WHERE T1.name = 'Fellwar Stone' AND T2.language = 'Japanese' AND T2.translation IS NOT NULL,moderate,"['cards', 'set_translations']"
306,toxicology,Which molecules have triple bonds and list all the elements they contain.,"triple bond refers to bond_type = '#'; element = 'cl' means Chlorine; element = 'c' means Carbon; element = 'h' means Hydrogen; element = 'o' means Oxygen, element = 's' means Sulfur; element = 'n' means Nitrogen, element = 'p' means Phosphorus, element = 'na' means Sodium, element = 'br' means Bromine, element = 'f' means Fluorine; element = 'i' means Iodine; element = 'sn' means Tin; element = 'pb' means Lead; element = 'te' means Tellurium; element = 'ca' means Calcium","SELECT DISTINCT T1.molecule_id, T2.element FROM bond AS T1 INNER JOIN atom AS T2 ON T1.molecule_id = T2.molecule_id WHERE T1.bond_type = '#'",challenging,"['atom', 'bond']"
668,codebase_community,What is the display name of the user who acquired the highest amount of badges?,highest amount of badges refers to MAX(COUNT(Name));,SELECT T1.DisplayName FROM users AS T1 INNER JOIN badges AS T2 ON T1.Id = T2.UserId GROUP BY T1.DisplayName ORDER BY COUNT(T1.Id) DESC LIMIT 1,simple,"['badges', 'users']"
672,codebase_community,"Among the users located in United Kingdom, how many users whose post have a total favorite amount of 4 or more?",favorite amount of 4 or more refers to FavoriteCount > = 4; Location = 'United Kingdom';,SELECT COUNT(T1.Id) FROM users AS T1 INNER JOIN posts AS T2 ON T1.Id = T2.OwnerUserId WHERE T1.Location = 'United Kingdom' AND T2.FavoriteCount >= 4,moderate,"['posts', 'users']"
601,codebase_community,What is the score and the link type ID for post ID 395?,,"SELECT T1.Score, T2.LinkTypeId FROM posts AS T1 INNER JOIN postLinks AS T2 ON T1.Id = T2.PostId WHERE T2.PostId = 395",simple,"['posts', 'postLinks']"
1314,student_club,Please list the full names of the students in the Student_Club that come from the Art and Design Department.,"full name refers to first_name, last_name;","SELECT T1.first_name, T1.last_name FROM member AS T1 INNER JOIN major AS T2 ON T1.link_to_major = T2.major_id WHERE T2.department = 'Art and Design Department'",simple,"['member', 'major']"
1165,thrombosis_prediction,What is the age gap between the youngest and oldest patient with a normal triglyceride recorded?,age gap refers to SUBTRACT(MAX(year(Birthday)) - MIN(year(Birthday))); normal triglyceride refers to tg > = 200,"SELECT STRFTIME('%Y', MAX(T1.Birthday)) - STRFTIME('%Y', MIN(T1.Birthday)) FROM Patient AS T1 INNER JOIN Laboratory AS T2 ON T1.ID = T2.ID WHERE T2.TG >= 200",moderate,"['Laboratory', 'Patient']"
1228,thrombosis_prediction,Provide list of patients and their diagnosis with triglyceride (TG) index greater than 100 of the normal range?,triglyceride (TG) index greater than 100 of the normal range refers to TG > 300;,"SELECT T1.ID, T1.Diagnosis FROM Patient AS T1 INNER JOIN Laboratory AS T2 ON T1.ID = T2.ID WHERE T2.TG > 300",simple,"['Laboratory', 'Patient']"
1087,european_football_2,"Among the players whose height is over 180, how many of them have a volley score of over 70?",height > 180; volley score refers to volleys; volleys > 70;,SELECT COUNT(DISTINCT t1.id) FROM Player AS t1 INNER JOIN Player_Attributes AS t2 ON t1.player_api_id = t2.player_api_id WHERE t1.height > 180 AND t2.volleys > 70,simple,"['Player', 'Player_Attributes']"
192,financial,What is the average amount of loan which are still on running contract with statement issuance after each transaction?,"status = 'C' stands for running contract, OK so far; status = 'D' stands for running contract, client in debt. 'POPLATEK PO OBRATU' stands for issuance after transaction","SELECT AVG(T2.payments) FROM account AS T1 INNER JOIN loan AS T2 ON T1.account_id = T2.account_id WHERE T2.status IN ('C', 'D') AND T1.frequency = 'POPLATEK PO OBRATU'",moderate,"['account', 'loan']"
1212,thrombosis_prediction,"For patients with alkaliphophatase (ALP) within normal range, were they treated as inpatient or outpatient?",alkaliphophatase (ALP) within normal range refers to ALP < 300; inpatient refers to admission = '+'; outpatient refers to admission = '-',SELECT T1.Admission FROM Patient AS T1 INNER JOIN Laboratory AS T2 ON T1.ID = T2.ID WHERE T2.ALP < 300,moderate,"['Laboratory', 'Patient']"
1100,european_football_2,What is the highest overall rating received by Dorlan Pabon?,Dorlan Pabon refers to T2.player_name = 'Dorlan Pabon'; highest overall rating refers to MAX(overall_rating),SELECT MAX(t2.overall_rating) FROM Player AS t1 INNER JOIN Player_Attributes AS t2 ON t1.player_api_id = t2.player_api_id WHERE t1.player_name = 'Dorlan Pabon',simple,"['Player', 'Player_Attributes']"
1088,european_football_2,Please list the names of the players whose volley score and dribbling score are over 70.,volley score refers to volleys; volleys > 70; dribbling score refers to dribbling; dribbling > 70;,SELECT DISTINCT t1.player_name FROM Player AS t1 INNER JOIN Player_Attributes AS t2 ON t1.player_api_id = t2.player_api_id WHERE t2.volleys > 70 AND t2.dribbling > 70,moderate,"['Player', 'Player_Attributes']"
63,california_schools,"In chartered schools with charter number 00D2, what are the names of all the administrators? Include the name of the school and the city to which it belongs","Chartered schools refer to Charter = 1 in the table schools; Full name refers to first name, last name","SELECT AdmFName1, AdmLName1, School, City FROM schools WHERE Charter = 1 AND CharterNum = '00D2'",simple,['schools']
710,codebase_community,"In posts with 1 comment, how many of the comments have 0 score?",in posts with 1 comment refers to CommentCount = 1;,SELECT COUNT(T1.id) FROM comments AS T1 INNER JOIN posts AS T2 ON T1.PostId = T2.Id WHERE T2.CommentCount = 1 AND T2.Score = 0,simple,"['posts', 'comments']"
881,formula_1,"For the drivers who took part in the race in 1983/7/16, what's their race completion rate?","DIVIDE(COUNT(driverid where time has value and date = '1983-07-16'), (COUNT(driverid where date = '1983-07-16')) as percentage",SELECT CAST(COUNT(CASE WHEN T2.time IS NOT NULL THEN T2.driverId END) AS REAL) * 100 / COUNT(T2.driverId) FROM races AS T1 INNER JOIN results AS T2 ON T2.raceId = T1.raceId WHERE T1.date = '1983-07-16',moderate,"['results', 'races']"
932,formula_1,In which years did Lewis Hamilton participate in a Formula_1 race?,,SELECT DISTINCT T1.year FROM races AS T1 INNER JOIN results AS T2 ON T2.raceId = T1.raceId INNER JOIN drivers AS T3 ON T3.driverId = T2.driverId WHERE T3.forename = 'Lewis' AND T3.surname = 'Hamilton',simple,"['drivers', 'results', 'races']"
985,formula_1,"Among the drivers who participated in the French Grand Prix, who has the slowest time in the 3rd lap.",slowest time refers to Max(time);,SELECT T1.driverId FROM lapTimes AS T1 INNER JOIN races AS T2 on T1.raceId = T2.raceId WHERE T2.name = 'French Grand Prix' AND T1.lap = 3 ORDER BY T1.time DESC LIMIT 1,simple,"['lapTimes', 'races']"
1387,student_club,Which student has been entrusted to manage the budget for the Yearly Kickoff?,'Yearly Kickoff' is an event name;,"SELECT T4.first_name, T4.last_name FROM event AS T1 INNER JOIN budget AS T2 ON T1.event_id = T2.link_to_event INNER JOIN expense AS T3 ON T2.budget_id = T3.link_to_budget INNER JOIN member AS T4 ON T3.link_to_member = T4.member_id WHERE T1.event_name = 'Yearly Kickoff'",moderate,"['expense', 'budget', 'member', 'event']"
274,toxicology,List the toxicology elements associated with molecule TR001.,TR001 is the molecule id,SELECT DISTINCT T.element FROM atom AS T WHERE T.molecule_id = 'TR001',simple,['atom']
618,codebase_community,"List out the age of users who located in Vienna, Austria obtained the badge?","""Vienna, Austria"" is the Location","SELECT T1.Age FROM users AS T1 INNER JOIN badges AS T2 ON T1.Id = T2.UserId WHERE T1.Location = 'Vienna, Austria'",simple,"['badges', 'users']"
1468,student_club,Where is the hometown of Garrett Girke?,hometown refers to city,SELECT T2.city FROM member AS T1 INNER JOIN zip_code AS T2 ON T2.zip_code = T1.zip WHERE T1.first_name = 'Garrett' AND T1.last_name = 'Gerke',simple,"['zip_code', 'member']"
861,formula_1,What is his number of the driver who finished 0:01:54 in the Q3 of qualifying race No.903?,race number refers to raceId;,SELECT T2.number FROM qualifying AS T1 INNER JOIN drivers AS T2 ON T2.driverId = T1.driverId WHERE T1.raceId = 903 AND T1.q3 LIKE '1:54%',simple,"['qualifying', 'drivers']"
198,toxicology,On average how many carcinogenic molecules are single bonded?,"carcinogenic molecules refers to label = '+'; single-bonded refers to bond_type = '-'; average = DIVIDE(SUM(bond_type = '-'), COUNT(atom_id))","SELECT AVG(single_bond_count) FROM (SELECT T3.molecule_id, COUNT(T1.bond_type) AS single_bond_count FROM bond AS T1  INNER JOIN atom AS T2 ON T1.molecule_id = T2.molecule_id INNER JOIN molecule AS T3 ON T3.molecule_id = T2.molecule_id WHERE T1.bond_type = '-' AND T3.label = '+' GROUP BY T3.molecule_id) AS subquery",challenging,"['atom', 'molecule', 'bond']"
807,superhero,What is the superpowers of the superhero has Helen Parr as their full name?,superpowers refers to power_name; Helen Parr is the full name of superhero;,SELECT T3.power_name FROM superhero AS T1 INNER JOIN hero_power AS T2 ON T1.id = T2.hero_id INNER JOIN superpower AS T3 ON T2.power_id = T3.id WHERE T1.full_name = 'Helen Parr',simple,"['superpower', 'hero_power', 'superhero']"
339,toxicology,List the atom ID of the carcinogenic molecule that contains oxygen?,label = '+' mean molecules are carcinogenic; oxygen refers to element = 'o',SELECT T1.atom_id FROM atom AS T1 INNER JOIN molecule AS T2 ON T1.molecule_id = T2.molecule_id WHERE T1.element = 'o' AND T2.label = '+',simple,"['atom', 'molecule']"
862,formula_1,"For the Bahrain Grand Prix in 2007, how many drivers not finished the game?",drivers who finished the race refers to time has records;,SELECT COUNT(T3.driverId) FROM races AS T1 INNER JOIN results AS T2 ON T2.raceId = T1.raceId INNER JOIN drivers AS T3 ON T3.driverId = T2.driverId WHERE T1.year = 2007 AND T1.name = 'Bahrain Grand Prix' AND T2.time IS NULL,simple,"['drivers', 'results', 'races']"
1023,european_football_2,"Among the players with an overall rating between 60 to 65, how many players whose going to be in all of your attack moves instead of defensing?",overall_rating > = 60 AND overall_rating < 65; players whose going to be in all of your attack moves instead of defensing refers to defensive_work_rate = 'low';,SELECT COUNT(id) FROM Player_Attributes WHERE overall_rating BETWEEN 60 AND 65 AND defensive_work_rate = 'low',moderate,['Player_Attributes']
271,toxicology,Does bond id TR001_1_8 have both element of chlorine and carbon?,chlorine refers to element = 'cl'; carbon refers to element = 'c',"SELECT T2.bond_id, T2.atom_id2, T1.element AS flag_have_CaCl FROM atom AS T1 INNER JOIN connected AS T2 ON T2.atom_id = T1.atom_id WHERE T2.bond_id = 'TR001_1_8' AND (T1.element = 'c1' OR T1.element = 'c')",simple,"['atom', 'connected']"
578,codebase_community,Which user made a post titled 'Understanding what Dassault iSight is doing?' and how much is the reputation of the user?,"""Understanding what Dassault iSight is doing?"" is the Title of post; user refers to DisplayName;","SELECT T1.DisplayName, T1.Reputation FROM users AS T1 INNER JOIN posts AS T2 ON T1.Id = T2.OwnerUserId WHERE T2.Title = 'Understanding what Dassault iSight is doing?'",moderate,"['posts', 'users']"
218,toxicology,What percentage of carcinogenic-type molecules does not contain fluorine?,"label = '+' mean molecules are carcinogenic; contain fluorine refers to element = 'f'; percentage = DIVIDE(SUM(element = 'f'), COUNT(molecule_id)) as percent where label = '+'",SELECT CAST(COUNT(DISTINCT CASE WHEN T1.element <> 'f' THEN T2.molecule_id ELSE NULL END) AS REAL) * 100 / COUNT(DISTINCT T2.molecule_id) FROM atom AS T1 INNER JOIN molecule AS T2 ON T1.molecule_id = T2.molecule_id WHERE T2.label = '+',challenging,"['atom', 'molecule']"
490,card_games,"For the set which had 'SS2' as the code, what is its magic card market id?",magic card market id refers to mcmId,SELECT mcmId FROM sets WHERE code = 'SS2',simple,['sets']
1239,thrombosis_prediction,Name the ID and age of patient with two or more laboratory examinations which show their hematoclit level exceeded the normal range.,"age = SUBTRACT(year(current_timestamp), year(Birthday)); patient with two or more laboratory examinations refers to COUNT(ID) > 2; hematoclit level exceeded the normal range refers to HCT > = 52;","SELECT DISTINCT T1.ID, STRFTIME('%Y', CURRENT_TIMESTAMP) - STRFTIME('%Y', T1.Birthday) FROM Patient AS T1 INNER JOIN Laboratory AS T2 ON T1.ID = T2.ID WHERE T1.ID IN ( SELECT ID FROM Laboratory WHERE HCT >= 52 GROUP BY ID HAVING COUNT(ID) >= 2 )",challenging,"['Laboratory', 'Patient']"
435,card_games,How many card border with black color ? List out the card id.,border with black color refers to borderColor = 'black',SELECT id FROM cards WHERE borderColor = 'black' GROUP BY id,simple,['cards']
352,card_games,Calculate the percentage of the cards availabe in Chinese Simplified.,"Chinese Simplified' is the language; percentage = Divide(Sum(id where language = 'Chinese Simplified'), Count(id)) *100",SELECT CAST(SUM(CASE WHEN T2.language = 'Chinese Simplified' THEN 1 ELSE 0 END) AS REAL) * 100 / COUNT(T1.id) FROM cards AS T1 INNER JOIN foreign_data AS T2 ON T1.uuid = T2.uuid,moderate,"['cards', 'foreign_data']"
1033,european_football_2,What is the average height of players born between 1990 and 1995?,"average height = DIVIDE(SUM(height), COUNT(id)); players born between 1990 and 1995 refers to birthday > = '1990-01-01 00:00:00' AND birthday < '1996-01-01 00:00:00';","SELECT SUM(height) / COUNT(id) FROM Player WHERE SUBSTR(birthday, 1, 4) BETWEEN '1990' AND '1995'",simple,['Player']
1265,thrombosis_prediction,How many patients have a normal level of anti-ribonuclear protein and have been admitted to the hospital?,"normal level of anti-ribonuclear protein refers to RNP = '-', '+-'; And'-' means 'negative'; '+-' refers to '0'; admitted to the hospital refers to Admission = '+'; Should compute the number of distinct ones",SELECT COUNT(DISTINCT T1.ID) FROM Patient AS T1 INNER JOIN Laboratory AS T2 ON T1.ID = T2.ID WHERE T2.RNP = 'negative' OR T2.RNP = '0' AND T1.Admission = '+',moderate,"['Laboratory', 'Patient']"
324,toxicology,Find the percentage of atoms with single bond.,"single bond refers to bond_type = '-'; percentage = DIVIDE(SUM(bond_type = '-'), COUNT(bond_id)) as percentage",SELECT CAST(COUNT(CASE WHEN T.bond_type = '-' THEN T.bond_id ELSE NULL END) AS REAL) * 100 / COUNT(T.bond_id) FROM bond t,simple,['bond']
415,card_games,What percentage of cards with format commander and legal status do not have a content warning?,"do not have a content warning refers to hasContentWarning = 0; 
percentage refers to DIVIDE(COUNT(hasContentWarning = 0),COUNT(ID))*100 where 
format = 'commander' AND Status = 'legal';
",SELECT CAST(SUM(CASE WHEN T1.hasContentWarning = 0 THEN 1 ELSE 0 END) AS REAL) * 100 / COUNT(T1.id) FROM cards AS T1 INNER JOIN legalities AS T2 ON T1.uuid = T2.uuid WHERE T2.format = 'commander' AND T2.status = 'Legal',challenging,"['cards', 'legalities']"
714,codebase_community,List the comments commented by the user with a username of Harvey Motulsky.,comments refer to Text; username of Harvey Motulsky refers to DisplayName = 'Harvey Motulsky';,SELECT T1.Text FROM comments AS T1 INNER JOIN users AS T2 ON T1.UserId = T2.Id WHERE T2.DisplayName = 'Harvey Motulsky',simple,"['comments', 'users']"
1395,student_club,How many members did attend the event 'Community Theater' in 2019?,event 'Community Theater' in 2019 refers to event_name = 'Community Theater' where YEAR(event_date) = 2019,"SELECT COUNT(T2.link_to_member) FROM event AS T1 INNER JOIN attendance AS T2 ON T1.event_id = T2.link_to_event WHERE T1.event_name = 'Community Theater' AND SUBSTR(T1.event_date, 1, 4) = '2019'",moderate,"['attendance', 'event']"
551,codebase_community,How many badges has the user csgillespie obtained?,"""csgillespie"" is the DisplayName of user",SELECT COUNT(T1.Id) FROM badges AS T1 INNER JOIN users AS T2 ON T1.UserId = T2.Id WHERE T2.DisplayName = 'csgillespie',simple,"['badges', 'users']"
712,codebase_community,"What is the post ID and the comments commented in the post titled by ""Group differences on a five point Likert item""?",Title = 'Group differences on a five point Likert item';,"SELECT T2.Id, T1.Text FROM comments AS T1 INNER JOIN posts AS T2 ON T1.PostId = T2.Id WHERE T2.Title = 'Group differences on a five point Likert item'",simple,"['posts', 'comments']"
649,codebase_community,"Describe the post history counts and last edit date of the post title ""What is the best introductory Bayesian statistics textbook?""",,"SELECT T1.Id, T2.LastEditDate FROM postHistory AS T1 INNER JOIN posts AS T2 ON T1.PostId = T2.Id WHERE T2.Title = 'What is the best introductory Bayesian statistics textbook?'",simple,"['posts', 'postHistory']"
422,card_games,What is the language of the card with the multiverse number 149934?,multiverse number 149934 refers to multiverseid = 149934;,SELECT language FROM foreign_data WHERE multiverseid = 149934,simple,['foreign_data']
289,toxicology,Is molecule TR151 carcinogenic?,label = '+' mean molecules are carcinogenic;,SELECT T.label FROM molecule AS T WHERE T.molecule_id = 'TR151',simple,['molecule']
765,superhero,How many heroes have stealth power?,stealth power refers to power_name = 'stealth';,SELECT COUNT(T1.hero_id) FROM hero_power AS T1 INNER JOIN superpower AS T2 ON T1.power_id = T2.id WHERE T2.power_name = 'Stealth',simple,"['superpower', 'hero_power']"
650,codebase_community,Describe the last accessed date and location of the users who received the outliers badge.,Outliers is the name of the badge;,"SELECT T1.LastAccessDate, T1.Location FROM users AS T1 INNER JOIN badges AS T2 ON T1.Id = T2.UserId WHERE T2.Name = 'outliers'",simple,"['badges', 'users']"
567,codebase_community,"For the user with the display name of ""Tiago Pasqualini"", how many posts did he/she own?","""Tiago Pasqualini"" is the DisplayName;",SELECT COUNT(T1.Id) FROM users AS T1 INNER JOIN posts AS T2 ON T1.Id = T2.OwnerUserId WHERE T1.DisplayName = 'Tiago Pasqualini',simple,"['posts', 'users']"
1178,thrombosis_prediction,What was the gender of the first AORTITIS diagnosed patient?,gender means SEX; 'AORTITIS' refers to Diagnosis;,SELECT SEX FROM Patient WHERE Diagnosis = 'AORTITIS' AND `First Date` IS NOT NULL ORDER BY `First Date` ASC LIMIT 1,simple,['Patient']
829,superhero,Which publisher created more superheroes: DC or Marvel Comics? Find the difference in the number of superheroes.,"DC refers to publisher_name = 'DC Comics'; Marvel Comics refers to publisher_name = 'Marvel Comics'; if SUM(publisher_name = 'DC Comics') > SUM(publisher_name = 'Marvel Comics'), it means DC Comics published more superheroes than Marvel Comics; if SUM(publisher_name = 'Marvel Comics') > SUM(publisher_name = 'Marvel Comics'), it means Marvel Comics published more heroes than DC Comics; difference = SUBTRACT(SUM(publisher_name = 'DC Comics'), SUM(publisher_name = 'Marvel Comics'));",SELECT SUM(CASE WHEN T2.publisher_name = 'DC Comics' THEN 1 ELSE 0 END) - SUM(CASE WHEN T2.publisher_name = 'Marvel Comics' THEN 1 ELSE 0 END) FROM superhero AS T1 INNER JOIN publisher AS T2 ON T1.publisher_id = T2.id,challenging,"['publisher', 'superhero']"
1333,student_club,What city and state did the President of the Student_Club grow up?,'President' is a position of Student Club;,"SELECT T2.city, T2.state FROM member AS T1 INNER JOIN zip_code AS T2 ON T1.zip = T2.zip_code WHERE T1.position = 'President'",simple,"['zip_code', 'member']"
277,toxicology,What are the toxicology elements associated with bond ID TR005_16_26?,"element = 'cl' means Chlorine; element = 'c' means Carbon; element = 'h' means Hydrogen; element = 'o' means Oxygen, element = 's' means Sulfur; element = 'n' means Nitrogen, element = 'p' means Phosphorus, element = 'na' means Sodium, element = 'br' means Bromine, element = 'f' means Fluorine; element = 'i' means Iodine; element = 'sn' means Tin; element = 'pb' means Lead; element = 'te' means Tellurium; element = 'ca' means Calcium",SELECT T1.element FROM atom AS T1 INNER JOIN connected AS T2 ON T1.atom_id = T2.atom_id WHERE T2.bond_id = 'TR005_16_26',challenging,"['atom', 'connected']"
1192,thrombosis_prediction,List all patients who were followed up at the outpatient clinic who underwent a laboratory test in October 1991 and had a total blood bilirubin level within the normal range.,followed up at the outpatient clinic refers to Admission = '-'; laboratory test in April 1981 refers to Date like '1991-10%'; blood bilirubin level within the normal range refers to T-BIL < 2.0,"SELECT DISTINCT T1.ID FROM Patient AS T1 INNER JOIN Laboratory AS T2 ON T1.ID = T2.ID WHERE T1.Admission = '-' AND T2.`T-BIL` < 2.0 AND STRFTIME('%Y', T2.Date) = '1991' AND STRFTIME('%m', T2.Date) = '10'",challenging,"['Laboratory', 'Patient']"
865,formula_1,"For all the drivers who finished the game in race No. 592, who is the oldest?",drivers who finished the race refers to time is not empty; oldest driver refers to oldest dob;,"SELECT T1.forename, T1.surname FROM drivers AS T1 INNER JOIN results AS T2 ON T2.driverId = T1.driverId WHERE T2.raceId = 592 AND T2.time IS NOT NULL AND T1.dob IS NOT NULL ORDER BY T1.dob ASC LIMIT 1",moderate,"['drivers', 'results']"
236,toxicology,What are the bond type and the atoms of the bond ID of TR001_6_9?,double bond refers to bond_type = ' = '; single bond refers to bond_type = '-'; triple bond refers to bond_type = '#'; atoms refer to atom_id or atom_id2,"SELECT T1.bond_type, T2.atom_id, T2.atom_id2 FROM bond AS T1 INNER JOIN connected AS T2 ON T1.bond_id = T2.bond_id WHERE T2.bond_id = 'TR001_6_9'",moderate,"['connected', 'bond']"
617,codebase_community,What is the detailed content of the comment of the post which was created on 7/19/2010 7:37:33 PM?,detailed content of the comment refers to Text; created on 7/19/2010 7:37:33 PM CreationDate = 2010-07-19 19:37:33.0',SELECT T1.Text FROM comments AS T1 INNER JOIN posts AS T2 ON T1.PostId = T2.Id WHERE T1.CreationDate = '2010-07-19 19:37:33.0',simple,"['posts', 'comments']"
998,formula_1,"In terms of number of points acquired, how many victories did the driver who ranked 91st acquired?","victories refer to wins; 91st refers to points

",SELECT SUM(CASE WHEN points = 91 THEN wins ELSE 0 END) FROM driverStandings,simple,['driverStandings']
1479,debit_card_specializing,Which year recorded the most consumption of gas paid in CZK?,The first 4 strings of the values in the table yearmonth can represent year.,"SELECT SUBSTRING(T2.Date, 1, 4) FROM customers AS T1 INNER JOIN yearmonth AS T2 ON T1.CustomerID = T2.CustomerID WHERE T1.Currency = 'CZK' GROUP BY SUBSTRING(T2.Date, 1, 4) ORDER BY SUM(T2.Consumption) DESC LIMIT 1",moderate,"['customers', 'yearmonth']"
462,card_games,"What's the Italian name of the set of cards with ""Ancestor's Chosen"" is in?","Italian is a language which refers to language = 'Italian'; with ""Ancestor's Chosen"" in the card set refers to name = 'Ancestor's Chosen'",SELECT translation FROM set_translations WHERE setCode IN ( SELECT setCode FROM cards WHERE name = 'Ancestor''s Chosen' ) AND language = 'Italian',moderate,"['cards', 'set_translations']"
931,formula_1,What was the fastest lap speed among all drivers in the 2009 Spanish Grand Prix?,the fastest lap speed among all refers to max(fastestLapSpeed),SELECT T2.fastestLapSpeed FROM races AS T1 INNER JOIN results AS T2 ON T2.raceId = T1.raceId WHERE T1.name = 'Spanish Grand Prix' AND T1.year = 2009 AND T2.fastestLapSpeed IS NOT NULL ORDER BY T2.fastestLapSpeed DESC LIMIT 1,moderate,"['results', 'races']"
208,toxicology,Which type of label is the most numerous in atoms with hydrogen?,with hydrogen refers to element = 'h'; label most numerous in atoms refers to MAX(COUNT(label)); label = '+' mean molecules are carcinogenic; label = '-' means molecules are non-carcinogenic,"SELECT T.label FROM ( SELECT T2.label, COUNT(T2.molecule_id) FROM atom AS T1 INNER JOIN molecule AS T2 ON T1.molecule_id = T2.molecule_id WHERE T1.element = 'h' GROUP BY T2.label ORDER BY COUNT(T2.molecule_id) DESC LIMIT 1 ) t",moderate,"['atom', 'molecule']"
382,card_games,What are the cards that only available in paper and Japanese language?,available in paper refers to availability = 'paper'; 'Japanese is the language;,SELECT T1.name FROM cards AS T1 INNER JOIN foreign_data AS T2 ON T1.uuid = T2.uuid WHERE T1.availability = 'paper' AND T2.language = 'Japanese',simple,"['cards', 'foreign_data']"
898,formula_1,How old is the youngest Japanese driver? What is his name?,"youngest Japanese driver refers to max(dob); Japanese refers to nationality = 'Japanese'; age = 2022-year(dob)+1
","SELECT STRFTIME('%Y', CURRENT_TIMESTAMP) - STRFTIME('%Y', dob), forename , surname FROM drivers WHERE nationality = 'Japanese' ORDER BY dob DESC LIMIT 1",simple,['drivers']
380,card_games,List the edhrecRank for cards with frame version 2015.,,SELECT edhrecRank FROM cards WHERE frameVersion = 2015,simple,['cards']
58,california_schools,What is the phone number and extension number for the school with the zip code 95203-3704? Indicate the school's name.,,"SELECT Phone, Ext, School FROM schools WHERE Zip = '95203-3704'",simple,['schools']
1219,thrombosis_prediction,"For all patients with normal uric acid (UA), what is the average UA index based on their latest laboratory examination result?",uric acid (UA) with normal range refers to UA < 8.0 and SEX = 'M' or UA < 6.5 and SEX = 'F'; average UA index refers to AVG(UA),SELECT AVG(T2.UA) FROM Patient AS T1 INNER JOIN Laboratory AS T2 ON T1.ID = T2.ID WHERE (T2.UA > 6.5 AND T1.SEX = 'F') OR (T2.UA > 8.0 AND T1.SEX = 'M') AND T2.Date = ( SELECT MAX(Date) FROM Laboratory ),moderate,"['Laboratory', 'Patient']"
1022,european_football_2,What is the preferred foot when attacking of the player with the lowest potential?,preferred foot when attacking refers to preferred_foot; lowest potential refers to MIN(potential);,SELECT preferred_foot FROM Player_Attributes WHERE potential IS NOT NULL ORDER BY potential ASC LIMIT 1,simple,['Player_Attributes']
432,card_games,Which Russian set of cards contains the most cards overall?,Russian refers to language = 'Russian'; contains the most cards overall refers to MAX(baseSetSize),SELECT T1.id FROM sets AS T1 INNER JOIN set_translations AS T2 ON T1.code = T2.setCode WHERE T2.language = 'Russian' GROUP BY T1.baseSetSize ORDER BY COUNT(T1.id) DESC LIMIT 1,moderate,"['set_translations', 'sets']"
946,formula_1,Please list the location coordinates of the US circuits.,"location coordinates refers to (lat, lng); the US refers to country = 'USA';","SELECT lat, lng FROM circuits WHERE country = 'USA'",simple,['circuits']
1253,thrombosis_prediction,"For the patient who has the highest Ig A within the normal range, what is his or her diagnosis?",highest Ig A within the normal range refers to MAX(IGA BETWEEN 80 AND 500);,SELECT patientData.Diagnosis FROM Patient AS patientData INNER JOIN Laboratory AS labData ON patientData.ID = labData.ID WHERE labData.IGA BETWEEN 80 AND 500 ORDER BY labData.IGA DESC LIMIT 1,simple,"['Laboratory', 'Patient']"
744,superhero,"Between DC and Marvel Comics, which publisher has published more superheroes? Find the difference in the number of superheroes they have published.","DC refers to publisher_name = 'DC Comics'; Marvel Comics refers to publisher_name = 'Marvel Comics'; calculation = SUBTRACT(SUM(publisher_name = 'Marvel Comics'), SUM(publisher_name = 'DC Comics'))",SELECT SUM(CASE WHEN T2.publisher_name = 'Marvel Comics' THEN 1 ELSE 0 END) - SUM(CASE WHEN T2.publisher_name = 'DC Comics' THEN 1 ELSE 0 END) FROM superhero AS T1 INNER JOIN publisher AS T2 ON T1.publisher_id = T2.id,challenging,"['publisher', 'superhero']"
1524,debit_card_specializing,What's the nationality of the customer who spent 548.4 in 2012/8/24?,'2012/8/24' can be represented by '2012-08-24',SELECT T2.Country FROM transactions_1k AS T1 INNER JOIN gasstations AS T2 ON T1.GasStationID = T2.GasStationID WHERE T1.Date = '2012-08-24' AND T1.Price = 548.4,simple,"['transactions_1k', 'gasstations']"
1026,european_football_2,Which home team had lost the fewest matches in the 2016 season?,"home team lost the matches refers to SUBTRACT(home_team_goal, away_team_goal) < 0; 2016 season refers to season = '2015/2016';",SELECT teamDetails.team_long_name FROM Match AS matchData INNER JOIN Team AS teamDetails ON matchData.home_team_api_id = teamDetails.team_api_id WHERE matchData.season = '2015/2016' AND matchData.home_team_goal - matchData.away_team_goal < 0 GROUP BY matchData.home_team_api_id ORDER BY COUNT(*) ASC LIMIT 1,moderate,"['Match', 'Team']"
855,formula_1,Where can I find the information about the races held on Sepang International Circuit?,information about races refers to url;,SELECT DISTINCT T1.url FROM circuits AS T1 INNER JOIN races AS T2 ON T2.circuitID = T1.circuitId WHERE T1.name = 'Sepang International Circuit',simple,"['circuits', 'races']"
611,codebase_community,Mention the reputation of users who had obtained the badge on 7/19/2010 7:39:08 PM.,on 7/19/2010 7:39:08 PM refers to Date = '2010-07-19 19:39:08.0',SELECT T1.Reputation FROM users AS T1 INNER JOIN badges AS T2 ON T1.Id = T2.UserId WHERE T2.Date = '2010-07-19 19:39:08.0',simple,"['badges', 'users']"
513,card_games,"Among the sets whose expansion type is Commander, which set has the highest total number of cards including promotional and related supplemental products but excluding Alchemy modifications? Indicate the id of the set.","expansion type refers to type where type = 'commander'; totalSetSize: The total number of cards in the set, including promotional and related supplemental products but excluding Alchemy modifications; highest total number of cards refers to MAX(totalSetSize)",SELECT id FROM sets WHERE type = 'commander' ORDER BY totalSetSize DESC LIMIT 1,challenging,['sets']
1181,thrombosis_prediction,"For the patient who got the laboratory test of uric acid level as 8.4 on 1991-10-21, how old was he/she at that time?","how old at that time refers to SUBTRACT('1992', year(Birthday)); uric acid level as 8.4 refers to UA = '8.4'; 1991/10/21 refers to Date = '1991-10-21'","SELECT STRFTIME('%Y', T2.Date) - STRFTIME('%Y', T1.Birthday) FROM Patient AS T1 INNER JOIN Laboratory AS T2 ON T1.ID = T2.ID WHERE T2.UA = 8.4 AND T2.Date = '1991-10-21'",moderate,"['Laboratory', 'Patient']"
845,superhero,List the power of superheroes with height greater than 80% of the average height of all superheroes.,"power of superheroes refers to power_name; height greater than 80% of the average height of all superheroes = height_cm > MULTIPLY(AVG(height_cm), 0.8);",SELECT T3.power_name FROM superhero AS T1 INNER JOIN hero_power AS T2 ON T1.id = T2.hero_id INNER JOIN superpower AS T3 ON T2.power_id = T3.id WHERE T1.height_cm * 100 > ( SELECT AVG(height_cm) FROM superhero ) * 80,moderate,"['superpower', 'hero_power', 'superhero']"
1331,student_club,What is the amount of the funds that the Vice President received?,'Vice President' is a position of Student Club; funds received refers to amount;,SELECT T2.amount FROM member AS T1 INNER JOIN income AS T2 ON T1.member_id = T2.link_to_member WHERE T1.position = 'Vice President',simple,"['income', 'member']"
233,toxicology,Please list top two bonds that happened with the molecule TR006 in alphabetical order.,TR006 is the molecule id,SELECT DISTINCT T2.bond_id FROM atom AS T1 INNER JOIN connected AS T2 ON T1.atom_id = T2.atom_id WHERE T1.molecule_id = 'TR006' ORDER BY T2.bond_id LIMIT 2,simple,"['atom', 'connected']"
1496,debit_card_specializing,Which client segment consumed the least in September 2013?,September 2013 refers to yearmonth.date = '201309',SELECT T1.Segment FROM customers AS T1 INNER JOIN yearmonth AS T2 ON T1.CustomerID = T2.CustomerID WHERE T2.Date = '201309' GROUP BY T1.CustomerID ORDER BY SUM(T2.Consumption) ASC LIMIT 1,simple,"['customers', 'yearmonth']"
196,toxicology,"In the non-carcinogenic molecules, how many contain chlorine atoms?",non-carcinogenic molecules refers to label = '-'; chlorine atoms refers to element = 'cl',SELECT COUNT(DISTINCT T1.molecule_id) FROM molecule AS T1 INNER JOIN atom AS T2 ON T1.molecule_id = T2.molecule_id WHERE T2.element = 'cl' AND T1.label = '-',simple,"['atom', 'molecule']"
799,superhero,How many superheroes didn't have any publisher?,didn't have any publisher refers to publisher.id = 1;,SELECT COUNT(T1.id) FROM superhero AS T1 INNER JOIN publisher AS T2 ON T1.publisher_id = T2.id WHERE T2.id = 1,simple,"['publisher', 'superhero']"
1290,thrombosis_prediction,What is the examination date of the patient whose albumin is the highest in the normal range?,examination date refers to Date; albumin is the highest in the normal range refers to MAX(ALB > 3.5 and ALB < 5.5);,SELECT Date FROM Laboratory WHERE ALB BETWEEN 3.5 AND 5.5 ORDER BY ALB DESC LIMIT 1,simple,['Laboratory']
81,california_schools,In which city can you find the school in the state of California with the lowest latitude coordinates and what is its lowest grade? Indicate the school name.,State of California refers to state = 'CA',"SELECT T2.City, T1.`Low Grade`, T1.`School Name` FROM frpm AS T1 INNER JOIN schools AS T2 ON T1.CDSCode = T2.CDSCode WHERE T2.State = 'CA' ORDER BY T2.Latitude ASC LIMIT 1",moderate,"['schools', 'frpm']"
1513,debit_card_specializing,Which country's gas station had the first paid cusomer in 2012/8/25?,'2012/8/25' can be represented by '2012-08-25',SELECT T2.Country FROM transactions_1k AS T1 INNER JOIN gasstations AS T2 ON T1.GasStationID = T2.GasStationID WHERE T1.Date = '2012-08-25' ORDER BY T1.Time DESC LIMIT 1,simple,"['transactions_1k', 'gasstations']"
374,card_games,How many black border cards are only available on mtgo?,"black border card refers to borderColor = black; available on mtgo refers to availability = mtgo;

add quotes for string = 'black' and = 'mtgo'",SELECT COUNT(id) FROM cards WHERE availability = 'mtgo' AND borderColor = 'black',simple,['cards']
1285,thrombosis_prediction,When is the latest patient's medical data recorded? This patient should have an abnormal level of lactate dehydrogenase.,latest patient refers to ID with MAX('First Date'); abnormal level of lactate dehydrogenase refers to LDH > = 500;,SELECT T1.`First Date` FROM Patient AS T1 INNER JOIN Laboratory AS T2 ON T1.ID = T2.ID WHERE T2.LDH >= 500 ORDER BY T1.`First Date` DESC LIMIT 1,moderate,"['Laboratory', 'Patient']"
111,financial,How many accounts were opened in Litomerice in 1996?,A2 refers to district name; Litomerice is one of district names.,"SELECT COUNT(T2.account_id) FROM district AS T1 INNER JOIN account AS T2 ON T1.district_id = T2.district_id WHERE STRFTIME('%Y', T2.date) = '1996' AND T1.A2 = 'Litomerice'",simple,"['account', 'district']"
1307,thrombosis_prediction,Please list the patient's ID if he or she has an abnormal level of red blood cell and is followed at the outpatient clinic.,RBC < = 3.5 or RBC > = 6.0 means the patient has an abnormal level of red blood cell; 3.5 < RBC < 6.0 means the patient has a normal level of red blood cell; followed at the outpatient clinic refers to Admission = '-';,SELECT DISTINCT T1.ID FROM Patient AS T1 INNER JOIN Laboratory AS T2 ON T1.ID = T2.ID WHERE (T2.RBC <= 3.5 OR T2.RBC >= 6) AND T1.Admission = '-',challenging,"['Laboratory', 'Patient']"
809,superhero,What is the publisher name of the superhero ID 38?,superhero ID 38 refers to superhero.id = 38;,SELECT T2.publisher_name FROM superhero AS T1 INNER JOIN publisher AS T2 ON T1.publisher_id = T2.id WHERE T1.id = 38,simple,"['publisher', 'superhero']"
1232,thrombosis_prediction,"Provide ID, sex and age of patient who has blood glucose (GLU) not within normal range but with total cholesterol(T-CHO) within normal range.","age = SUBTRACT(year(current_timestamp), year(Birthday)); blood glucose (GLU) not within normal range refers to GLU > = 180; total cholesterol(T-CHO) within normal range refers to `T-CHO` < 250;","SELECT DISTINCT T1.ID, T1.SEX , STRFTIME('%Y', CURRENT_TIMESTAMP) - STRFTIME('%Y', T1.Birthday) FROM Patient AS T1 INNER JOIN Laboratory AS T2 ON T1.ID = T2.ID WHERE T2.GLU >= 180 AND T2.`T-CHO` < 250",challenging,"['Laboratory', 'Patient']"
743,superhero,What is the percentage of superheroes who act in their own self-interest or make decisions based on their own moral code? Indicate how many of the said superheroes were published by Marvel Comics.,"published by Marvel Comics refers to publisher_name = 'Marvel Comics'; superheroes who act in their own self-interest or make decisions based on their own moral code refers to alignment = 'Bad'; calculation = MULTIPLY(DIVIDE(SUM(alignment = 'Bad); count(id)), 100)","SELECT (CAST(COUNT(*) AS REAL) * 100 / (SELECT COUNT(*) FROM superhero)), CAST(SUM(CASE WHEN T2.publisher_name = 'Marvel Comics' THEN 1 ELSE 0 END) AS REAL) FROM superhero AS T1 INNER JOIN publisher AS T2 ON T1.publisher_id = T2.id INNER JOIN alignment AS T3 ON T3.id = T1.alignment_id WHERE T3.alignment = 'Bad'",challenging,"['alignment', 'publisher', 'superhero']"
1296,thrombosis_prediction,What is the anti-nucleus antibody concentration of the patient whose total bilirubin is the highest in the normal range?,anti-nucleus antibody concentration refers to ANA; total bilirubin is the highest in the normal range refers to MAX(`T-BIL` < 2.0);,SELECT T3.ANA FROM Patient AS T1 INNER JOIN Laboratory AS T2 ON T1.ID = T2.ID INNER JOIN Examination AS T3 ON T1.ID = T3.ID WHERE T2.`T-BIL` < 2.0 ORDER BY T2.`T-BIL` DESC LIMIT 1,moderate,"['Laboratory', 'Examination', 'Patient']"
677,codebase_community,How many posts did Jay Stevens have in 2010?,DisplayName = 'Jay Stevens'; in 2010 refers to YEAR(CreationDate) = 2010;,"SELECT COUNT(T1.Id) FROM users AS T1 INNER JOIN posts AS T2 ON T1.Id = T2.OwnerUserId WHERE STRFTIME('%Y', T2.CreaionDate) = '2010' AND T1.DisplayName = 'Jay Stevens'",simple,"['posts', 'users']"
310,toxicology,"How many molecules have a double bond type and among these molecule, how many are labeled as carcinogenic compound?",double bond refers to bond_type = ' = '; label = '+' mean molecules are carcinogenic;,"SELECT COUNT(DISTINCT T2.molecule_id), SUM(CASE WHEN T2.label = '+' THEN 1 ELSE 0 END) FROM bond AS T1 INNER JOIN molecule AS T2 ON T1.molecule_id = T2.molecule_id WHERE T1.bond_type = '='",moderate,"['molecule', 'bond']"
614,codebase_community,"Among the users who obtained the ""Teacher"" badge, calculate their percentage of users","""Teacher"" is the Name of badge;  percentage = Divide (Count(UserId where it's ""Teacher""), Count(UserId)) * 100",SELECT CAST(COUNT(T1.Id) AS REAL) * 100 / (SELECT COUNT(Id) FROM users) FROM users AS T1 INNER JOIN badges AS T2 ON T1.Id = T2.UserId WHERE T2.Name = 'Teacher',simple,"['badges', 'users']"
506,card_games,"For all the set of cards that has Japanese translation, what is the percentage of them are only available in non-foil?","Japanese translation refers to language = 'Japanese'; in non-foil refers to isNonFoilOnly = 1; percentage of Japanese non foil in Japanese cards refers to DIVIDE(SUM(isNonFoilOnly = 1), SUM(language = 'Japanese'))*100",SELECT CAST(SUM(CASE WHEN isNonFoilOnly = 1 THEN 1 ELSE 0 END) AS REAL) * 100 / COUNT(id) FROM sets WHERE code IN ( SELECT setCode FROM set_translations WHERE language = 'Japanese' ),challenging,"['set_translations', 'sets']"
1118,european_football_2,List down the name of players who are 35 years old and above.,"35 years old and above refers to datetime(CURRENT_TIMESTAMP,'localtime') - datetime(birthday) > 34",SELECT player_name FROM Player WHERE CAST((JULIANDAY('now') - JULIANDAY(birthday)) AS REAL) / 365 >= 35,simple,['Player']
451,card_games,How many cards available in paper have a positive starting maximum hand size?,available in paper refers to availability like '%paper%'; have a positive starting maximum hand size refers to hand = '+%',SELECT SUM(CASE WHEN availability = 'paper' AND hAND LIKE '+%' AND hAND != '+0' THEN 1 ELSE 0 END) FROM cards,simple,['cards']
1344,student_club,What was the notes of the fundraising on 2019/9/14?,fundraising on 2019/9/14 refers to source = 'Fundraising' where date_received = '2019-09-14',SELECT notes FROM income WHERE source = 'Fundraising' AND date_received = '2019-09-14',simple,['income']
350,card_games,State the alternative languages available for card named Annul numbered 29.,annul refers to name = 'annul'; numbered 29 refers to number = '29';,SELECT T2.language FROM cards AS T1 INNER JOIN foreign_data AS T2 ON T1.uuid = T2.uuid WHERE T1.name = 'Annul' AND T1.number = 29,simple,"['cards', 'foreign_data']"
367,card_games,Please provide the names of the artists who illustrated the card art in Phyrexian.,Phyrexian' is the language; name of artists refers to artist;,SELECT T1.artist FROM cards AS T1 INNER JOIN foreign_data AS T2 ON T1.uuid = T2.uuid WHERE T2.language = 'Phyrexian',simple,"['cards', 'foreign_data']"
1521,debit_card_specializing,"For all the transactions happened during 8:00-9:00 in 2012/8/26, how many happened in CZE?",Gas station in the Czech Republic implies that Country = CZE; '2012/8/26' can be represented by '2012-08-26',SELECT COUNT(T1.TransactionID) FROM transactions_1k AS T1 INNER JOIN gasstations AS T2 ON T1.GasStationID = T2.GasStationID WHERE T1.Date = '2012-08-26' AND T1.Time BETWEEN '08:00:00' AND '09:00:00' AND T2.Country = 'CZE',moderate,"['transactions_1k', 'gasstations']"
1048,european_football_2,What is the overall rating of the football player Gabriel Tamas in year 2011?,"in year 2011 refers to strftime('%Y', date) = '2011';","SELECT t2.overall_rating FROM Player AS t1 INNER JOIN Player_Attributes AS t2 ON t1.player_api_id = t2.player_api_id WHERE t1.player_name = 'Gabriel Tamas' AND SUBSTR(t2.`date`, 1, 4) = '2011'",simple,"['Player', 'Player_Attributes']"
427,card_games,What languages are available in the set known as Archenemy on the magic card market and having the code ARC?,known as Archenemy refers to mcmName = 'Archenemy'; having the code ARC refers to setCode = 'ARC',SELECT T2.language FROM sets AS T1 INNER JOIN set_translations AS T2 ON T1.code = T2.setCode WHERE T1.mcmName = 'Archenemy' AND T2.setCode = 'ARC',moderate,"['set_translations', 'sets']"
358,card_games,"What is the border color of card ""Ancestor's Chosen""?",Ancestor's Chosen' is the name of card;,SELECT DISTINCT borderColor FROM cards WHERE name = 'Ancestor''s Chosen',simple,['cards']
1312,student_club,What's Angela Sanders's major?,major refers to major_name,SELECT T2.major_name FROM member AS T1 INNER JOIN major AS T2 ON T1.link_to_major = T2.major_id WHERE T1.first_name = 'Angela' AND T1.last_name = 'Sanders',simple,"['member', 'major']"
1084,european_football_2,"Among the players born before the year 1986, how many of them would remain in his position and defense while the team attacked?","players born before the year 1986 refers to strftime('%Y', birthday)<'1986'; players who would remain in his position and defense while the team attacked refers to defensive_work_rate = 'high';","SELECT COUNT(DISTINCT t1.player_name) FROM Player AS t1 INNER JOIN Player_Attributes AS t2 ON t1.player_api_id = t2.player_api_id WHERE SUBSTR(t1.birthday, 1, 4) < '1986' AND t2.defensive_work_rate = 'high'",challenging,"['Player', 'Player_Attributes']"
952,formula_1,Which constructors have been ranked 1?,,SELECT DISTINCT T2.name FROM results AS T1 INNER JOIN constructors AS T2 on T1.constructorId = T2.constructorId WHERE T1.rank = 1,simple,"['constructors', 'results']"
1024,european_football_2,Who are the top 5 players who perform better in crossing actions? Indicate their player id.,perform better in crossing actions refers to MAX(crossing),SELECT id FROM Player_Attributes ORDER BY crossing DESC LIMIT 5,simple,['Player_Attributes']
560,codebase_community,"Give the number of ""Revival"" badges.",number refers to Id; 'Revival' is the Name of badge,SELECT COUNT(Id) FROM badges WHERE Name = 'Revival',simple,['badges']
1457,student_club,Give the full name and contact number of members who had to spend more than average on each expense.,"full name refers to first_name, last_name; contact number refers to phone; had spent more than average on each expense refers to cost > AVG(cost)","SELECT DISTINCT T3.first_name, T3.last_name, T3.phone FROM expense AS T1 INNER JOIN budget AS T2 ON T1.link_to_budget = T2.budget_id INNER JOIN member AS T3 ON T3.member_id = T1.link_to_member WHERE T1.cost > ( SELECT AVG(T1.cost) FROM expense AS T1 INNER JOIN budget AS T2 ON T1.link_to_budget = T2.budget_id INNER JOIN member AS T3 ON T3.member_id = T1.link_to_member )",challenging,"['expense', 'budget', 'member']"
706,codebase_community,Give the texts commented on the post about linear regression.,Title = 'How can I adapt ANOVA for binary data?';,SELECT T1.Text FROM comments AS T1 INNER JOIN posts AS T2 ON T1.PostId = T2.Id WHERE T2.Title LIKE '%linear regression%',simple,"['posts', 'comments']"
785,superhero,Describe the names of neutral alignment superheroes.,names of superheroes refers to superhero_name; neutral alignment refers to alignment = 'Neutral';,SELECT T1.superhero_name FROM superhero AS T1 INNER JOIN alignment AS T2 ON T1.alignment_id = T2.id WHERE T2.alignment = 'Neutral',simple,"['alignment', 'superhero']"
1525,debit_card_specializing,What is the percentage of the customers who used EUR in 2012/8/25?,'2012/8/25' can be represented by '2012-08-25',"SELECT CAST(SUM(IIF(T2.Currency = 'EUR', 1, 0)) AS FLOAT) * 100 / COUNT(T1.CustomerID) FROM transactions_1k AS T1 INNER JOIN customers AS T2 ON T1.CustomerID = T2.CustomerID WHERE T1.Date = '2012-08-25'",simple,"['customers', 'transactions_1k']"
254,toxicology,What percentage of bonds have the most common combination of atoms' elements?,"DIVIDE(COUNT(bond_id), COUNT(atom_id where MAX(COUNT(atom_id)) ))",SELECT CAST((SELECT COUNT(T1.atom_id) FROM connected AS T1 INNER JOIN bond AS T2 ON T1.bond_id = T2.bond_id GROUP BY T2.bond_type ORDER BY COUNT(T2.bond_id) DESC LIMIT 1 ) AS REAL) * 100 / ( SELECT COUNT(atom_id) FROM connected ),moderate,"['connected', 'bond']"
322,toxicology,What is the element of toxicology for the atom with the ID of TR000_1?,"atom with ID refers to atom_id; element = 'cl' means Chlorine; element = 'c' means Carbon; element = 'h' means Hydrogen; element = 'o' means Oxygen, element = 's' means Sulfur; element = 'n' means Nitrogen, element = 'p' means Phosphorus, element = 'na' means Sodium, element = 'br' means Bromine, element = 'f' means Fluorine; element = 'i' means Iodine; element = 'sn' means Tin; element = 'pb' means Lead; element = 'te' means Tellurium; element = 'ca' means Calcium",SELECT T.element FROM atom AS T WHERE T.atom_id = 'TR000_1',challenging,['atom']
1117,european_football_2,What are the player api id of 10 heaviest players?,heaviest refers to MAX(weight),SELECT player_api_id FROM Player ORDER BY weight DESC LIMIT 10,simple,['Player']
1101,european_football_2,What is the average number of goals made by Parma as the away team while playing in Italy?,Parma refers to team_long_name = 'Parma'; average number of goals refers to AVG(away_team_goal),"SELECT CAST(SUM(T1.away_team_goal) AS REAL) / COUNT(T1.id) FROM ""Match"" AS T1 INNER JOIN TEAM AS T2 ON T1.away_team_api_id = T2.team_api_id INNER JOIN Country AS T3 ON T1.country_id = T3.id WHERE T2.team_long_name = 'Parma' AND T3.name = 'Italy'",moderate,"['Country', 'TEAM', 'Match']"
774,superhero,Which group does superhero A-Bomb belong to?,group refers to race; A-Bomb refers to superhero_name = 'A-Bomb';,SELECT T2.race FROM superhero AS T1 INNER JOIN race AS T2 ON T1.race_id = T2.id WHERE T1.superhero_name = 'A-Bomb',simple,"['race', 'superhero']"
693,codebase_community,"Identify the number of posts and comments left by the user, who has the latest created user account.",the latest created user account refers to MAX(CreationDate);,SELECT COUNT(T2.Id) FROM users AS T1 INNER JOIN posts AS T2 ON T1.Id = T2.OwnerUserId INNER JOIN comments AS T3 ON T3.PostId = T2.Id ORDER BY T1.CreationDate DESC LIMIT 1,simple,"['posts', 'users', 'comments']"
561,codebase_community,What is the title for the post which got the highest score comment?,highest score comment refers to Max(comments.Score),SELECT Title FROM posts WHERE Id = ( SELECT PostId FROM comments ORDER BY Score DESC LIMIT 1 ),simple,"['posts', 'comments']"
874,formula_1,Who finished second in the San Marino Grand Prix in 2006?,finished second refers to position = 2;,"SELECT T3.forename, T3.surname FROM races AS T1 INNER JOIN results AS T2 ON T2.raceId = T1.raceId INNER JOIN drivers AS T3 ON T3.driverId = T2.driverId WHERE T1.year = 2006 AND T1.name = 'San Marino Grand Prix' AND T2.position = 2",simple,"['drivers', 'results', 'races']"
471,card_games,"What is the expansion type of the set ""Hauptset Zehnte Edition""?","card set ""Hauptset Zehnte Edition"" refers to translation = ' Hauptset Zehnte Edition'; expansion type refers to type",SELECT T1.type FROM sets AS T1 INNER JOIN set_translations AS T2 ON T2.setCode = T1.code WHERE T2.translation = 'Hauptset Zehnte Edition',simple,"['set_translations', 'sets']"
886,formula_1,Which year has the most number of races?,the most number of races refers to max(round);,SELECT year FROM races GROUP BY year ORDER BY COUNT(round) DESC LIMIT 1,simple,['races']
86,california_schools,"What is the administrator's last name that oversees the school with Charter number 40? Indicate the district, the county where the school is situated, and the name of the school.",,"SELECT AdmLName1, District, County, School FROM schools WHERE CharterNum = '0040'",simple,['schools']
1454,student_club,What is the percentage of the cost for the game events?,"game events refers to type = 'Game'; percentage = DIVIDE( SUM(cost), COUNT(event_id)) * 100",SELECT SUM(CASE WHEN T1.type = 'Game' THEN T3.cost ELSE 0 END) * 100 / SUM(T3.cost) FROM event AS T1 INNER JOIN budget AS T2 ON T1.event_id = T2.link_to_event INNER JOIN expense AS T3 ON T2.budget_id = T3.link_to_budget,moderate,"['expense', 'budget', 'event']"
265,toxicology,List down the molecule id for non carcinogenic molecules.,label = '-' means molecules are non-carcinogenic,SELECT T.molecule_id FROM molecule AS T WHERE T.label = '-',simple,['molecule']
287,toxicology,"Among all chemical compounds that contain molecule TR047, identify the percent that form a double-bond.","TR047 is the molecule id; double bond refers to bond_type = ' = '; percentage = DIVIDE(SUM(bond_type = ' = '), COUNT(all bond_id)) as percent where molecule_id = 'TR047'",SELECT CAST(COUNT(CASE WHEN T.bond_type = '=' THEN T.bond_id ELSE NULL END) AS REAL) * 100 / COUNT(T.bond_id) FROM bond AS T WHERE T.molecule_id = 'TR047',moderate,['bond']
1517,debit_card_specializing,"For the earliest customer, what segment did he/she have?",,SELECT T2.Segment FROM transactions_1k AS T1 INNER JOIN customers AS T2 ON T1.CustomerID = T2.CustomerID ORDER BY Date ASC LIMIT 1,simple,"['customers', 'transactions_1k']"
526,card_games,"Among the card designed by Matthew D. Wilson, how many are available only in the paper?",card designed by Matthew D. Wilson refers to artist = 'Matthew D. Wilson'; available only in the paper refers to availability = 'paper',SELECT COUNT(id) FROM cards WHERE artist = 'Matthew D. Wilson' AND availability = 'paper',simple,['cards']
1155,thrombosis_prediction,"List the patient ID, sex and birthday of patient with LDH beyond normal range.",LDH beyond normal range refers to LDH > '500',"SELECT DISTINCT T1.ID, T1.SEX, T1.Birthday FROM Patient AS T1 INNER JOIN Laboratory AS T2 ON T1.ID = T2.ID WHERE T2.LDH > 500",simple,"['Laboratory', 'Patient']"
552,codebase_community,Please list the names of the badges obtained by csgillespie.,"""csgillespie"" is the DisplayName of user",SELECT T1.`Name` FROM badges AS T1 INNER JOIN users AS T2 ON T1.UserId = T2.Id WHERE T2.DisplayName = 'csgillespie',simple,"['badges', 'users']"
634,codebase_community,"Among posts by Harvey Motulsky and Noah Snyder, which one has higher popularity?",Higher view count means the post has higher popularity; MAX(SUM(ViewCount)) where DisplayName = 'Harvey Motulsky' OR DisplayName = 'Noah Snyder';,SELECT T1.DisplayName FROM users AS T1 INNER JOIN postHistory AS T2 ON T1.Id = T2.UserId INNER JOIN posts AS T3 ON T2.PostId = T3.Id WHERE T1.DisplayName = 'Harvey Motulsky' OR T1.DisplayName = 'Noah Snyder' GROUP BY T1.DisplayName ORDER BY SUM(T3.ViewCount) DESC LIMIT 1,challenging,"['posts', 'users', 'postHistory']"
759,superhero,What is the eye clolour of the heaviest superhero?,the heaviest superhero refers to MAX(weight_kg); eye colour refers to colour where eye_colour_id = colour.id;,SELECT T2.colour FROM superhero AS T1 INNER JOIN colour AS T2 ON T1.eye_colour_id = T2.id ORDER BY T1.weight_kg DESC LIMIT 1,simple,"['colour', 'superhero']"
221,toxicology,What are the atoms that are bonded in the molecule TR001 with the bond ID of TR001_2_6?,TR001 is the molecule id; TR001_2_6 is the bond id,"SELECT SUBSTR(T.bond_id, 1, 7) AS atom_id1 , T.molecule_id || SUBSTR(T.bond_id, 8, 2) AS atom_id2 FROM bond AS T WHERE T.molecule_id = 'TR001' AND T.bond_id = 'TR001_2_6'",simple,['bond']
113,financial,"For the client who applied 98832 USD loan in 1996/1/3, when was his/her birthday?",,SELECT T3.birth_date FROM loan AS T1 INNER JOIN account AS T2 ON T1.account_id = T2.account_id INNER JOIN client AS T3 ON T2.district_id = T3.district_id WHERE T1.date = '1996-01-03' AND T1.amount = 98832,simple,"['account', 'client', 'loan']"
1424,student_club,"Among the members, how many of them have an extra large t-shirt size?",among the members refers to position = 'Member'; extra large t-shirt size refers to t_shirt_size = 'X-Large',SELECT COUNT(member_id) FROM member WHERE position = 'Member' AND t_shirt_size = 'X-Large',simple,['member']
1444,student_club,List the expenses that spend more than fifty dollars on average.,"expense refers to expense_description; spend more than fifty dollars on average refers to DIVIDE( SUM(cost), COUNT(expense_id) ) > 50",SELECT expense_description FROM expense GROUP BY expense_description HAVING AVG(cost) > 50,simple,['expense']
174,financial,What year was account owner number 130 born?,,"SELECT STRFTIME('%Y', T1.birth_date) FROM client AS T1 INNER JOIN disp AS T3 ON T1.client_id = T3.client_id INNER JOIN account AS T2 ON T3.account_id = T2.account_id WHERE T2.account_id = 130",simple,"['disp', 'account', 'client']"
554,codebase_community,What is the display name of the user who has obtained the most number of badges?,who obtained the most number of badges refers to UserID with Max(Count(Id)),SELECT T2.DisplayName FROM badges AS T1 INNER JOIN users AS T2 ON T1.UserId = T2.Id GROUP BY T2.DisplayName ORDER BY COUNT(T1.Id) DESC LIMIT 1,simple,"['badges', 'users']"
383,card_games,How many of the banned cards are white border?,banned card refers to status = 'Banned'; white border refers to borderColor = 'white';,SELECT COUNT(T1.id) FROM cards AS T1 INNER JOIN legalities AS T2 ON T1.uuid = T2.uuid WHERE T2.status = 'Banned' AND T1.borderColor = 'white',simple,"['cards', 'legalities']"
1203,thrombosis_prediction,How many patients who were female got white blood cells that were below 3.5?,female refers to SEX = 'F'; white blood cells that were below 3.5 refers to WBC < 3.5,SELECT COUNT(T1.ID) FROM Patient AS T1 INNER JOIN Laboratory AS T2 ON T1.ID = T2.ID WHERE T2.WBC < 3.5 AND T1.SEX = 'F',simple,"['Laboratory', 'Patient']"
18,california_schools,How many schools in Contra Costa (directly funded) have number of test takers not more than 250?,,SELECT COUNT(T1.CDSCode) FROM frpm AS T1 INNER JOIN satscores AS T2 ON T1.CDSCode = T2.cds WHERE T1.`Charter Funding Type` = 'Directly funded' AND T1.`County Name` = 'Contra Costa' AND T2.NumTstTakr <= 250,simple,"['satscores', 'frpm']"
1018,formula_1,What was the average time in milliseconds Lewis Hamilton spent at a pit stop during Formula_1 races?,average time in milliseconds spent at pit stop refers to AVG(milliseconds),SELECT AVG(milliseconds) FROM pitStops AS T1 INNER JOIN drivers AS T2 on T1.driverId = T2.driverId WHERE T2.forename = 'Lewis' AND T2.surname = 'Hamilton',simple,"['drivers', 'pitStops']"
285,toxicology,Name chemical elements that form a bond TR001_10_11.,"element = 'cl' means Chlorine; element = 'c' means Carbon; element = 'h' means Hydrogen; element = 'o' means Oxygen, element = 's' means Sulfur; element = 'n' means Nitrogen, element = 'p' means Phosphorus, element = 'na' means Sodium, element = 'br' means Bromine, element = 'f' means Fluorine; element = 'i' means Iodine; element = 'sn' means Tin; element = 'pb' means Lead; element = 'te' means Tellurium; element = 'ca' means Calcium; TR001_10_11 is the bond id; molecule id refers to SUBSTR(bond_id, 1, 5); atom 1 refers to SUBSTR(bond_id, 7, 2); atom 2 refers to SUBSTR(bond_id, 10, 2)",SELECT T1.element FROM atom AS T1 INNER JOIN connected AS T2 ON T1.atom_id = T2.atom_id INNER JOIN bond AS T3 ON T2.bond_id = T3.bond_id WHERE T3.bond_id = 'TR001_10_11',challenging,"['atom', 'connected', 'bond']"
901,formula_1,Name the races along with its circuit name and location for f1 races hosted in September 2005.,in September 2005 refers to month(date) = 9 and year = 2005,"SELECT DISTINCT T2.name, T1.name, T1.location FROM circuits AS T1 INNER JOIN races AS T2 ON T2.circuitID = T1.circuitId WHERE T2.year = 2005 AND STRFTIME('%m', T2.date) = '09'",simple,"['circuits', 'races']"
722,superhero,What is the colour of Apocalypse's skin?,Apocalypse refers to superhero_name = 'Apocalypse'; colour of skin refers to colour where skin_colour_id = colour.id,SELECT T2.colour FROM superhero AS T1 INNER JOIN colour AS T2 ON T1.skin_colour_id = T2.id WHERE T1.superhero_name = 'Apocalypse',simple,"['colour', 'superhero']"
1315,student_club,"How many students of the Student_Club have attended the event ""Women's Soccer""?",Women's Soccer is an event name,SELECT COUNT(T1.event_id) FROM event AS T1 INNER JOIN attendance AS T2 ON T1.event_id = T2.link_to_event WHERE T1.event_name = 'Women''s Soccer',simple,"['attendance', 'event']"
31,california_schools,What is the eligible free rate of the 10th and 11th schools with the highest enrolment for students in grades 1 through 12?,K-12 refers to students in grades 1 through 12; Eligible free rate for K-12 = `Free Meal Count (K-12)` / `Enrollment (K-12)`,"SELECT CAST(`Free Meal Count (K-12)` AS REAL) / `Enrollment (K-12)` FROM frpm ORDER BY `Enrollment (K-12)` DESC LIMIT 9, 2",moderate,['frpm']
571,codebase_community,"For the user No.24, how many times is the number of his/her posts compared to his/her votes?","user no. 24 refers to UserId = OwnerUserId = '24'; times of his/her post than votes = Divide (Count(post.Id), Count(votes.Id))",SELECT CAST(COUNT(T2.Id) AS REAL) / COUNT(DISTINCT T1.Id) FROM votes AS T1 INNER JOIN posts AS T2 ON T1.UserId = T2.OwnerUserId WHERE T1.UserId = 24,moderate,"['posts', 'votes']"
210,toxicology,What atoms are connected in single type bonds?,single type bond refers to bond_type = '-';,"SELECT T2.atom_id, T2.atom_id2 FROM bond AS T1 INNER JOIN connected AS T2 ON T1.bond_id = T2.bond_id WHERE T1.bond_type = '-'",simple,"['connected', 'bond']"
922,formula_1,What time did the the 2010's Formula_1 race took place on the Abu Dhabi Circuit?,,"SELECT T2.date, T2.time FROM circuits AS T1 INNER JOIN races AS T2 ON T2.circuitID = T1.circuitId WHERE T2.year = 2010 AND T2.name = 'Abu Dhabi Grand Prix'",simple,"['circuits', 'races']"
1005,formula_1,What was the longest time a driver had ever spent at a pit stop?,longest time spent at pitstop refers to MAX(duration),SELECT duration FROM pitStops ORDER BY duration DESC LIMIT 1,simple,['pitStops']
481,card_games,"Please list all the foreign languages in which the card ""Ancestor's Chosen"" has a flavor text.","""Ancestor''s Chosen"" refers to name = 'Ancestor''s Chosen'; has a flavor text refers to flavorText is not null",SELECT T2.language FROM cards AS T1 INNER JOIN foreign_data AS T2 ON T2.uuid = T1.uuid WHERE T1.name = 'Ancestor''s Chosen' AND T2.flavorText IS NOT NULL,simple,"['cards', 'foreign_data']"
1485,debit_card_specializing,How much more was customer 7 consuming in April 2013 than customer 5?,April 2013 refers to 201304 in the yearmonth.date,"SELECT SUM(IIF(CustomerID = 7, Consumption, 0)) - SUM(IIF(CustomerID = 5, Consumption, 0)) FROM yearmonth WHERE Date = '201304'",simple,['yearmonth']
1105,european_football_2,How was Francesco Migliore's attacking work rate on 2015/5/1?,Francesco Migliore's  refers to player_name = 'Francesco Migliore'; on 2015/5/1 refers to date = '2015-05-01 00:00:00',"SELECT t2.attacking_work_rate FROM Player AS t1 INNER JOIN Player_Attributes AS t2 ON t1.player_api_id = t2.player_api_id WHERE SUBSTR(t2.`date`, 1, 10) = '2015-05-01' AND t1.player_name = 'Francesco Migliore'",moderate,"['Player', 'Player_Attributes']"
968,formula_1,What is reference name of Robert Kubica?,reference name refers to driverRef;,SELECT driverRef FROM drivers WHERE forename = 'Robert' AND surname = 'Kubica',simple,['drivers']
1391,student_club,What is the ratio between students majored in finance and physics?,"DIVDE(SUM(major_name = 'Finance'), SUM(major_name = 'Physics'))",SELECT SUM(CASE WHEN major_name = 'Finance' THEN 1 ELSE 0 END) / SUM(CASE WHEN major_name = 'Physics' THEN 1 ELSE 0 END) AS ratio FROM major,simple,['major']
1435,student_club,"List the names of closed event as ""game"" that was closed from 3/15/2019 to 3/20/2020.",name of events refers event_name; game event that was closed refers to type = 'Game' where status = 'Closed'; event_date BETWEEN '2019-03-15' and '2020-03-20',"SELECT DISTINCT event_name FROM event WHERE type = 'Game' AND date(SUBSTR(event_date, 1, 10)) BETWEEN '2019-03-15' AND '2020-03-20' AND status = 'Closed'",moderate,['event']
188,financial,"Among the accounts who have loan validity more than 24 months, list out the accounts that have the lowest approved amount and have account opening date before 1997.",,"SELECT T1.account_id FROM loan AS T1 INNER JOIN account AS T2 ON T1.account_id = T2.account_id WHERE T1.duration > 24 AND STRFTIME('%Y', T2.date) < '1997' ORDER BY T1.amount ASC LIMIT 1",moderate,"['account', 'loan']"
1168,thrombosis_prediction,"The oldest SJS patient's medical laboratory work was completed on what date, and what age was the patient when they initially arrived at the hospital?","The oldest patient refers to MAX(Birthday); 'SJS' refers to diagnosis; (SUBTRACT(year(`First Date`)), year(Birthday)); age of the patients when they initially arrived at the hospital refers to year(Birthday)","SELECT T1.Date, STRFTIME('%Y', T2.`First Date`) - STRFTIME('%Y', T2.Birthday) FROM Laboratory AS T1 INNER JOIN Patient AS T2 ON T1.ID = T2.ID WHERE T2.Diagnosis = 'SJS' AND T2.Birthday IS NOT NULL ORDER BY T2.Birthday ASC LIMIT 1",challenging,"['Laboratory', 'Patient']"
1358,student_club,Who was the first one paid his/her dues? Tell the full name.,"full name refers to first_name, last_name; first paid dues refers to MIN(received_date) where source = 'Dues'","SELECT T1.first_name, T1.last_name FROM member AS T1 INNER JOIN income AS T2 ON T1.member_id = T2.link_to_member WHERE T2.source = 'Dues' ORDER BY T2.date_received LIMIT 1",simple,"['income', 'member']"
1029,european_football_2,What are the speed in which attacks are put together of the top 4 teams with the highest build Up Play Speed?,speed in which attacks are put together refers to buildUpPlaySpeed;highest build up play speed refers to MAX(buildUpPlaySpeed),SELECT t1.buildUpPlaySpeed FROM Team_Attributes AS t1 INNER JOIN Team AS t2 ON t1.team_api_id = t2.team_api_id ORDER BY t1.buildUpPlayDribbling ASC LIMIT 4,moderate,"['Team_Attributes', 'Team']"
1085,european_football_2,"Which of these players performs the best in crossing actions, Alexis, Ariel Borysiuk or Arouna Kone?",player who perform best in crossing actions refers to MAX(crossing);,"SELECT t1.player_name, t2.crossing FROM Player AS t1 INNER JOIN Player_Attributes AS t2 ON t1.player_api_id = t2.player_api_id WHERE t1.player_name IN ('Alexis', 'Ariel Borysiuk', 'Arouna Kone') ORDER BY t2.crossing DESC LIMIT 1",moderate,"['Player', 'Player_Attributes']"
1277,thrombosis_prediction,"How many patients have a normal anti-DNA level, yet their data are not recorded.",normal anti-DNA level refers to DNA < 8; data are not recorded refers to Description IS NULL; Should compute the number of unique ones,SELECT COUNT(DISTINCT T1.ID) FROM Patient AS T1 INNER JOIN Laboratory AS T2 ON T1.ID = T2.ID WHERE T2.DNA < 8 AND T1.Description IS NULL,moderate,"['Laboratory', 'Patient']"
937,formula_1,What's the finish time for the driver who ranked second in 2008's Australian Grand Prix?,finish time refers to time,SELECT T1.time FROM results AS T1 INNER JOIN races AS T2 on T1.raceId = T2.raceId WHERE T1.rank = 2 AND T2.name = 'Australian Grand Prix' AND T2.year = 2008,simple,"['results', 'races']"
83,california_schools,"Of the schools that offers a magnet program serving a grade span of Kindergarten to 8th grade, how many offers Multiple Provision Types? List the number of cities that offers a Kindergarten to 8th grade span and indicate how many schools are there serving such grade span for each city.",Kindergarten to 8th grade refers to K-8; 'Offers a magnet program' means Magnet = 1.,"SELECT T2.City, COUNT(T2.CDSCode) FROM frpm AS T1 INNER JOIN schools AS T2 ON T1.CDSCode = T2.CDSCode WHERE T2.Magnet = 1 AND T2.GSoffered = 'K-8' AND T1.`NSLP Provision Status` = 'Multiple Provision Types' GROUP BY T2.City",challenging,"['schools', 'frpm']"
1112,european_football_2,"What was the chance creation crossing class for ""Hull City"" on 2010/2/22?","""Hull City"" refers to team_long_name = 'Hull City'; on 2010/2/22 refers to date = '2010-02-22 00:00:00'","SELECT t2.chanceCreationCrossingClass FROM Team AS t1 INNER JOIN Team_Attributes AS t2 ON t1.team_api_id = t2.team_api_id WHERE t1.team_long_name = 'Hull City' AND SUBSTR(t2.`date`, 1, 10) = '2010-02-22'",moderate,"['Team_Attributes', 'Team']"
48,california_schools,What is the ratio of merged Unified School District schools in Orange County to merged Elementary School District schools?,Elementary School District refers to DOC = 52; Unified School District refers to DOC = 54.,SELECT CAST(SUM(CASE WHEN DOC = 54 THEN 1 ELSE 0 END) AS REAL) / SUM(CASE WHEN DOC = 52 THEN 1 ELSE 0 END) FROM schools WHERE StatusType = 'Merged' AND County = 'Orange',moderate,['schools']
1140,european_football_2,"What are Alexis Blin's sprint speed, agility, and acceleration scores?",Alexis Blin's refers to player_name = 'Alexis Blin',"SELECT sprint_speed, agility, acceleration FROM Player_Attributes WHERE player_api_id IN ( SELECT player_api_id FROM Player WHERE player_name = 'Alexis Blin' )",simple,"['Player', 'Player_Attributes']"
155,financial,How many percent of 'Gold' cards were issued prior to 1998?,Percent of Gold = [ count(type = 'gold' and issued date < 1998) / count(all cards)] * 100%,"SELECT CAST(SUM(type = 'gold') AS REAL) * 100 / COUNT(card_id) FROM card WHERE STRFTIME('%Y', issued) < '1998'",simple,['card']
429,card_games,What is the language and expansion type of set number 206?,set number 206 refers to id = 206,"SELECT T2.language, T1.type FROM sets AS T1 INNER JOIN set_translations AS T2 ON T1.code = T2.setCode WHERE T2.id = 206",simple,"['set_translations', 'sets']"
1174,thrombosis_prediction,What is the average age of patients examined in the laboratory for the October of the year 1991?,"average age for first half of 1999 refers to AVG(SUBTRACT('1999', year(Birthday))); October of 1991 refers to Date BETWEEN '1991-10-01' AND '1991-10-30'","SELECT AVG('1999' - STRFTIME('%Y', T2.Birthday)) FROM Laboratory AS T1 INNER JOIN Patient AS T2 ON T1.ID = T2.ID WHERE T1.Date BETWEEN '1991-10-01' AND '1991-10-30'",moderate,"['Laboratory', 'Patient']"
426,card_games,"Please provide top three sets that don't appear in Magic: The Gathering Online, along with their names in in alphabetical order.",don't appear in Magic: The Gathering Online refers to mtgoCode is NULL or mtgoCode = '',SELECT name FROM sets WHERE mtgoCode IS NULL ORDER BY name LIMIT 3,simple,['sets']
1278,thrombosis_prediction,"Of the patients with an abnormal level of anti-DNA-II, how many of them admitted to the hospital?",normal level of anti-DNA-II refers to DNA-II < 8; admitted to the hospital refers to Admission = '+';,SELECT COUNT(T1.ID) FROM Patient AS T1 INNER JOIN Laboratory AS T2 ON T1.ID = T2.ID WHERE T2.`DNA-II` >= 8 AND T1.Admission = '+',simple,"['Laboratory', 'Patient']"
838,superhero,Provide the full name of the superhero named Alien.,,SELECT full_name FROM superhero WHERE superhero_name = 'Alien',simple,['superhero']
1258,thrombosis_prediction,How many patients with a normal Rhuematoid Factor has a positive measure of degree of coagulation?,"normal Rhuematoid Factor refers TO RA IN('-', '+-'); positive measure of degree of coagulation refers to KCT = '+'; Should compute the number of distinct ones",SELECT COUNT(DISTINCT T1.ID) FROM Patient AS T1 INNER JOIN Laboratory AS T2 ON T1.ID = T2.ID INNER JOIN Examination AS T3 ON T3.ID = T2.ID WHERE (T2.RA = '-' OR T2.RA = '+-') AND T3.KCT = '+',moderate,"['Laboratory', 'Examination', 'Patient']"
1514,debit_card_specializing,What kind of currency did the customer paid at 16:25:00 in 2012/8/24?,'2012/8/24' can be represented by '2012-08-24',SELECT T3.Currency FROM transactions_1k AS T1 INNER JOIN gasstations AS T2 ON T1.GasStationID = T2.GasStationID INNER JOIN customers AS T3 ON T1.CustomerID = T3.CustomerID WHERE T1.Date = '2012-08-24' AND T1.Time = '16:25:00',simple,"['customers', 'transactions_1k', 'gasstations']"
1189,thrombosis_prediction,"What number of patients with a degree of thrombosis level 2 and ANA pattern of only S, have a level of anti-Cardiolip in antibody (IgM) 20% higher than average?","thrombosis level 2 refers to Thrombosis = 2; ANA pattern of only S refers to ANA = 'S'; average anti-Cardiolip in antibody (IgM) refers to AVG(`aCL IgM`); calculation = MULTIPLY(AVG + AVG, 0.2)",SELECT COUNT(*) FROM Examination WHERE Thrombosis = 2 AND `ANA Pattern` = 'S' AND `aCL IgM` > (SELECT AVG(`aCL IgM`) * 1.2 FROM Examination WHERE Thrombosis = 2 AND `ANA Pattern` = 'S'),challenging,['Examination']
179,financial,"How much, in total, did client number 617 pay for all of the transactions in 1998?",,"SELECT SUM(T3.amount) FROM client AS T1 INNER JOIN account AS T2 ON T1.district_id = T2.district_id INNER JOIN trans AS T3 ON T2.account_id = T3.account_id WHERE STRFTIME('%Y', T3.date)= '1998' AND T1.client_id = 617",simple,"['trans', 'account', 'client']"
428,card_games,What is the name of set number 5 and its translation?,set number 5 refers to id = 5,"SELECT T1.name, T2.translation FROM sets AS T1 INNER JOIN set_translations AS T2 ON T1.code = T2.setCode WHERE T2.id = 5 GROUP BY T1.name, T2.translation",simple,"['set_translations', 'sets']"
1276,thrombosis_prediction,"For the patients who have an abnormal level of anti-DNA, please list the diseases they are diagnosed with.",abnormal level of anti-DNA refers to DNA > = 8; diseases refers to Diagnosis;,SELECT DISTINCT(T1.Diagnosis) FROM Patient AS T1 INNER JOIN Laboratory AS T2 ON T1.ID = T2.ID WHERE T2.DNA >= 8,simple,"['Laboratory', 'Patient']"
479,card_games,"Among the cards with converted mana cost higher than 5 in the set Coldsnap, how many of them have unknown power?",card set Coldsnap refers to name = 'Coldsnap'; converted mana cost higher than 5 refers to convertedManaCost > 5; unknown power refers to power = '*' or T1.power is null,SELECT SUM(CASE WHEN T1.power LIKE '%*%' OR T1.power IS NULL THEN 1 ELSE 0 END) FROM cards AS T1 INNER JOIN sets AS T2 ON T2.code = T1.setCode WHERE T2.name = 'Coldsnap' AND T1.convertedManaCost > 5,moderate,"['cards', 'sets']"
535,codebase_community,"Among the users who have more than 100 upvotes, how many of them have more then 1 downvotes?",more than 100 upvotes refers to Upvotes > 100; more than 1 downvotes refers to Downvotes > 1,SELECT COUNT(Id) FROM users WHERE Upvotes > 100 AND Downvotes > 1,simple,['users']
847,formula_1,What is the surname of the driver with the best lap time in race number 19 in the second period?,race number refers to raceId; second qualifying period refers to q2; best lap time refers to MIN(q2);,SELECT T2.surname FROM qualifying AS T1 INNER JOIN drivers AS T2 ON T2.driverId = T1.driverId WHERE T1.raceId = 19 AND T1.q2 IS NOT NULL ORDER BY T1.q2 ASC LIMIT 1,simple,"['qualifying', 'drivers']"
363,card_games,How many cards of legalities whose status is restricted are found in a starter deck?,restricted refers to status = 'restricted'; found in the starter deck refers to isStarter = 1;,SELECT COUNT(DISTINCT T1.id) FROM cards AS T1 INNER JOIN legalities AS T2 ON T1.uuid = T2.uuid WHERE T2.status = 'Restricted' AND T1.isStarter = 1,simple,"['cards', 'legalities']"
1204,thrombosis_prediction,How long did it take after patient number 821298 arrived at the hospital for the first time before her evaluation began?,"DATEDIFF(`Examination Date`, `First Date`)","SELECT STRFTIME('%d', T3.`Examination Date`) - STRFTIME('%d', T1.`First Date`) FROM Patient AS T1 INNER JOIN Examination AS T3 ON T1.ID = T3.ID WHERE T1.ID = 821298",simple,"['Examination', 'Patient']"
1226,thrombosis_prediction,Who is the oldest patient with the highest total cholesterol (T-CHO). State the patient ID and T-CHO index.,oldest patient refers to MIN(birthday); highest total cholesterol refers to MAX(T-CHO);,"SELECT T1.ID, T2.`T-CHO` FROM Patient AS T1 INNER JOIN Laboratory AS T2 ON T1.ID = T2.ID ORDER BY T2.`T-CHO` DESC, T1.Birthday ASC LIMIT 1",simple,"['Laboratory', 'Patient']"
346,card_games,List all the card id and artist with unknown power which are legal for commander play format.,unknown power refers to power = '*' or POWER IS NULL; commander play format refers to format = 'commander'; legal for commander play format refers to format = 'commander' where status = 'Legal',"SELECT T1.id, T1.artist FROM cards AS T1 INNER JOIN legalities AS T2 ON T1.uuid = T2.uuid WHERE T2.status = 'Legal' AND T2.format = 'commander' AND (T1.power IS NULL OR T1.power = '*')",moderate,"['cards', 'legalities']"
1063,european_football_2,What is Aaron Doran's potential score?,potential score refers to potential;,SELECT t2.potential FROM Player AS t1 INNER JOIN Player_Attributes AS t2 ON t1.player_api_id = t2.player_api_id WHERE t1.player_name = 'Aaron Doran',simple,"['Player', 'Player_Attributes']"
478,card_games,What is card number 4 in the set Coldsnap?,card set Coldsnap refers to name = 'Coldsnap'; card number 4 refers to number = 4,SELECT T1.name FROM cards AS T1 INNER JOIN sets AS T2 ON T2.code = T1.setCode WHERE T2.name = 'Coldsnap' AND T1.number = 4,simple,"['cards', 'sets']"
942,formula_1,What is the average fastest lap time in seconds for Lewis Hamilton in all the Formula_1 races?,average fastest lap time = avg(fastestLapTime); The time is recorded on 'MM:SS.mmm',"SELECT AVG(CAST(SUBSTR(T2.fastestLapTime, 1, INSTR(T2.fastestLapTime, ':') - 1) AS INTEGER) * 60 + CAST(SUBSTR(T2.fastestLapTime, INSTR(T2.fastestLapTime, ':') + 1) AS REAL)) FROM drivers AS T1 INNER JOIN results AS T2 ON T1.driverId = T2.driverId WHERE T1.surname = 'Hamilton' AND T1.forename = 'Lewis'",moderate,"['drivers', 'results']"
682,codebase_community,Which is the most valuable post in 2010? Please give its id and the owner's display name.,the most valuable post in 2015 refers to MAX(FavoriteCount) where year(CreationDate) = 2010;,"SELECT T2.OwnerUserId, T1.DisplayName FROM users AS T1 INNER JOIN posts AS T2 ON T1.Id = T2.OwnerUserId WHERE STRFTIME('%Y', T1.CreationDate) = '2010' ORDER BY T2.FavoriteCount DESC LIMIT 1",moderate,"['posts', 'users']"
1323,student_club,Please list the names of all the events of the Student_Club that had an attendance of over 20 students.,name of events refers to event_name; attendance of over 20 students COUNT(event_id) > 20,SELECT T1.event_name FROM event AS T1 INNER JOIN attendance AS T2 ON T1.event_id = T2.link_to_event GROUP BY T1.event_id HAVING COUNT(T2.link_to_event) > 20,moderate,"['attendance', 'event']"
610,codebase_community,What are the names of badges that users who have the highest reputation obtained?,highest reputation refers to Max(Reputation); user refers to UserId,SELECT T2.name FROM users AS T1 INNER JOIN badges AS T2 ON T1.Id = T2.UserId ORDER BY T1.Reputation DESC LIMIT 1,simple,"['badges', 'users']"
588,codebase_community,Give the total number of comments posted by user ID 13.,,SELECT COUNT(Id) FROM comments WHERE UserId = 13,simple,['comments']
892,formula_1,State the driver with the most points scored. Find his full name with that points.,the most points scored refers to max(points); full name contains forename and surname.,"SELECT T3.forename, T3.surname, T2.points FROM races AS T1 INNER JOIN driverStandings AS T2 ON T2.raceId = T1.raceId INNER JOIN drivers AS T3 ON T3.driverId = T2.driverId ORDER BY T2.points DESC LIMIT 1",moderate,"['drivers', 'driverStandings', 'races']"
243,toxicology,What are the bonds that have phosphorus and nitrogen as their atom elements?,have phosphorus as atom elements refers to element = 'p'; have nitrogen as atom elements refers to element = 'n',SELECT T2.bond_id FROM atom AS T1 INNER JOIN connected AS T2 ON T1.atom_id = T2.atom_id WHERE T2.bond_id IN ( SELECT T3.bond_id FROM connected AS T3 INNER JOIN atom AS T4 ON T3.atom_id = T4.atom_id WHERE T4.element = 'p' ) AND T1.element = 'n',moderate,"['atom', 'connected']"
1329,student_club,What county did Sherri Ramsey grew up?,,SELECT T2.county FROM member AS T1 INNER JOIN zip_code AS T2 ON T1.zip = T2.zip_code WHERE T1.first_name = 'Sherri' AND T1.last_name = 'Ramsey',simple,"['zip_code', 'member']"
590,codebase_community,Which user ID has the lowest view?,lowest views refers to Min(Views),SELECT Id FROM users WHERE Views = ( SELECT MIN(Views) FROM users ),simple,['users']
1251,thrombosis_prediction,How many patients with an Ig G lower than normal has the symptom of abortion?,Ig G lower than normal refers to IGG < 900; symptom of abortion refers to Symptoms = 'abortion';,SELECT COUNT(DISTINCT T1.ID) FROM Patient AS T1 INNER JOIN Laboratory AS T2 ON T1.ID = T2.ID INNER JOIN Examination AS T3 ON T3.ID = T2.ID WHERE T2.IGG < 900 AND T3.Symptoms = 'abortion',moderate,"['Laboratory', 'Examination', 'Patient']"
793,superhero,"Among the superheroes with the race of god/eternal, how many of them are male","race ""god/eternal"" refers to race_id = 21; male refers to gender.id = 1",SELECT COUNT(*) FROM superhero AS T1 INNER JOIN race AS T2 ON T1.race_id = T2.id INNER JOIN gender AS T3 ON T3.id = T1.gender_id WHERE T1.race_id = 21 AND T1.gender_id = 1,simple,"['race', 'gender', 'superhero']"
925,formula_1,Please give the link of the website that shows more information about the circuits the Spanish Grand Prix used in 2009.,link of the website refers to url,SELECT T1.url FROM circuits AS T1 INNER JOIN races AS T2 ON T2.circuitID = T1.circuitId WHERE T2.year = 2009 AND T2.name = 'Spanish Grand Prix',simple,"['circuits', 'races']"
1234,thrombosis_prediction,"List the patient ID, sex and birthday who has abnormal white blood cell count. Group them by sex and list the patient by age in ascending order.",abnormal white blood cell count refers to WBC < = 3.5 or WBC > = 9.0;,"SELECT DISTINCT T1.ID, T1.SEX, T1.Birthday FROM Patient AS T1 INNER JOIN Laboratory AS T2 ON T1.ID = T2.ID WHERE T2.WBC <= 3.5 OR T2.WBC >= 9.0 GROUP BY T1.SEX,T1.ID ORDER BY T1.Birthday ASC",moderate,"['Laboratory', 'Patient']"
1453,student_club,List the name of events with less than average parking cost.,"name of events refers to event_name; less than average parking cost refers to cost < DIVIDE(SUM(cost), COUNT(event_id)) where category = 'Parking'",SELECT T1.event_name FROM event AS T1 INNER JOIN budget AS T2 ON T1.event_id = T2.link_to_event INNER JOIN expense AS T3 ON T2.budget_id = T3.link_to_budget WHERE T2.category = 'Parking' AND T3.cost < (SELECT AVG(cost) FROM expense),moderate,"['expense', 'budget', 'event']"
566,codebase_community,"For the owner user of post No. 65041, what is his/her reputation points?",post no. 65041 refers to Id = '65041'; reputation point refers to Reputation,SELECT T1.Reputation FROM users AS T1 INNER JOIN posts AS T2 ON T1.Id = T2.OwnerUserId WHERE T2.Id = 65041,simple,"['posts', 'users']"
308,toxicology,How many bonds are created by bonding atoms with chlorine element?,chlorine refers to element = 'cl',SELECT COUNT(T1.bond_id) FROM connected AS T1 INNER JOIN atom AS T2 ON T1.atom_id = T2.atom_id WHERE T2.element = 'cl',simple,"['atom', 'connected']"
430,card_games,Please list top two sets of cards with their IDs that have Italian-language cards and are located in the Shadowmoor block in alphabetical order.,,"SELECT T1.name, T1.id FROM sets AS T1 INNER JOIN set_translations AS T2 ON T1.code = T2.setCode WHERE T1.block = 'Shadowmoor' AND T2.language = 'Italian' ORDER BY T1.id LIMIT 2",simple,"['set_translations', 'sets']"
916,formula_1,Please list the surnames of all the Italian drivers.,Italian refers to nationality = 'italian',SELECT surname FROM drivers WHERE nationality = 'Italian',simple,['drivers']
398,card_games,How much unconverted mana do all the cards created by Rob Alexander cost in total?,unconverted mana refer to manaCost; Rob Alexander refer to artist,SELECT SUM(manaCost) FROM cards WHERE artist = 'Rob Alexander',simple,['cards']
423,card_games,Please provide the ids of top three powerful pairs of Kingdom Foil and Kingdom Cards sorted by Kingdom Foil id in alphabetical order.,poweful refers to cardKingdomFoilId is not null AND cardKingdomId is not null,"SELECT cardKingdomFoilId, cardKingdomId FROM cards WHERE cardKingdomFoilId IS NOT NULL AND cardKingdomId IS NOT NULL ORDER BY cardKingdomFoilId LIMIT 3",simple,['cards']
370,card_games,How many borderless cards are illustrated in Russian?,borderless card refers to borderColor = 'borderless'; 'Russian' is the language;,SELECT COUNT(T1.id) FROM cards AS T1 INNER JOIN foreign_data AS T2 ON T1.uuid = T2.uuid WHERE T1.borderColor = 'borderless' AND T2.language = 'Russian',simple,"['cards', 'foreign_data']"
54,california_schools,Please specify all of the schools and their related mailing zip codes that are under Avetik Atoian's administration.,,"SELECT School, MailZip FROM schools WHERE AdmFName1 = 'Avetik' AND AdmLName1 = 'Atoian'",simple,['schools']
1131,european_football_2,What is the average heights of Italy players?,average heights refers to Avg(height); Italy is name of country,SELECT CAST(SUM(T1.height) AS REAL) / COUNT(T1.id) FROM Player AS T1 INNER JOIN Match AS T2 ON T1.id = T2.id INNER JOIN Country AS T3 ON T2.country_id = T3.ID WHERE T3.NAME = 'Italy',simple,"['Match', 'Player', 'Country']"
576,codebase_community,Name the user that commented 'thank you user93!',"""thank you user93"" is the Text of comment; user refers to DisplayName",SELECT T1.DisplayName FROM users AS T1 INNER JOIN comments AS T2 ON T1.Id = T2.UserId WHERE T2.Text = 'thank you user93!',simple,"['comments', 'users']"
589,codebase_community,Which user ID has the highest reputation?,highest reputation refers to Max(Reputation),SELECT Id FROM users WHERE Reputation = ( SELECT MAX(Reputation) FROM users ),simple,['users']
312,toxicology,What is the carcinogenic label for bond TR001_2_4?,label = '+' mean molecules are carcinogenic,SELECT DISTINCT T2.label FROM atom AS T1 INNER JOIN molecule AS T2 ON T1.molecule_id = T2.molecule_id INNER JOIN bond AS T3 ON T2.molecule_id = T3.molecule_id WHERE T3.bond_id = 'TR001_2_4',simple,"['atom', 'molecule', 'bond']"
1107,european_football_2,When was the first time did Kevin Constant have his highest crossing score? Give the date.,Kevin Constant refers to player_name = 'Kevin Constant'; highest crossing score refers to MAX(crossing),"SELECT `date` FROM ( SELECT t2.crossing, t2.`date` FROM Player AS t1 INNER JOIN Player_Attributes AS t2 ON t1.player_fifa_api_id = t2.player_fifa_api_id WHERE t1.player_name = 'Kevin Constant' ORDER BY t2.crossing DESC) ORDER BY date DESC LIMIT 1",moderate,"['Player', 'Player_Attributes']"
1379,student_club,How many meeting events were held in 2020?,meeting events refers to type = 'Meeting'; held in 2020 refers to YEAR(event_date) = 2020,"SELECT COUNT(event_id) FROM event WHERE type = 'Meeting' AND SUBSTR(event_date, 1, 4) = '2020'",simple,['event']
109,financial,How many clients opened their accounts in Jesenik branch were women?,A2 has region names; Woman and female share the same meaning; female refers to gender = 'F',SELECT COUNT(T1.client_id) FROM client AS T1 INNER JOIN district AS T2 ON T1.district_id = T2.district_id WHERE T1.gender = 'F' AND T2.A2 = 'Jesenik',simple,"['client', 'district']"
486,card_games,What is the percentage of the cards with a converted mana cost of 7 in the set Coldsnap?,"converted mana cost of 7 refers to convertedManaCost = 7; card set Coldsnap refers to name = 'Coldsnap'; percentage = DIVIDE(SUM(convertedManaCost = 7), SUM(convertedManaCost))*100",SELECT CAST(SUM(CASE WHEN T1.convertedManaCost = 7 THEN 1 ELSE 0 END) AS REAL) * 100 / COUNT(T1.id) FROM cards AS T1 INNER JOIN sets AS T2 ON T2.code = T1.setCode WHERE T2.name = 'Coldsnap',moderate,"['cards', 'sets']"
964,formula_1,List out the code for drivers who have nationality in America.,nationality = 'America',SELECT code FROM drivers WHERE Nationality = 'American',simple,['drivers']
100,financial,"Among the account opened, how many female customers who were born before 1950 and stayed in Slokolov?",Customers refer to clients; Female refers to gender = 'F'; Names of districts appear in column A2,"SELECT COUNT(T2.client_id) FROM district AS T1 INNER JOIN client AS T2 ON T1.district_id = T2.district_id WHERE T2.gender = 'F' AND STRFTIME('%Y', T2.birth_date) < '1950' AND T1.A2 = 'Slokolov'",moderate,"['client', 'district']"
485,card_games,When was the ruling for the card 'Reminisce' created?,Reminisce refers to name = 'Reminisce'; when created is the date,SELECT T2.date FROM cards AS T1 INNER JOIN rulings AS T2 ON T2.uuid = T1.uuid WHERE T1.name = 'Reminisce',simple,"['cards', 'rulings']"
694,codebase_community,Provide the text of the latest comment to the post with the title 'Analysing wind data with R' and the display name of the user who left it.,the latest comment refers to MAX(CreationDate);,"SELECT T3.Text, T1.DisplayName FROM users AS T1 INNER JOIN posts AS T2 ON T1.Id = T2.OwnerUserId INNER JOIN comments AS T3 ON T2.Id = T3.PostId WHERE T2.Title = 'Analysing wind data with R' ORDER BY T1.CreationDate DESC LIMIT 1",moderate,"['posts', 'users', 'comments']"
1408,student_club,Calculate the total cost spent for Parking in the list.,total cost spent for Parking refers to SUM(cost) where expense_description = 'Parking',SELECT SUM(cost) FROM expense WHERE expense_description = 'Parking',simple,['expense']
266,toxicology,Calculate the total carcinogenic molecules for molecule id from TR000 to TR030.,label = '+' mean molecules are carcinogenic,SELECT COUNT(T.molecule_id) FROM molecule AS T WHERE T.molecule_id BETWEEN 'TR000' AND 'TR030' AND T.label = '+',simple,['molecule']
1515,debit_card_specializing,What segment did the customer have at 2012/8/23 21:20:00?,'2012/8/23 21:20:00' can refer to date = '2012-08-23' AND T1.time = '21:20:00' in the database,SELECT T2.Segment FROM transactions_1k AS T1 INNER JOIN customers AS T2 ON T1.CustomerID = T2.CustomerID WHERE T1.date = '2012-08-23' AND T1.time = '21:20:00',simple,"['customers', 'transactions_1k']"
296,toxicology,Indicate the molecule id is belonging to the TR00_1_2 bond that has the first atom named TR00_1.,,"SELECT T2.molecule_id, T2.bond_id, T1.atom_id FROM connected AS T1 INNER JOIN bond AS T2 ON T1.bond_id = T2.bond_id WHERE T1.atom_id = 'TR000_1' AND T2.bond_id = 'TR000_1_2'",simple,"['connected', 'bond']"
548,codebase_community,"What is the location of the owner of the post ""Eliciting priors from experts""?",Owner refers to OwnerUserId; 'Eliciting priors from experts' is the Title of post,SELECT T2.Location FROM posts AS T1 INNER JOIN users AS T2 ON T1.OwnerUserId = T2.Id WHERE T1.Title = 'Eliciting priors from experts',simple,"['posts', 'users']"
1327,student_club,"List the full name of all the members of the Student_Club who attended the ""Laugh Out Loud"" event.","full name of members refers to first_name, last_name; 'Laugh Out Loud' is an event name;","SELECT T1.first_name, T1.last_name FROM member AS T1 INNER JOIN attendance AS T2 ON T1.member_id = T2.link_to_member INNER JOIN event AS T3 ON T2.link_to_event = T3.event_id WHERE T3.event_name = 'Laugh Out Loud'",moderate,"['attendance', 'member', 'event']"
864,formula_1,"For the race happened on 2015/11/29, how many drivers finished the game?",game and race are synonyms; drivers who finished the race should have record in time;,SELECT COUNT(T2.driverId) FROM races AS T1 INNER JOIN results AS T2 ON T2.raceId = T1.raceId WHERE T1.date = '2015-11-29' AND T2.time IS NOT NULL,simple,"['results', 'races']"
986,formula_1,In which race did the fastest 1st lap time was recorded? Please indicate the time in milliseconds.,fastest refers to Min(time);,SELECT T1.milliseconds FROM lapTimes AS T1 INNER JOIN races AS T2 on T1.raceId = T2.raceId WHERE T1.lap = 1 ORDER BY T1.time LIMIT 1,simple,"['lapTimes', 'races']"
377,card_games,"How many cards with original type of ""Summon - Angel"" have subtype other than ""Angel""?",subtype other than Angel refers to subtypes is not 'Angel';,SELECT COUNT(id) FROM cards WHERE originalType = 'Summon - Angel' AND subtypes != 'Angel',simple,['cards']
286,toxicology,"Among all chemical compounds identified in the database, what percent of compounds form a triple-bond.",triple bond refers to bond_type = '#';,SELECT CAST(COUNT(CASE WHEN T.bond_type = '#' THEN T.bond_id ELSE NULL END) AS REAL) * 100 / COUNT(T.bond_id) FROM bond AS T,simple,['bond']
1472,debit_card_specializing,"In 2012, who had the least consumption in LAM?","Year 2012 can be presented as Between 201201 And 201212, which means between January and December in 2012",SELECT T1.CustomerID FROM customers AS T1 INNER JOIN yearmonth AS T2 ON T1.CustomerID = T2.CustomerID WHERE T1.Segment = 'LAM' AND T2.date BETWEEN 201201 AND 201212 GROUP BY T1.CustomerID ORDER BY SUM(T2.Consumption) ASC LIMIT 1,moderate,"['customers', 'yearmonth']"
755,superhero,List down at least five full name of Demi-God superheroes.,Demi-God superheroes refers to race = 'Demi-God',SELECT T1.full_name FROM superhero AS T1 INNER JOIN race AS T2 ON T1.race_id = T2.id WHERE T2.race = 'Demi-God',simple,"['race', 'superhero']"
126,financial,Calculate the percentage of account from 'Decin' district for all accounts are opened in 1993.,A2 contains the information about district.,"SELECT CAST(SUM(T1.A2 = 'Decin') AS REAL) * 100 / COUNT(account_id) FROM district AS T1 INNER JOIN account AS T2 ON T1.district_id = T2.district_id WHERE STRFTIME('%Y', T2.date) = '1993'",simple,"['account', 'district']"
327,toxicology,Which non-carcinogenic molecules consisted more than 5 atoms?,label = '-' means molecules are non-carcinogenic; molecules consisted more than 5 atoms refers to COUNT(molecule_id) > 5,"SELECT T.molecule_id FROM ( SELECT T1.molecule_id, COUNT(T2.atom_id) FROM molecule AS T1 INNER JOIN atom AS T2 ON T1.molecule_id = T2.molecule_id WHERE T1.label = '-' GROUP BY T1.molecule_id HAVING COUNT(T2.atom_id) > 5 ) t",moderate,"['atom', 'molecule']"
292,toxicology,Identify the atoms belong to the molecule with ID between TR010 to TR050 that contain the element carbon.,"carbon refers to element = 'c'; between TR010 to TR050 refers to substr(molecule_id, 3, 3)>10 AND substr(molecule_id, 3, 3) < 50",SELECT T.atom_id FROM atom AS T WHERE T.molecule_id BETWEEN 'TR010' AND 'TR050' AND T.element = 'c',simple,['atom']
1418,student_club,Mention the category of events which were held at MU 215.,held at MU 215 refers to location = 'MU 215',SELECT T2.category FROM event AS T1 INNER JOIN budget AS T2 ON T1.event_id = T2.link_to_event WHERE T1.location = 'MU 215',simple,"['budget', 'event']"
752,superhero,Give the name of the alien superheroes.,alien superheroes refers to race = 'Alien'; name of superhero refers to superhero_name;,SELECT T1.superhero_name FROM superhero AS T1 INNER JOIN race AS T2 ON T1.race_id = T2.id WHERE T2.race = 'Alien',simple,"['race', 'superhero']"
584,codebase_community,Write all the comments left by users who edited the post titled 'Why square the difference instead of taking the absolute value in standard deviation?',"""Why square the difference instead of taking the absolute value in standard deviation?"" is the Title of post;",SELECT T2.Comment FROM posts AS T1 INNER JOIN postHistory AS T2 ON T1.Id = T2.PostId WHERE T1.Title = 'Why square the difference instead of taking the absolute value in standard deviation?',moderate,"['posts', 'postHistory']"
355,card_games,What is the keyword found on card 'Angel of Mercy'?,Angel of Mercy' is the name of card;,SELECT DISTINCT keywords FROM cards WHERE name = 'Angel of Mercy',simple,['cards']
1335,student_club,How much did the Student_Club members spend on advertisement in September Meeting?,amount spent refers to spent; spend on food in September Meeting refers to category = 'Advertisement' where event_name = 'September Meeting',"SELECT T2.spent FROM event AS T1 INNER JOIN budget AS T2 ON T1.event_id = T2.link_to_event WHERE T1.event_name = 'September Meeting' AND T2.category = 'Advertisement' AND SUBSTR(T1.event_date, 6, 2) = '09'",moderate,"['budget', 'event']"
170,financial,How many credit card withdrawals were recorded after 1995?,Operation = 'VYBER KARTOU' means credit card withdrawals,"SELECT COUNT(account_id) FROM trans WHERE STRFTIME('%Y', date) > '1995' AND operation = 'VYBER KARTOU'",simple,['trans']
958,formula_1,Which driver has the fastest lap time? Please give their forenames and surnames.,,"SELECT T2.forename, T2.surname, T1.fastestLapTime FROM results AS T1 INNER JOIN drivers AS T2 on T1.driverId = T2.driverId WHERE T1.fastestLapTime IS NOT NULL ORDER BY T1.fastestLapTime ASC LIMIT 1",moderate,"['drivers', 'results']"
1190,thrombosis_prediction,What percentage of patients with a proteinuria level within the normal range have a uric acid level below the normal range?,"proteinuria level within the normal range refers to `U-PRO` > 0 AND `U-PRO` < 30; uric acid level below the normal range refers to UA < = 6.5; calculation = MULTIPLY(DIVIDE(UA < = 6.5, `U-PRO` > 0 AND `U-PRO` < 30)，100)",SELECT CAST(SUM(CASE WHEN UA <= 6.5 THEN 1 ELSE 0 END) AS REAL) * 100 / COUNT(ID) FROM Laboratory WHERE `U-PRO` > 0 AND `U-PRO` < 30,challenging,['Laboratory']
1487,debit_card_specializing,Which LAM customer used the Euro as their currency and had the highest consumption in October 2013?,October 2013 refers to 201310 in the yearmonth.date,SELECT T1.CustomerID FROM customers AS T1 INNER JOIN yearmonth AS T2 ON T1.CustomerID = T2.CustomerID WHERE T1.Segment = 'LAM' AND T2.Date = '201310' AND T1.Currency = 'EUR' GROUP BY T1.CustomerID ORDER BY SUM(T2.Consumption) DESC LIMIT 1,moderate,"['customers', 'yearmonth']"
1298,thrombosis_prediction,"Among the patients whose total cholesterol is within the normal range, how many of them have a P pattern observed in the sheet of ANA examination?",total cholesterol is within the normal range refers to `T-CHO` < 250; P pattern observed in the sheet of ANA examination refers to ANA Pattern = 'P';,SELECT COUNT(T1.ID) FROM Patient AS T1 INNER JOIN Laboratory AS T2 ON T1.ID = T2.ID INNER JOIN Examination AS T3 ON T1.ID = T3.ID WHERE T3.`ANA Pattern` = 'P' AND T2.`T-CHO` < 250,moderate,"['Laboratory', 'Examination', 'Patient']"
209,toxicology,Tellurium is in what type of bond?,type of bond refers to bond_type; Tellurium refers to element = 'te',SELECT DISTINCT T1.bond_type FROM bond AS T1 INNER JOIN connected AS T2 ON T1.bond_id = T2.bond_id INNER JOIN atom AS T3 ON T2.atom_id = T3.atom_id WHERE T3.element = 'te',simple,"['atom', 'connected', 'bond']"
626,codebase_community,How many votes were made in 2010?,YEAR(CreationDate) = 2010;,"SELECT COUNT(id) FROM votes WHERE STRFTIME('%Y', CreationDate) = '2010'",simple,['votes']
873,formula_1,What is the actual finish time for Bruce McLaren in the race No.743?,race number refers to raceId;,SELECT T2.time FROM drivers AS T1 INNER JOIN results AS T2 ON T2.driverId = T1.driverId WHERE T2.raceId = 743 AND T1.forename = 'Bruce' AND T1.surname = 'McLaren',simple,"['drivers', 'results']"
140,financial,"How many accounts are there in the district of ""Pisek""?",A2 refers to district name,SELECT COUNT(T1.account_id) FROM account AS T1 INNER JOIN district AS T2 ON T1.district_id = T2.district_id WHERE T2.A2 = 'Pisek',simple,"['account', 'district']"
1103,european_football_2,What was the overall rating for Aaron Mooy on 2016/2/4?,Aaron Mooy refers to player_name = 'Aaron Mooy'; on 2016/2/4 refers to date = '2016-02-04 00:00:00',"SELECT t2.overall_rating FROM Player AS t1 INNER JOIN Player_Attributes AS t2 ON t1.player_api_id = t2.player_api_id WHERE SUBSTR(t2.`date`, 1, 10) = '2016-02-04' AND t1.player_name = 'Aaron Mooy'",moderate,"['Player', 'Player_Attributes']"
1462,student_club,What category was budgeted for the 'January Speaker' event and how much was the amount budgeted for that category?,"amount budgeted refers to amount, 'January Speaker' is the event name;","SELECT T2.category, T2.amount FROM event AS T1 INNER JOIN budget AS T2 ON T1.event_id = T2.link_to_event WHERE T1.event_name = 'January Speaker'",simple,"['budget', 'event']"
674,codebase_community,Who has the highest reputation? Please give the display name.,the highest reputation refers to MAX(Reputation);,SELECT DisplayName FROM users WHERE Reputation = ( SELECT MAX(Reputation) FROM users ),simple,['users']
1216,thrombosis_prediction,Sort in descending order all patients by birthday for male patient with albumin not within range.,male = SEX = 'M'; albumin not within range refers to ALB < = 3.5 or ALB > = 5.5,SELECT DISTINCT T1.ID FROM Patient AS T1 INNER JOIN Laboratory AS T2 ON T1.ID = T2.ID WHERE T1.SEX = 'M' AND (T2.ALB <= 3.5 OR T2.ALB >= 5.5) ORDER BY T1.Birthday,simple,"['Laboratory', 'Patient']"
711,codebase_community,"Among products comments with 0 score, what is the total number of users ages 40 years old?",,SELECT COUNT(T1.id) FROM comments AS T1 INNER JOIN users AS T2 ON T1.UserId = T2.Id WHERE T1.Score = 0 AND T2.Age = 40,simple,"['comments', 'users']"
1078,european_football_2,"Which player is older, Aaron Lennon or Abdelaziz Barrada?",older player refers to older birthday;,"SELECT player_name FROM Player WHERE player_name IN ('Aaron Lennon', 'Abdelaziz Barrada') ORDER BY birthday ASC LIMIT 1",simple,['Player']
544,codebase_community,"What is the display name of the user who last edited the post ""Examples for teaching: Correlation does not mean causation""?","""Examples for teaching: Correlation does not mean causation"" is the Title of post; user who last edited refers to LastEditorUserId",SELECT T2.DisplayName FROM posts AS T1 INNER JOIN users AS T2 ON T1.LastEditorUserId = T2.Id WHERE T1.Title = 'Examples for teaching: Correlation does not mean causation',moderate,"['posts', 'users']"
199,toxicology,"In the molecule containing sodium atoms, how many are non-carcinogenic?",non-carcinogenic refers to label = '-'; sodium atoms refers to element = 'na',SELECT COUNT(DISTINCT T2.molecule_id) FROM atom AS T1 INNER JOIN molecule AS T2 ON T1.molecule_id = T2.molecule_id WHERE T1.element = 'na' AND T2.label = '-',simple,"['atom', 'molecule']"
924,formula_1,Please list the exact dates on which a Formula_1 race took place on the Barcelona-Catalunya circuit.,,SELECT T2.date FROM circuits AS T1 INNER JOIN races AS T2 ON T2.circuitID = T1.circuitId WHERE T1.name = 'Circuit de Barcelona-Catalunya',simple,"['circuits', 'races']"
1243,thrombosis_prediction,"For all patients who are older than 55 years old, what is the percentage of female who has abnormal prothrombin time (PT)?","older than 55 years old = SUBTRACT(year(current_timestamp), year(Birthday)) > 55; percentage = MULTIPLY(DIVIDE(SUM(PT > = 14 AND SEX = 'F'), SUM(PT > = 14)), 1.0); female refers to Sex = 'F'; abnormal prothrombin time (PT) refers to PT > = 14;","SELECT CAST(SUM(CASE WHEN T2.PT >= 14 AND T1.SEX = 'F' THEN 1 ELSE 0 END) AS REAL) * 100 / COUNT(*) FROM Patient AS T1 INNER JOIN Laboratory AS T2 ON T1.ID = T2.ID WHERE STRFTIME('%Y', CURRENT_TIMESTAMP) - STRFTIME('%Y', T1.Birthday) > 55",challenging,"['Laboratory', 'Patient']"
782,superhero,List the heroes' names whose eyes and hair colours are both black.,heroes' names refers to superhero_name; eyes and hair colours are both black refers to eye_colour_id AND hair_colour_id WHERE colour.colour = 'Black';,SELECT T1.superhero_name FROM superhero AS T1 INNER JOIN colour AS T2 ON T1.eye_colour_id = T2.id AND T1.hair_colour_id = T2.id WHERE T2.colour = 'Black',moderate,"['colour', 'superhero']"
1381,student_club,List the name of students that have attended more than 7 events.,"name of students means the full name; full name refers to first_name, last_name; attended more than 7 events refers to COUNT(link_to_event) > 7","SELECT T1.first_name, T1.last_name FROM member AS T1 INNER JOIN attendance AS T2 ON T1.member_id = T2.link_to_member GROUP BY T2.link_to_member HAVING COUNT(T2.link_to_event) > 7",moderate,"['attendance', 'member']"
522,card_games,Which cards are ranked 1st on EDHRec? List all of the cards name and its banned play format.,ranked 1st on EDHRec refers to edhrecRank = 1; banned refers to status = 'banned'; play format refers to format; cards name refers to name,"SELECT T1.name, T2.format FROM cards AS T1 INNER JOIN legalities AS T2 ON T2.uuid = T1.uuid WHERE T1.edhrecRank = 1 AND T2.status = 'Banned' GROUP BY T1.name, T2.format",moderate,"['cards', 'legalities']"
10,california_schools,"For the school with the highest average score in Reading in the SAT test, what is its FRPM count for students aged 5-17?",,SELECT T2.`FRPM Count (Ages 5-17)` FROM satscores AS T1 INNER JOIN frpm AS T2 ON T1.cds = T2.CDSCode ORDER BY T1.AvgScrRead DESC LIMIT 1,simple,"['satscores', 'frpm']"
147,financial,How many female clients' accounts are in the region of South Bohemia?,Female refers to gender = 'F'; A3 contains the region 'south Bohemia',SELECT COUNT(T1.client_id) FROM client AS T1 INNER JOIN district AS T2 ON T1.district_id = T2.district_id WHERE T1.gender = 'F' AND T2.A3 = 'south Bohemia',simple,"['client', 'district']"
746,superhero,Calculate the average attribute value of all superheroes.,average attribute value of all superheroes refers to AVG(attribute_value),SELECT AVG(attribute_value) FROM hero_attribute,simple,['hero_attribute']
282,toxicology,What is the ratio of Hydrogen elements in molecule ID TR006? Please indicate its label.,"hydrogen refers to element = 'h'; ratio = DIVIDE(SUM(element = 'h'), count(element)) where molecule_id = 'TR006' ; label = '+' mean molecules are carcinogenic; label = '-' means molecules are non-carcinogenic","SELECT CAST(COUNT(CASE WHEN T.element = 'h' THEN T.atom_id ELSE NULL END) AS REAL) / COUNT(T.atom_id) FROM ( SELECT DISTINCT T1.atom_id, T1.element, T1.molecule_id, T2.label FROM atom AS T1 INNER JOIN molecule AS T2 ON T1.molecule_id = T2.molecule_id WHERE T2.molecule_id = 'TR006' ) AS T UNION ALL SELECT DISTINCT T3.label FROM ( SELECT DISTINCT T1.atom_id, T1.element, T1.molecule_id, T2.label FROM atom AS T1 INNER JOIN molecule AS T2 ON T1.molecule_id = T2.molecule_id WHERE T2.molecule_id = 'TR006' ) AS T3",challenging,"['atom', 'molecule']"
298,toxicology,Calculate the percentage of molecules containing carcinogenic compounds that element is hydrogen.,"hydrogen refers to element = 'h'; label = '+' mean molecules are carcinogenic; percentage = DIVIDE(SUM(label = '+' and element = 'h'), COUNT(molecule_id)) * 100.0",SELECT CAST(COUNT(CASE WHEN T1.element = 'h' THEN T2.molecule_id ELSE NULL END) AS REAL) * 100 / COUNT(T2.molecule_id) FROM atom AS T1 INNER JOIN molecule AS T2 ON T1.molecule_id = T2.molecule_id WHERE T2.label = '+',moderate,"['atom', 'molecule']"
636,codebase_community,How many negative comments did Neil McGuigan get in his posts?,Negative comment refers to score < 60; DisplayName = 'Neil McGuigan';,SELECT COUNT(T3.Id) FROM users AS T1 INNER JOIN posts AS T2 ON T1.Id = T2.OwnerUserId INNER JOIN comments AS T3 ON T2.Id = T3.PostId WHERE T1.DisplayName = 'Neil McGuigan' AND T3.Score < 60,simple,"['posts', 'users', 'comments']"
291,toxicology,How many chemical compounds in the database are identified as carcinogenic.,label = '+' mean molecules are carcinogenic;,SELECT COUNT(T.molecule_id) FROM molecule AS T WHERE T.label = '+',simple,['molecule']
528,card_games,List the names of all the cards in the set Hour of Devastation and find the formats in which these cards are legal.,the set Hour of Devastation refers to set.name = 'Hour of Devastation'; names of all the cards in the set refers to cards.name; legal cards refers to status = 'legal'; the formats refers to format,"SELECT DISTINCT T2.name , CASE WHEN T1.status = 'Legal' THEN T1.format ELSE NULL END FROM legalities AS T1 INNER JOIN cards AS T2 ON T2.uuid = T1.uuid WHERE T2.setCode IN ( SELECT code FROM sets WHERE name = 'Hour of Devastation' )",challenging,"['cards', 'sets', 'legalities']"
619,codebase_community,How many adults who obtained the badge Supporter?,Supporter is the Name of badge; adult refers to Age BETWEEN 19 AND 65,SELECT COUNT(T1.Id) FROM users AS T1 INNER JOIN badges AS T2 ON T1.Id = T2.UserId WHERE T2.Name = 'Supporter' AND T1.Age BETWEEN 19 AND 65,simple,"['badges', 'users']"
1191,thrombosis_prediction,What percentage of male patients who first presented to the hospital in 1981 were diagnosed with BEHCET?,"male refers to SEX = 'M'; first presented to the hospital in 1981 refers to YEAR(`FIRST DATE`) = '1981'; BEHCET refers to diagnosis; calculation = DIVIDE(SUM(DIAGNOSIS = 'BEHCET') where YEAR(`FIRST DATE`) = '1981', MULTIPLY(COUNT(YEAR(`FIRST DATE`) = '1981')), 100)","SELECT CAST(SUM(CASE WHEN Diagnosis = 'BEHCET' THEN 1 ELSE 0 END) AS REAL) * 100 / COUNT(ID) FROM Patient WHERE STRFTIME('%Y', `First Date`) = '1981' AND SEX = 'M'",challenging,['Patient']
1149,thrombosis_prediction,Are there more in-patient or outpatient who were male? What is the deviation in percentage?,"male refers to SEX = 'M'; in-patient refers to Admission = '+'; outpatient refers to Admission = '-'; SUBTRACT(COUNT(ID) where SEX = 'M' and Admission = '+', COUNT(ID) where SEX  = 'M' and Admission = '-')",SELECT CAST(SUM(CASE WHEN Admission = '+' THEN 1 ELSE 0 END) AS REAL) * 100 / SUM(CASE WHEN Admission = '-' THEN 1 ELSE 0 END) FROM Patient WHERE SEX = 'M',moderate,['Patient']
1001,formula_1,What is full name of the racer who ranked 1st in the 3rd qualifying race held in the Marina Bay Street Circuit in 2008?,"Ranked 1st in the 3rd qualifying race refer to MIN(q3); 2008 is the year of race; full name of racer = forename, surname","SELECT T2.forename, T2.surname FROM qualifying AS T1 INNER JOIN drivers AS T2 on T1.driverId = T2.driverId INNER JOIN races AS T3 ON T1.raceid = T3.raceid WHERE q3 IS NOT NULL AND T3.year = 2008 AND T3.circuitId IN ( SELECT circuitId FROM circuits WHERE name = 'Marina Bay Street Circuit' ) ORDER BY CAST(SUBSTR(q3, 1, INSTR(q3, ':') - 1) AS INTEGER) * 60 + CAST(SUBSTR(q3, INSTR(q3, ':') + 1, INSTR(q3, '.') - INSTR(q3, ':') - 1) AS REAL) + CAST(SUBSTR(q3, INSTR(q3, '.') + 1) AS REAL) / 1000 ASC LIMIT 1",challenging,"['qualifying', 'drivers', 'circuits', 'races']"
129,financial,Which are the top ten withdrawals (non-credit card) by district names for the month of January 1996?,Non-credit card withdraws refers to type = 'VYDAJ'; January 1996 can be found by date LIKE '1996-01%' in the database; A2 means district names,SELECT T1.district_id FROM district AS T1 INNER JOIN account AS T2 ON T1.district_id = T2.district_id INNER JOIN trans AS T3 ON T2.account_id = T3.account_id WHERE T3.type = 'VYDAJ' AND T2.date LIKE '1996-01%' ORDER BY A2 ASC LIMIT 10,moderate,"['trans', 'account', 'district']"
599,codebase_community,What are the post history type IDs for post ID 3720 and how many unique users have commented on the post?,,"SELECT T1.PostHistoryTypeId, (SELECT COUNT(DISTINCT UserId) FROM comments WHERE PostId = 3720) AS NumberOfUsers FROM postHistory AS T1 WHERE T1.PostId = 3720",simple,"['comments', 'postHistory']"
331,toxicology,How many of the molecules are carcinogenic?,label = '+' mean molecules are carcinogenic;,SELECT COUNT(T.molecule_id) FROM molecule AS T WHERE T.label = '+',simple,['molecule']
323,toxicology,Is molecule TR000 is carcinogenic or not?,label = '+' mean molecules are carcinogenic; label = '-' means molecules are non-carcinogenic,SELECT label FROM molecule AS T WHERE T.molecule_id = 'TR000',simple,['molecule']
705,codebase_community,"Give the user's reputation and up vote number of the user that commented ""fine, you win :)"".","Text = 'fine, you win :)';","SELECT T2.Reputation, T2.UpVotes FROM comments AS T1 INNER JOIN users AS T2 ON T1.UserId = T2.Id WHERE T1.Text = 'fine, you win :)'",simple,"['comments', 'users']"
514,card_games,"In duels, what are the top 10 cards with the highest uncoverted mana cost?",duels refer to format = 'duel'; the highest uncoverted mana cost refers to MAX(manaCost),"SELECT DISTINCT name FROM cards WHERE uuid IN ( SELECT uuid FROM legalities WHERE format = 'duel' ) ORDER BY manaCost DESC LIMIT 0, 10",simple,"['cards', 'legalities']"
628,codebase_community,Which users have the highest number of views?,users have the highest number of views refer to DisplayName where MAX(Views);,"SELECT Id, DisplayName FROM users WHERE Views = ( SELECT MAX(Views) FROM users )",simple,['users']
527,card_games,What are the rulings for the card named and designed by Kev Walker? List them in descending order of dates.,rulings refers to text; card named and designed by Kev Walker refers to artist = 'Kev Walker'; descending order of dates refers to MAX(date);,SELECT T2.text FROM cards AS T1 INNER JOIN rulings AS T2 ON T2.uuid = T1.uuid WHERE T1.artist = 'Kev Walker' ORDER BY T2.date DESC,moderate,"['cards', 'rulings']"
532,codebase_community,Please list the display names of all the users whose accounts were created in the year 2014.,account created in the year 2014 refers to year(CreationDate) = 2014,"SELECT DisplayName FROM users WHERE STRFTIME('%Y', CreationDate) = '2014'",simple,['users']
1351,student_club,What was Brent Thomason's major?,major refers to major_name,SELECT T2.major_name FROM member AS T1 INNER JOIN major AS T2 ON T1.link_to_major = T2.major_id WHERE T1.first_name = 'Brent' AND T1.last_name = 'Thomason',simple,"['member', 'major']"
1263,thrombosis_prediction,"Among the patients whose level of Hematoclit isn't normal, which patient has the highest anti-Cardiolipin antibody concentration? Please list his or her ID.",Hematoclit is normal refers to 29 < N < 52; highest anti-Cardiolipin antibody concentration refers to MAX(`aCL IgA`);,SELECT DISTINCT T1.ID FROM Patient AS T1 INNER JOIN Examination AS T2 ON T1.ID = T2.ID INNER JOIN Laboratory AS T3 on T1.ID = T3.ID WHERE (T3.HCT >= 52 OR T3.HCT <= 29) ORDER BY T2.`aCL IgA` DESC LIMIT 1,moderate,"['Examination', 'Laboratory', 'Patient']"
158,financial,What is the district Id of the account that placed the order with the id 33333?,,SELECT T3.district_id FROM `order` AS T1 INNER JOIN account AS T2 ON T1.account_id = T2.account_id INNER JOIN district AS T3 ON T2.district_id = T3.district_id WHERE T1.order_id = 33333,simple,"['account', 'order', 'district']"
1040,european_football_2,List the top 10 players' names whose heights are above 180 in descending order of average heading accuracy.,"height > 180; average heading accuracy = DIVIDE(SUM(heading_accuracy), COUNT(player_fifa_api_id));",SELECT t1.player_name FROM Player AS t1 INNER JOIN Player_Attributes AS t2 ON t1.player_api_id = t2.player_api_id WHERE t1.height > 180 GROUP BY t1.id ORDER BY CAST(SUM(t2.heading_accuracy) AS REAL) / COUNT(t2.`player_fifa_api_id`) DESC LIMIT 10,moderate,"['Player', 'Player_Attributes']"
1319,student_club,Which college is the vice president of the Student_Club from?,Vice President is a position of the Student Club,SELECT T2.college FROM member AS T1 INNER JOIN major AS T2 ON T1.link_to_major = T2.major_id WHERE T1.position LIKE 'vice president',simple,"['member', 'major']"
195,toxicology,What is the most common bond type?,most common bond type refers MAX(COUNT(bond_type)),"SELECT T.bond_type FROM ( SELECT bond_type, COUNT(bond_id) FROM bond GROUP BY bond_type ORDER BY COUNT(bond_id) DESC LIMIT 1 ) AS T",simple,['bond']
1270,thrombosis_prediction,"Among the patients who has a normal anti-scl70, how many of them are male and have the symptom of vertigo?","normal anti-scl70 refers to SC170 IN('-', '+-'); male refers to Sex = 'M'; symptom of vertigo refers to symptoms = 'vertigo'; Should compute the number of distinct ones",SELECT COUNT(DISTINCT T1.ID) FROM Patient AS T1 INNER JOIN Laboratory AS T2 ON T1.ID = T2.ID INNER JOIN Examination AS T3 ON T3.ID = T2.ID WHERE (T2.SC170 = '-' OR T2.SC170 = '+-') AND T1.SEX = 'M' AND T3.Symptoms = 'vertigo',challenging,"['Laboratory', 'Examination', 'Patient']"
1501,debit_card_specializing,"Please list the countries of the gas stations with transactions taken place in June, 2013.",June 2013 refers to '201306'; First 4 strings represent the year,SELECT T2.Country FROM transactions_1k AS T1 INNER JOIN gasstations AS T2 ON T1.GasStationID = T2.GasStationID INNER JOIN yearmonth AS T3 ON T1.CustomerID = T3.CustomerID WHERE T3.Date = '201306',moderate,"['transactions_1k', 'gasstations', 'yearmonth']"
410,card_games,"Is there any card from Erica Yang artist in pauper format and available in paper? If so, indicate its ID.",available in paper refers to availability = 'paper',SELECT T1.id FROM cards AS T1 INNER JOIN legalities AS T2 ON T1.uuid = T2.uuid WHERE T1.artist = 'Erica Yang' AND T2.format = 'pauper' AND T1.availability = 'paper',simple,"['cards', 'legalities']"
96,financial,How many customers who choose statement of weekly issuance are Owner?,'POPLATEK TYDNE' stands for weekly issuance,SELECT COUNT(T1.account_id) FROM account AS T1 INNER JOIN disp AS T2 ON T1.account_id = T2.account_id WHERE T2.type = 'Owner' AND T1.frequency = 'POPLATEK TYDNE',simple,"['disp', 'account']"
1160,thrombosis_prediction,What is the percentage of female patient had total protein not within the normal range?,"female refers to sex = 'F'; total protein not within the normal range refers to TP < '6.0' or TP > '8.5'; calculation = DIVIDE((ID where sex = 'F' and TP < '6.0' or TP > '8.5'), COUNT(ID)) * 100",SELECT CAST(SUM(CASE WHEN T1.SEX = 'F' AND (T2.TP < 6.0 OR T2.TP > 8.5) THEN 1 ELSE 0 END) AS REAL) * 100 / COUNT(*) FROM Patient AS T1 INNER JOIN Laboratory AS T2 ON T1.ID = T2.ID WHERE T1.SEX = 'F',moderate,"['Laboratory', 'Patient']"
156,financial,Who is the owner of the account with the largest loan amount?,,SELECT T1.client_id FROM disp AS T1 INNER JOIN loan AS T2 ON T1.account_id = T2.account_id WHERE T1.type = 'OWNER' ORDER BY T2.amount DESC LIMIT 1,simple,"['disp', 'loan']"
419,card_games,How many color cards with no borders have been ranked higher than 12000 on EDHRec?,color cards with no borders refers to borderColor = 'borderless'; ranked higher than 12000 on EDHRec refers to edhrecRank > 12000,SELECT COUNT(id) FROM cards WHERE edhrecRank > 12000 AND borderColor = 'borderless',simple,['cards']
1350,student_club,"What is the status of the event which bought ""Post Cards, Posters"" on 2019/8/20?","'Post Cards, Posters' is an expense description; on 2019/8/20 refers to expense_date = '2019-8-20'; status of event refers to event_status","SELECT T1.event_status FROM budget AS T1 INNER JOIN expense AS T2 ON T1.budget_id = T2.link_to_budget WHERE T2.expense_description = 'Post Cards, Posters' AND T2.expense_date = '2019-08-20'",moderate,"['expense', 'budget']"
477,card_games,"Which of these artists have designed a card in the set Coldsnap, Jeremy Jarvis, Aaron Miller or Chippy?","card set Coldsnap refers to name = 'Coldsnap'; Jeremy Jarvis, Aaron Miller or Chippy are the name of artists which refers to artist IN ('Jeremy Jarvis', 'Aaron Miller','Chippy');",SELECT T1.artist FROM cards AS T1 INNER JOIN sets AS T2 ON T2.code = T1.setCode WHERE (T2.name = 'Coldsnap' AND T1.artist = 'Chippy') OR (T2.name = 'Coldsnap' AND T1.artist = 'Aaron Miller') OR (T2.name = 'Coldsnap' AND T1.artist = 'Jeremy Jarvis') GROUP BY T1.artist,challenging,"['cards', 'sets']"
631,codebase_community,How many posts were created by Daniel Vassallo?,DisplayName = 'Daniel Vassallo';,SELECT COUNT(T1.Id) FROM users AS T1 INNER JOIN postHistory AS T2 ON T1.Id = T2.UserId WHERE T1.DisplayName = 'Daniel Vassallo',simple,"['users', 'postHistory']"
670,codebase_community,What is the date when the youngest user made his or her first post?,the youngest user refers to MIN(Age); first post refers to MIN(CreaionDate);,"SELECT T2.CreaionDate FROM users AS T1 INNER JOIN posts AS T2 ON T1.Id = T2.OwnerUserId WHERE T1.Age IS NOT NULL ORDER BY T1.Age, T2.CreaionDate LIMIT 1",simple,"['posts', 'users']"
1176,thrombosis_prediction,What was the anti-nucleus antibody concentration level for the patient id 3605340 on 1996/12/2?,anti-nucleus antibody refers to ANA; 1996/12/2 refers to `Examination Date` = '1996-12-02',SELECT ANA FROM Examination WHERE ID = 3605340 AND `Examination Date` = '1996-12-02',simple,['Examination']
447,card_games,Give the code of sets have expansion commander type?,code of sets refers to setCode,SELECT T2.setCode FROM sets AS T1 INNER JOIN set_translations AS T2 ON T2.setCode = T1.code WHERE T1.type = 'commander',simple,"['set_translations', 'sets']"
178,financial,Which kind of credit card does client number 9 possess?,,SELECT T3.type FROM client AS T1 INNER JOIN disp AS T2 ON T1.client_id = T2.client_id INNER JOIN card AS T3 ON T2.disp_id = T3.disp_id WHERE T1.client_id = 9,simple,"['disp', 'client', 'card']"
390,card_games,What are the colors of cards from ID 1-20? What are the format of these cards?,ID 1-20 refers to id BETWEEN 1 and 20;,"SELECT T1.colors, T2.format FROM cards AS T1 INNER JOIN legalities AS T2 ON T1.uuid = T2.uuid WHERE T1.id BETWEEN 1 AND 20",simple,"['cards', 'legalities']"
1320,student_club,Please list the event names of all the events attended by Maya Mclean.,,SELECT T1.event_name FROM event AS T1 INNER JOIN attendance AS T2 ON T1.event_id = T2.link_to_event INNER JOIN member AS T3 ON T2.link_to_member = T3.member_id WHERE T3.first_name = 'Maya' AND T3.last_name = 'Mclean',simple,"['attendance', 'member', 'event']"
680,codebase_community,What is the average score of Stephen Turner's posts?,DisplayName = 'Stephen Turner'; average score refers to AVG(Score);,SELECT AVG(T2.Score) FROM users AS T1 INNER JOIN posts AS T2 ON T1.Id = T2.OwnerUserId WHERE T1.DisplayName = 'Stephen Turner',simple,"['posts', 'users']"
1271,thrombosis_prediction,How many patients with a normal anti-SSA came to the hospital before 1990?,"normal anti-SSA refers to SSA IN('-','+-'); came to the hospital before 1990 refers to YEAR(`First Date`) < 1990; Should compute the number of distinct ones","SELECT COUNT(DISTINCT T1.ID) FROM Patient AS T1 INNER JOIN Laboratory AS T2 ON T1.ID = T2.ID WHERE T2.SSA IN ('negative', '0') AND STRFTIME('%Y', T2.Date) < '1990'",moderate,"['Laboratory', 'Patient']"
1273,thrombosis_prediction,How many patients have a normal anti-SSB and are diagnosed with SLE in the examination?,"normal anti-SSB refers to SSB IN('-', '+-'); '-' is expressed as 'negative' and '+-' is expressed as '0' in the database ; diagnosed with SLE refers to Diagnosis = 'SLE'; Should compute the number of distinct ones",SELECT COUNT(DISTINCT T1.ID) FROM Patient AS T1 INNER JOIN Laboratory AS T2 ON T1.ID = T2.ID WHERE T2.SSB = 'negative' OR '0' AND T1.Diagnosis = 'SLE',moderate,"['Laboratory', 'Patient']"
1338,student_club,"Was each expense in October Meeting on October 8, 2019 approved?",event_name = 'October Meeting' where event_date = '2019-10-08'; approved = True means expenses was approved; approved = False means expenses was not approved,SELECT T3.approved FROM event AS T1 INNER JOIN budget AS T2 ON T1.event_id = T2.link_to_event INNER JOIN expense AS T3 ON T2.budget_id = T3.link_to_budget WHERE T1.event_name = 'October Meeting' AND T1.event_date LIKE '2019-10-08%',moderate,"['expense', 'budget', 'event']"
907,formula_1,List all races in 2017 and the hosting country order by date of the event.,,"SELECT DISTINCT T2.name, T1.country FROM circuits AS T1 INNER JOIN races AS T2 ON T2.circuitID = T1.circuitId WHERE T2.year = 2017 ORDER BY T2.date ASC",simple,"['circuits', 'races']"
899,formula_1,List circuits which host 4 f1 races from year 1990 to 2000.,from year 1990 to 2000 refers to year(date) between 1990 and 2000;,"SELECT DISTINCT T1.name FROM circuits AS T1 INNER JOIN races AS T2 ON T2.circuitID = T1.circuitId WHERE STRFTIME('%Y', T2.date) BETWEEN '1990' AND '2000' GROUP BY T1.name HAVING COUNT(T2.raceId) = 4",moderate,"['circuits', 'races']"
816,superhero,Provide the names of superheroes with attribute value between 75 to 80.,names of superheroes refers to superhero_name; attribute value between 75 to 80 refers to attribute_value BETWEEN 75 AND 80;,SELECT T1.superhero_name FROM superhero AS T1 INNER JOIN hero_attribute AS T2 ON T1.id = T2.hero_id WHERE T2.attribute_value BETWEEN 75 AND 80,simple,"['superhero', 'hero_attribute']"
788,superhero,How many percent of female heroes were published by Marvel Comics?,"percent = MULTIPLY(DIVIDE(SUM(gender = 'Female' WHERE publisher_name = 'Marvel Comics'), COUNT(publisher_name = 'Marvel Comics')), 100); female heroes refers to gender = 'Female'; Marvel Comics refers to publisher_name = 'Marvel Comics';",SELECT CAST(COUNT(CASE WHEN T2.publisher_name = 'Marvel Comics' THEN 1 ELSE NULL END) AS REAL) * 100 / COUNT(T1.id) FROM superhero AS T1 INNER JOIN publisher AS T2 ON T1.publisher_id = T2.id INNER JOIN gender AS T3 ON T1.gender_id = T3.id WHERE T3.gender = 'Female',challenging,"['publisher', 'superhero', 'gender']"
679,codebase_community,Which post has the highest score? Please give its id and title's name.,the highest score refers to MAX(Score); owner's name refers to DisplayName;,"SELECT T1.Id, T2.Title FROM users AS T1 INNER JOIN posts AS T2 ON T1.Id = T2.OwnerUserId ORDER BY T2.Score DESC LIMIT 1",simple,"['posts', 'users']"
294,toxicology,Which bond ids are double-bond with carcinogenic compound?,label = '+' mean molecules are carcinogenic; double bond refers to bond_type = ' = ';,SELECT T1.bond_id FROM bond AS T1 INNER JOIN molecule AS T2 ON T1.molecule_id = T2.molecule_id WHERE T2.label = '+' AND T1.bond_type = '=',simple,"['molecule', 'bond']"
1346,student_club,"Tell the phone number of ""Carlo Jacobs"".",,SELECT phone FROM member WHERE first_name = 'Carlo' AND last_name = 'Jacobs',simple,['member']
904,formula_1,State the race and year of race in which Michael Schumacher had his fastest lap.,fastest lap refers to min(milliseconds),"SELECT T1.name, T1.year FROM races AS T1 INNER JOIN lapTimes AS T2 ON T2.raceId = T1.raceId INNER JOIN drivers AS T3 ON T3.driverId = T2.driverId WHERE T3.forename = 'Michael' AND T3.surname = 'Schumacher' ORDER BY T2.milliseconds ASC LIMIT 1",moderate,"['lapTimes', 'drivers', 'races']"
88,california_schools,What is the administrator's email address for the school with the highest number of test takers who received SAT scores of at least 1500?Provide the name of the school.,,"SELECT T2.AdmEmail1, T2.School FROM satscores AS T1 INNER JOIN schools AS T2 ON T1.cds = T2.CDSCode ORDER BY T1.NumGE1500 DESC LIMIT 1",simple,"['satscores', 'schools']"
1013,formula_1,What is the lap record for the Austrian Grand Prix Circuit?,lap record means the fastest time recorded which refers to time,"WITH fastest_lap_times AS ( SELECT T1.raceId, T1.fastestLapTime FROM results AS T1 WHERE T1.FastestLapTime IS NOT NULL) SELECT MIN(fastest_lap_times.fastestLapTime) as lap_record FROM fastest_lap_times INNER JOIN races AS T2 on fastest_lap_times.raceId = T2.raceId INNER JOIN circuits AS T3 on T2.circuitId = T3.circuitId WHERE T2.name = 'Austrian Grand Prix'",simple,"['circuits', 'results', 'races']"
965,formula_1,List out the Id number of races which were hold in 2009.,,SELECT raceId FROM races WHERE year = 2009,simple,['races']
596,codebase_community,Which users have posted the most comments. List out the user's badge?,user with the most comments refers to UserId where Max(Count(Id),SELECT Name FROM badges AS T1 INNER JOIN comments AS T2 ON T1.UserId = t2.UserId GROUP BY T2.UserId ORDER BY COUNT(T2.UserId) DESC LIMIT 1,simple,"['badges', 'comments']"
1407,student_club,"Among the budgets for Advertising, list out top three which have the most budgeted amount?",MAX(amount) where category = 'Advertisement',SELECT budget_id FROM budget WHERE category = 'Advertisement' ORDER BY amount DESC LIMIT 3,simple,['budget']
1420,student_club,State the name of major that Vice President has joined.,name of major refers to major_name; 'Vice President' is position of Student Club,SELECT T1.major_name FROM major AS T1 INNER JOIN member AS T2 ON T1.major_id = T2.link_to_major WHERE T2.position = 'Vice President',simple,"['member', 'major']"
721,superhero,How many superheroes have blue eyes?,blue eyes refers to colour = 'Blue' and eye_colour_id = colour.id;,SELECT COUNT(T1.id) FROM superhero AS T1 INNER JOIN colour AS T2 ON T1.eye_colour_id = T2.id WHERE T2.colour = 'Blue',simple,"['colour', 'superhero']"
979,formula_1,What race number has the most finishers?,finisher refers to time is not null;,SELECT raceId FROM results GROUP BY raceId ORDER BY COUNT(time IS NOT NULL) DESC LIMIT 1,simple,['results']
290,toxicology,Which toxic element can be found in the molecule TR151?,"element = 'cl' means Chlorine; element = 'c' means Carbon; element = 'h' means Hydrogen; element = 'o' means Oxygen, element = 's' means Sulfur; element = 'n' means Nitrogen, element = 'p' means Phosphorus, element = 'na' means Sodium, element = 'br' means Bromine, element = 'f' means Fluorine; element = 'i' means Iodine; element = 'sn' means Tin; element = 'pb' means Lead; element = 'te' means Tellurium; element = 'ca' means Calcium",SELECT DISTINCT T.element FROM atom AS T WHERE T.molecule_id = 'TR151',challenging,['atom']
1469,student_club,"Which student has the hometown of Lincolnton, North Carolina with the zip code of 28092? List their full name and position.","full name refers to first_name, last_name, hometown of Lincolnton, North Carolina refers to city = 'Lincolnton' AND state = 'North Carolina'","SELECT T1.first_name, T1.last_name, T1.position FROM member AS T1 INNER JOIN zip_code AS T2 ON T2.zip_code = T1.zip WHERE T2.city = 'Lincolnton' AND T2.state = 'North Carolina' AND T2.zip_code = 28092",moderate,"['zip_code', 'member']"
1061,european_football_2,How many players whose first names are Adam and weigh more than 170?,team names refers to team_long_name; speed class refers to buildUpPlaySpeedClass; buildUpPlaySpeedClass = 'Fast';,SELECT COUNT(id) FROM Player WHERE weight > 170 AND player_name LIKE 'Adam%',simple,['Player']
348,card_games,Describe the information about rulings for card named 'Sublime Epiphany' with number 74s.,Sublime Epiphany' is name of cards; number 74s refers to number = '74s'; information refers to text;,SELECT T2.text FROM cards AS T1 INNER JOIN rulings AS T2 ON T1.uuid = T2.uuid WHERE T1.name = 'Sublime Epiphany' AND T1.number = '74s',simple,"['cards', 'rulings']"
999,formula_1,"In terms of the fastest lap time, what is the name of the race which recorded the fastest lap speed by a racer?","Fastest lap speed refers to MIN(fastestLapTime)

",SELECT T1.name FROM races AS T1 INNER JOIN results AS T2 ON T1.raceId = T2.raceId WHERE T2.fastestLapTime IS NOT NULL ORDER BY T2.fastestLapTime ASC LIMIT 1,simple,"['results', 'races']"
1445,student_club,Find the full name of members whose t-shirt size is extra large.,"full name refers to first_name, last_name; t_shirt_size = 'X-Large'","SELECT first_name, last_name FROM member WHERE t_shirt_size = 'X-Large'",simple,['member']
715,codebase_community,"In comments with score between 1 to 5, list down the display names of the users with 0 down votes.",DownVotes = 0; Score BETWEEN 1 and 5,SELECT T2.DisplayName FROM comments AS T1 INNER JOIN users AS T2 ON T1.UserId = T2.Id WHERE T1.Score BETWEEN 1 AND 5 AND T2.DownVotes = 0,simple,"['comments', 'users']"
859,formula_1,What's Bruno Senna's Q1 result in the qualifying race No. 354?,race number refers to raceId;,SELECT T1.q1 FROM qualifying AS T1 INNER JOIN drivers AS T2 ON T2.driverId = T1.driverId WHERE T1.raceId = 354 AND T2.forename = 'Bruno' AND T2.surname = 'Senna',simple,"['qualifying', 'drivers']"
620,codebase_community,State the number of views of users who obtained the badge on 7/19/2010 7:39:08 PM.,on 7/19/2010 7:39:08 PM refers to Date = '2010-07-19 19:39:08.0',SELECT T1.Views FROM users AS T1 INNER JOIN badges AS T2 ON T1.Id = T2.UserId WHERE T2.Date = '2010-07-19 19:39:08.0',simple,"['badges', 'users']"
458,card_games,"How many artists have designed a card with a black border color and is available in both ""arena"" and ""mtgo"" printing type?","available in both ""arena"" and ""mtgo"" refers to availability like '%arena,mtgo%'","SELECT COUNT(CASE WHEN availability LIKE '%arena,mtgo%' THEN 1 ELSE NULL END) FROM cards",simple,['cards']
375,card_games,List down all the card IDs with converted mana cost of 0.,converted mana cost of 0 refers to covertedManaCost = 0;,SELECT id FROM cards WHERE convertedManaCost = 0,simple,['cards']
333,toxicology,"In the molecule TR008, how many carbons are present?",carbon refers to element = 'c',SELECT COUNT(T.atom_id) FROM atom AS T WHERE T.molecule_id = 'TR008' AND T.element = 'c',simple,['atom']
1380,student_club,What is the total amount of money spent for food?,total amount of money spent refers to SUM(spent); spent for food refers to category = 'Food',SELECT SUM(spent) FROM budget WHERE category = 'Food',simple,['budget']
1365,student_club,What are the expenses of the budget with the lowest remaining?,expense of budget refers to expense_description; lowest remaining refers to MIN(remaining),SELECT T2.expense_description FROM budget AS T1 INNER JOIN expense AS T2 ON T1.budget_id = T2.link_to_budget ORDER BY T1.remaining LIMIT 1,simple,"['expense', 'budget']"
736,superhero,Who is the dumbest superhero?,the dumbest superhero refers to MIN(attribute_value) where attribute_name = 'Intelligence',SELECT T1.superhero_name FROM superhero AS T1 INNER JOIN hero_attribute AS T2 ON T1.id = T2.hero_id INNER JOIN attribute AS T3 ON T2.attribute_id = T3.id WHERE T3.attribute_name = 'Intelligence' ORDER BY T2.attribute_value LIMIT 1,moderate,"['attribute', 'superhero', 'hero_attribute']"
1422,student_club,State the category of events were held at MU 215.,'MU 215' is the location of event,SELECT T2.category FROM event AS T1 INNER JOIN budget AS T2 ON T1.event_id = T2.link_to_event WHERE T1.location = 'MU 215',simple,"['budget', 'event']"
1272,thrombosis_prediction,Which patient is the first patient with an abnormal anti-SSA to come to the hospital? Please give his or her ID.,"first patient refers to ID with MIN(`First Date`); abnormal anti-SSA refers to SSA NOT IN('-', '+-');","SELECT T1.ID FROM Patient AS T1 INNER JOIN Laboratory AS T2 ON T1.ID = T2.ID WHERE T1.`First Date` IS NOT NULL AND T2.SSA NOT IN ('negative', '0') ORDER BY T1.`First Date` ASC LIMIT 1",moderate,"['Laboratory', 'Patient']"
328,toxicology,"List all the elements with double bond, consisted in molecule TR024.","double bond refers to bond_type = '='; element = 'cl' means Chlorine; element = 'c' means Carbon; element = 'h' means Hydrogen; element = 'o' means Oxygen, element = 's' means Sulfur; element = 'n' means Nitrogen, element = 'p' means Phosphorus, element = 'na' means Sodium, element = 'br' means Bromine, element = 'f' means Fluorine; element = 'i' means Iodine; element = 'sn' means Tin; element = 'pb' means Lead; element = 'te' means Tellurium; element = 'ca' means Calcium",SELECT T1.element FROM atom AS T1 INNER JOIN bond AS T2 ON T1.molecule_id = T2.molecule_id WHERE T1.molecule_id = 'TR024' AND T2.bond_type = '=',challenging,"['atom', 'bond']"
318,toxicology,What is the molecule id of bond id TR001_1_7?,,SELECT DISTINCT T1.molecule_id FROM atom AS T1 INNER JOIN connected AS T2 ON T1.atom_id = T2.atom_id WHERE T2.bond_id = 'TR001_1_7',simple,"['atom', 'connected']"
1433,student_club,Which countries have zip codes with post office boxes?,zip codes that have post office boxes refers to type = 'PO Box',SELECT DISTINCT county FROM zip_code WHERE type = 'PO Box' AND county IS NOT NULL,simple,['zip_code']
988,formula_1,List down top 5 German drivers who has the shortest average pit stop duration and were born between 1980-1985.,"born between 1980-1985 refers to 1980< year(dob)>1985; Average pitstop duration refers to Divide(SUM(duration),COUNT(duration)); shortest average refers to Min(avg(duration));","SELECT T2.forename, T2.surname FROM pitStops AS T1 INNER JOIN drivers AS T2 on T1.driverId = T2.driverId WHERE T2.nationality = 'German' AND STRFTIME('%Y', T2.dob) BETWEEN '1980' AND '1985' GROUP BY T2.forename, T2.surname ORDER BY AVG(T1.duration) LIMIT 5",challenging,"['drivers', 'pitStops']"
12,california_schools,"Among the schools with an SAT excellence rate of over 0.3, what is the highest eligible free rate for students aged 5-17?",Excellence rate = NumGE1500 / NumTstTakr; Eligible free rates for students aged 5-17 = `Free Meal Count (Ages 5-17)` / `Enrollment (Ages 5-17)`,SELECT MAX(CAST(T1.`Free Meal Count (Ages 5-17)` AS REAL) / T1.`Enrollment (Ages 5-17)`) FROM frpm AS T1 INNER JOIN satscores AS T2 ON T1.CDSCode = T2.cds WHERE CAST(T2.NumGE1500 AS REAL) / T2.NumTstTakr > 0.3,moderate,"['satscores', 'frpm']"
171,financial,What was the difference in the number of crimes committed in East and North Bohemia in 1996?,Difference in no. of committed crimes between 2 regions = Total no. of committed crimes in 1996 in North Bohemia - Total no. of committed crimes in 1996 in East Bohemia. A3 refers to region. Data about no. of committed crimes 1996 appears in A16,"SELECT SUM(IIF(A3 = 'East Bohemia', A16, 0)) - SUM(IIF(A3 = 'North Bohemia', A16, 0)) FROM district",moderate,['district']
260,toxicology,Calculate the total atoms with triple-bond molecules containing the element phosphorus or bromine.,triple bond refers to bond_type = '#'; phosphorus refers to element = 'p'; bromine refers to element = 'br',"SELECT COUNT(T1.atom_id) FROM atom AS T1 INNER JOIN molecule AS T2 ON T1.molecule_id = T2.molecule_id INNER JOIN bond AS T3 ON T2.molecule_id = T3.molecule_id WHERE T3.bond_type = '#' AND T1.element IN ('p', 'br')",moderate,"['atom', 'molecule', 'bond']"
1499,debit_card_specializing,What is the biggest monthly consumption of the customers who use euro as their currency?,Monthly consumption = SUM(consumption) / 12,SELECT SUM(T2.Consumption) / 12 AS MonthlyConsumption FROM customers AS T1 INNER JOIN yearmonth AS T2 ON T1.CustomerID = T2.CustomerID WHERE T1.Currency = 'EUR' GROUP BY T1.CustomerID ORDER BY MonthlyConsumption DESC LIMIT 1,simple,"['customers', 'yearmonth']"
893,formula_1,Name the top 3 drivers and the points they scored in the 2017 Chinese Grand Prix.,,"SELECT T3.forename, T3.surname, T2.points FROM races AS T1 INNER JOIN driverStandings AS T2 ON T2.raceId = T1.raceId INNER JOIN drivers AS T3 ON T3.driverId = T2.driverId WHERE T1.name = 'Chinese Grand Prix' AND T1.year = 2017 ORDER BY T2.points DESC LIMIT 3",simple,"['drivers', 'driverStandings', 'races']"
1172,thrombosis_prediction,How many male patients have elevated total bilirubin count?,male refers to SEX = 'M'; elevated means above the normal range; total bilirubin above the normal range refers to `T-BIL` > '2.0',SELECT COUNT(DISTINCT T1.ID) FROM Patient AS T1 INNER JOIN Laboratory AS T2 ON T1.ID = T2.ID WHERE T2.`T-BIL` >= 2.0 AND T1.SEX = 'M',simple,"['Laboratory', 'Patient']"
138,financial,"In the branch where the second-highest number of crimes were committed in 1995 occurred, how many male clients are there?",Male refers to gender = 'M'; A15 stands for no. of commited crimes 1995,"SELECT COUNT(T1.client_id) FROM client AS T1 INNER JOIN district AS T2 ON T1.district_id = T2.district_id WHERE T1.gender = 'M' AND T2.A15 = (SELECT T3.A15 FROM district AS T3 ORDER BY T3.A15 DESC LIMIT 1, 1)",moderate,"['client', 'district']"
549,codebase_community,"From which post is the tag ""bayesian"" excerpted from? Please give the body of the post.","""bayesian"" is the TagName; excerpt from refers to ExcerptPostId",SELECT T2.Body FROM tags AS T1 INNER JOIN posts AS T2 ON T2.Id = T1.ExcerptPostId WHERE T1.TagName = 'bayesian',simple,"['posts', 'tags']"
1210,thrombosis_prediction,What is the average index of the lactate dehydrogenase (LDH) for all patients with lactate dehydrogenase (LDH) within the normal range.,average index of the lactate dehydrogenase (LDH) refers to AVG(LDH); (LDH) within the normal range refers to LDH < 500,SELECT AVG(LDH) FROM Laboratory WHERE LDH < 500,simple,['Laboratory']
1235,thrombosis_prediction,What are the patient's diagnosis for those who has lower red blood blood cell? State their ID and age.,"patient's diagnosis refers to Diagnosis; lower red blood cell refers to RBC < 3.5; age = SUBTRACT(year(current_timestamp), year(Birthday));","SELECT T1.Diagnosis, T1.ID , STRFTIME('%Y', CURRENT_TIMESTAMP) -STRFTIME('%Y', T1.Birthday) FROM Patient AS T1 INNER JOIN Laboratory AS T2 ON T1.ID = T2.ID WHERE T2.RBC < 3.5",moderate,"['Laboratory', 'Patient']"
806,superhero,Provide the eye colour of the superhero who has Karen Beecher-Duncan as their full name.,eye colour refers to colour.colour where eye_colour_id = colour.id; Karen Beecher-Duncan is the full name of superhero;,SELECT T2.colour FROM superhero AS T1 INNER JOIN colour AS T2 ON T1.eye_colour_id = T2.id WHERE T1.full_name = 'Karen Beecher-Duncan',simple,"['colour', 'superhero']"
558,codebase_community,How many votes did the user No.58 take on 2010/7/19?,user no. 58 refers to UserId = 58; on 2010/7/19 refers to CreationDate = '2010-07-19',SELECT COUNT(Id) FROM votes WHERE UserId = 58 AND CreationDate = '2010-07-19',simple,['votes']
139,financial,"How many high-level credit cards have ""disponent"" type of disposition?",High-level credit cards refers to the cards with the gold type.,SELECT COUNT(T1.card_id) FROM card AS T1 INNER JOIN disp AS T2 ON T1.disp_id = T2.disp_id WHERE T1.type = 'gold' AND T2.type = 'DISPONENT',simple,"['disp', 'card']"
1340,student_club,Calculate the difference of the total amount spent in all events by the Student_Club in year 2019 and 2020.,"SUBTRACT(spent where YEAR(event_date) = 2019, spent where YEAR(event_date) = 2020)","SELECT SUM(CASE WHEN SUBSTR(T1.event_date, 1, 4) = '2019' THEN T2.spent ELSE 0 END) - SUM(CASE WHEN SUBSTR(T1.event_date, 1, 4) = '2020' THEN T2.spent ELSE 0 END) AS num FROM event AS T1 INNER JOIN budget AS T2 ON T1.event_id = T2.link_to_event",moderate,"['budget', 'event']"
906,formula_1,Which was Lewis Hamilton first race? What was his points recorded for his first race event?,first race refers to min(Year),"SELECT T1.name, T2.points FROM races AS T1 INNER JOIN driverStandings AS T2 ON T2.raceId = T1.raceId INNER JOIN drivers AS T3 ON T3.driverId = T2.driverId WHERE T3.forename = 'Lewis' AND T3.surname = 'Hamilton' ORDER BY T1.year ASC LIMIT 1",moderate,"['drivers', 'driverStandings', 'races']"
224,toxicology,What are the bond IDs that have the same atom ID 2 of TR000_2?,TR000_2 is the atom id; atom ID 2 refers to atom_id2,SELECT T.bond_id FROM connected AS T WHERE T.atom_id2 = 'TR000_2',simple,['connected']
1316,student_club,"Please list the phone numbers of the students from the Student_Club that has attended the event ""Women's Soccer"".",Women's Soccer is an event name; phone numbers refers to phone,SELECT T3.phone FROM event AS T1 INNER JOIN attendance AS T2 ON T1.event_id = T2.link_to_event INNER JOIN member AS T3 ON T2.link_to_member = T3.member_id WHERE T1.event_name = 'Women''s Soccer',moderate,"['attendance', 'member', 'event']"
409,card_games,"Indicates the number of cards with pre-modern format, ruling text ""This is a triggered mana ability"" that do not have multiple faces.",do not have multiple faces refers to side IS NULL,SELECT COUNT(T1.id) FROM cards AS T1 INNER JOIN legalities AS T2 ON T1.uuid = T2.uuid INNER JOIN rulings AS T3 ON T1.uuid = T3.uuid WHERE T2.format = 'premodern' AND T3.text = 'This is a triggered mana ability.' AND T1.Side IS NULL,moderate,"['cards', 'rulings', 'legalities']"
325,toxicology,How many carcinogenic molecules that consisted of Nitrogen?,nitrogen refers to element = 'n'; label = '+' mean molecules are carcinogenic;,SELECT COUNT(DISTINCT T1.molecule_id) FROM molecule AS T1 INNER JOIN atom AS T2 ON T1.molecule_id = T2.molecule_id WHERE T2.element = 'n' AND T1.label = '+',simple,"['atom', 'molecule']"
299,toxicology,Is molecule TR124 carcinogenic?,label = '+' mean molecules are carcinogenic;,SELECT T.label FROM molecule AS T WHERE T.molecule_id = 'TR124',simple,['molecule']
1053,european_football_2,List the football teams that has a chance creation passing class of Risky. Inidcate its short name only.,chance creation passing class refers to chanceCreationPassingClass; chanceCreationPassingClass = 'Risky'; short name refers to team_short_name;,SELECT DISTINCT t1.team_short_name FROM Team AS t1 INNER JOIN Team_attributes AS t2 ON t1.team_api_id = t2.team_api_id WHERE t2.chanceCreationPassingClass = 'Risky',moderate,"['Team_attributes', 'Team']"
1111,european_football_2,"State the chance creation passing class for ""PEC Zwolle"" on 2013/9/20.","""PEC Zwolle"" refers to team_long_name = 'PEC Zwolle'; on 2013/9/20 refers to date = '2013-09-20 00:00:00'","SELECT t2.chanceCreationPassingClass FROM Team AS t1 INNER JOIN Team_Attributes AS t2 ON t1.team_api_id = t2.team_api_id WHERE t1.team_long_name = 'PEC Zwolle' AND SUBSTR(t2.`date`, 1, 10) = '2013-09-20'",moderate,"['Team_Attributes', 'Team']"
1004,formula_1,How many wins was achieved by the oldest racer? Indicate his/her full name.,"oldest racer refers to MIN(dob); full name refers to forename, surname.","SELECT SUM(T1.wins) FROM driverStandings AS T1 INNER JOIN drivers AS T2 on T1.driverId = T2.driverId GROUP BY T2.forename, T2.surname ORDER BY T2.dob ASC LIMIT 1",simple,"['drivers', 'driverStandings']"
1423,student_club,How many income are received with an amount of 50?,amount of 50 refers to amount = 50,SELECT COUNT(income_id) FROM income WHERE amount = 50,simple,['income']
982,formula_1,How many American drivers have been disqualified from the race.,disqualified refers to statusID = 2;,SELECT COUNT(T1.driverId) FROM drivers AS T1 INNER JOIN results AS T2 on T1.driverId = T2.driverId INNER JOIN status AS T3 on T2.statusId = T3.statusId WHERE T3.status = 2 AND T1.nationality = 'American',simple,"['status', 'drivers', 'results']"
905,formula_1,What is Eddie Irvine's average points scored in year 2000?,average points = AVG(points where year = 2000),SELECT AVG(T2.points) FROM drivers AS T1 INNER JOIN driverStandings AS T2 ON T2.driverId = T1.driverId INNER JOIN races AS T3 ON T3.raceId = T2.raceId WHERE T1.forename = 'Eddie' AND T1.surname = 'Irvine' AND T3.year = 2000,simple,"['races', 'drivers', 'driverStandings']"
573,codebase_community,Write the contents of comments with a score of 17.,score of 17 refers to Score = 17; contents of comments refers to Text,SELECT Text FROM comments WHERE Score = 17,simple,['comments']
503,card_games,"What was the expansion type for the set which card ""Samite Pilgrim"" in it?","expansion type refers to type; card ""Samite Pilgrim"" refers to name = 'Samite Pilgrim'",SELECT type FROM sets WHERE code IN ( SELECT setCode FROM cards WHERE name = 'Samite Pilgrim' ),simple,"['cards', 'sets']"
605,codebase_community,"How many users obtained the ""Announcer"" badge?","""Announcer"" is the Name of badge; user refers to UserId",SELECT COUNT(id) FROM badges WHERE Name = 'Announcer',simple,['badges']
1125,european_football_2,"Among the players with finishing rate of 1, pick the eldest player and state the player's name.","eldest player refers to MAX(SUBTRACT(datetime(CURRENT_TIMESTAMP,'localtime'),datetime(birthday))); finishing rate of 1 refers to finishing = 1",SELECT DISTINCT t1.player_name FROM Player AS t1 INNER JOIN Player_Attributes AS t2 ON t1.player_api_id = t2.player_api_id WHERE t2.finishing = 1 ORDER BY t1.birthday ASC LIMIT 1,moderate,"['Player', 'Player_Attributes']"
3,california_schools,What is the unabbreviated mailing address of the school with the highest FRPM count for K-12 students?,,SELECT T2.MailStreet FROM frpm AS T1 INNER JOIN schools AS T2 ON T1.CDSCode = T2.CDSCode ORDER BY T1.`FRPM Count (K-12)` DESC LIMIT 1,simple,"['schools', 'frpm']"
1150,thrombosis_prediction,What is the percentage of female patient were born after 1930?,"female refers to Sex = 'F'; patient who were born after 1930 refers to year(Birthday) > '1930'; calculation = DIVIDE(COUNT(ID) where year(Birthday) > '1930' and SEX = 'F'), (COUNT(ID) where SEX = 'F')","SELECT CAST(SUM(CASE WHEN STRFTIME('%Y', Birthday) > '1930' THEN 1 ELSE 0 END) AS REAL) * 100 / COUNT(*) FROM Patient WHERE SEX = 'F'",moderate,['Patient']
467,card_games,"How many cards are there in the base set of ""Hauptset Zehnte Edition""?","""Hauptset Zehnte Edition"" refers to translation = 'Hauptset Zehnte Edition'; number of cards refers to baseSetSize",SELECT T1.baseSetSize FROM sets AS T1 INNER JOIN set_translations AS T2 ON T2.setCode = T1.code WHERE T2.translation = 'Hauptset Zehnte Edition',simple,"['set_translations', 'sets']"
321,toxicology,"What is the molecule of atom id ""TR000_2"" and atom id 2 ""TR000_4""?",,SELECT T1.molecule_id FROM bond AS T1 INNER JOIN connected AS T2 ON T1.bond_id = T2.bond_id WHERE T2.atom_id = 'TR000_2' AND T2.atom_id2 = 'TR000_4',simple,"['connected', 'bond']"
5,california_schools,How many schools with an average score in Math under 400 in the SAT test are exclusively virtual?,Exclusively virtual refers to Virtual = 'F',SELECT COUNT(DISTINCT T2.School) FROM satscores AS T1 INNER JOIN schools AS T2 ON T1.cds = T2.CDSCode WHERE T2.Virtual = 'F' AND T1.AvgScrMath < 400,simple,"['satscores', 'schools']"
1009,formula_1,Please list the time each driver spent at the pit stop during the 2011 Australian Grand Prix.,time spent at pit stop refers to duration,SELECT T1.duration FROM pitStops AS T1 INNER JOIN races AS T2 on T1.raceId = T2.raceId WHERE T2.year = 2011 AND T2.name = 'Australian Grand Prix',simple,"['pitStops', 'races']"
547,codebase_community,"Among the posts owned by an elder user, how many of them have a score of over 19?",elder users refers to Age > 65; Score of over 19 refers to Score > = 20,SELECT COUNT(T1.Id) FROM posts AS T1 INNER JOIN users AS T2 ON T1.OwnerUserId = T2.Id WHERE T1.Score >= 20 AND T2.Age > 65,simple,"['posts', 'users']"
1067,european_football_2,Which teams have build up play passing more than 70? Please list their short names.,build up play passing refers to buildUpPlayPassing; buildUpPlayPassing > 70; short names refers to team_short_name;,SELECT DISTINCT t1.team_short_name FROM Team AS t1 INNER JOIN Team_Attributes AS t2 ON t1.team_api_id = t2.team_api_id WHERE t2.buildUpPlayPassing > 70,moderate,"['Team_Attributes', 'Team']"
39,california_schools,What is the average number of test takers from Fresno schools that opened between 1/1/1980 and 12/31/1980?,between 1/1/1980 and 12/31/1980 means the year = 1980,"SELECT AVG(T1.NumTstTakr) FROM satscores AS T1 INNER JOIN schools AS T2 ON T1.cds = T2.CDSCode WHERE strftime('%Y', T2.OpenDate) = '1980' AND T2.County = 'Fresno'",simple,"['satscores', 'schools']"
542,codebase_community,What is the total number of comments of all the posts owned by csgillespie?,"""csgillespie"" is the DisplayName of user; total number of comments refers to Sum(CommentCount)",SELECT SUM(T1.CommentCount) FROM posts AS T1 INNER JOIN users AS T2 ON T1.OwnerUserId = T2.Id WHERE T2.DisplayName = 'csgillespie',simple,"['posts', 'users']"
242,toxicology,"Among all the atoms from 21 to 25, list all the molecules that are carcinogenic.","atoms from 21 to 25 refers to SUBSTRING(atom_id, 7, 2) between 21 and 25; label = '+' mean molecules are carcinogenic","SELECT DISTINCT T2.molecule_id FROM atom AS T1 INNER JOIN molecule AS T2 ON T1.molecule_id = T2.molecule_id WHERE SUBSTR(T1.atom_id, -2) BETWEEN '21' AND '25' AND T2.label = '+'",moderate,"['atom', 'molecule']"
136,financial,"Between 1/1/1995 and 12/31/1997, how many loans in the amount of at least 250,000 per account that chose monthly statement issuance were approved?",Frequency = 'POPLATEK MESICNE' stands for monthly issurance,SELECT COUNT(T1.account_id) FROM account AS T1 INNER JOIN loan AS T2 ON T1.account_id = T2.account_id WHERE T2.date BETWEEN '1995-01-01' AND '1997-12-31' AND T1.frequency = 'POPLATEK MESICNE' AND T2.amount > 250000,moderate,"['account', 'loan']"
1214,thrombosis_prediction,"List ID, sex and date of birth of patient whose total protein (TP) below the lower range of the normal index.",total protein (TP) below the lower range of the normal index refers to TP < 6.0,"SELECT DISTINCT T1.ID, T1.SEX, T1.Birthday FROM Patient AS T1 INNER JOIN Laboratory AS T2 ON T1.ID = T2.ID WHERE T2.TP < 6.0",simple,"['Laboratory', 'Patient']"
1284,thrombosis_prediction,"For the patient with the highest lactate dehydrogenase in the normal range, when was his or her data first recorded?",highest lactate dehydrogenase in the normal range refers to MAX(LDH < 500); when the data first recorded refers to MIN(First Date);,SELECT T1.`First Date` FROM Patient AS T1 INNER JOIN Laboratory AS T2 ON T1.ID = T2.ID WHERE T2.LDH < 500 ORDER BY T2.LDH DESC LIMIT 1,moderate,"['Laboratory', 'Patient']"
1528,debit_card_specializing,"What is the percentage of ""premium"" against the overall segment in ""SVK""?",,"SELECT CAST(SUM(IIF(Country = 'SVK' AND Segment = 'Premium', 1, 0)) AS FLOAT) * 100 / SUM(IIF(Country = 'SVK', 1, 0)) FROM gasstations",simple,['gasstations']
700,codebase_community,Identify the number of posts that offer a bounty amount over 30.,bounty amount over 30 refers to BountyAmount > = 30;,SELECT COUNT(id) FROM votes WHERE BountyAmount >= 30,simple,['votes']
1090,european_football_2,What is the long passing score of the oldest player?,long passing score refers to long_passing; oldest player refers to oldest birthday;,SELECT t2.long_passing FROM Player AS t1 INNER JOIN Player_Attributes AS t2 ON t1.player_api_id = t2.player_api_id ORDER BY t1.birthday ASC LIMIT 1,simple,"['Player', 'Player_Attributes']"
1460,student_club,"Write the full name of the member who spent money for water, veggie tray and supplies and include the cost of it.","full name refers to first_name, last name; spent money for refers expense description; expense_description = 'Water, Veggie tray, supplies'","SELECT T2.first_name, T2.last_name, T1.cost FROM expense AS T1 INNER JOIN member AS T2 ON T1.link_to_member = T2.member_id WHERE T1.expense_description = 'Water, Veggie tray, supplies'",challenging,"['expense', 'member']"
1398,student_club,Name the event with the highest amount spent on advertisement.,event refers to event_name; highest amount spent on advertisement refers to MAX(spent) where category = 'Advertisement',SELECT T2.event_name FROM budget AS T1 INNER JOIN event AS T2 ON T1.link_to_event = T2.event_id WHERE T1.category = 'Advertisement' ORDER BY T1.spent DESC LIMIT 1,moderate,"['budget', 'event']"
581,codebase_community,Who is the editor of the post titled 'Open source tools for visualizing multi-dimensional data?','Open source tools for visualizing multi-dimensional data' is the Title of Post,SELECT T2.DisplayName FROM posts AS T1 INNER JOIN users AS T2 ON T1.OwnerUserId = T2.Id WHERE T1.Title = 'Open source tools for visualizing multi-dimensional data?',moderate,"['posts', 'users']"
1508,debit_card_specializing,How many transactions taken place in the gas station in the Czech Republic are with a price of over 1000?,Gas station in the Czech Republic implies that Country = 'CZE',SELECT COUNT(T1.TransactionID) FROM transactions_1k AS T1 INNER JOIN gasstations AS T2 ON T1.GasStationID = T2.GasStationID WHERE T2.Country = 'CZE' AND T1.Price > 1000,simple,"['transactions_1k', 'gasstations']"
817,superhero,Give the race of the blue-haired male superhero.,blue-haired refers to colour.colour = 'blue' WHERE hair_colour_id = colour.id; male refers to gender = 'male';,SELECT T3.race FROM superhero AS T1 INNER JOIN colour AS T2 ON T1.hair_colour_id = T2.id INNER JOIN race AS T3 ON T1.race_id = T3.id INNER JOIN gender AS T4 ON T1.gender_id = T4.id WHERE T2.colour = 'Blue' AND T4.gender = 'Male',moderate,"['colour', 'race', 'gender', 'superhero']"
1421,student_club,Calculate the percentage of members who are major Mathematics in the list?,"DIVIDE(SUM(position = 'Member' and major_name = 'Mathematics'), COUNT(member_id)) * 100",SELECT CAST(SUM(CASE WHEN T2.major_name = 'Mathematics' THEN 1 ELSE 0 END) AS REAL) * 100 / COUNT(T1.member_id) FROM member AS T1 INNER JOIN major AS T2 ON T2.major_id = T1.link_to_major WHERE T1.position = 'Member',moderate,"['member', 'major']"
376,card_games,What are the card layout of cards with keyword of flying?,,SELECT layout FROM cards WHERE keywords = 'Flying',simple,['cards']
314,toxicology,How many single bonds are there in the list?,single bond refers to bond_type = '-';,SELECT COUNT(T.bond_id) FROM bond AS T WHERE T.bond_type = '-',simple,['bond']
442,card_games,"Mention the base set size and set code of the set that was in block named ""Masques"" and ""Mirage"".",,"SELECT DISTINCT T1.baseSetSize, T2.setCode FROM sets AS T1 INNER JOIN set_translations AS T2 ON T2.setCode = T1.code WHERE T1.block IN ('Masques', 'Mirage')",simple,"['set_translations', 'sets']"
319,toxicology,How many elements are contained in bond_id TR001_3_4?,"element = 'cl' means Chlorine; element = 'c' means Carbon; element = 'h' means Hydrogen; element = 'o' means Oxygen, element = 's' means Sulfur; element = 'n' means Nitrogen, element = 'p' means Phosphorus, element = 'na' means Sodium, element = 'br' means Bromine, element = 'f' means Fluorine; element = 'i' means Iodine; element = 'sn' means Tin; element = 'pb' means Lead; element = 'te' means Tellurium; element = 'ca' means Calcium",SELECT COUNT(DISTINCT T1.element) FROM atom AS T1 INNER JOIN connected AS T2 ON T1.atom_id = T2.atom_id WHERE T2.bond_id = 'TR001_3_4',challenging,"['atom', 'connected']"
836,superhero,What is the total number of superheroes that have John as their first name?,have John as their first name refers to full_name LIKE 'John%';,SELECT COUNT(id) FROM superhero WHERE full_name LIKE 'John%',simple,['superhero']
1400,student_club,"Among all events hold by the Student_Club in 2019, find the percentage share of events related to 'Community Service'","DIVIDE(SUM(type = 'Community Service'), COUNT(event_id)) * 100 where event_date BETWEEN' 2019-01-01' and '2019-12-31'","SELECT CAST(SUM(CASE WHEN type = 'Community Service' THEN 1 ELSE 0 END) AS REAL) * 100 / COUNT(type) FROM event WHERE SUBSTR(event_date, 1, 4) = '2019'",moderate,['event']
1157,thrombosis_prediction,"For patients with severe degree of thrombosis, list their ID, sex and dieseas the patient is diagnosed with.",severe degree of thrombosis refers to thrombosis = 2; disease refers to diagnosis,"SELECT DISTINCT T1.ID, T1.SEX, T1.Diagnosis FROM Patient AS T1 INNER JOIN Examination AS T2 ON T1.ID = T2.ID WHERE T2.Thrombosis = 2",simple,"['Examination', 'Patient']"
424,card_games,What proportion of cards do not have a text box with a normal layout?,"do not have a text box refers to isTextless = 1; proportion refers to DIVIDE(COUNT(Textless = 1 and layout = 'normal'),COUNT(Textless))*100",SELECT CAST(SUM(CASE WHEN isTextless = 1 AND layout = 'normal' THEN 1 ELSE 0 END) AS REAL) * 100 / COUNT(*) FROM cards,simple,['cards']
553,codebase_community,"Among the badges obtained by csgillespie, how many of them were obtained in the year 2011?","""csgillespie"" is the DisplayName of user; obtained in 2011 refers to YEAR (Date) = 2011","SELECT COUNT(T1.Id) FROM badges AS T1 INNER JOIN users AS T2 ON T1.UserId = T2.Id WHERE STRFTIME('%Y', T1.Date) = '2011' AND T2.DisplayName = 'csgillespie'",simple,"['badges', 'users']"
594,codebase_community,Which user created post ID 1 and what is the reputation of this user?,,"SELECT T2.Id, T2.Reputation FROM comments AS T1 INNER JOIN users AS T2 ON T1.UserId = T2.Id WHERE T1.PostId = 1",simple,"['comments', 'users']"
1303,thrombosis_prediction,When is the birthday of the oldest patient whose blood glucose is abnormal?,oldest patient refers to MIN(Birthday); blood glucose is abnormal refers to GLU > 180;,SELECT T1.Birthday FROM Patient AS T1 INNER JOIN Laboratory AS T2 ON T1.ID = T2.ID WHERE T2.GLU > 180 ORDER BY T1.Birthday ASC LIMIT 1,simple,"['Laboratory', 'Patient']"
879,formula_1,"For the driver who set the fastest lap speed, what is his nationality?","the fastest lap speed refers to (MAX) fastestLapSpeed

SQL mentions raceId = 348, that is not in the question",SELECT T1.nationality FROM drivers AS T1 INNER JOIN results AS T2 ON T2.driverId = T1.driverId WHERE T2.fastestLapTime IS NOT NULL ORDER BY T2.fastestLapSpeed DESC LIMIT 1,moderate,"['drivers', 'results']"
798,superhero,"What is the publisher for Hawkman, Karate Kid and Speedy?",publisher refers to publisher_name; Hawkman refers to superhero_name = 'Hawkman'; Karate Kid refers to superhero_name = 'Karate Kid'; Speedy refers to superhero_name = 'Speedy';,"SELECT T2.publisher_name FROM superhero AS T1 INNER JOIN publisher AS T2 ON T1.publisher_id = T2.id WHERE T1.superhero_name IN ('Hawkman', 'Karate Kid', 'Speedy')",moderate,"['publisher', 'superhero']"
1246,thrombosis_prediction,"For the patients with an abnormal activated partial prothrom bin time, how many of them have a mild thrombosis?",abnormal activated partial prothrom bin time refers to APTT > 45; mild thrombosis refers to Thrombosis = 3; Only count ones without repetitive.,SELECT COUNT(DISTINCT T1.ID) FROM Patient AS T1 INNER JOIN Laboratory AS T2 ON T1.ID = T2.ID INNER JOIN Examination AS T3 ON T3.ID = T2.ID WHERE T3.Thrombosis = 3 AND T2.APTT > 45,moderate,"['Laboratory', 'Examination', 'Patient']"
1355,student_club,"Where is the hometown state for ""Sacha Harrison""?",hometown state refers to state;,SELECT T2.state FROM member AS T1 INNER JOIN zip_code AS T2 ON T1.zip = T2.zip_code WHERE T1.first_name = 'Sacha' AND T1.last_name = 'Harrison',simple,"['zip_code', 'member']"
227,toxicology,What is the percentage of molecules that are carcinogenic?,"label = '+' mean molecules are carcinogenic; percentage = DIVIDE(SUM(label = '+'), COUNT(molecule_id)) as percent",SELECT CAST(COUNT(CASE WHEN T.label = '+' THEN T.molecule_id ELSE NULL END) AS REAL) * 100 / COUNT(T.molecule_id) FROM molecule t,simple,['molecule']
869,formula_1,"For the constructor which got the highest point in the race No. 9 , what is its introduction website?",race number refers to raceId; introduction website of the constructor refers to url;,SELECT T2.url FROM constructorResults AS T1 INNER JOIN constructors AS T2 ON T2.constructorId = T1.constructorId WHERE T1.raceId = 9 ORDER BY T1.points DESC LIMIT 1,moderate,"['constructorResults', 'constructors']"
841,superhero,Provide the weight and race of the superhero with superhero ID 40.,weight refers to weight_kg; superhero ID 40 refers to superhero.id = 40;,"SELECT T1.weight_kg, T2.race FROM superhero AS T1 INNER JOIN race AS T2 ON T1.race_id = T2.id WHERE T1.id = 40",simple,"['race', 'superhero']"
1091,european_football_2,"How many matches were held in the Belgium Jupiler League in April, 2009?","Belgium Jupiler League refers to League.name = 'Belgium Jupiler League'; in April, 2009 refers to strftime('%Y', date) = '2009' AND strftime('%m', date) = '04';","SELECT COUNT(t2.id) FROM League AS t1 INNER JOIN Match AS t2 ON t1.id = t2.league_id WHERE t1.name = 'Belgium Jupiler League' AND SUBSTR(t2.`date`, 1, 4) = '2009'",moderate,"['Match', 'League']"
813,superhero,Calculate the average attribute value of all neutral superheroes.,average = AVG(attribute_value); neutral superheroes refers to alignment_id = 3;,SELECT AVG(T1.attribute_value) FROM hero_attribute AS T1 INNER JOIN superhero AS T2 ON T1.hero_id = T2.id INNER JOIN alignment AS T3 ON T2.alignment_id = T3.id WHERE T3.alignment = 'Neutral',simple,"['alignment', 'superhero', 'hero_attribute']"
66,california_schools,"Between 1/1/2000 to 12/31/2005, how many directly funded schools opened in the county of Stanislaus?",Directly funded schools refers to FundingType = 'Directly Funded',"SELECT COUNT(School) FROM schools WHERE strftime('%Y', OpenDate) BETWEEN '2000' AND '2005' AND County = 'Stanislaus' AND FundingType = 'Directly funded'",simple,['schools']
393,card_games,On how many cards designed by John Avon is its foil non-powerful?,"John Avon refer to artist; foil poweful foils refers to cardKingdomId and cardKingdomFoildId is NOT NULL 
",SELECT COUNT(id) FROM cards WHERE (cardKingdomId IS NULL OR cardKingdomFoilId IS NULL) AND artist = 'John Avon',simple,['cards']
579,codebase_community,Write all comments made on the post titled 'How does gentle boosting differ from AdaBoost?',"""How does gentle boosting differ from AdaBoost?"" is the Title of post; comments refers to Text",SELECT T1.Text FROM comments AS T1 INNER JOIN posts AS T2 ON T1.PostId = T2.Id WHERE T2.Title = 'How does gentle boosting differ from AdaBoost?',simple,"['posts', 'comments']"
24,california_schools,Give the names of the schools with the percent eligible for free meals in K-12 is more than 0.1 and test takers whose test score is greater than or equal to 1500?,,SELECT T2.`School Name` FROM satscores AS T1 INNER JOIN frpm AS T2 ON T1.cds = T2.CDSCode WHERE CAST(T2.`Free Meal Count (K-12)` AS REAL) / T2.`Enrollment (K-12)` > 0.1 AND T1.NumGE1500 > 0,moderate,"['satscores', 'frpm']"
211,toxicology,Indicate which atoms are connected in non-carcinogenic type molecules.,label = '-' means molecules are non-carcinogenic,SELECT DISTINCT T1.atom_id FROM atom AS T1 INNER JOIN molecule AS T2 ON T1.molecule_id = T2.molecule_id INNER JOIN connected AS T3 ON T1.atom_id = T3.atom_id WHERE T2.label = '-',simple,"['atom', 'connected', 'molecule']"
1260,thrombosis_prediction,Please list the ID of the patient whose RF is normal and who is older than 60.,"RF is normal refers to RF < 20; older than 60 = SUBTRACT((YEAR(CURDATE()), YEAR(Birthday))) > 60;","SELECT T1.ID FROM Patient AS T1 INNER JOIN Laboratory AS T2 ON T1.ID = T2.ID WHERE T2.RF < 20 AND STRFTIME('%Y', DATE('now')) - STRFTIME('%Y', T1.Birthday) > 60",simple,"['Laboratory', 'Patient']"
810,superhero,What is the race of the superhero with maximum attribute value?,maximum attribute value refers to MAX(attribute_value);,SELECT T3.race FROM superhero AS T1 INNER JOIN hero_attribute AS T2 ON T1.id = T2.hero_id INNER JOIN race AS T3 ON T1.race_id = T3.id ORDER BY T2.attribute_value DESC LIMIT 1,simple,"['race', 'superhero', 'hero_attribute']"
536,codebase_community,How many users with more than 10 views created their account after the year 2013?,more than 10 views refers to Views > 10; created after the year 2013 refers to year (CreationDate) > 2013,"SELECT COUNT(id) FROM users WHERE STRFTIME('%Y', CreationDate) > '2013' AND Views > 10",simple,['users']
741,superhero,What is the name of the superhero that has the most powers?,name of the superhero refers to superhero_name; superhero that has the most powers refers to MAX(COUNT(superhero_name)),SELECT T1.superhero_name FROM superhero AS T1 INNER JOIN hero_power AS T2 ON T1.id = T2.hero_id GROUP BY T1.superhero_name ORDER BY COUNT(T2.hero_id) DESC LIMIT 1,simple,"['hero_power', 'superhero']"
1493,debit_card_specializing,"In February 2012, what percentage of customers consumed more than 528.3?",February 2012 refers to '201202' in yearmonth.date,"SELECT CAST(SUM(IIF(Consumption > 528.3, 1, 0)) AS FLOAT) * 100 / COUNT(CustomerID) FROM yearmonth WHERE Date = '201202'",simple,['yearmonth']
85,california_schools,What is the Percent (%) Eligible Free (K-12) in the school administered by an administrator whose first name is Alusine. List the district code of the school.,Percent (%) Eligible Free (K-12) = `Free Meal Count (K-12)` / `Enrollment (K-12)` * 100%,"SELECT T1.`Free Meal Count (K-12)` * 100 / T1.`Enrollment (K-12)`, T1.`District Code` FROM frpm AS T1 INNER JOIN schools AS T2 ON T1.CDSCode = T2.CDSCode WHERE T2.AdmFName1 = 'Alusine'",moderate,"['schools', 'frpm']"
1382,student_club,"Among the students majored in interior design, who have attended the Community Theater event?",majored in music refers to major_name = 'Interior Design'; 'Community Theater' is the event name;,"SELECT T2.first_name, T2.last_name FROM major AS T1 INNER JOIN member AS T2 ON T1.major_id = T2.link_to_major INNER JOIN attendance AS T3 ON T2.member_id = T3.link_to_member INNER JOIN event AS T4 ON T3.link_to_event = T4.event_id WHERE T4.event_name = 'Community Theater' AND T1.major_name = 'Interior Design'",moderate,"['attendance', 'event', 'member', 'major']"
272,toxicology,List down two molecule id of triple bond non carcinogenic molecules with element carbon.,carbon refers to element = 'c'; triple bond refers to bond_type = '#'; label = '-' means molecules are non-carcinogenic,SELECT DISTINCT T2.molecule_id FROM atom AS T1 INNER JOIN molecule AS T2 ON T1.molecule_id = T2.molecule_id INNER JOIN bond AS T3 ON T2.molecule_id = T3.molecule_id WHERE T3.bond_type = '#' AND T1.element = 'c' AND T2.label = '-',moderate,"['atom', 'molecule', 'bond']"
1343,student_club,"With the biggest budget for the ""Food"", what was the remaining of it?","remaining of budget refers to remaining, biggest budget for 'Food' refers to MAX(budget.amount) where category = 'Food'",SELECT remaining FROM budget WHERE category = 'Food' AND amount = ( SELECT MAX(amount) FROM budget WHERE category = 'Food' ),simple,['budget']
1200,thrombosis_prediction,What proportion of patients who had signs of thrombocytopenia had SLE diagnosed?,"thrombocytopenia' refers to symptoms; 'SLE' refers to diagnosis; calculation =   DIVIDE(SUM(DIAGNOSIS LIKE '%ITP%'), SUM(DIAGNOSIS LIKE '%SLE%')) MULTIPLY 100",SELECT CAST(SUM(CASE WHEN Diagnosis = 'SLE' THEN 1 ELSE 0 END) AS REAL) * 100 / COUNT(ID) FROM Examination WHERE Symptoms = 'thrombocytopenia',moderate,['Examination']
1383,student_club,"State the name of students from Georgetown, South Carolina.","name of students means the full name; full name refers to first_name, last_name; Georgetown is a city; South Carolina is a state","SELECT T1.first_name, T1.last_name FROM member AS T1 INNER JOIN zip_code AS T2 ON T1.zip = T2.zip_code WHERE T2.city = 'Georgetown' AND T2.state = 'South Carolina'",simple,"['zip_code', 'member']"
630,codebase_community,What is the name of tags used by John Stauffer's?,DisplayName = 'John Stauffer';,SELECT T3.Tags FROM users AS T1 INNER JOIN postHistory AS T2 ON T1.Id = T2.UserId INNER JOIN posts AS T3 ON T2.PostId = T3.Id WHERE T1.DisplayName = 'John Salvatier',simple,"['posts', 'users', 'postHistory']"
1052,european_football_2,"Among all the players whose weight is under 130, how many of them preferred foot in attacking is left?",weight < 130; preferred foot in attacking refers to preferred_foot; preferred_foot = 'left';,SELECT COUNT(DISTINCT t1.id) FROM Player AS t1 INNER JOIN Player_Attributes AS t2 ON t1.player_api_id = t2.player_api_id WHERE t1.weight < 130 AND t2.preferred_foot = 'left',moderate,"['Player', 'Player_Attributes']"
1432,student_club,"Among the members with t-shirt size of medium, what is the percentage of the amount 50 received by the Student_Club?","t_shirt_size = 'Medium' where position = 'Member'; percentage = DIVIDE(COUNT(amount = 50), COUNT(member_id)) * 100",SELECT CAST(SUM(CASE WHEN T2.amount = 50 THEN 1.0 ELSE 0 END) AS REAL) * 100 / COUNT(T2.income_id) FROM member AS T1 INNER JOIN income AS T2 ON T1.member_id = T2.link_to_member WHERE T1.position = 'Member' AND T1.t_shirt_size = 'Medium',moderate,"['income', 'member']"
505,card_games,"Show the Simplified Chinese translation of the name of the set ""Mirrodin""?","Simplified Chinese translation refers to language = 'Chinese Simplified'; name of the set ""Mirrodin"" refers to name = 'Mirrodin'",SELECT translation FROM set_translations WHERE setCode IN ( SELECT code FROM sets WHERE name = 'Mirrodin' ) AND language = 'Chinese Simplified',moderate,"['set_translations', 'sets']"
273,toxicology,What is the percentage of element chlorine in carcinogenic molecules?,chlorine refers to element = 'cl'; label = '+' mean molecules are carcinogenic; percentage = DIVIDE(SUM(element = 'pb'); COUNT(molecule_id)) as percentage where label = '+',SELECT CAST(COUNT( CASE WHEN T1.element = 'cl' THEN T1.element ELSE NULL END) AS REAL) * 100 / COUNT(T1.element) FROM atom AS T1 INNER JOIN molecule AS T2 ON T1.molecule_id = T2.molecule_id WHERE T2.label = '+',moderate,"['atom', 'molecule']"
1502,debit_card_specializing,Please list the chains of the gas stations with transactions in euro.,,SELECT DISTINCT T3.ChainID FROM transactions_1k AS T1 INNER JOIN customers AS T2 ON T1.CustomerID = T2.CustomerID INNER JOIN gasstations AS T3 ON T1.GasStationID = T3.GasStationID WHERE T2.Currency = 'EUR',simple,"['customers', 'transactions_1k', 'gasstations']"
362,card_games,"What is the description about the ruling of card ""Condemn""?",Ancestor's Chosen' is the name of card; description about the ruling refers to text;,SELECT T2.text FROM cards AS T1 INNER JOIN rulings AS T2 ON T1.uuid = T2.uuid WHERE T1.name = 'Condemn',simple,"['cards', 'rulings']"
622,codebase_community,"State the name of badge that the user whose display name is ""Sharpie"" obtained.","""Sharpie"" is the DisplayName of user; user refers to UserId",SELECT T2.Name FROM users AS T1 INNER JOIN badges AS T2 ON T1.Id = T2.UserId WHERE T1.DisplayName = 'Sharpie',simple,"['badges', 'users']"
2,california_schools,Please list the zip code of all the charter schools in Fresno County Office of Education.,Charter schools refers to `Charter School (Y/N)` = 1 in the table fprm,SELECT T2.Zip FROM frpm AS T1 INNER JOIN schools AS T2 ON T1.CDSCode = T2.CDSCode WHERE T1.`District Name` = 'Fresno County Office of Education' AND T1.`Charter School (Y/N)` = 1,simple,"['schools', 'frpm']"
6,california_schools,"Among the schools with the SAT test takers of over 500, please list the schools that are magnet schools or offer a magnet program.",Magnet schools or offer a magnet program means that Magnet = 1,SELECT T2.School FROM satscores AS T1 INNER JOIN schools AS T2 ON T1.cds = T2.CDSCode WHERE T2.Magnet = 1 AND T1.NumTstTakr > 500,simple,"['satscores', 'schools']"
311,toxicology,How many molecules without sulphur element is not having double bond?,double bond refers to bond_type = ' = '; bond_type ! = ' = '; sulphur refers to element = 's',SELECT COUNT(DISTINCT T1.molecule_id) FROM atom AS T1 INNER JOIN bond AS T2 ON T1.molecule_id = T2.molecule_id WHERE T1.element <> 's' AND T2.bond_type <> '=',simple,"['atom', 'bond']"
1249,thrombosis_prediction,Please list the disease names of the patients that have a proteinuria level higher than normal.,disease names refers to Diagnosis; proteinuria level higher than normal refers to `U-PRO` > = 30;,SELECT T1.Diagnosis FROM Patient AS T1 INNER JOIN Laboratory AS T2 ON T1.ID = T2.ID WHERE T2.`U-PRO` >= 30,simple,"['Laboratory', 'Patient']"
665,codebase_community,What is the average monthly number of links created in 2010 for posts that have no more than 2 answers?,"DIVIDE(COUNT(Id where YEAR(CreationDate) = 2010 and AnswerCount < = 2), 12)","SELECT CAST(COUNT(T1.Id) AS REAL) / 12 FROM postLinks AS T1 INNER JOIN posts AS T2 ON T1.PostId = T2.Id WHERE T2.AnswerCount <= 2 AND STRFTIME('%Y', T1.CreationDate) = '2010'",moderate,"['posts', 'postLinks']"
974,formula_1,State the racing year which has the fastest lap time?,'has the fastest lap time?' refers to fastestLapTime has values,SELECT T2.year FROM results AS T1 INNER JOIN races AS T2 on T1.raceId = T2.raceId WHERE T1.fastestLapTime IS NOT NULL,simple,"['results', 'races']"
1511,debit_card_specializing,"For the customers who paid in the euro, what is their average total price of the transactions?",,SELECT AVG(T1.Price) FROM transactions_1k AS T1 INNER JOIN gasstations AS T2 ON T1.GasStationID = T2.GasStationID INNER JOIN customers AS T3 ON T1.CustomerID = T3.CustomerID WHERE T3.Currency = 'EUR',simple,"['customers', 'transactions_1k', 'gasstations']"
215,toxicology,How many atoms with iodine and sulfur type elements are there in single bond molecules?,with iodine element refer to element = 'i'; with sulfur element refers to element = 's'; single type bond refers to bond_type = '-';,"SELECT COUNT(DISTINCT CASE WHEN T1.element = 'i' THEN T1.atom_id ELSE NULL END) AS iodine_nums , COUNT(DISTINCT CASE WHEN T1.element = 's' THEN T1.atom_id ELSE NULL END) AS sulfur_nums FROM atom AS T1 INNER JOIN connected AS T2 ON T1.atom_id = T2.atom_id INNER JOIN bond AS T3 ON T2.bond_id = T3.bond_id WHERE T3.bond_type = '-'",challenging,"['atom', 'connected', 'bond']"
820,superhero,How strong is the Hulk?,how strong refers to attribute_value WHERE attribute_name = 'Strength'; the Hulk refers to superhero_name = 'Hulk';,SELECT T2.attribute_value FROM superhero AS T1 INNER JOIN hero_attribute AS T2 ON T1.id = T2.hero_id INNER JOIN attribute AS T3 ON T2.attribute_id = T3.id WHERE T1.superhero_name = 'Hulk' AND T3.attribute_name = 'Strength',moderate,"['attribute', 'superhero', 'hero_attribute']"
27,california_schools,"What is the average score in writing for the schools that were opened after 1991 or closed before 2000? List the school names along with the score. Also, list the communication number of the schools if there is any.",Communication number refers to phone number.,"SELECT T2.School, T1.AvgScrWrite, T2.Phone, strftime('%Y', T2.OpenDate), strftime('%Y', T2.ClosedDate) FROM schools AS T2 LEFT JOIN satscores AS T1 ON T2.CDSCode = T1.cds WHERE strftime('%Y', T2.OpenDate) > '1991' AND strftime('%Y', T2.ClosedDate) < '2000'",moderate,"['satscores', 'schools']"
1102,european_football_2,"For the players who had a 77 points overall rating on 2016/6/23, who was the oldest? Give the name of the player.",77 points overall rating refers to overall_rating = 77; on 2016/6/23; oldest refers to MIN(birthday),"SELECT t1.player_name FROM Player AS t1 INNER JOIN Player_Attributes AS t2 ON t1.player_api_id = t2.player_api_id WHERE SUBSTR(t2.`date`, 1, 10) = '2016-06-23' AND t2.overall_rating = 77 ORDER BY t1.birthday ASC LIMIT 1",moderate,"['Player', 'Player_Attributes']"
900,formula_1,List circuits in USA which hosted f1 races in 2006. State the name and location of circuit and the name of the race it hosted.,,"SELECT T1.name, T1.location, T2.name FROM circuits AS T1 INNER JOIN races AS T2 ON T2.circuitID = T1.circuitId WHERE T1.country = 'USA' AND T2.year = 2006",simple,"['circuits', 'races']"
701,codebase_community,"Among all the posts posted by the most influential user, identify the percentage with a score above 50.","The user with higher reputation has more influence; DIVIDE(COUNT(stats_posts.Id where Score > = 50 and MAX(Reputation))), COUNT(stats_posts.Id where MAX(Reputation)) as percentage;",SELECT CAST(SUM(CASE WHEN T2.Score >= 50 THEN 1 ELSE 0 END) AS REAL) * 100 / COUNT(T1.Id) FROM users T1 INNER JOIN posts T2 ON T1.Id = T2.OwnerUserId INNER JOIN ( SELECT MAX(Reputation) AS max_reputation FROM users ) T3 ON T1.Reputation = T3.max_reputation,challenging,"['posts', 'users']"
638,codebase_community,List all the name of users that obtained the Organizer Badges.,name of users refers to DisplayName; the Organizer Badges refer to badges where Name = 'Organizer';,SELECT T1.DisplayName FROM users AS T1 INNER JOIN badges AS T2 ON T1.Id = T2.UserId WHERE T2.`Name` = 'Organizer',simple,"['badges', 'users']"
777,superhero,What is the gender of Agent 13 hero?,Agent 13 hero refers to superhero_name = 'Agent 13';,SELECT T2.gender FROM superhero AS T1 INNER JOIN gender AS T2 ON T1.gender_id = T2.id WHERE T1.superhero_name = 'Agent 13',simple,"['gender', 'superhero']"
858,formula_1,Which country is the constructor which got 1 point in the race No. 24 from?,race number refers to raceId;,SELECT T2.nationality FROM constructorResults AS T1 INNER JOIN constructors AS T2 ON T2.constructorId = T1.constructorId WHERE T1.raceId = 24 AND T1.points = 1,simple,"['constructorResults', 'constructors']"
624,codebase_community,What is the name of user with the ID of 30?,name of user refers to DisplayName;,SELECT DisplayName FROM users WHERE Id = 30,simple,['users']
882,formula_1,Which year was the first Singapore Grand Prix?,the first race refers to race happened in min(year);,SELECT year FROM races WHERE name = 'Singapore Grand Prix' ORDER BY year ASC LIMIT 1,simple,['races']
256,toxicology,Calculate the total atoms consisting of the element carbon and hydrogen.,"consisting of element carbon and hydrogen refers to element in('c', 'h')",SELECT COUNT(T.atom_id) FROM atom AS T WHERE T.element = 'c' OR T.element = 'h',simple,['atom']
25,california_schools,"Name schools in Riverside which the average of average math score for SAT is grater than 400, what is the funding type of these schools?",Average of average math = sum(average math scores) / count(schools).,"SELECT T1.sname, T2.`Charter Funding Type` FROM satscores AS T1 INNER JOIN frpm AS T2 ON T1.cds = T2.CDSCode WHERE T2.`District Name` LIKE 'Riverside%' GROUP BY T1.sname, T2.`Charter Funding Type` HAVING CAST(SUM(T1.AvgScrMath) AS REAL) / COUNT(T1.cds) > 400",moderate,"['satscores', 'frpm']"
336,toxicology,"in molecules with triple bonds, how many of them are not carcinogenic?",triple bond refers to bond_type = '#'; label = '-' means molecules are non-carcinogenic,SELECT COUNT(DISTINCT T1.molecule_id) FROM molecule AS T1 INNER JOIN bond AS T2 ON T1.molecule_id = T2.molecule_id WHERE T2.bond_type = '#' AND T1.label = '-',simple,"['molecule', 'bond']"
572,codebase_community,How many views did the post titled 'Integration of Weka and/or RapidMiner into Informatica PowerCenter/Developer' get?,"""Integration of Weka and/or RapidMiner into Informatica PowerCenter/Developer"" is the Title of post; views refers to ViewCount",SELECT ViewCount FROM posts WHERE Title = 'Integration of Weka and/or RapidMiner into Informatica PowerCenter/Developer',moderate,['posts']
47,california_schools,What is the monthly average number of schools that opened in Alameda County under the jurisdiction of the Elementary School District in 1980?,Elementary School District refers to DOC = 52; Monthly average number of schools that opened in 2018 = count(schools that opened in 1980) / 12,"SELECT CAST(COUNT(School) AS REAL) / 12 FROM schools WHERE DOC = 52 AND County = 'Alameda' AND strftime('%Y', OpenDate) = '1980'",moderate,['schools']
106,financial,What is the biggest amount of transaction that the client whose card was opened in 1996/10/21 made?,,SELECT T2.amount FROM account AS T1 INNER JOIN trans AS T2 ON T1.account_id = T2.account_id WHERE T1.date = '1996-10-21' ORDER BY T2.amount DESC LIMIT 1,simple,"['trans', 'account']"
349,card_games,Name the card and artist with the most ruling information. Also state if the card is a promotional printing.,with the most ruling information refers to Max(count(rulings.uuid)); the card is the promotional printing refers to isPromo = 1;,"SELECT T1.name, T1.artist, T1.isPromo FROM cards AS T1 INNER JOIN rulings AS T2 ON T1.uuid = T2.uuid WHERE T1.isPromo = 1 GROUP BY T1.artist ORDER BY COUNT(DISTINCT T1.uuid) DESC LIMIT 1",moderate,"['cards', 'rulings']"
55,california_schools,"Of the schools with a mailing state address in California, what is the ratio of the schools located in the county of Colusa against the school located in the county of Humboldt?",Ratio = count(schools in Colusa) / count(schools in Humboldt),SELECT CAST(SUM(CASE WHEN County = 'Colusa' THEN 1 ELSE 0 END) AS REAL) / SUM(CASE WHEN County = 'Humboldt' THEN 1 ELSE 0 END) FROM schools WHERE MailState = 'CA',moderate,['schools']
839,superhero,"In superheroes with weight less than 100, list the full name of the superheroes with brown eyes.",weight less than 100 refers to weight_kg < 100,SELECT T1.full_name FROM superhero AS T1 INNER JOIN colour AS T2 ON T1.eye_colour_id = T2.id WHERE T1.weight_kg < 100 AND T2.colour = 'Brown',simple,"['colour', 'superhero']"
213,toxicology,What type of bond is there between the atoms TR004_8 and TR004_20?,type of bond refers to bond_type; between the atoms TR004_8 and TR004_20 refers to atom_id between atom_id = 'TR004_8' and atom_id = 'TR004_20';,SELECT T1.bond_type FROM bond AS T1 INNER JOIN connected AS T2 ON T1.bond_id = T2.bond_id WHERE T2.atom_id = 'TR004_8' AND T2.atom_id2 = 'TR004_20' OR T2.atom_id2 = 'TR004_8' AND T2.atom_id = 'TR004_20',moderate,"['connected', 'bond']"
120,financial,"From Year 1995 to 2000, who are the accounts holders from 'east Bohemia'. State the account ID the frequency of statement issuance.",Accounts holder refers to the person who own this account.,"SELECT T1.account_id, T1.frequency FROM account AS T1 INNER JOIN district AS T2 ON T1.district_id = T2.district_id WHERE T2.A3 = 'east Bohemia' AND STRFTIME('%Y', T1.date) BETWEEN '1995' AND '2000'",moderate,"['account', 'district']"
903,formula_1,How many times did Michael Schumacher won from races hosted in Sepang International Circuit?,win from races refers to max(points),SELECT SUM(T2.wins) FROM drivers AS T1 INNER JOIN driverStandings AS T2 ON T2.driverId = T1.driverId INNER JOIN races AS T3 ON T3.raceId = T2.raceId INNER JOIN circuits AS T4 ON T4.circuitId = T3.circuitId WHERE T1.forename = 'Michael' AND T1.surname = 'Schumacher' AND T4.name = 'Sepang International Circuit',moderate,"['circuits', 'races', 'drivers', 'driverStandings']"
1269,thrombosis_prediction,Please list the IDs of the patients who had the examination done after 1997/1/1 and had a normal anti-scl70.,"examination done after 1997/1/1 refers to `Examination Date` > = 1997-01-01; normal anti-scl70 refers to SC170 IN('-', '+-');","SELECT T1.ID FROM Patient AS T1 INNER JOIN Laboratory AS T2 ON T1.ID = T2.ID WHERE T2.SC170 IN ('negative','0') AND T2.Date > 1997-01-01",moderate,"['Laboratory', 'Patient']"
72,california_schools,How many students from the ages of 5 to 17 are enrolled at the State Special School school in Fremont for the 2014-2015 academic year?,State Special School means EdOpsCode = 'SSS',SELECT T1.`Enrollment (Ages 5-17)` FROM frpm AS T1 INNER JOIN schools AS T2 ON T1.CDSCode = T2.CDSCode WHERE T2.EdOpsCode = 'SSS' AND T2.City = 'Fremont' AND T1.`Academic Year` BETWEEN 2014 AND 2015,moderate,"['schools', 'frpm']"
808,superhero,Find the race of the superhero who weighs 108kg and is 188cm tall.,weighs 108kg refers to weight_kg = 108; 188cm tall refers to height_cm = 188;,SELECT DISTINCT T2.race FROM superhero AS T1 INNER JOIN race AS T2 ON T1.race_id = T2.id WHERE T1.weight_kg = 108 AND T1.height_cm = 188,simple,"['race', 'superhero']"
745,superhero,Give the publisher ID of Star Trek.,Star Trek is the publisher_name;,SELECT id FROM publisher WHERE publisher_name = 'Star Trek',simple,['publisher']
45,california_schools,What is the average writing score of each of the schools managed by Ricci Ulrich? List the schools and the corresponding average writing scores.,"Usually, administrators manage the school stuff.","SELECT T2.School, T1.AvgScrWrite FROM satscores AS T1 INNER JOIN schools AS T2 ON T1.cds = T2.CDSCode WHERE T2.AdmFName1 = 'Ricci' AND T2.AdmLName1 = 'Ulrich'",moderate,"['satscores', 'schools']"
1449,student_club,What is the name and major of members who had to spend more than a hundred dollars on an expense?,"full name refers to first_name, last_name; major of members refers to major_name; spend more than a hundred dollars on an expense refers to cost > 100","SELECT DISTINCT T1.first_name, T1.last_name, T2.major_name FROM member AS T1 INNER JOIN major AS T2 ON T2.major_id = T1.link_to_major INNER JOIN expense AS T3 ON T1.member_id = T3.link_to_member WHERE T3.cost > 100",moderate,"['expense', 'member', 'major']"
523,card_games,What is the annual average number of sets that were released between 1/1/2012 to 12/31/2015? Indicate the common langugage of the card.,AVG(id); releaseDate BETWEEN 1/1/2012 AND 12/31/2015; the common language refers to MAX(COUNT(language)),"SELECT (CAST(SUM(T1.id) AS REAL) / COUNT(T1.id)) / 4, T2.language FROM sets AS T1 INNER JOIN set_translations AS T2 ON T1.id = T2.id WHERE T1.releaseDate BETWEEN '2012-01-01' AND '2015-12-31' GROUP BY T1.releaseDate ORDER BY COUNT(T2.language) DESC LIMIT 1",challenging,"['set_translations', 'sets']"
1205,thrombosis_prediction,Was the patient with the number 57266's uric acid within a normal range?,uric acid within a normal range refers to UA > 8.0 and SEX = 'M'; UA > 6.5 and SEX = 'F',SELECT CASE WHEN (T1.SEX = 'F' AND T2.UA > 6.5) OR (T1.SEX = 'M' AND T2.UA < 8.0) THEN true ELSE false END FROM Patient AS T1 INNER JOIN Laboratory AS T2 ON T1.ID = T2.ID WHERE T1.ID = 57266,moderate,"['Laboratory', 'Patient']"
819,superhero,"In superheroes with missing weight data, calculate the difference between the number of superheroes with blue eyes and no eye color.","missing weight data refers to weight_kg = 0 OR T1.weight_kg = NULL; difference = SUBTRACT(SUM(colour.id = 7), SUM(colour.id = 1)); blue eyes refers to eye_colour_id WHERE colour.id = 7; no eye color refers to eye_colour_id WHERE colour.id = 1;",SELECT SUM(CASE WHEN T2.id = 7 THEN 1 ELSE 0 END) - SUM(CASE WHEN T2.id = 1 THEN 1 ELSE 0 END) FROM superhero AS T1 INNER JOIN colour AS T2 ON T1.eye_colour_id = T2.id WHERE T1.weight_kg = 0 OR T1.weight_kg is NULL,challenging,"['colour', 'superhero']"
1474,debit_card_specializing,"Which customers, paying in CZK, consumed the most gas in 2011?","Year 2011 can be presented as Between 201101 And 201112, which means between January and December in 2011",SELECT T1.CustomerID FROM customers AS T1 INNER JOIN yearmonth AS T2 ON T1.CustomerID = T2.CustomerID WHERE T1.Currency = 'CZK' AND T2.Date BETWEEN 201101 AND 201112 GROUP BY T1.CustomerID ORDER BY SUM(T2.Consumption) DESC LIMIT 1,moderate,"['customers', 'yearmonth']"
824,superhero,Identify superheroes who can control wind and list their names in alphabetical order.,superheroes refers to superhero_name; can control wind refers to power_name = 'Wind Control';,SELECT T1.superhero_name FROM superhero AS T1 INNER JOIN hero_power AS T2 ON T1.id = T2.hero_id INNER JOIN superpower AS T3 ON T2.power_id = T3.id WHERE T3.power_name = 'Wind Control' ORDER BY T1.superhero_name,moderate,"['superpower', 'hero_power', 'superhero']"
533,codebase_community,How many users last accessed the website after 2014/9/1?,last accessed after 2014/9/1 refers to LastAccessDate > '2014-09-01 00:00:00',SELECT COUNT(Id) FROM users WHERE date(LastAccessDate) > '2014-09-01',simple,['users']
1425,student_club,"In the College of Agriculture and Applied Sciences, how many majors are under the department of School of Applied Sciences, Technology and Education?",,"SELECT COUNT(major_id) FROM major WHERE department = 'School of Applied Sciences, Technology AND Education' AND college = 'College of Agriculture AND Applied Sciences'",simple,['major']
603,codebase_community,What is the sum of favourite count gained by user ID 686 in 2011?,in 2011 refers to year (CreatinDate) = 2011,"SELECT SUM(DISTINCT FavoriteCount) FROM posts WHERE Id IN ( SELECT PostId FROM postHistory WHERE UserId = 686 AND STRFTIME('%Y', CreationDate) = '2011' )",simple,"['posts', 'postHistory']"
465,card_games,"For the set of cards with ""Ancestor's Chosen"" in it, is there a Korean version of it?","set of cards with ""Ancestor's Chosen"" in it refers to name = 'Ancestor's Chosen'; Korean version refers to language = 'Korean'","SELECT IIF(SUM(CASE WHEN T2.language = 'Korean' AND T2.translation IS NOT NULL THEN 1 ELSE 0 END) > 0, 'YES', 'NO') FROM cards AS T1 INNER JOIN set_translations AS T2 ON T2.setCode = T1.setCode WHERE T1.name = 'Ancestor''s Chosen'",moderate,"['cards', 'set_translations']"
846,formula_1,Please list the reference names of the drivers who are eliminated in the first period in race number 18.,driver reference name refers to driverRef; first qualifying period refers to q1; drivers who are eliminated in the first qualifying period refers to 5 drivers with MAX(q1); race number refers to raceId;,SELECT T2.driverRef FROM qualifying AS T1 INNER JOIN drivers AS T2 ON T2.driverId = T1.driverId WHERE T1.raceId = 18 ORDER BY T1.q1 DESC LIMIT 5,moderate,"['qualifying', 'drivers']"
1308,thrombosis_prediction,"Among the patients who have a normal platelet level, how many of them have other symptoms observed?",normal platelet level refers to PLT > 100 and PLT < 400; have other symptoms refers to Diagnosis is not null;,SELECT COUNT(T1.ID) FROM Patient AS T1 INNER JOIN Laboratory AS T2 ON T1.ID = T2.ID WHERE T2.PLT BETWEEN 100 AND 400 AND T1.Diagnosis IS NOT NULL,moderate,"['Laboratory', 'Patient']"
1512,debit_card_specializing,Which customer paid the most in 2012/8/25?,'2012/8/25' can be represented by '2012-08-25',SELECT CustomerID FROM transactions_1k WHERE Date = '2012-08-25' GROUP BY CustomerID ORDER BY SUM(Price) DESC LIMIT 1,simple,['transactions_1k']
983,formula_1,Which of the Italian constructor got the highest point to date? Give its introduction website?,introduction website refers to url; Italian is a nationality,SELECT T1.url FROM constructors AS T1 INNER JOIN constructorStandings AS T2 on T1.constructorId = T2.constructorId WHERE T1.nationality = 'Italian' ORDER BY T2.points DESC LIMIT 1,simple,"['constructorStandings', 'constructors']"
60,california_schools,What are the websites for all the partially virtual chartered schools located in San Joaquin?,Virtual = 'P' means partially virtual; Charter schools refers to Charter = 1 in the table schools,SELECT Website FROM schools WHERE County = 'San Joaquin' AND Virtual = 'P' AND Charter = 1,simple,['schools']
1188,thrombosis_prediction,How many female patients born in 1964 were admitted to the hospital? List them by ID.,female refers to SEX = 'F'; born in 1964 refers to YEAR(Birthday) = 1964; admitted to the hospital refers to Admission = '+',"SELECT ID FROM Patient WHERE STRFTIME('%Y', Birthday) = '1964' AND SEX = 'F' AND Admission = '+'",simple,['Patient']
92,financial,List out the no. of districts that have female average salary is more than 6000 but less than 10000?,A11 refers to average salary; Female mapps to gender = 'F',SELECT DISTINCT T2.district_id FROM client AS T1 INNER JOIN district AS T2 ON T1.district_id = T2.district_id WHERE T1.gender = 'F' AND T2.A11 BETWEEN 6000 AND 10000,simple,"['client', 'district']"
666,codebase_community,"Among the posts that were voted by user 1465, what is the id of the most valuable post?",user 1465 refers to UserId = 1465; the most valuable post refers to MAX(FavoriteCount);,SELECT T2.Id FROM votes AS T1 INNER JOIN posts AS T2 ON T1.PostId = T2.Id WHERE T1.UserId = 1465 ORDER BY T2.FavoriteCount DESC LIMIT 1,simple,"['posts', 'votes']"
730,superhero,"Among the superheroes from Marvel Comics, what is the percentage of those who have the super power of ""Super Strength""?","the superheroes from Marvel Comics refers to publisher_name = 'Marvel Comics'; super power of ""Super Strength"" refers to power_name = 'Super Strength'; Calculation = MULTIPLY(DIVIDE(SUM(power_name = 'Super Strength'), COUNT(id)), 100)",SELECT CAST(COUNT(CASE WHEN T3.power_name = 'Super Strength' THEN T1.id ELSE NULL END) AS REAL) * 100 / COUNT(T1.id) FROM superhero AS T1 INNER JOIN hero_power AS T2 ON T1.id = T2.hero_id INNER JOIN superpower AS T3 ON T2.power_id = T3.id INNER JOIN publisher AS T4 ON T1.publisher_id = T4.id WHERE T4.publisher_name = 'Marvel Comics',challenging,"['superpower', 'hero_power', 'publisher', 'superhero']"
194,financial,"Provide the IDs and age of the client with high level credit card, which is eligible for loans.","When type is gold, the credit card is high-level","SELECT T1.client_id, STRFTIME('%Y', CURRENT_TIMESTAMP) - STRFTIME('%Y', T3.birth_date) FROM disp AS T1 INNER JOIN card AS T2 ON T2.disp_id = T1.disp_id INNER JOIN client AS T3 ON T1.client_id = T3.client_id WHERE T2.type = 'gold' AND T1.type = 'OWNER'",moderate,"['disp', 'client', 'card']"
280,toxicology,Enumerate the bond ID of triple bond type molecules and tell me if they are carcinogenic or not.,triple bond refers to bond_type = '#'; label = '+' mean molecules are carcinogenic; label = '-' means molecules are non-carcinogenic,"SELECT DISTINCT T1.bond_id, T2.label FROM bond AS T1 INNER JOIN molecule AS T2 ON T1.molecule_id = T2.molecule_id WHERE T1.bond_type = '#'",moderate,"['molecule', 'bond']"
695,codebase_community,How many users were awarded with 'Citizen Patrol' badge?,Citizen Patrol' is the name of the badge;,SELECT COUNT(id) FROM badges WHERE `Name` = 'Citizen Patrol',simple,['badges']
359,card_games,"What is the type of the card ""Ancestor's Chosen"" as originally printed?",Ancestor's Chosen' is the name of card; type of the card as originally printed refers to originaltype;,SELECT originalType FROM cards WHERE name = 'Ancestor''s Chosen' AND originalType IS NOT NULL,simple,['cards']
519,card_games,"What is the language of the ""Battlebond"" set?","""Battlebond"" set refers to name = 'Battlebond'",SELECT language FROM set_translations WHERE id IN ( SELECT id FROM sets WHERE name = 'Battlebond' ),simple,"['set_translations', 'sets']"
843,superhero,List the hero ID of superheroes have intellegence as their power.,hero ID refers to superhero.id; have intelligence as their power refers to power_name = 'Intelligence';,SELECT T1.hero_id FROM hero_power AS T1 INNER JOIN superpower AS T2 ON T1.power_id = T2.id WHERE T2.power_name = 'Intelligence',simple,"['superpower', 'hero_power']"
796,superhero,State all of 3-D Man's attributes along with their values.,3-D Man is the superhero_name. attributes refers to attribute_name; values refers to attribute_value;,"SELECT T3.attribute_name, T2.attribute_value FROM superhero AS T1 INNER JOIN hero_attribute AS T2 ON T1.id = T2.hero_id INNER JOIN attribute AS T3 ON T2.attribute_id = T3.id WHERE T1.superhero_name = '3-D Man'",moderate,"['attribute', 'superhero', 'hero_attribute']"
182,financial,How many male customers who were born between 1974 and 1976 have made a payment on their home in excess of $4000?,Man and male refers to gender = 'M'; 'SIPO' stands for household payment,"SELECT COUNT(T1.account_id) FROM trans AS T1 INNER JOIN account AS T2 ON T1.account_id = T2.account_id INNER JOIN client AS T3 ON T2.district_id = T3.district_id WHERE STRFTIME('%Y', T3.birth_date) BETWEEN '1974' AND '1976' AND T3.gender = 'M' AND T1.amount > 4000 AND T1.k_symbol = 'SIPO'",moderate,"['trans', 'account', 'client']"
1047,european_football_2,What is the football player Francois Affolter header's finishing rate on 18/09/2014?,header's finishing rate refers to heading_accuracy; on 18/09/2014 refers to date = '2014-09-18 00:00:00';,"SELECT t2.heading_accuracy FROM Player AS t1 INNER JOIN Player_Attributes AS t2 ON t1.player_api_id = t2.player_api_id WHERE t1.player_name = 'Francois Affolter' AND SUBSTR(t2.`date`, 1, 10) = '2014-09-18'",moderate,"['Player', 'Player_Attributes']"
110,financial,What is the disposition id of the client who made 5100 USD transaction in 1998/9/2?,,SELECT T1.disp_id FROM disp AS T1 INNER JOIN trans AS T2 ON T1.account_id = T2.account_id WHERE T2.date = '1998-09-02' AND T2.amount = 5100,simple,"['trans', 'disp']"
42,california_schools,What is the type of education offered in the school who scored the highest average in Math?,,SELECT T2.EdOpsName FROM satscores AS T1 INNER JOIN schools AS T2 ON T1.cds = T2.CDSCode ORDER BY T1.AvgScrMath DESC LIMIT 1,simple,"['satscores', 'schools']"
950,formula_1,Please list the constructor names with 0 points at race 291.,race at 18 refers to raceID = 18;,SELECT T2.name FROM constructorStandings AS T1 INNER JOIN constructors AS T2 on T1.constructorId = T2.constructorId WHERE T1.points = 0 AND T1.raceId = 291,simple,"['constructors', 'constructorStandings']"
204,toxicology,"Of the first 100 molecules in number order, how many are carcinogenic?",first 100 molecules in number order refers to molecule_id between 'TR000' and 'TR099'; label = '+' means molecules are carcinogenic,SELECT COUNT(T.molecule_id) FROM molecule AS T WHERE molecule_id BETWEEN 'TR000' AND 'TR099' AND T.label = '+',simple,['molecule']
852,formula_1,How many races in the year 2010 are held on grand prixs outside Asia and Europe?,,"SELECT COUNT(T3.raceId) FROM circuits AS T1 INNER JOIN races AS T3 ON T3.circuitID = T1.circuitId WHERE T1.country NOT IN ( 'Bahrain', 'China', 'Singapore', 'Japan', 'Korea', 'Turkey', 'UAE', 'Malaysia', 'Spain', 'Monaco', 'Azerbaijan', 'Austria', 'Belgium', 'France', 'Germany', 'Hungary', 'Italy', 'UK' ) AND T3.year = 2010",moderate,"['circuits', 'races']"
52,california_schools,What is the total number of schools whose total SAT scores are greater or equal to 1500 whose mailing city is Lakeport?,Total SAT scores can be computed by AvgScrRead + AvgScrMath + AvgScrWrite,SELECT COUNT(T1.cds) FROM satscores AS T1 INNER JOIN schools AS T2 ON T1.cds = T2.CDSCode WHERE T2.MailCity = 'Lakeport' AND (T1.AvgScrRead + T1.AvgScrMath + T1.AvgScrWrite) >= 1500,simple,"['satscores', 'schools']"
545,codebase_community,"Among the posts owned by csgillespie, how many of them are root posts?","""csgillespie"" is the DisplayName of user; root post refers to ParentId IS Null",SELECT COUNT(T1.Id) FROM posts AS T1 INNER JOIN users AS T2 ON T1.OwnerUserId = T2.Id WHERE T2.DisplayName = 'csgillespie' AND T1.ParentId IS NULL,simple,"['posts', 'users']"
68,california_schools,Which county reported the most number of school closure in the 1980s with school wonership code belonging to Youth Authority Facilities (CEA)?,Youth Authority Facilities (CEA) refers to SOC = 11; 1980s = years between 1980 and 1989,"SELECT County FROM schools WHERE strftime('%Y', ClosedDate) BETWEEN '1980' AND '1989' AND StatusType = 'Closed' AND SOC = 11 GROUP BY County ORDER BY COUNT(School) DESC LIMIT 1",moderate,['schools']
1412,student_club,What kind of expenses incurred by members who have X-Large in size of tee shirt?,kind of expenses refers to expense_description; t_shirt_size = 'X-Large',SELECT T2.expense_description FROM member AS T1 INNER JOIN expense AS T2 ON T1.member_id = T2.link_to_member WHERE T1.t_shirt_size = 'X-Large',simple,"['expense', 'member']"
889,formula_1,When was the last f1 season whereby Brands Hatch hosted the British Grand Prix?,the last refers to max(year);,SELECT T2.date FROM circuits AS T1 INNER JOIN races AS T2 ON T2.circuitID = T1.circuitId WHERE T1.name = 'Brands Hatch' AND T2.name = 'British Grand Prix' ORDER BY T2.year DESC LIMIT 1,simple,"['circuits', 'races']"
780,superhero,List the powers of Hunter Zolomon.,Hunter Zolomon is the full name of superhero; list the powers refers to power_name;,SELECT T3.power_name FROM superhero AS T1 INNER JOIN hero_power AS T2 ON T1.id = T2.hero_id INNER JOIN superpower AS T3 ON T2.power_id = T3.id WHERE T1.full_name = 'Hunter Zolomon',simple,"['superpower', 'hero_power', 'superhero']"
183,financial,How many accounts in Beroun were opened after 1996?,,"SELECT COUNT(account_id) FROM account AS T1 INNER JOIN district AS T2 ON T1.district_id = T2.district_id WHERE STRFTIME('%Y', T1.date) > '1996' AND T2.A2 = 'Beroun'",simple,"['account', 'district']"
137,financial,How many accounts have running contracts in Branch location 1?,"Status = 'C' stands for running contract, OK so far; Status = 'D' stands for running contract, client in debt",SELECT COUNT(T1.account_id) FROM account AS T1 INNER JOIN district AS T2 ON T1.district_id = T2.district_id INNER JOIN loan AS T3 ON T1.account_id = T3.account_id WHERE T1.district_id = 1 AND (T3.status = 'C' OR T3.status = 'D'),moderate,"['account', 'district', 'loan']"
1007,formula_1,What was the longest time that Lewis Hamilton had spent at a pit stop?,longest time refes to MAX(duration);,SELECT T1.duration FROM pitStops AS T1 INNER JOIN drivers AS T2 on T1.driverId = T2.driverId WHERE T2.forename = 'Lewis' AND T2.surname = 'Hamilton' ORDER BY T1.duration DESC LIMIT 1,simple,"['drivers', 'pitStops']"
80,california_schools,What is the school type of the school with the highest latitude? Indicate the name of the school as well as the latitude coordinates.,,"SELECT T1.`School Type`, T1.`School Name`, T2.Latitude FROM frpm AS T1 INNER JOIN schools AS T2 ON T1.CDSCode = T2.CDSCode ORDER BY T2.Latitude DESC LIMIT 1",simple,"['schools', 'frpm']"
1399,student_club,Did Maya Mclean attend the 'Women's Soccer' event?,'Women's Soccer' is an event name,SELECT CASE WHEN T3.event_name = 'Women''s Soccer' THEN 'YES' END AS result FROM member AS T1 INNER JOIN attendance AS T2 ON T1.member_id = T2.link_to_member INNER JOIN event AS T3 ON T2.link_to_event = T3.event_id WHERE T1.first_name = 'Maya' AND T1.last_name = 'Mclean',moderate,"['attendance', 'member', 'event']"
105,financial,"There was a loan approved in 1994/8/25, where was that account opened, give the district Id of the branch.",,SELECT T1.district_id FROM account AS T1 INNER JOIN loan AS T2 ON T1.account_id = T2.account_id WHERE T2.date = '1994-08-25',simple,"['account', 'loan']"
541,codebase_community,What is the display name of the user who is the owner of the most valuable post?,most valuable post refers to Max(FavoriteCount),SELECT T2.DisplayName FROM posts AS T1 INNER JOIN users AS T2 ON T1.OwnerUserId = T2.Id ORDER BY T1.FavoriteCount DESC LIMIT 1,simple,"['posts', 'users']"
764,superhero,What are the superpowers of heroes with ID 1?,superpowers refers to power_name; heroes with ID 1 refers to hero_id = 1;,SELECT DISTINCT T2.power_name FROM hero_power AS T1 INNER JOIN superpower AS T2 ON T1.power_id = T2.id WHERE T1.hero_id = 1,simple,"['superpower', 'hero_power']"
480,card_games,"What is the Italian flavor text of the card ""Ancestor's Chosen""?","Italian refers to language = 'Italian'; flavor text refers to flavorText; ""Ancestor''s Chosen"" refers to name = 'Ancestor''s Chosen'",SELECT T2.flavorText FROM cards AS T1 INNER JOIN foreign_data AS T2 ON T2.uuid = T1.uuid WHERE T1.name = 'Ancestor''s Chosen' AND T2.language = 'Italian',moderate,"['cards', 'foreign_data']"
165,financial,Please list all the transactions made by accounts from district 5.,,SELECT T3.trans_id FROM district AS T1 INNER JOIN account AS T2 ON T1.district_id = T2.district_id INNER JOIN trans AS T3 ON T2.account_id = T3.account_id WHERE T1.district_id = 5,simple,"['trans', 'account', 'district']"
248,toxicology,"What are the atoms of the triple bond with the molecule ""TR447""?",TR447 is the molecule id; triple bond refers to bond_type = '#';,"SELECT T2.atom_id, T2.atom_id2 FROM atom AS T1 INNER JOIN connected AS T2 ON T1.atom_id = T2.atom_id INNER JOIN bond AS T3 ON T2.bond_id = T3.bond_id WHERE T3.bond_type = '#' AND T3.molecule_id = 'TR447'",simple,"['atom', 'connected', 'bond']"
307,toxicology,Name the atoms' elements that form bond TR000_2_3.,"element = 'cl' means Chlorine; element = 'c' means Carbon; element = 'h' means Hydrogen; element = 'o' means Oxygen, element = 's' means Sulfur; element = 'n' means Nitrogen, element = 'p' means Phosphorus, element = 'na' means Sodium, element = 'br' means Bromine, element = 'f' means Fluorine; element = 'i' means Iodine; element = 'sn' means Tin; element = 'pb' means Lead; element = 'te' means Tellurium; element = 'ca' means Calcium",SELECT T2.element FROM connected AS T1 INNER JOIN atom AS T2 ON T1.atom_id = T2.atom_id WHERE T1.bond_id = 'TR000_2_3',challenging,"['atom', 'connected']"
446,card_games,What is percentage of the cards with a converted Mana Cost of 10 in set of Abyssal Horror?,"set of Abyssal Horror refers to name = 'Abyssal Horror'; percentage refers to DIVIDE(COUNT(convertedManaCost = 16),COUNT(convertedManaCost))*100","SELECT CAST(SUM(CASE WHEN T1.convertedManaCost = 10 THEN 1 ELSE 0 END) AS REAL) * 100 / COUNT(T1.id), T1.name FROM cards AS T1 INNER JOIN sets AS T2 ON T2.code = T1.setCode WHERE T1.name = 'Abyssal Horror'",moderate,"['cards', 'sets']"
772,superhero,"List the eyes, hair and skin colour of all female superheroes published by Dark Horse Comics.",eyes refers to eye_colour_id; hair refers to hair_colour_id; skin colour refers to skin_colour_id; female superheroes refers to gender = 'Female'; published by Dark Horse Comics refers to publisher_name = 'Dark Horse Comics';,"SELECT T1.eye_colour_id, T1.hair_colour_id, T1.skin_colour_id FROM superhero AS T1 INNER JOIN publisher AS T2 ON T2.id = T1.publisher_id INNER JOIN gender AS T3 ON T3.id = T1.gender_id WHERE T2.publisher_name = 'Dark Horse Comics' AND T3.gender = 'Female'",challenging,"['publisher', 'superhero', 'gender']"
334,toxicology,What is the element with the atom ID of TR004_7 in molecule that is not carcinogenic?,"label = '-' means molecules are non-carcinogenic; element = 'cl' means Chlorine; element = 'c' means Carbon; element = 'h' means Hydrogen; element = 'o' means Oxygen, element = 's' means Sulfur; element = 'n' means Nitrogen, element = 'p' means Phosphorus, element = 'na' means Sodium, element = 'br' means Bromine, element = 'f' means Fluorine; element = 'i' means Iodine; element = 'sn' means Tin; element = 'pb' means Lead; element = 'te' means Tellurium; element = 'ca' means Calcium",SELECT T1.element FROM atom AS T1 INNER JOIN molecule AS T2 ON T1.molecule_id = T2.molecule_id WHERE T1.atom_id = 'TR004_7' AND T2.label = '-',challenging,"['atom', 'molecule']"
97,financial,List out the clients who choose statement of issuance after transaction are Disponent?,'POPLATEK PO OBRATU' stands for issuance after transaction,SELECT T2.client_id FROM account AS T1 INNER JOIN disp AS T2 ON T1.account_id = T2.account_id WHERE T1.frequency = 'POPLATEK PO OBRATU' AND T2.type = 'DISPONENT',simple,"['disp', 'account']"
787,superhero,What are the race and alignment of Cameron Hicks?,Cameron Hicks refers to superhero_name = 'Cameron Hicks';,"SELECT T2.race, T3.alignment FROM superhero AS T1 INNER JOIN race AS T2 ON T1.race_id = T2.id INNER JOIN alignment AS T3 ON T1.alignment_id = T3.id WHERE T1.superhero_name = 'Cameron Hicks'",simple,"['race', 'alignment', 'superhero']"
