db_id,question,SQL,gt_tables
battle_death,How many battles did not lose any ship with tonnage '225'?,SELECT count(*) FROM battle WHERE id NOT IN ( SELECT lost_in_battle FROM ship WHERE tonnage  =  '225' );,"['battle', 'ship']"
battle_death,What are the death and injury situations caused by the ship with tonnage 't'?,"SELECT T1.killed ,  T1.injured FROM death AS T1 JOIN ship AS t2 ON T1.caused_by_ship_id  =  T2.id WHERE T2.tonnage  =  't'","['death', 'ship']"
battle_death,"Show names, results and bulgarian commanders of the battles with no ships lost in the 'English Channel'.","SELECT name ,  RESULT ,  bulgarian_commander FROM battle EXCEPT SELECT T1.name ,  T1.result ,  T1.bulgarian_commander FROM battle AS T1 JOIN ship AS T2 ON T1.id  =  T2.lost_in_battle WHERE T2.location  =  'English Channel'","['battle', 'ship']"
battle_death,How many different results are there for the battles?,SELECT count(DISTINCT RESULT) FROM battle,['battle']
battle_death,What are the different ids and names of the battles that lost any 'Brig' type shipes?,"SELECT DISTINCT T1.id ,  T1.name FROM battle AS T1 JOIN ship AS T2 ON T1.id  =  T2.lost_in_battle WHERE T2.ship_type  =  'Brig'","['battle', 'ship']"
battle_death,List the name and tonnage ordered by in descending alphaetical order for the names.,"SELECT name ,  tonnage FROM ship ORDER BY name DESC",['ship']
battle_death,List the name and date the battle that has lost the ship named 'Lettice' and the ship named 'HMS Atalanta',"SELECT T1.name ,  T1.date FROM battle AS T1 JOIN ship AS T2 ON T1.id  =  T2.lost_in_battle WHERE T2.name  =  'Lettice' INTERSECT SELECT T1.name ,  T1.date FROM battle AS T1 JOIN ship AS T2 ON T1.id  =  T2.lost_in_battle WHERE T2.name  =  'HMS Atalanta'","['battle', 'ship']"
battle_death,How many ships ended up being 'Captured'?,SELECT count(*) FROM ship WHERE disposition_of_ship  =  'Captured',['ship']
car_1,In which years cars were produced weighing no less than 3000 and no more than 4000 ?,select distinct year from cars_data where weight between 3000 and 4000;,['cars_data']
car_1,What is the average miles per gallon(mpg) of the cars with 4 cylinders?,SELECT avg(mpg) FROM CARS_DATA WHERE Cylinders  =  4;,['CARS_DATA']
car_1,What is the number of cars with a horsepower greater than 150?,SELECT count(*) FROM CARS_DATA WHERE horsepower  >  150;,['CARS_DATA']
car_1,What is the count of the car models produced in the United States?,SELECT count(*) FROM MODEL_LIST AS T1 JOIN CAR_MAKERS AS T2 ON T1.Maker  =  T2.Id JOIN COUNTRIES AS T3 ON T2.Country  =  T3.CountryId WHERE T3.CountryName  =  'usa';,"['CAR_MAKERS', 'MODEL_LIST', 'COUNTRIES']"
car_1,Which makers designed more than 3 car models? List full name and the id.,"SELECT T1.FullName ,  T1.Id FROM CAR_MAKERS AS T1 JOIN MODEL_LIST AS T2 ON T1.Id  =  T2.Maker GROUP BY T1.Id HAVING count(*)  >  3;","['CAR_MAKERS', 'MODEL_LIST']"
car_1,What are the names and ids of all countries with at least one car maker?,"SELECT T1.CountryName ,  T1.CountryId FROM COUNTRIES AS T1 JOIN CAR_MAKERS AS T2 ON T1.CountryId  =  T2.Country GROUP BY T1.CountryId HAVING count(*)  >=  1;","['CAR_MAKERS', 'COUNTRIES']"
car_1,What model has the most different versions?,SELECT Model FROM CAR_NAMES GROUP BY Model ORDER BY count(*) DESC LIMIT 1;,['CAR_NAMES']
car_1,Which are the car makers which produce at least 2 models and more than 3 car makers ? List the id and the maker .,"select t1.id ,  t1.maker from car_makers as t1 join model_list as t2 on t1.id  =  t2.maker group by t1.id having count(*)  >=  2 intersect select t1.id ,  t1.maker from car_makers as t1 join model_list as t2 on t1.id  =  t2.maker join car_names as t3 on t2.model  =  t3.model group by t1.id having count(*)  >  3;","['model_list', 'car_names', 'car_makers']"
car_1,What are the different years in which there were cars produced that weighed less than 4000 and also cars that weighted more than 3000 ?,select distinct year from cars_data where weight between 3000 and 4000;,['cars_data']
car_1,What is the average weight of cars each year?,"SELECT avg(Weight) ,  YEAR FROM CARS_DATA GROUP BY YEAR;",['CARS_DATA']
car_1,How many car models are produced in the usa?,SELECT count(*) FROM MODEL_LIST AS T1 JOIN CAR_MAKERS AS T2 ON T1.Maker  =  T2.Id JOIN COUNTRIES AS T3 ON T2.Country  =  T3.CountryId WHERE T3.CountryName  =  'usa';,"['CAR_MAKERS', 'MODEL_LIST', 'COUNTRIES']"
car_1,"For model volvo, how many cylinders does the car with the least accelerate have?",SELECT T1.cylinders FROM CARS_DATA AS T1 JOIN CAR_NAMES AS T2 ON T1.Id  =  T2.MakeId WHERE T2.Model  =  'volvo' ORDER BY T1.accelerate ASC LIMIT 1;,"['CAR_NAMES', 'CARS_DATA']"
car_1,Which models are lighter than 3500 but not built by the 'Ford Motor Company'?,SELECT DISTINCT T1.model FROM MODEL_LIST AS T1 JOIN CAR_NAMES AS T2 ON T1.Model  =  T2.Model JOIN CARS_DATA AS T3 ON T2.MakeId  =  T3.Id JOIN CAR_MAKERS AS T4 ON T1.Maker  =  T4.Id WHERE T3.weight  <  3500 AND T4.FullName != 'Ford Motor Company';,"['CAR_MAKERS', 'MODEL_LIST', 'CAR_NAMES', 'CARS_DATA']"
car_1,What is the number of countries with more than 2 car makers ?,select count(*) from countries as t1 join car_makers as t2 on t1.countryid  =  t2.country group by t1.countryid having count(*)  >  2,"['countries', 'car_makers']"
car_1,What are the different models created by either the car maker General Motors or weighed more than 3500?,SELECT DISTINCT T2.Model FROM CAR_NAMES AS T1 JOIN MODEL_LIST AS T2 ON T1.Model  =  T2.Model JOIN CAR_MAKERS AS T3 ON T2.Maker  =  T3.Id JOIN CARS_DATA AS T4 ON T1.MakeId  =  T4.Id WHERE T3.FullName  =  'General Motors' OR T4.weight  >  3500;,"['CAR_MAKERS', 'MODEL_LIST', 'CAR_NAMES', 'CARS_DATA']"
car_1,What is the accelerate of the car make amc hornet sportabout (sw)?,SELECT T1.Accelerate FROM CARS_DATA AS T1 JOIN CAR_NAMES AS T2 ON T1.Id  =  T2.MakeId WHERE T2.Make  =  'amc hornet sportabout (sw)';,"['CAR_NAMES', 'CARS_DATA']"
car_1,Which distinct car models are the produced after 1980?,SELECT DISTINCT T1.model FROM MODEL_LIST AS T1 JOIN CAR_NAMES AS T2 ON T1.model  =  T2.model JOIN CARS_DATA AS T3 ON T2.MakeId  =  T3.id WHERE T3.year  >  1980;,"['MODEL_LIST', 'CAR_NAMES', 'CARS_DATA']"
car_1,What is the smallest weight of the car produced with 8 cylinders on 1974 ?,select min(weight) from cars_data where cylinders  =  8 and year  =  1974,['cars_data']
car_1,Which distinctive models are produced by maker with the full name General Motors or weighing more than 3500?,SELECT DISTINCT T2.Model FROM CAR_NAMES AS T1 JOIN MODEL_LIST AS T2 ON T1.Model  =  T2.Model JOIN CAR_MAKERS AS T3 ON T2.Maker  =  T3.Id JOIN CARS_DATA AS T4 ON T1.MakeId  =  T4.Id WHERE T3.FullName  =  'General Motors' OR T4.weight  >  3500;,"['CAR_MAKERS', 'MODEL_LIST', 'CAR_NAMES', 'CARS_DATA']"
car_1,What are the names and ids of all makers with more than 3 models?,"SELECT T1.FullName ,  T1.Id FROM CAR_MAKERS AS T1 JOIN MODEL_LIST AS T2 ON T1.Id  =  T2.Maker GROUP BY T1.Id HAVING count(*)  >  3;","['CAR_MAKERS', 'MODEL_LIST']"
car_1,How many car models were produced by the maker with full name American Motor Company?,SELECT count(*) FROM CAR_MAKERS AS T1 JOIN MODEL_LIST AS T2 ON T1.Id  =  T2.Maker WHERE T1.FullName  =  'American Motor Company';,"['CAR_MAKERS', 'MODEL_LIST']"
car_1,"In 1980, how many cars were made?",SELECT count(*) FROM CARS_DATA WHERE YEAR  =  1980;,['CARS_DATA']
car_1,What are the countries having at least one car maker? List name and id.,"SELECT T1.CountryName ,  T1.CountryId FROM COUNTRIES AS T1 JOIN CAR_MAKERS AS T2 ON T1.CountryId  =  T2.Country GROUP BY T1.CountryId HAVING count(*)  >=  1;","['CAR_MAKERS', 'COUNTRIES']"
car_1,How many cars have more than 4 cylinders?,SELECT count(*) FROM CARS_DATA WHERE Cylinders  >  4;,['CARS_DATA']
car_1,What are the makers and models?,"SELECT Maker ,  Model FROM MODEL_LIST;",['MODEL_LIST']
car_1,Which countries in europe have at least 3 car manufacturers?,SELECT T1.CountryName FROM COUNTRIES AS T1 JOIN CONTINENTS AS T2 ON T1.Continent  =  T2.ContId JOIN CAR_MAKERS AS T3 ON T1.CountryId  =  T3.Country WHERE T2.Continent  =  'europe' GROUP BY T1.CountryName HAVING count(*)  >=  3;,"['CAR_MAKERS', 'CONTINENTS', 'COUNTRIES']"
car_1,How much does the car accelerate that makes amc hornet sportabout (sw)?,SELECT T1.Accelerate FROM CARS_DATA AS T1 JOIN CAR_NAMES AS T2 ON T1.Id  =  T2.MakeId WHERE T2.Make  =  'amc hornet sportabout (sw)';,"['CAR_NAMES', 'CARS_DATA']"
car_1,How many cars have a larger accelerate than the car with the largest horsepower?,SELECT COUNT(*) FROM CARS_DATA WHERE Accelerate  >  ( SELECT Accelerate FROM CARS_DATA ORDER BY Horsepower DESC LIMIT 1 );,['CARS_DATA']
car_1,What is the maximum mpg of the cars that had 8 cylinders or that were produced before 1980 ?,select max(mpg) from cars_data where cylinders  =  8 or year  <  1980,['cars_data']
car_1,Which model of the car has the minimum horsepower?,SELECT T1.Model FROM CAR_NAMES AS T1 JOIN CARS_DATA AS T2 ON T1.MakeId  =  T2.Id ORDER BY T2.horsepower ASC LIMIT 1;,"['CAR_NAMES', 'CARS_DATA']"
car_1,What is the model for the car with a weight smaller than the average?,SELECT T1.model FROM CAR_NAMES AS T1 JOIN CARS_DATA AS T2 ON T1.MakeId  =  T2.Id WHERE T2.Weight  <  (SELECT avg(Weight) FROM CARS_DATA),"['CAR_NAMES', 'CARS_DATA']"
car_1,What is the car model with the highest mpg ?,select t1.model from car_names as t1 join cars_data as t2 on t1.makeid  =  t2.id order by t2.mpg desc limit 1;,"['cars_data', 'car_names']"
car_1,What is the average edispl for all volvos?,SELECT avg(T2.edispl) FROM CAR_NAMES AS T1 JOIN CARS_DATA AS T2 ON T1.MakeId  =  T2.Id WHERE T1.Model  =  'volvo';,"['CAR_NAMES', 'CARS_DATA']"
car_1,What is the average weight and year for each year?,"SELECT avg(Weight) ,  YEAR FROM CARS_DATA GROUP BY YEAR;",['CARS_DATA']
car_1,What is the horsepower of the car with the greatest accelerate?,SELECT T1.horsepower FROM CARS_DATA AS T1 ORDER BY T1.accelerate DESC LIMIT 1;,['CARS_DATA']
car_1,How many countries has more than 2 car makers ?,select count(*) from countries as t1 join car_makers as t2 on t1.countryid  =  t2.country group by t1.countryid having count(*)  >  2,"['countries', 'car_makers']"
car_1,How many car makers are there in each continents? List the continent name and the count.,"SELECT T1.Continent ,  count(*) FROM CONTINENTS AS T1 JOIN COUNTRIES AS T2 ON T1.ContId  =  T2.continent JOIN car_makers AS T3 ON T2.CountryId  =  T3.Country GROUP BY T1.Continent;","['car_makers', 'COUNTRIES', 'CONTINENTS']"
car_1,How many countries are listed?,SELECT count(*) FROM COUNTRIES;,['COUNTRIES']
car_1,"For all of the 4 cylinder cars, which model has the most horsepower?",SELECT T1.Model FROM CAR_NAMES AS T1 JOIN CARS_DATA AS T2 ON T1.MakeId  =  T2.Id WHERE T2.Cylinders  =  4 ORDER BY T2.horsepower DESC LIMIT 1;,"['CAR_NAMES', 'CARS_DATA']"
car_1,What is the number of cars with a greater accelerate than the one with the most horsepower?,SELECT COUNT(*) FROM CARS_DATA WHERE Accelerate  >  ( SELECT Accelerate FROM CARS_DATA ORDER BY Horsepower DESC LIMIT 1 );,['CARS_DATA']
car_1,What are the names of all European countries with at least 3 manufacturers?,SELECT T1.CountryName FROM COUNTRIES AS T1 JOIN CONTINENTS AS T2 ON T1.Continent  =  T2.ContId JOIN CAR_MAKERS AS T3 ON T1.CountryId  =  T3.Country WHERE T2.Continent  =  'europe' GROUP BY T1.CountryName HAVING count(*)  >=  3;,"['CAR_MAKERS', 'CONTINENTS', 'COUNTRIES']"
car_1,Find the name of the makers that produced some cars in the year of 1970?,SELECT DISTINCT T1.Maker FROM CAR_MAKERS AS T1 JOIN MODEL_LIST AS T2 ON T1.Id  =  T2.Maker JOIN CAR_NAMES AS T3 ON T2.model  =  T3.model JOIN CARS_DATA AS T4 ON T3.MakeId  =  T4.id WHERE T4.year  =  '1970';,"['CAR_MAKERS', 'MODEL_LIST', 'CAR_NAMES', 'CARS_DATA']"
car_1,How many continents are there?,SELECT count(*) FROM CONTINENTS;,['CONTINENTS']
car_1,What are all the makers and models?,"SELECT Maker ,  Model FROM MODEL_LIST;",['MODEL_LIST']
car_1,What is the name of each continent and how many car makers are there in each one?,"SELECT T1.Continent ,  count(*) FROM CONTINENTS AS T1 JOIN COUNTRIES AS T2 ON T1.ContId  =  T2.continent JOIN car_makers AS T3 ON T2.CountryId  =  T3.Country GROUP BY T1.Continent;","['car_makers', 'COUNTRIES', 'CONTINENTS']"
car_1,What is the maker of the carr produced in the earliest year and what year was it?,"SELECT T2.Make ,  T1.Year FROM CARS_DATA AS T1 JOIN CAR_NAMES AS T2 ON T1.Id  =  T2.MakeId WHERE T1.Year  =  (SELECT min(YEAR) FROM CARS_DATA);","['CAR_NAMES', 'CARS_DATA']"
concert_singer,Find the number of concerts happened in the stadium with the highest capacity .,select count(*) from concert where stadium_id = (select stadium_id from stadium order by capacity desc limit 1),"['stadium', 'concert']"
concert_singer,What are the names and locations of the stadiums that had concerts that occurred in both 2014 and 2015?,"SELECT T2.name ,  T2.location FROM concert AS T1 JOIN stadium AS T2 ON T1.stadium_id  =  T2.stadium_id WHERE T1.Year  =  2014 INTERSECT SELECT T2.name ,  T2.location FROM concert AS T1 JOIN stadium AS T2 ON T1.stadium_id  =  T2.stadium_id WHERE T1.Year  =  2015","['stadium', 'concert']"
concert_singer,What are the locations and names of all stations with capacity between 5000 and 10000?,"SELECT LOCATION ,  name FROM stadium WHERE capacity BETWEEN 5000 AND 10000",['stadium']
concert_singer,Show the stadium name and the number of concerts in each stadium.,"SELECT T2.name ,  count(*) FROM concert AS T1 JOIN stadium AS T2 ON T1.stadium_id  =  T2.stadium_id GROUP BY T1.stadium_id","['stadium', 'concert']"
concert_singer,What is the name and capacity for the stadium with the highest average attendance?,"SELECT name ,  capacity FROM stadium ORDER BY average DESC LIMIT 1",['stadium']
concert_singer,What are the names of the singers who performed in a concert in 2014?,SELECT T2.name FROM singer_in_concert AS T1 JOIN singer AS T2 ON T1.singer_id  =  T2.singer_id JOIN concert AS T3 ON T1.concert_id  =  T3.concert_id WHERE T3.year  =  2014,"['singer_in_concert', 'concert', 'singer']"
concert_singer,What is the average and maximum capacities for all stadiums ?,"select avg(capacity) ,  max(capacity) from stadium",['stadium']
concert_singer,What is the maximum capacity and the average of all stadiums ?,"select max(capacity), average from stadium",['stadium']
concert_singer,Which year has most number of concerts?,SELECT YEAR FROM concert GROUP BY YEAR ORDER BY count(*) DESC LIMIT 1,['concert']
concert_singer,List all singer names in concerts in year 2014.,SELECT T2.name FROM singer_in_concert AS T1 JOIN singer AS T2 ON T1.singer_id  =  T2.singer_id JOIN concert AS T3 ON T1.concert_id  =  T3.concert_id WHERE T3.year  =  2014,"['singer_in_concert', 'concert', 'singer']"
concert_singer,What are all distinct countries where singers above age 20 are from?,SELECT DISTINCT country FROM singer WHERE age  >  20,['singer']
concert_singer,What are the names of the singers and number of concerts for each person?,"SELECT T2.name ,  count(*) FROM singer_in_concert AS T1 JOIN singer AS T2 ON T1.singer_id  =  T2.singer_id GROUP BY T2.singer_id","['singer_in_concert', 'singer']"
concert_singer,List singer names and number of concerts for each singer.,"SELECT T2.name ,  count(*) FROM singer_in_concert AS T1 JOIN singer AS T2 ON T1.singer_id  =  T2.singer_id GROUP BY T2.singer_id","['singer_in_concert', 'singer']"
concert_singer,"What is the average, minimum, and maximum age of all singers from France?","SELECT avg(age) ,  min(age) ,  max(age) FROM singer WHERE country  =  'France'",['singer']
concert_singer,What are the names of all stadiums that did not have a concert in 2014?,SELECT name FROM stadium EXCEPT SELECT T2.name FROM concert AS T1 JOIN stadium AS T2 ON T1.stadium_id  =  T2.stadium_id WHERE T1.year  =  2014,"['stadium', 'concert']"
concert_singer,What is the year that had the most concerts?,SELECT YEAR FROM concert GROUP BY YEAR ORDER BY count(*) DESC LIMIT 1,['concert']
concert_singer,Show location and name for all stadiums with a capacity between 5000 and 10000.,"SELECT LOCATION ,  name FROM stadium WHERE capacity BETWEEN 5000 AND 10000",['stadium']
concert_singer,What is the name and country of origin of every singer who has a song with the word 'Hey' in its title?,"SELECT name ,  country FROM singer WHERE song_name LIKE '%Hey%'",['singer']
concert_singer,What is the total number of singers?,SELECT count(*) FROM singer,['singer']
concert_singer,"What are the names , themes , and number of singers for every concert ?","select t2.concert_name ,  t2.theme ,  count(*) from singer_in_concert as t1 join concert as t2 on t1.concert_id  =  t2.concert_id group by t2.concert_id","['singer_in_concert', 'concert']"
concert_singer,What are all the song names by singers who are older than average?,SELECT song_name FROM singer WHERE age  >  (SELECT avg(age) FROM singer),['singer']
concert_singer,How many concerts occurred in 2014 or 2015?,SELECT count(*) FROM concert WHERE YEAR  =  2014 OR YEAR  =  2015,['concert']
course_teach,Show names of teachers that teach at least two courses.,SELECT T2.Name FROM course_arrange AS T1 JOIN teacher AS T2 ON T1.Teacher_ID  =  T2.Teacher_ID GROUP BY T2.Name HAVING COUNT(*)  >=  2,"['teacher', 'course_arrange']"
course_teach,Show the name of the teacher for the math course.,"SELECT T3.Name FROM course_arrange AS T1 JOIN course AS T2 ON T1.Course_ID  =  T2.Course_ID JOIN teacher AS T3 ON T1.Teacher_ID  =  T3.Teacher_ID WHERE T2.Course  =  ""Math""","['teacher', 'course', 'course_arrange']"
course_teach,What is the name of each teacher and what course they teach?,"SELECT T3.Name ,  T2.Course FROM course_arrange AS T1 JOIN course AS T2 ON T1.Course_ID  =  T2.Course_ID JOIN teacher AS T3 ON T1.Teacher_ID  =  T3.Teacher_ID","['teacher', 'course', 'course_arrange']"
course_teach,What are the names of the teachers and the courses they teach in ascending alphabetical order by the name of the teacher?,"SELECT T3.Name ,  T2.Course FROM course_arrange AS T1 JOIN course AS T2 ON T1.Course_ID  =  T2.Course_ID JOIN teacher AS T3 ON T1.Teacher_ID  =  T3.Teacher_ID ORDER BY T3.Name","['teacher', 'course', 'course_arrange']"
course_teach,What is the age and hometown of every teacher?,"SELECT Age ,  Hometown FROM teacher",['teacher']
course_teach,What are the names of the teachers whose courses have not been arranged?,SELECT Name FROM teacher WHERE Teacher_id NOT IN (SELECT Teacher_id FROM course_arrange),"['teacher', 'course_arrange']"
course_teach,What are the names of the teachers ordered by ascending age?,SELECT Name FROM teacher ORDER BY Age ASC,['teacher']
course_teach,Where is the youngest teacher from?,SELECT Hometown FROM teacher ORDER BY Age ASC LIMIT 1,['teacher']
course_teach,Show the hometowns shared by at least two teachers.,SELECT Hometown FROM teacher GROUP BY Hometown HAVING COUNT(*)  >=  2,['teacher']
course_teach,What are the names of the teachers and how many courses do they teach?,"SELECT T2.Name ,  COUNT(*) FROM course_arrange AS T1 JOIN teacher AS T2 ON T1.Teacher_ID  =  T2.Teacher_ID GROUP BY T2.Name","['teacher', 'course_arrange']"
course_teach,What is the hometown of the youngest teacher?,SELECT Hometown FROM teacher ORDER BY Age ASC LIMIT 1,['teacher']
course_teach,Show names of teachers and the courses they are arranged to teach in ascending alphabetical order of the teacher's name.,"SELECT T3.Name ,  T2.Course FROM course_arrange AS T1 JOIN course AS T2 ON T1.Course_ID  =  T2.Course_ID JOIN teacher AS T3 ON T1.Teacher_ID  =  T3.Teacher_ID ORDER BY T3.Name","['teacher', 'course', 'course_arrange']"
course_teach,Show the name of teachers aged either 32 or 33?,SELECT Name FROM teacher WHERE Age  =  32 OR Age  =  33,['teacher']
course_teach,List the name of teachers whose hometown is not `` Little Lever Urban District '' .,"select name from teacher where hometown != ""little lever urban district""",['teacher']
course_teach,What are the age and hometown of teachers?,"SELECT Age ,  Hometown FROM teacher",['teacher']
cre_Doc_Template_Mgt,Show all document ids and the number of paragraphs in each document. Order by document id.,"SELECT document_id ,  count(*) FROM Paragraphs GROUP BY document_id ORDER BY document_id",['Paragraphs']
cre_Doc_Template_Mgt,Count the number of paragraphs in the document named 'Summer Show'.,SELECT count(*) FROM Paragraphs AS T1 JOIN Documents AS T2 ON T1.document_ID  =  T2.document_ID WHERE T2.document_name  =  'Summer Show',"['Documents', 'Paragraphs']"
cre_Doc_Template_Mgt,Return the different descriptions for templates that have been used in a document.,SELECT DISTINCT T1.template_type_description FROM Ref_template_types AS T1 JOIN Templates AS T2 ON T1.template_type_code  = T2.template_type_code JOIN Documents AS T3 ON T2.Template_ID  =  T3.template_ID,"['Documents', 'Templates', 'Ref_template_types']"
cre_Doc_Template_Mgt,"Return the different document ids along with the number of paragraphs corresponding to each, ordered by id.","SELECT document_id ,  count(*) FROM Paragraphs GROUP BY document_id ORDER BY document_id",['Paragraphs']
cre_Doc_Template_Mgt,What is the document id with least number of paragraphs?,SELECT document_id FROM Paragraphs GROUP BY document_id ORDER BY count(*) ASC LIMIT 1,['Paragraphs']
cre_Doc_Template_Mgt,"Return the lowest version number, along with its corresponding template type code.","SELECT min(Version_Number) ,  template_type_code FROM Templates",['Templates']
cre_Doc_Template_Mgt,Show all template type codes and number of templates for each.,"SELECT template_type_code ,  count(*) FROM Templates GROUP BY template_type_code",['Templates']
cre_Doc_Template_Mgt,What the smallest version number and its template type code?,"SELECT min(Version_Number) ,  template_type_code FROM Templates",['Templates']
cre_Doc_Template_Mgt,Return the ids of templates that have the code PP or PPT.,"SELECT template_id FROM Templates WHERE template_type_code  =  ""PP"" OR template_type_code  =  ""PPT""",['Templates']
cre_Doc_Template_Mgt,Return the ids corresponding to templates with the description 'Presentation'.,"SELECT T2.template_id FROM Ref_template_types AS T1 JOIN Templates AS T2 ON T1.template_type_code  = T2.template_type_code WHERE T1.template_type_description  =  ""Presentation""","['Templates', 'Ref_template_types']"
cre_Doc_Template_Mgt,What are the names of documents that use templates with the code BK?,"SELECT T2.document_name FROM Templates AS T1 JOIN Documents AS T2 ON T1.template_id  =  T2.template_id WHERE T1.template_type_code  =  ""BK""","['Documents', 'Templates']"
cre_Doc_Template_Mgt,"Show all document ids, names and the number of paragraphs in each document.","SELECT T1.document_id ,  T2.document_name ,  count(*) FROM Paragraphs AS T1 JOIN Documents AS T2 ON T1.document_id  =  T2.document_id GROUP BY T1.document_id","['Documents', 'Paragraphs']"
cre_Doc_Template_Mgt,"What is the template type descriptions for template type code ""AD"".","SELECT template_type_description FROM Ref_template_types WHERE template_type_code  =  ""AD""",['Ref_template_types']
cre_Doc_Template_Mgt,"Return the document id, template id, and description for the document with the name Robbin CV.","SELECT document_id ,  template_id ,  Document_Description FROM Documents WHERE document_name  =  ""Robbin CV""",['Documents']
cre_Doc_Template_Mgt,Show all template type codes and the number of documents using each type.,"SELECT T1.template_type_code ,  count(*) FROM Templates AS T1 JOIN Documents AS T2 ON T1.template_id  =  T2.template_id GROUP BY T1.template_type_code","['Documents', 'Templates']"
cre_Doc_Template_Mgt,What are the distinct template type descriptions for the templates ever used by any document?,SELECT DISTINCT T1.template_type_description FROM Ref_template_types AS T1 JOIN Templates AS T2 ON T1.template_type_code  = T2.template_type_code JOIN Documents AS T3 ON T2.Template_ID  =  T3.template_ID,"['Documents', 'Templates', 'Ref_template_types']"
cre_Doc_Template_Mgt,"What are the ids, version numbers, and type codes for each template?","SELECT template_id ,  version_number ,  template_type_code FROM Templates",['Templates']
cre_Doc_Template_Mgt,What are the different template type codes?,SELECT DISTINCT template_type_code FROM Templates,['Templates']
cre_Doc_Template_Mgt,What is the document name and template id for document with description with the letter 'w' in it?,"SELECT document_name ,  template_id FROM Documents WHERE Document_Description LIKE ""%w%""",['Documents']
cre_Doc_Template_Mgt,What are the ids and texts of paragraphs in the document titled 'Welcome to NY'?,"SELECT T1.paragraph_id ,   T1.paragraph_text FROM Paragraphs AS T1 JOIN Documents AS T2 ON T1.document_id  =  T2.document_id WHERE T2.Document_Name  =  'Welcome to NY'","['Documents', 'Paragraphs']"
cre_Doc_Template_Mgt,Return the id and name of the document with the most paragraphs.,"SELECT T1.document_id ,  T2.document_name FROM Paragraphs AS T1 JOIN Documents AS T2 ON T1.document_id  =  T2.document_id GROUP BY T1.document_id ORDER BY count(*) DESC LIMIT 1","['Documents', 'Paragraphs']"
cre_Doc_Template_Mgt,"What is the document id, template id and description for document named ""Robbin CV""?","SELECT document_id ,  template_id ,  Document_Description FROM Documents WHERE document_name  =  ""Robbin CV""",['Documents']
cre_Doc_Template_Mgt,How many documents do we have?,SELECT count(*) FROM Documents,['Documents']
cre_Doc_Template_Mgt,What are the type codes and descriptions for all template types?,"SELECT template_type_code ,  template_type_description FROM Ref_template_types",['Ref_template_types']
cre_Doc_Template_Mgt,How many templates have template type code CV?,"SELECT count(*) FROM Templates WHERE template_type_code  =  ""CV""",['Templates']
cre_Doc_Template_Mgt,What is the document id and name with greatest number of paragraphs?,"SELECT T1.document_id ,  T2.document_name FROM Paragraphs AS T1 JOIN Documents AS T2 ON T1.document_id  =  T2.document_id GROUP BY T1.document_id ORDER BY count(*) DESC LIMIT 1","['Documents', 'Paragraphs']"
cre_Doc_Template_Mgt,How many templates do we have?,SELECT count(*) FROM Templates,['Templates']
cre_Doc_Template_Mgt,Count the number of paragraphs.,SELECT count(*) FROM Paragraphs,['Paragraphs']
cre_Doc_Template_Mgt,Return the id of the document with the fewest paragraphs.,SELECT document_id FROM Paragraphs GROUP BY document_id ORDER BY count(*) ASC LIMIT 1,['Paragraphs']
cre_Doc_Template_Mgt,Show all template type codes and descriptions.,"SELECT template_type_code ,  template_type_description FROM Ref_template_types",['Ref_template_types']
cre_Doc_Template_Mgt,Give the ids of documents that have between one and two paragraphs.,SELECT document_id FROM Paragraphs GROUP BY document_id HAVING count(*) BETWEEN 1 AND 2,['Paragraphs']
cre_Doc_Template_Mgt,Show the document id with paragraph text 'Brazil' and 'Ireland'.,SELECT document_id FROM Paragraphs WHERE paragraph_text  =  'Brazil' INTERSECT SELECT document_id FROM Paragraphs WHERE paragraph_text  =  'Ireland',['Paragraphs']
cre_Doc_Template_Mgt,"What is the template type code of the template used by document with the name ""Data base""?","SELECT T1.template_type_code FROM Templates AS T1 JOIN Documents AS T2 ON T1.template_id  =  T2.template_id WHERE T2.document_name  =  ""Data base""","['Documents', 'Templates']"
cre_Doc_Template_Mgt,What are the paragraph texts for the document with the name 'Customer reviews'?,"SELECT T1.paragraph_text FROM Paragraphs AS T1 JOIN Documents AS T2 ON T1.document_id  =  T2.document_id WHERE T2.document_name  =  ""Customer reviews""","['Documents', 'Paragraphs']"
cre_Doc_Template_Mgt,Show all document names using templates with template type code BK.,"SELECT T2.document_name FROM Templates AS T1 JOIN Documents AS T2 ON T1.template_id  =  T2.template_id WHERE T1.template_type_code  =  ""BK""","['Documents', 'Templates']"
cre_Doc_Template_Mgt,Show all template type codes that are not used by any document.,SELECT template_type_code FROM Templates EXCEPT SELECT template_type_code FROM Templates AS T1 JOIN Documents AS T2 ON T1.template_id  =  T2.template_id,"['Documents', 'Templates']"
cre_Doc_Template_Mgt,Show ids for all templates not used by any document.,SELECT template_id FROM Templates EXCEPT SELECT template_id FROM Documents,"['Documents', 'Templates']"
cre_Doc_Template_Mgt,Show ids for all templates that are used by more than one document.,SELECT template_id FROM Documents GROUP BY template_id HAVING count(*)  >  1,['Documents']
cre_Doc_Template_Mgt,Which template type code is used by most number of documents?,SELECT T1.template_type_code FROM Templates AS T1 JOIN Documents AS T2 ON T1.template_id  =  T2.template_id GROUP BY T1.template_type_code ORDER BY count(*) DESC LIMIT 1,"['Documents', 'Templates']"
cre_Doc_Template_Mgt,Count the number of documents that use the PPT template type.,SELECT count(*) FROM Documents AS T1 JOIN Templates AS T2 ON T1.Template_ID  =  T2.Template_ID WHERE T2.Template_Type_Code  =  'PPT',"['Documents', 'Templates']"
cre_Doc_Template_Mgt,What are the ids of documents that have 2 or more paragraphs?,SELECT document_id FROM Paragraphs GROUP BY document_id HAVING count(*)  >=  2,['Paragraphs']
cre_Doc_Template_Mgt,"What are the different template type codes, and how many templates correspond to each?","SELECT template_type_code ,  count(*) FROM Templates GROUP BY template_type_code",['Templates']
dog_kennels,What are each owner's first name and their dogs's name?,"SELECT T1.first_name ,  T2.name FROM Owners AS T1 JOIN Dogs AS T2 ON T1.owner_id  =  T2.owner_id","['Owners', 'Dogs']"
dog_kennels,How much does the most expensive charge type costs?,SELECT max(charge_amount) FROM Charges,['Charges']
dog_kennels,What are the names of the dogs for which the owner has not spend more than 1000 for treatment ?,select name from dogs where dog_id not in ( select dog_id from treatments group by dog_id having sum(cost_of_treatment)  >  1000 ),"['treatments', 'dogs']"
dog_kennels,Tell me the owner id and last name of the owner who spent the most on treatments of his or her dogs.,"SELECT T1.owner_id ,  T1.last_name FROM Owners AS T1 JOIN Dogs AS T2 ON T1.owner_id  =  T2.owner_id JOIN Treatments AS T3 ON T2.dog_id  =  T3.dog_id GROUP BY T1.owner_id ORDER BY count(*) DESC LIMIT 1","['Owners', 'Dogs', 'Treatments']"
dog_kennels,What are the arriving date and the departing date of all the dogs?,"SELECT date_arrived ,  date_departed FROM Dogs",['Dogs']
dog_kennels,List the last name of the owner owning the youngest dog.,SELECT T1.last_name FROM Owners AS T1 JOIN Dogs AS T2 ON T1.owner_id  =  T2.owner_id WHERE T2.age  =  ( SELECT max(age) FROM Dogs ),"['Owners', 'Dogs']"
dog_kennels,Compute the average age of all the dogs.,SELECT avg(age) FROM Dogs,['Dogs']
dog_kennels,List the arrival date and the departure date for all the dogs.,"SELECT date_arrived ,  date_departed FROM Dogs",['Dogs']
dog_kennels,"Which professionals live in a city containing the substring 'West'? List his or her role, street, city and state.","SELECT role_code ,  street ,  city ,  state FROM professionals WHERE city LIKE '%West%'",['professionals']
dog_kennels,"Return the owner id, first name and last name of the owner who has the most dogs.","SELECT T1.owner_id ,  T2.first_name ,  T2.last_name FROM Dogs AS T1 JOIN Owners AS T2 ON T1.owner_id  =  T2.owner_id GROUP BY T1.owner_id ORDER BY count(*) DESC LIMIT 1","['Owners', 'Dogs']"
dog_kennels,Count the number of dogs that went through a treatment.,SELECT count(DISTINCT dog_id) FROM Treatments,['Treatments']
dog_kennels,Find the number of professionals who have not treated any dogs.,SELECT count(*) FROM Professionals WHERE professional_id NOT IN ( SELECT professional_id FROM Treatments ),"['Professionals', 'Treatments']"
dog_kennels,How many professionals have performed any treatment to dogs?,SELECT count(DISTINCT professional_id) FROM Treatments,['Treatments']
dog_kennels,What is the age of the oldest dog?,SELECT max(age) FROM Dogs,['Dogs']
dog_kennels,Count the number of dogs of an age below the average.,SELECT count(*) FROM Dogs WHERE age  <  ( SELECT avg(age) FROM Dogs ),['Dogs']
dog_kennels,How many dogs have an age below the average?,SELECT count(*) FROM Dogs WHERE age  <  ( SELECT avg(age) FROM Dogs ),['Dogs']
dog_kennels,Find the number of professionals who have ever treated dogs.,SELECT count(DISTINCT professional_id) FROM Treatments,['Treatments']
dog_kennels,"Find the role, street, city and state of the professionals living in a city that contains the substring 'West'.","SELECT role_code ,  street ,  city ,  state FROM professionals WHERE city LIKE '%West%'",['professionals']
dog_kennels,"Return the first name, last name and email of the owners living in a state whose name contains the substring 'North'.","SELECT first_name ,  last_name ,  email_address FROM Owners WHERE state LIKE '%North%'",['Owners']
dog_kennels,"Which owners live in the state whose name contains the substring 'North'? List his first name, last name and email.","SELECT first_name ,  last_name ,  email_address FROM Owners WHERE state LIKE '%North%'",['Owners']
dog_kennels,What are the cost and treatment type description of each treatment?,"SELECT T1.cost_of_treatment ,  T2.treatment_type_description FROM Treatments AS T1 JOIN treatment_types AS T2 ON T1.treatment_type_code  =  T2.treatment_type_code","['treatment_types', 'Treatments']"
dog_kennels,Which breed do the most dogs have? Give me the breed name.,SELECT T1.breed_name FROM Breeds AS T1 JOIN Dogs AS T2 ON T1.breed_code  =  T2.breed_code GROUP BY T1.breed_name ORDER BY count(*) DESC LIMIT 1,"['Breeds', 'Dogs']"
dog_kennels,List the emails of the professionals who live in the state of Hawaii or the state of Wisconsin.,SELECT email_address FROM Professionals WHERE state  =  'Hawaii' OR state  =  'Wisconsin',['Professionals']
dog_kennels,Find the number of owners who do not own any dogs at this moment.,SELECT count(*) FROM Owners WHERE owner_id NOT IN ( SELECT owner_id FROM Dogs ),"['Owners', 'Dogs']"
dog_kennels,Find the states where both owners and professionals live.,SELECT state FROM Owners INTERSECT SELECT state FROM Professionals,"['Owners', 'Professionals']"
dog_kennels,"Find the id, last name and cell phone of the professionals who live in the state of Indiana or have performed more than two treatments.","SELECT professional_id ,  last_name ,  cell_number FROM Professionals WHERE state  =  'Indiana' UNION SELECT T1.professional_id ,  T1.last_name ,  T1.cell_number FROM Professionals AS T1 JOIN Treatments AS T2 ON T1.professional_id  =  T2.professional_id GROUP BY T1.professional_id HAVING count(*)  >  2","['Professionals', 'Treatments']"
dog_kennels,How much does the most recent treatment cost?,SELECT cost_of_treatment FROM Treatments ORDER BY date_of_treatment DESC LIMIT 1,['Treatments']
dog_kennels,"What are the dog name, age and weight of the dogs that were abandoned? Note that 1 stands for yes, and 0 stands for no in the tables.","SELECT name ,  age ,  weight FROM Dogs WHERE abandoned_yn  =  1",['Dogs']
dog_kennels,Find the first names of owners living in Virginia and the names of dogs they own.,"SELECT T1.first_name ,  T2.name FROM Owners AS T1 JOIN Dogs AS T2 ON T1.owner_id  =  T2.owner_id WHERE T1.state  =  'Virginia'","['Owners', 'Dogs']"
dog_kennels,What are the date and the operating professional's first name of each treatment?,"SELECT T1.date_of_treatment ,  T2.first_name FROM Treatments AS T1 JOIN Professionals AS T2 ON T1.professional_id  =  T2.professional_id","['Professionals', 'Treatments']"
dog_kennels,List each charge type and its amount.,"SELECT charge_type ,  charge_amount FROM Charges",['Charges']
dog_kennels,"Which professionals have done at least two treatments? List the professional's id, role, and first name.","SELECT T1.professional_id ,  T1.role_code ,  T1.first_name FROM Professionals AS T1 JOIN Treatments AS T2 ON T1.professional_id  =  T2.professional_id GROUP BY T1.professional_id HAVING count(*)  >=  2","['Professionals', 'Treatments']"
dog_kennels,Who owns the youngest dog? Give me his or her last name.,SELECT T1.last_name FROM Owners AS T1 JOIN Dogs AS T2 ON T1.owner_id  =  T2.owner_id WHERE T2.age  =  ( SELECT max(age) FROM Dogs ),"['Owners', 'Dogs']"
dog_kennels,List the cost of each treatment and the corresponding treatment type description.,"SELECT T1.cost_of_treatment ,  T2.treatment_type_description FROM Treatments AS T1 JOIN treatment_types AS T2 ON T1.treatment_type_code  =  T2.treatment_type_code","['treatment_types', 'Treatments']"
dog_kennels,How many owners temporarily do not have any dogs?,SELECT count(*) FROM Owners WHERE owner_id NOT IN ( SELECT owner_id FROM Dogs ),"['Owners', 'Dogs']"
dog_kennels,How many dogs went through any treatments?,SELECT count(DISTINCT dog_id) FROM Treatments,['Treatments']
dog_kennels,Find the owner id and zip code of the owner who spent the most money in total for his or her dogs.,"SELECT T1.owner_id ,  T1.zip_code FROM Owners AS T1 JOIN Dogs AS T2 ON T1.owner_id  =  T2.owner_id JOIN Treatments AS T3 ON T2.dog_id  =  T3.dog_id GROUP BY T1.owner_id ORDER BY sum(T3.cost_of_treatment) DESC LIMIT 1","['Owners', 'Dogs', 'Treatments']"
dog_kennels,What is the average age of all the dogs?,SELECT avg(age) FROM Dogs,['Dogs']
dog_kennels,What are all the possible breed type and size type combinations?,"SELECT DISTINCT breed_code ,  size_code FROM dogs",['dogs']
dog_kennels,"List the dog name, age and weight of the dogs who have been abandoned? 1 stands for yes, and 0 stands for no.","SELECT name ,  age ,  weight FROM Dogs WHERE abandoned_yn  =  1",['Dogs']
dog_kennels,Which dogs are of the rarest breed? Show their names and treatment dates.,"SELECT T1.name ,  T2.date_of_treatment FROM Dogs AS T1 JOIN Treatments AS T2 ON T1.dog_id  =  T2.dog_id WHERE T1.breed_code  =  ( SELECT breed_code FROM Dogs GROUP BY breed_code ORDER BY count(*) ASC LIMIT 1 )","['Dogs', 'Treatments']"
employee_hire_evaluation,Find the name of the shops that do not hire any employee.,SELECT name FROM shop WHERE shop_id NOT IN (SELECT shop_id FROM hiring),"['hiring', 'shop']"
employee_hire_evaluation,Which employee received the most awards in evaluations? Give me the employee name.,SELECT t1.name FROM employee AS t1 JOIN evaluation AS t2 ON t1.Employee_ID  =  t2.Employee_ID GROUP BY t2.Employee_ID ORDER BY count(*) DESC LIMIT 1,"['employee', 'evaluation']"
employee_hire_evaluation,Which shop has the most employees? Give me the shop name.,SELECT t2.name FROM hiring AS t1 JOIN shop AS t2 ON t1.shop_id  =  t2.shop_id GROUP BY t1.shop_id ORDER BY count(*) DESC LIMIT 1,"['hiring', 'shop']"
employee_hire_evaluation,find the minimum and maximum number of products of all stores.,"SELECT min(Number_products) ,  max(Number_products) FROM shop",['shop']
employee_hire_evaluation,How many shops are there in each location?,"SELECT count(*) ,  LOCATION FROM shop GROUP BY LOCATION",['shop']
employee_hire_evaluation,What is the number of employees from each city?,"SELECT count(*) ,  city FROM employee GROUP BY city",['employee']
employee_hire_evaluation,Find the number of employees hired in each shop; show the shop name as well.,"SELECT count(*) ,  t2.name FROM hiring AS t1 JOIN shop AS t2 ON t1.shop_id  =  t2.shop_id GROUP BY t2.name","['hiring', 'shop']"
employee_hire_evaluation,What is the name of the shop that is hiring the largest number of employees?,SELECT t2.name FROM hiring AS t1 JOIN shop AS t2 ON t1.shop_id  =  t2.shop_id GROUP BY t1.shop_id ORDER BY count(*) DESC LIMIT 1,"['hiring', 'shop']"
employee_hire_evaluation,List the names of employees and sort in ascending order of age.,SELECT name FROM employee ORDER BY age,['employee']
employee_hire_evaluation,Find the name of the employee who got the highest one time bonus.,SELECT t1.name FROM employee AS t1 JOIN evaluation AS t2 ON t1.Employee_ID  =  t2.Employee_ID ORDER BY t2.bonus DESC LIMIT 1,"['employee', 'evaluation']"
employee_hire_evaluation,Which district has both stores with less than 3000 products and stores with more than 10000 products?,SELECT district FROM shop WHERE Number_products  <  3000 INTERSECT SELECT district FROM shop WHERE Number_products  >  10000,['shop']
employee_hire_evaluation,Find the number of shops in each location.,"SELECT count(*) ,  LOCATION FROM shop GROUP BY LOCATION",['shop']
employee_hire_evaluation,What are the names of the employees who never received any evaluation?,SELECT name FROM employee WHERE Employee_ID NOT IN (SELECT Employee_ID FROM evaluation),"['employee', 'evaluation']"
employee_hire_evaluation,"For each shop, return the number of employees working there and the name of the shop.","SELECT count(*) ,  t2.name FROM hiring AS t1 JOIN shop AS t2 ON t1.shop_id  =  t2.shop_id GROUP BY t2.name","['hiring', 'shop']"
employee_hire_evaluation,How many different store locations are there?,SELECT count(DISTINCT LOCATION) FROM shop,['shop']
employee_hire_evaluation,Find the manager name and district of the shop whose number of products is the largest.,"SELECT manager_name ,  district FROM shop ORDER BY number_products DESC LIMIT 1",['shop']
employee_hire_evaluation,"Return the name, location and district of all shops in descending order of number of products.","SELECT name ,  LOCATION ,  district FROM shop ORDER BY number_products DESC",['shop']
employee_hire_evaluation,Which shops' number products is above the average? Give me the shop names.,SELECT name FROM shop WHERE number_products  >  (SELECT avg(number_products) FROM shop),['shop']
employee_hire_evaluation,What are the manager name and district of the shop that sells the largest number of products?,"SELECT manager_name ,  district FROM shop ORDER BY number_products DESC LIMIT 1",['shop']
flight_2,What is the total number of airlines?,SELECT count(*) FROM AIRLINES,['AIRLINES']
flight_2,Which airlines have a flight with destination airport AHD?,"SELECT T1.Airline FROM AIRLINES AS T1 JOIN FLIGHTS AS T2 ON T1.uid  =  T2.Airline WHERE T2.DestAirport  =  ""AHD""","['FLIGHTS', 'AIRLINES']"
flight_2,How many airlines are from USA?,"SELECT count(*) FROM AIRLINES WHERE Country  =  ""USA""",['AIRLINES']
flight_2,"What are flight numbers of Airline ""United Airlines""?","SELECT T1.FlightNo FROM FLIGHTS AS T1 JOIN AIRLINES AS T2 ON T2.uid  =  T1.Airline WHERE T2.Airline  =  ""United Airlines""","['FLIGHTS', 'AIRLINES']"
flight_2,Find the number of flights landing in the city of Aberdeen or Abilene.,"SELECT count(*) FROM Flights AS T1 JOIN Airports AS T2 ON T1.DestAirport  =  T2.AirportCode WHERE T2.city  =  ""Aberdeen"" OR T2.city  =  ""Abilene""","['Airports', 'Flights']"
flight_2,Return the number of  airports.,SELECT count(*) FROM AIRPORTS,['AIRPORTS']
flight_2,What country is Jetblue Airways affiliated with?,"SELECT Country FROM AIRLINES WHERE Airline  =  ""JetBlue Airways""",['AIRLINES']
flight_2,What is the code of airport that has the highest number of flights?,SELECT T1.AirportCode FROM AIRPORTS AS T1 JOIN FLIGHTS AS T2 ON T1.AirportCode  =  T2.DestAirport OR T1.AirportCode  =  T2.SourceAirport GROUP BY T1.AirportCode ORDER BY count(*) DESC LIMIT 1,"['FLIGHTS', 'AIRPORTS']"
flight_2,Which airline has most number of flights?,SELECT T1.Airline FROM AIRLINES AS T1 JOIN FLIGHTS AS T2 ON T1.uid  =  T2.Airline GROUP BY T1.Airline ORDER BY count(*) DESC LIMIT 1,"['FLIGHTS', 'AIRLINES']"
flight_2,Give the airline with abbreviation 'UAL'.,"SELECT Airline FROM AIRLINES WHERE Abbreviation  =  ""UAL""",['AIRLINES']
flight_2,What is the airport code of the airport with the most flights?,SELECT T1.AirportCode FROM AIRPORTS AS T1 JOIN FLIGHTS AS T2 ON T1.AirportCode  =  T2.DestAirport OR T1.AirportCode  =  T2.SourceAirport GROUP BY T1.AirportCode ORDER BY count(*) DESC LIMIT 1,"['FLIGHTS', 'AIRPORTS']"
flight_2,How many flights depart from City Aberdeen?,"SELECT count(*) FROM FLIGHTS AS T1 JOIN AIRPORTS AS T2 ON T1.SourceAirport  =  T2.AirportCode WHERE T2.City  =  ""Aberdeen""","['FLIGHTS', 'AIRPORTS']"
flight_2,"What are flight numbers of flights arriving at City ""Aberdeen""?","SELECT T1.FlightNo FROM FLIGHTS AS T1 JOIN AIRPORTS AS T2 ON T1.DestAirport   =  T2.AirportCode WHERE T2.City  =  ""Aberdeen""","['FLIGHTS', 'AIRPORTS']"
flight_2,Give the airport code and airport name corresonding to the city Anthony.,"SELECT AirportCode ,  AirportName FROM AIRPORTS WHERE city  =  ""Anthony""",['AIRPORTS']
flight_2,Which city and country is the Alton airport at?,"SELECT City ,  Country FROM AIRPORTS WHERE AirportName  =  ""Alton""",['AIRPORTS']
flight_2,"List all airline names and their abbreviations in ""USA"".","SELECT Airline ,  Abbreviation FROM AIRLINES WHERE Country  =  ""USA""",['AIRLINES']
flight_2,What are the names of airports in Aberdeen?,"SELECT AirportName FROM AIRPORTS WHERE City = ""Aberdeen""",['AIRPORTS']
flight_2,Which flight numbers correspond to United Airlines flights?,"SELECT T1.FlightNo FROM FLIGHTS AS T1 JOIN AIRLINES AS T2 ON T2.uid  =  T1.Airline WHERE T2.Airline  =  ""United Airlines""","['FLIGHTS', 'AIRLINES']"
flight_2,How many United Airlines flights go to City 'Aberdeen'?,"SELECT count(*) FROM FLIGHTS AS T1 JOIN AIRPORTS AS T2 ON T1.DestAirport  =  T2.AirportCode JOIN AIRLINES AS T3 ON T3.uid  =  T1.Airline WHERE T2.City  =  ""Aberdeen"" AND T3.Airline  =  ""United Airlines""","['FLIGHTS', 'AIRLINES', 'AIRPORTS']"
flight_2,What is the abbreviation of the airilne has the fewest flights and what country is it in?,"SELECT T1.Abbreviation ,  T1.Country FROM AIRLINES AS T1 JOIN FLIGHTS AS T2 ON T1.uid  =  T2.Airline GROUP BY T1.Airline ORDER BY count(*) LIMIT 1","['FLIGHTS', 'AIRLINES']"
flight_2,What are airlines that have some flight departing from airport 'AHD'?,"SELECT T1.Airline FROM AIRLINES AS T1 JOIN FLIGHTS AS T2 ON T1.uid  =  T2.Airline WHERE T2.SourceAirport  =  ""AHD""","['FLIGHTS', 'AIRLINES']"
flight_2,Which airports do not have departing or arriving flights?,SELECT AirportName FROM Airports WHERE AirportCode NOT IN (SELECT SourceAirport FROM Flights UNION SELECT DestAirport FROM Flights),"['Airports', 'Flights']"
flight_2,Which city is the most frequent source airport?,SELECT T1.City FROM AIRPORTS AS T1 JOIN FLIGHTS AS T2 ON T1.AirportCode  =  T2.SourceAirport GROUP BY T1.City ORDER BY count(*) DESC LIMIT 1,"['FLIGHTS', 'AIRPORTS']"
flight_2,Which airlines have at least 10 flights?,SELECT T1.Airline FROM AIRLINES AS T1 JOIN FLIGHTS AS T2 ON T1.uid  =  T2.Airline GROUP BY T1.Airline HAVING count(*)  >  10,"['FLIGHTS', 'AIRLINES']"
flight_2,Which airlines have departures from CVO but not from APG airports?,"SELECT T1.Airline FROM AIRLINES AS T1 JOIN FLIGHTS AS T2 ON T1.uid  =  T2.Airline WHERE T2.SourceAirport  =  ""CVO"" EXCEPT SELECT T1.Airline FROM AIRLINES AS T1 JOIN FLIGHTS AS T2 ON T1.uid  =  T2.Airline WHERE T2.SourceAirport  =  ""APG""","['FLIGHTS', 'AIRLINES']"
flight_2,Count the number of flights into ATO.,"SELECT count(*) FROM FLIGHTS WHERE DestAirport  =  ""ATO""",['FLIGHTS']
flight_2,How many 'United Airlines' flights depart from Airport 'AHD'?,"SELECT count(*) FROM AIRLINES AS T1 JOIN FLIGHTS AS T2 ON T2.Airline  =  T1.uid WHERE T1.Airline  =  ""United Airlines"" AND T2.SourceAirport  =  ""AHD""","['FLIGHTS', 'AIRLINES']"
flight_2,Return the name of the airport with code 'AKO'.,"SELECT AirportName FROM AIRPORTS WHERE AirportCode  =  ""AKO""",['AIRPORTS']
flight_2,What airline serves the most flights?,SELECT T1.Airline FROM AIRLINES AS T1 JOIN FLIGHTS AS T2 ON T1.uid  =  T2.Airline GROUP BY T1.Airline ORDER BY count(*) DESC LIMIT 1,"['FLIGHTS', 'AIRLINES']"
flight_2,How many airlines do we have?,SELECT count(*) FROM AIRLINES,['AIRLINES']
flight_2,Count the number of United Airlines flights arriving in ASY Airport.,"SELECT count(*) FROM AIRLINES AS T1 JOIN FLIGHTS AS T2 ON T2.Airline  =  T1.uid WHERE T1.Airline  =  ""United Airlines"" AND T2.DestAirport  =  ""ASY""","['FLIGHTS', 'AIRLINES']"
flight_2,"What are flight numbers of flights departing from City ""Aberdeen ""?","SELECT T1.FlightNo FROM FLIGHTS AS T1 JOIN AIRPORTS AS T2 ON T1.SourceAirport   =  T2.AirportCode WHERE T2.City  =  ""Aberdeen""","['FLIGHTS', 'AIRPORTS']"
flight_2,What are airport names at City 'Aberdeen'?,"SELECT AirportName FROM AIRPORTS WHERE City = ""Aberdeen""",['AIRPORTS']
flight_2,How many flights have destination ATO?,"SELECT count(*) FROM FLIGHTS WHERE DestAirport  =  ""ATO""",['FLIGHTS']
flight_2,Find all airlines that have at least 10 flights.,SELECT T1.Airline FROM AIRLINES AS T1 JOIN FLIGHTS AS T2 ON T1.uid  =  T2.Airline GROUP BY T1.Airline HAVING count(*)  >  10,"['FLIGHTS', 'AIRLINES']"
flight_2,Find all airlines that have fewer than 200 flights.,SELECT T1.Airline FROM AIRLINES AS T1 JOIN FLIGHTS AS T2 ON T1.uid  =  T2.Airline GROUP BY T1.Airline HAVING count(*)  <  200,"['FLIGHTS', 'AIRLINES']"
flight_2,How many airports do we have?,SELECT count(*) FROM AIRPORTS,['AIRPORTS']
flight_2,Give the flight numbers of flights leaving from Aberdeen.,"SELECT T1.FlightNo FROM FLIGHTS AS T1 JOIN AIRPORTS AS T2 ON T1.SourceAirport   =  T2.AirportCode WHERE T2.City  =  ""Aberdeen""","['FLIGHTS', 'AIRPORTS']"
flight_2,How many flights do we have?,SELECT count(*) FROM FLIGHTS,['FLIGHTS']
flight_2,Give the number of Jetblue Airways flights.,"SELECT count(*) FROM FLIGHTS AS T1 JOIN AIRLINES AS T2 ON T1.Airline  =  T2.uid WHERE T2.Airline = ""JetBlue Airways""","['FLIGHTS', 'AIRLINES']"
museum_visit,What is the name of the visitor who visited both a museum opened before 2009 and a museum opened after 2011?,SELECT t1.name FROM visitor AS t1 JOIN visit AS t2 ON t1.id  =  t2.visitor_id JOIN museum AS t3 ON t3.Museum_ID  =  t2.Museum_ID WHERE t3.open_year  <  2009 INTERSECT SELECT t1.name FROM visitor AS t1 JOIN visit AS t2 ON t1.id  =  t2.visitor_id JOIN museum AS t3 ON t3.Museum_ID  =  t2.Museum_ID WHERE t3.open_year  >  2011,"['visitor', 'visit', 'museum']"
museum_visit,Find the average number of staff working for the museums that were open before 2009.,SELECT avg(num_of_staff) FROM museum WHERE open_year  <  2009,['museum']
museum_visit,What are the id and name of the museum visited most times?,"SELECT t2.Museum_ID ,  t1.name FROM museum AS t1 JOIN visit AS t2 ON t1.Museum_ID  =  t2.Museum_ID GROUP BY t2.Museum_ID ORDER BY count(*) DESC LIMIT 1","['museum', 'visit']"
museum_visit,"find the id, name and age for visitors who visited some museums more than once.","SELECT t1.id ,  t1.name ,  t1.age FROM visitor AS t1 JOIN visit AS t2 ON t1.id  =  t2.visitor_id GROUP BY t1.id HAVING count(*)  >  1","['visitor', 'visit']"
museum_visit,"Find the name and membership level of the visitors whose membership level is higher than 4, and sort by their age from old to young.","SELECT name ,  Level_of_membership FROM visitor WHERE Level_of_membership  >  4 ORDER BY age DESC",['visitor']
museum_visit,Find the id and name of the museum that has the most staff members?,"SELECT museum_id ,  name FROM museum ORDER BY num_of_staff DESC LIMIT 1",['museum']
museum_visit,find the names of museums which have more staff than the minimum staff number of all museums opened after 2010.,SELECT name FROM museum WHERE num_of_staff  >  (SELECT min(num_of_staff) FROM museum WHERE open_year  >  2010),['museum']
museum_visit,Find the number of visitors who did not visit any museum opened after 2010.,SELECT count(*) FROM visitor WHERE id NOT IN (SELECT t2.visitor_id FROM museum AS t1 JOIN visit AS t2 ON t1.Museum_ID  =  t2.Museum_ID WHERE t1.open_year  >  2010),"['visitor', 'visit', 'museum']"
museum_visit,What is the average age of the visitors whose membership level is not higher than 4?,SELECT avg(age) FROM visitor WHERE Level_of_membership  <=  4,['visitor']
network_1,What is the name of the high schooler who has the greatest number of friends?,SELECT T2.name FROM Friend AS T1 JOIN Highschooler AS T2 ON T1.student_id  =  T2.id GROUP BY T1.student_id ORDER BY count(*) DESC LIMIT 1,"['Highschooler', 'Friend']"
network_1,What are the names and grades for each high schooler?,"SELECT name ,  grade FROM Highschooler",['Highschooler']
network_1,Find the minimum grade of students who have no friends.,SELECT min(grade) FROM Highschooler WHERE id NOT IN (SELECT T1.student_id FROM Friend AS T1 JOIN Highschooler AS T2 ON T1.student_id  =  T2.id),"['Highschooler', 'Friend']"
network_1,How many friends does the high school student Kyle have?,"SELECT count(*) FROM Friend AS T1 JOIN Highschooler AS T2 ON T1.student_id  =  T2.id WHERE T2.name  =  ""Kyle""","['Highschooler', 'Friend']"
network_1,Which grades have 4 or more high schoolers?,SELECT grade FROM Highschooler GROUP BY grade HAVING count(*)  >=  4,['Highschooler']
network_1,What is the grade of each high schooler?,SELECT grade FROM Highschooler,['Highschooler']
network_1,"What are the names of high schoolers who have likes, and how many likes does each have?","SELECT T2.name ,  count(*) FROM Likes AS T1 JOIN Highschooler AS T2 ON T1.student_id  =  T2.id GROUP BY T1.student_id","['Highschooler', 'Likes']"
network_1,Show the names of high schoolers who have at least 3 friends.,SELECT T2.name FROM Friend AS T1 JOIN Highschooler AS T2 ON T1.student_id  =  T2.id GROUP BY T1.student_id HAVING count(*)  >=  3,"['Highschooler', 'Friend']"
network_1,Return the number of likes that the high schooler named Kyle has.,"SELECT count(*) FROM Likes AS T1 JOIN Highschooler AS T2 ON T1.student_id  =  T2.id WHERE T2.name  =  ""Kyle""","['Highschooler', 'Likes']"
network_1,What grade is Kyle in?,"SELECT grade FROM Highschooler WHERE name  =  ""Kyle""",['Highschooler']
network_1,Count the number of friends Kyle has.,"SELECT count(*) FROM Friend AS T1 JOIN Highschooler AS T2 ON T1.student_id  =  T2.id WHERE T2.name  =  ""Kyle""","['Highschooler', 'Friend']"
network_1,Show names of all high school students who do not have any friends.,SELECT name FROM Highschooler EXCEPT SELECT T2.name FROM Friend AS T1 JOIN Highschooler AS T2 ON T1.student_id  =  T2.id,"['Highschooler', 'Friend']"
network_1,Show the names of students who have a grade higher than 5 and have at least 2 friends.,SELECT T2.name FROM Friend AS T1 JOIN Highschooler AS T2 ON T1.student_id  =  T2.id WHERE T2.grade  >  5 GROUP BY T1.student_id HAVING count(*)  >=  2,"['Highschooler', 'Friend']"
network_1,Count the number of high schoolers.,SELECT count(*) FROM Highschooler,['Highschooler']
network_1,Return the names of friends of the high school student Kyle.,"SELECT T3.name FROM Friend AS T1 JOIN Highschooler AS T2 ON T1.student_id  =  T2.id JOIN Highschooler AS T3 ON T1.friend_id  =  T3.id WHERE T2.name  =  ""Kyle""","['Highschooler', 'Friend']"
network_1,What is the lowest grade of students who do not have any friends?,SELECT min(grade) FROM Highschooler WHERE id NOT IN (SELECT T1.student_id FROM Friend AS T1 JOIN Highschooler AS T2 ON T1.student_id  =  T2.id),"['Highschooler', 'Friend']"
network_1,What is Kyle's id?,"SELECT ID FROM Highschooler WHERE name  =  ""Kyle""",['Highschooler']
network_1,Count the number of likes for each student id.,"SELECT student_id ,  count(*) FROM Likes GROUP BY student_id",['Likes']
network_1,What are the names of students who have 2 or more likes?,SELECT T2.name FROM Likes AS T1 JOIN Highschooler AS T2 ON T1.student_id  =  T2.id GROUP BY T1.student_id HAVING count(*)  >=  2,"['Highschooler', 'Likes']"
network_1,Show ids of all students who do not have any friends.,SELECT id FROM Highschooler EXCEPT SELECT student_id FROM Friend,"['Highschooler', 'Friend']"
network_1,Show the student IDs and numbers of friends corresponding to each.,"SELECT student_id ,  count(*) FROM Friend GROUP BY student_id",['Friend']
network_1,What are the names of high schoolers who both have friends and are liked?,SELECT T2.name FROM Friend AS T1 JOIN Highschooler AS T2 ON T1.student_id  =  T2.id INTERSECT SELECT T2.name FROM Likes AS T1 JOIN Highschooler AS T2 ON T1.liked_id  =  T2.id,"['Highschooler', 'Friend', 'Likes']"
network_1,Show the names of high school students and their corresponding number of friends.,"SELECT T2.name ,  count(*) FROM Friend AS T1 JOIN Highschooler AS T2 ON T1.student_id  =  T2.id GROUP BY T1.student_id","['Highschooler', 'Friend']"
network_1,Which grade has the most high schoolers?,SELECT grade FROM Highschooler GROUP BY grade ORDER BY count(*) DESC LIMIT 1,['Highschooler']
network_1,How many high schoolers are there?,SELECT count(*) FROM Highschooler,['Highschooler']
network_1,What are the names of students who have no friends?,SELECT name FROM Highschooler EXCEPT SELECT T2.name FROM Friend AS T1 JOIN Highschooler AS T2 ON T1.student_id  =  T2.id,"['Highschooler', 'Friend']"
network_1,Count the number of high schoolers in grades 9 or 10.,SELECT count(*) FROM Highschooler WHERE grade  =  9 OR grade  =  10,['Highschooler']
network_1,What are the names of all high schoolers in grade 10?,SELECT name FROM Highschooler WHERE grade  =  10,['Highschooler']
orchestra,What are the names of conductors who have conducted at more than one orchestra?,SELECT T1.Name FROM conductor AS T1 JOIN orchestra AS T2 ON T1.Conductor_ID  =  T2.Conductor_ID GROUP BY T2.Conductor_ID HAVING COUNT(*)  >  1,"['conductor', 'orchestra']"
orchestra,"Find the number of orchestras whose record format is ""CD"" or ""DVD"".","SELECT COUNT(*) FROM orchestra WHERE Major_Record_Format  =  ""CD"" OR Major_Record_Format  =  ""DVD""",['orchestra']
orchestra,How many different nationalities do conductors have?,SELECT count(DISTINCT Nationality) FROM conductor,['conductor']
orchestra,What are the names of conductors who have conducted orchestras founded after the year 2008?,SELECT T1.Name FROM conductor AS T1 JOIN orchestra AS T2 ON T1.Conductor_ID  =  T2.Conductor_ID WHERE Year_of_Founded  >  2008,"['conductor', 'orchestra']"
orchestra,Count the number of different nationalities of conductors.,SELECT count(DISTINCT Nationality) FROM conductor,['conductor']
orchestra,What are the record companies that are used by both orchestras founded before 2003 and those founded after 2003?,SELECT Record_Company FROM orchestra WHERE Year_of_Founded  <  2003 INTERSECT SELECT Record_Company FROM orchestra WHERE Year_of_Founded  >  2003,['orchestra']
orchestra,Show the names of conductors that have conducted more than one orchestras.,SELECT T1.Name FROM conductor AS T1 JOIN orchestra AS T2 ON T1.Conductor_ID  =  T2.Conductor_ID GROUP BY T2.Conductor_ID HAVING COUNT(*)  >  1,"['conductor', 'orchestra']"
orchestra,Count the number of conductors.,SELECT count(*) FROM conductor,['conductor']
orchestra,Please show the name of the conductor that has conducted orchestras founded after 2008.,SELECT T1.Name FROM conductor AS T1 JOIN orchestra AS T2 ON T1.Conductor_ID  =  T2.Conductor_ID WHERE Year_of_Founded  >  2008,"['conductor', 'orchestra']"
orchestra,Count the number of orchestras that have CD or DVD as their record format.,"SELECT COUNT(*) FROM orchestra WHERE Major_Record_Format  =  ""CD"" OR Major_Record_Format  =  ""DVD""",['orchestra']
orchestra,Please show the record formats of orchestras in ascending order of count.,SELECT Major_Record_Format FROM orchestra GROUP BY Major_Record_Format ORDER BY COUNT(*) ASC,['orchestra']
orchestra,What are years of founding for orchestras that have had more than a single performance?,SELECT Year_of_Founded FROM orchestra AS T1 JOIN performance AS T2 ON T1.Orchestra_ID  =  T2.Orchestra_ID GROUP BY T2.Orchestra_ID HAVING COUNT(*)  >  1,"['orchestra', 'performance']"
orchestra,"What are the major record formats of orchestras, sorted by their frequency?",SELECT Major_Record_Format FROM orchestra GROUP BY Major_Record_Format ORDER BY COUNT(*) ASC,['orchestra']
orchestra,List the record company shared by the most number of orchestras.,SELECT Record_Company FROM orchestra GROUP BY Record_Company ORDER BY COUNT(*) DESC LIMIT 1,['orchestra']
orchestra,What is the name of the conductor who has worked the greatest number of years?,SELECT Name FROM conductor ORDER BY Year_of_Work DESC LIMIT 1,['conductor']
orchestra,List the name of the conductor with the most years of work.,SELECT Name FROM conductor ORDER BY Year_of_Work DESC LIMIT 1,['conductor']
orchestra,Show the names of conductors and the orchestras they have conducted.,"SELECT T1.Name ,  T2.Orchestra FROM conductor AS T1 JOIN orchestra AS T2 ON T1.Conductor_ID  =  T2.Conductor_ID","['conductor', 'orchestra']"
orchestra,Return the average attendance across all shows.,SELECT avg(Attendance) FROM SHOW,['SHOW']
orchestra,Show the record companies shared by orchestras founded before 2003 and after 2003.,SELECT Record_Company FROM orchestra WHERE Year_of_Founded  <  2003 INTERSECT SELECT Record_Company FROM orchestra WHERE Year_of_Founded  >  2003,['orchestra']
orchestra,Show the years in which orchestras that have given more than one performance are founded.,SELECT Year_of_Founded FROM orchestra AS T1 JOIN performance AS T2 ON T1.Orchestra_ID  =  T2.Orchestra_ID GROUP BY T2.Orchestra_ID HAVING COUNT(*)  >  1,"['orchestra', 'performance']"
pets_1,How many different types of pet are there?,SELECT count(DISTINCT pettype) FROM pets,['pets']
pets_1,Find number of pets owned by students who are older than 20.,SELECT count(*) FROM student AS T1 JOIN has_pet AS T2 ON T1.stuid  =  T2.stuid WHERE T1.age  >  20,"['student', 'has_pet']"
pets_1,Find the last name of the student who has a cat that is age 3.,SELECT T1.lname FROM student AS T1 JOIN has_pet AS T2 ON T1.stuid  =  T2.stuid JOIN pets AS T3 ON T3.petid  =  T2.petid WHERE T3.pet_age  =  3 AND T3.pettype  =  'cat',"['student', 'has_pet', 'pets']"
pets_1,Find the major and age of students who do not have a cat pet.,"SELECT major ,  age FROM student WHERE stuid NOT IN (SELECT T1.stuid FROM student AS T1 JOIN has_pet AS T2 ON T1.stuid  =  T2.stuid JOIN pets AS T3 ON T3.petid  =  T2.petid WHERE T3.pettype  =  'cat')","['student', 'has_pet', 'pets']"
pets_1,What is the average weight for each type of pet?,"SELECT avg(weight) ,  pettype FROM pets GROUP BY pettype",['pets']
pets_1,"What type of pet is the youngest animal, and how much does it weigh?","SELECT pettype ,  weight FROM pets ORDER BY pet_age LIMIT 1",['pets']
pets_1,Find the first name and age of students who have a pet.,"SELECT DISTINCT T1.fname ,  T1.age FROM student AS T1 JOIN has_pet AS T2 ON T1.stuid  =  T2.stuid","['student', 'has_pet']"
pets_1,Find the first name of students who have cat or dog pet.,SELECT DISTINCT T1.Fname FROM student AS T1 JOIN has_pet AS T2 ON T1.stuid  =  T2.stuid JOIN pets AS T3 ON T3.petid  =  T2.petid WHERE T3.pettype  =  'cat' OR T3.pettype  =  'dog',"['student', 'has_pet', 'pets']"
pets_1,How many pets have a greater weight than 10?,SELECT count(*) FROM pets WHERE weight  >  10,['pets']
pets_1,List the maximum weight and type for each type of pet.,"SELECT max(weight) ,  petType FROM pets GROUP BY petType",['pets']
pets_1,Find the number of pets whose weight is heavier than 10.,SELECT count(*) FROM pets WHERE weight  >  10,['pets']
pets_1,How much does the youngest dog weigh?,SELECT weight FROM pets ORDER BY pet_age LIMIT 1,['pets']
pets_1,Find the number of dog pets that are raised by female students (with sex F).,SELECT count(*) FROM student AS T1 JOIN has_pet AS T2 ON T1.stuid  =  T2.stuid JOIN pets AS T3 ON T2.petid  =  T3.petid WHERE T1.sex  =  'F' AND T3.pettype  =  'dog',"['student', 'has_pet', 'pets']"
pets_1,Find the average age of students who do not have any pet .,select avg(age) from student where stuid not in (select stuid from has_pet),"['student', 'has_pet']"
pets_1,Find the weight of the youngest dog.,SELECT weight FROM pets ORDER BY pet_age LIMIT 1,['pets']
pets_1,"What major is every student who does not own a cat as a pet, and also how old are they?","SELECT major ,  age FROM student WHERE stuid NOT IN (SELECT T1.stuid FROM student AS T1 JOIN has_pet AS T2 ON T1.stuid  =  T2.stuid JOIN pets AS T3 ON T3.petid  =  T2.petid WHERE T3.pettype  =  'cat')","['student', 'has_pet', 'pets']"
pets_1,What are the ids of the students who do not own cats as pets?,SELECT stuid FROM student EXCEPT SELECT T1.stuid FROM student AS T1 JOIN has_pet AS T2 ON T1.stuid  =  T2.stuid JOIN pets AS T3 ON T3.petid  =  T2.petid WHERE T3.pettype  =  'cat',"['student', 'has_pet', 'pets']"
pets_1,How many pets are owned by students that have an age greater than 20?,SELECT count(*) FROM student AS T1 JOIN has_pet AS T2 ON T1.stuid  =  T2.stuid WHERE T1.age  >  20,"['student', 'has_pet']"
pets_1,"For students who have pets , how many pets does each student have ? list their ids instead of names .","select count(*) ,  t1.stuid from student as t1 join has_pet as t2 on t1.stuid  =  t2.stuid group by t1.stuid","['student', 'has_pet']"
pets_1,What are the first names of every student who has a cat or dog as a pet?,SELECT DISTINCT T1.Fname FROM student AS T1 JOIN has_pet AS T2 ON T1.stuid  =  T2.stuid JOIN pets AS T3 ON T3.petid  =  T2.petid WHERE T3.pettype  =  'cat' OR T3.pettype  =  'dog',"['student', 'has_pet', 'pets']"
pets_1,Find the average and maximum age for each type of pet.,"SELECT avg(pet_age) ,  max(pet_age) ,  pettype FROM pets GROUP BY pettype",['pets']
poker_player,Return the nationalities for which there are two or more people.,SELECT Nationality FROM people GROUP BY Nationality HAVING COUNT(*)  >=  2,['people']
poker_player,List the names and birth dates of people in ascending alphabetical order of name.,"SELECT Name ,  Birth_Date FROM people ORDER BY Name ASC",['people']
poker_player,What is the birth date of the poker player with the lowest earnings?,SELECT T1.Birth_Date FROM people AS T1 JOIN poker_player AS T2 ON T1.People_ID  =  T2.People_ID ORDER BY T2.Earnings ASC LIMIT 1,"['poker_player', 'people']"
poker_player,What are the names of people who do not play poker?,SELECT Name FROM people WHERE People_ID NOT IN (SELECT People_ID FROM poker_player),"['poker_player', 'people']"
poker_player,How many distinct nationalities are there?,SELECT count(DISTINCT Nationality) FROM people,['people']
poker_player,Return the names of poker players sorted by their earnings descending.,SELECT T1.Name FROM people AS T1 JOIN poker_player AS T2 ON T1.People_ID  =  T2.People_ID ORDER BY T2.Earnings DESC,"['poker_player', 'people']"
poker_player,Return the maximum final tables made across all poker players who have earnings below 200000.,SELECT max(Final_Table_Made) FROM poker_player WHERE Earnings  <  200000,['poker_player']
poker_player,List the final tables made and the best finishes of poker players.,"SELECT Final_Table_Made ,  Best_Finish FROM poker_player",['poker_player']
poker_player,What are the names of poker players?,SELECT T1.Name FROM people AS T1 JOIN poker_player AS T2 ON T1.People_ID  =  T2.People_ID,"['poker_player', 'people']"
poker_player,What are the names of poker players in descending order of earnings?,SELECT T1.Name FROM people AS T1 JOIN poker_player AS T2 ON T1.People_ID  =  T2.People_ID ORDER BY T2.Earnings DESC,"['poker_player', 'people']"
poker_player,Give the nationality that is most common across all people.,SELECT Nationality FROM people GROUP BY Nationality ORDER BY COUNT(*) DESC LIMIT 1,['people']
poker_player,Count the number of poker players.,SELECT count(*) FROM poker_player,['poker_player']
poker_player,Return the average earnings across all poker players.,SELECT avg(Earnings) FROM poker_player,['poker_player']
poker_player,List the names of people that are not poker players.,SELECT Name FROM people WHERE People_ID NOT IN (SELECT People_ID FROM poker_player),"['poker_player', 'people']"
poker_player,How many people are there of each nationality?,"SELECT Nationality ,  COUNT(*) FROM people GROUP BY Nationality",['people']
poker_player,How many poker players are there?,SELECT count(*) FROM poker_player,['poker_player']
poker_player,Count the number of different nationalities.,SELECT count(DISTINCT Nationality) FROM people,['people']
poker_player,"Show names of people whose nationality is not ""Russia"".","SELECT Name FROM people WHERE Nationality != ""Russia""",['people']
poker_player,What are the names of poker players whose earnings is higher than 300000?,SELECT T1.Name FROM people AS T1 JOIN poker_player AS T2 ON T1.People_ID  =  T2.People_ID WHERE T2.Earnings  >  300000,"['poker_player', 'people']"
poker_player,List the names of poker players ordered by the final tables made in ascending order.,SELECT T1.Name FROM people AS T1 JOIN poker_player AS T2 ON T1.People_ID  =  T2.People_ID ORDER BY T2.Final_Table_Made,"['poker_player', 'people']"
real_estate_properties,What are the names of properties that are either houses or apartments with more than 1 room?,"SELECT property_name FROM Properties WHERE property_type_code  =  ""House"" UNION SELECT property_name FROM Properties WHERE property_type_code  =  ""Apartment"" AND room_count  >  1",['Properties']
real_estate_properties,How many available features are there in total?,SELECT count(*) FROM Other_Available_Features,['Other_Available_Features']
student_transcripts_tracking,"For each semester, what is the name and id of the one with the most students registered?","SELECT T1.semester_name ,  T1.semester_id FROM Semesters AS T1 JOIN Student_Enrolment AS T2 ON T1.semester_id  =  T2.semester_id GROUP BY T1.semester_id ORDER BY count(*) DESC LIMIT 1","['Semesters', 'Student_Enrolment']"
student_transcripts_tracking,"Who are enrolled in 2 degree programs in one semester? List the first name, middle name and last name and the id.","SELECT T1.first_name ,  T1.middle_name ,  T1.last_name ,  T1.student_id FROM Students AS T1 JOIN Student_Enrolment AS T2 ON T1.student_id  =  T2.student_id GROUP BY T1.student_id HAVING count(*)  =  2","['Students', 'Student_Enrolment']"
student_transcripts_tracking,How many different departments offer degrees?,SELECT count(DISTINCT department_id) FROM Degree_Programs,['Degree_Programs']
student_transcripts_tracking,Find the program which most number of students are enrolled in. List both the id and the summary.,"SELECT T1.degree_program_id ,  T1.degree_summary_name FROM Degree_Programs AS T1 JOIN Student_Enrolment AS T2 ON T1.degree_program_id  =  T2.degree_program_id GROUP BY T1.degree_program_id ORDER BY count(*) DESC LIMIT 1","['Degree_Programs', 'Student_Enrolment']"
student_transcripts_tracking,When was the last transcript released?,SELECT transcript_date FROM Transcripts ORDER BY transcript_date DESC LIMIT 1,['Transcripts']
student_transcripts_tracking,Find the semester when both Master students and Bachelor students got enrolled in.,SELECT DISTINCT T2.semester_id FROM Degree_Programs AS T1 JOIN Student_Enrolment AS T2 ON T1.degree_program_id  =  T2.degree_program_id WHERE degree_summary_name  =  'Master' INTERSECT SELECT DISTINCT T2.semester_id FROM Degree_Programs AS T1 JOIN Student_Enrolment AS T2 ON T1.degree_program_id  =  T2.degree_program_id WHERE degree_summary_name  =  'Bachelor',"['Degree_Programs', 'Student_Enrolment']"
student_transcripts_tracking,What's the name of the course with most number of enrollments?,SELECT  T1.course_name FROM Courses AS T1 JOIN Student_Enrolment_Courses AS T2 ON T1.course_id  =  T2.course_id GROUP BY T1.course_name ORDER BY count(*) DESC LIMIT 1,"['Student_Enrolment_Courses', 'Courses']"
student_transcripts_tracking,How many degrees does the engineering department have?,SELECT count(*) FROM Departments AS T1 JOIN Degree_Programs AS T2 ON T1.department_id  =  T2.department_id WHERE T1.department_name  =  'engineer',"['Degree_Programs', 'Departments']"
student_transcripts_tracking,What is the maximum number of times that a course shows up in different transcripts and what is that course's enrollment id?,"SELECT count(*) ,  student_course_id FROM Transcript_Contents GROUP BY student_course_id ORDER BY count(*) DESC LIMIT 1",['Transcript_Contents']
student_transcripts_tracking,"Who is enrolled in a Bachelor degree program? List the first name, middle name, last name.","SELECT DISTINCT T1.first_name ,  T1.middle_name ,  T1.last_name FROM Students AS T1 JOIN Student_Enrolment AS T2 ON T1.student_id  =  T2.student_id JOIN Degree_Programs AS T3 ON T2.degree_program_id  =  T3.degree_program_id WHERE T3.degree_summary_name  =  'Bachelor'","['Degree_Programs', 'Students', 'Student_Enrolment']"
student_transcripts_tracking,What are the descriptions for all the math courses?,SELECT course_description FROM Courses WHERE course_name  =  'math',['Courses']
student_transcripts_tracking,Find the kind of program which most number of students are enrolled in?,SELECT T1.degree_summary_name FROM Degree_Programs AS T1 JOIN Student_Enrolment AS T2 ON T1.degree_program_id  =  T2.degree_program_id GROUP BY T1.degree_summary_name ORDER BY count(*) DESC LIMIT 1,"['Degree_Programs', 'Student_Enrolment']"
student_transcripts_tracking,What is the last transcript release date?,SELECT transcript_date FROM Transcripts ORDER BY transcript_date DESC LIMIT 1,['Transcripts']
student_transcripts_tracking,How many departments offer any degree?,SELECT count(DISTINCT department_id) FROM Degree_Programs,['Degree_Programs']
student_transcripts_tracking,How is the math course described?,SELECT course_description FROM Courses WHERE course_name  =  'math',['Courses']
student_transcripts_tracking,Which department offers the most number of degrees? List department name and id.,"SELECT T2.department_name ,  T1.department_id FROM Degree_Programs AS T1 JOIN Departments AS T2 ON T1.department_id  =  T2.department_id GROUP BY T1.department_id ORDER BY count(*) DESC LIMIT 1","['Degree_Programs', 'Departments']"
student_transcripts_tracking,List all the student details in reversed lexicographical order.,SELECT other_student_details FROM Students ORDER BY other_student_details DESC,['Students']
student_transcripts_tracking,How many times at most can a course enrollment result show in different transcripts? Also show the course enrollment id.,"SELECT count(*) ,  student_course_id FROM Transcript_Contents GROUP BY student_course_id ORDER BY count(*) DESC LIMIT 1",['Transcript_Contents']
student_transcripts_tracking,What are the last name of the students who live in North Carolina but have not registered in any degree programs?,SELECT T1.last_name FROM Students AS T1 JOIN Addresses AS T2 ON T1.current_address_id  =  T2.address_id WHERE T2.state_province_county  =  'NorthCarolina' EXCEPT SELECT DISTINCT T3.last_name FROM Students AS T3 JOIN Student_Enrolment AS T4 ON T3.student_id  =  T4.student_id,"['Addresses', 'Students', 'Student_Enrolment']"
student_transcripts_tracking,How many courses in total are listed?,SELECT count(*) FROM Courses,['Courses']
student_transcripts_tracking,"What is the first, middle, and last name of the first student to register?","SELECT first_name ,  middle_name ,  last_name FROM Students ORDER BY date_first_registered ASC LIMIT 1",['Students']
student_transcripts_tracking,How many different addresses do the students currently live?,SELECT count(DISTINCT current_address_id) FROM Students,['Students']
student_transcripts_tracking,What are the names and descriptions for all the sections?,"SELECT section_name ,  section_description FROM Sections",['Sections']
student_transcripts_tracking,What is the program id and the summary of the degree that has the most students enrolled?,"SELECT T1.degree_program_id ,  T1.degree_summary_name FROM Degree_Programs AS T1 JOIN Student_Enrolment AS T2 ON T1.degree_program_id  =  T2.degree_program_id GROUP BY T1.degree_program_id ORDER BY count(*) DESC LIMIT 1","['Degree_Programs', 'Student_Enrolment']"
student_transcripts_tracking,"On average, when were the transcripts printed?",SELECT avg(transcript_date) FROM Transcripts,['Transcripts']
student_transcripts_tracking,What is the date and id of the transcript with the least number of results?,"SELECT T2.transcript_date ,  T1.transcript_id FROM Transcript_Contents AS T1 JOIN Transcripts AS T2 ON T1.transcript_id  =  T2.transcript_id GROUP BY T1.transcript_id ORDER BY count(*) ASC LIMIT 1","['Transcript_Contents', 'Transcripts']"
student_transcripts_tracking,What is the phone number of the man with the first name Timmothy and the last name Ward?,SELECT cell_mobile_number FROM Students WHERE first_name  =  'Timmothy' AND last_name  =  'Ward',['Students']
student_transcripts_tracking,What are the names of all courses that have some students enrolled?,SELECT DISTINCT T1.course_name FROM Courses AS T1 JOIN Student_Enrolment_Courses AS T2 ON T1.course_id  =  T2.course_id,"['Student_Enrolment_Courses', 'Courses']"
student_transcripts_tracking,"Show the date of the transcript which shows the least number of results, also list the id.","SELECT T2.transcript_date ,  T1.transcript_id FROM Transcript_Contents AS T1 JOIN Transcripts AS T2 ON T1.transcript_id  =  T2.transcript_id GROUP BY T1.transcript_id ORDER BY count(*) ASC LIMIT 1","['Transcript_Contents', 'Transcripts']"
student_transcripts_tracking,How many different degrees are offered?,SELECT count(DISTINCT degree_summary_name) FROM Degree_Programs,['Degree_Programs']
student_transcripts_tracking,"Who is the first student to register? List the first name, middle name and last name.","SELECT first_name ,  middle_name ,  last_name FROM Students ORDER BY date_first_registered ASC LIMIT 1",['Students']
student_transcripts_tracking,When is the first transcript released? List the date and details.,"SELECT transcript_date ,  other_details FROM Transcripts ORDER BY transcript_date ASC LIMIT 1",['Transcripts']
student_transcripts_tracking,Which address holds the most number of students currently? List the address id and all lines.,"SELECT T1.address_id ,  T1.line_1 ,  T1.line_2 FROM Addresses AS T1 JOIN Students AS T2 ON T1.address_id  =  T2.current_address_id GROUP BY T1.address_id ORDER BY count(*) DESC LIMIT 1","['Addresses', 'Students']"
student_transcripts_tracking,What is the first and second line for all addresses?,"SELECT line_1 ,  line_2 FROM addresses",['addresses']
student_transcripts_tracking,What is the average transcript date?,SELECT avg(transcript_date) FROM Transcripts,['Transcripts']
student_transcripts_tracking,"What is the earliest date of a transcript release, and what details can you tell me?","SELECT transcript_date ,  other_details FROM Transcripts ORDER BY transcript_date ASC LIMIT 1",['Transcripts']
student_transcripts_tracking,"What is the id, line 1, and line 2 of the address with the most students?","SELECT T1.address_id ,  T1.line_1 ,  T1.line_2 FROM Addresses AS T1 JOIN Students AS T2 ON T1.address_id  =  T2.current_address_id GROUP BY T1.address_id ORDER BY count(*) DESC LIMIT 1","['Addresses', 'Students']"
student_transcripts_tracking,How many courses are there?,SELECT count(*) FROM Courses,['Courses']
student_transcripts_tracking,What is the first name of the student whose permanent address is different from his or her current one?,SELECT first_name FROM Students WHERE current_address_id != permanent_address_id,['Students']
tvshow,What are 3 most highly rated episodes in the TV series table and what were those ratings?,"SELECT Episode ,  Rating FROM TV_series ORDER BY Rating DESC LIMIT 3;",['TV_series']
tvshow,which countries' tv channels are playing some cartoon written by Todd Casey?,SELECT T1.country FROM TV_Channel AS T1 JOIN cartoon AS T2 ON T1.id = T2.Channel WHERE T2.written_by  =  'Todd Casey',"['TV_Channel', 'cartoon']"
tvshow,What are the countries that have cartoons on TV that were written by Todd Casey?,SELECT T1.country FROM TV_Channel AS T1 JOIN cartoon AS T2 ON T1.id = T2.Channel WHERE T2.written_by  =  'Todd Casey',"['TV_Channel', 'cartoon']"
tvshow,"What is the episode for the TV series named ""Sky Radio""?","SELECT T2.Episode FROM TV_Channel AS T1 JOIN TV_series AS T2 ON T1.id = T2.Channel WHERE T1.series_name = ""Sky Radio"";","['TV_Channel', 'TV_series']"
tvshow,Which country has the most of TV Channels? List the country and number of TV Channels it has.,"SELECT Country ,  count(*) FROM TV_Channel GROUP BY Country ORDER BY count(*) DESC LIMIT 1;",['TV_Channel']
tvshow,What are the Package Options of the TV Channels whose series names are Sky Radio?,"SELECT Package_Option FROM TV_Channel WHERE series_name = ""Sky Radio"";",['TV_Channel']
tvshow,Find the production code and channel of the most recently aired cartoon .,"select production_code ,  channel from cartoon order by original_air_date desc limit 1",['cartoon']
tvshow,List the Episode of all TV series sorted by rating.,SELECT Episode FROM TV_series ORDER BY rating,['TV_series']
tvshow,"When did the episode ""A Love of a Lifetime"" air?","SELECT Air_Date FROM TV_series WHERE Episode = ""A Love of a Lifetime"";",['TV_series']
tvshow,What are the languages used by the least number of TV Channels and how many channels use it?,"SELECT LANGUAGE ,  count(*) FROM TV_Channel GROUP BY LANGUAGE ORDER BY count(*) ASC LIMIT 1;",['TV_Channel']
tvshow,What are the titles of the cartoons sorted alphabetically?,SELECT Title FROM Cartoon ORDER BY title,['Cartoon']
tvshow,"What is the TV Channel of TV series with Episode ""A Love of a Lifetime""? List the TV Channel's series name.","SELECT T1.series_name FROM TV_Channel AS T1 JOIN TV_series AS T2 ON T1.id = T2.Channel WHERE T2.Episode = ""A Love of a Lifetime"";","['TV_Channel', 'TV_series']"
tvshow,"What is the series name of the TV Channel that shows the cartoon ""The Rise of the Blue Beetle""?","SELECT T1.series_name FROM TV_Channel AS T1 JOIN Cartoon AS T2 ON T1.id = T2.Channel WHERE T2.Title = ""The Rise of the Blue Beetle!"";","['TV_Channel', 'Cartoon']"
tvshow,What is the pixel aspect ratio and country of origin for all TV channels that do not use English?,"SELECT Pixel_aspect_ratio_PAR ,  country FROM tv_channel WHERE LANGUAGE != 'English'",['tv_channel']
tvshow,"For each language, list the number of TV Channels that use it.","SELECT LANGUAGE ,  count(*) FROM TV_Channel GROUP BY LANGUAGE",['TV_Channel']
tvshow,"What is the TV Channel that shows the cartoon ""The Rise of the Blue Beetle!""? List the TV Channel's series name.","SELECT T1.series_name FROM TV_Channel AS T1 JOIN Cartoon AS T2 ON T1.id = T2.Channel WHERE T2.Title = ""The Rise of the Blue Beetle!"";","['TV_Channel', 'Cartoon']"
tvshow,Find the series name and country of the tv channel that is playing some cartoons directed by Ben Jones and Michael Chang?,"SELECT T1.series_name ,  T1.country FROM TV_Channel AS T1 JOIN cartoon AS T2 ON T1.id = T2.Channel WHERE T2.directed_by  =  'Michael Chang' INTERSECT SELECT T1.series_name ,  T1.country FROM TV_Channel AS T1 JOIN cartoon AS T2 ON T1.id = T2.Channel WHERE T2.directed_by  =  'Ben Jones'","['TV_Channel', 'cartoon']"
tvshow,find id of the tv channels that from the countries where have more than two tv channels.,SELECT id FROM tv_channel GROUP BY country HAVING count(*)  >  2,['tv_channel']
tvshow,"What is the name of the series that has the episode ""A Love of a Lifetime""?","SELECT T1.series_name FROM TV_Channel AS T1 JOIN TV_series AS T2 ON T1.id = T2.Channel WHERE T2.Episode = ""A Love of a Lifetime"";","['TV_Channel', 'TV_series']"
tvshow,List each language and the number of TV Channels using it.,"SELECT LANGUAGE ,  count(*) FROM TV_Channel GROUP BY LANGUAGE",['TV_Channel']
tvshow,Find the number of cartoons directed by each of the listed directors.,"SELECT count(*) ,  Directed_by FROM cartoon GROUP BY Directed_by",['cartoon']
tvshow,What are the package options and the name of the series for the TV Channel that supports high definition TV?,"SELECT package_option ,  series_name FROM TV_Channel WHERE hight_definition_TV  =  ""yes""",['TV_Channel']
tvshow,find the pixel aspect ratio and nation of the tv channels that do not use English.,"SELECT Pixel_aspect_ratio_PAR ,  country FROM tv_channel WHERE LANGUAGE != 'English'",['tv_channel']
tvshow,"What is the air date of TV series with Episode ""A Love of a Lifetime""?","SELECT Air_Date FROM TV_series WHERE Episode = ""A Love of a Lifetime"";",['TV_series']
tvshow,find the package option of the tv channel that do not have any cartoon directed by Ben Jones.,SELECT package_option FROM TV_Channel WHERE id NOT IN (SELECT channel FROM cartoon WHERE directed_by  =  'Ben Jones'),"['TV_Channel', 'cartoon']"
tvshow,What are the ids of all tv channels that have more than 2 TV channels?,SELECT id FROM tv_channel GROUP BY country HAVING count(*)  >  2,['tv_channel']
tvshow,"What is the title of all the cartools that are on the TV Channel with the series name ""Sky Radio""?","SELECT T2.Title FROM TV_Channel AS T1 JOIN Cartoon AS T2 ON T1.id = T2.Channel WHERE T1.series_name = ""Sky Radio"";","['TV_Channel', 'Cartoon']"
tvshow,What is the name and directors of all the cartoons that are ordered by air date?,"SELECT title ,  Directed_by FROM Cartoon ORDER BY Original_air_date",['Cartoon']
tvshow,What is the content of the series Sky Radio?,"SELECT Content FROM TV_Channel WHERE series_name = ""Sky Radio"";",['TV_Channel']
tvshow,What are the package options of all tv channels that are not playing any cartoons directed by Ben Jones?,SELECT package_option FROM TV_Channel WHERE id NOT IN (SELECT channel FROM cartoon WHERE directed_by  =  'Ben Jones'),"['TV_Channel', 'cartoon']"
tvshow,What are all of the episodes ordered by ratings?,SELECT Episode FROM TV_series ORDER BY rating,['TV_series']
voter_1,"List the vote ids, phone numbers and states of all votes.","SELECT vote_id ,  phone_number ,  state FROM votes",['votes']
voter_1,What are the names of the contestants whose names are not 'Jessie Alloway',SELECT contestant_name FROM contestants WHERE contestant_name != 'Jessie Alloway',['contestants']
voter_1,What is last date created of votes from the state 'CA'?,SELECT max(created) FROM votes WHERE state  =  'CA',['votes']
voter_1,What is the area code in which the most voters voted?,SELECT T1.area_code FROM area_code_state AS T1 JOIN votes AS T2 ON T1.state  =  T2.state GROUP BY T1.area_code ORDER BY count(*) DESC LIMIT 1,"['votes', 'area_code_state']"
voter_1,What are the maximum and minimum values of area codes?,"SELECT max(area_code) ,  min(area_code) FROM area_code_state",['area_code_state']
voter_1,Return the names of the contestants whose names contain the substring 'Al' .,"select contestant_name from contestants where contestant_name like ""%al%""",['contestants']
voter_1,"What are the create dates, states, and phone numbers of the votes that were for the contestant named 'Tabatha Gehling'?","SELECT T2.created ,  T2.state ,  T2.phone_number FROM contestants AS T1 JOIN votes AS T2 ON T1.contestant_number  =  T2.contestant_number WHERE T1.contestant_name  =  'Tabatha Gehling'","['contestants', 'votes']"
voter_1,List the area codes in which voters voted both for the contestant 'Tabatha Gehling' and the contestant 'Kelly Clauss'.,SELECT T3.area_code FROM contestants AS T1 JOIN votes AS T2 ON T1.contestant_number  =  T2.contestant_number JOIN area_code_state AS T3 ON T2.state  =  T3.state WHERE T1.contestant_name  =  'Tabatha Gehling' INTERSECT SELECT T3.area_code FROM contestants AS T1 JOIN votes AS T2 ON T1.contestant_number  =  T2.contestant_number JOIN area_code_state AS T3 ON T2.state  =  T3.state WHERE T1.contestant_name  =  'Kelly Clauss',"['contestants', 'area_code_state', 'votes']"
world_1,Which languages are spoken by only one country in republic governments?,"SELECT T2.Language FROM country AS T1 JOIN countrylanguage AS T2 ON T1.Code  =  T2.CountryCode WHERE T1.GovernmentForm  =  ""Republic"" GROUP BY T2.Language HAVING COUNT(*)  =  1","['country', 'countrylanguage']"
world_1,What are the region and population of Angola?,"SELECT Population ,  Region FROM country WHERE Name  =  ""Angola""",['country']
world_1,"What are the country codes of the different countries, and what are the languages spoken by the greatest percentage of people for each?","SELECT LANGUAGE ,  CountryCode ,  max(Percentage) FROM countrylanguage GROUP BY CountryCode",['countrylanguage']
world_1,What is the total population and maximum GNP in Asia?,"SELECT sum(Population) ,  max(GNP) FROM country WHERE Continent  =  ""Asia""",['country']
world_1,Which unique cities are in Asian countries where Chinese is the official language ?,"select distinct t3.name from country as t1 join countrylanguage as t2 on t1.code  =  t2.countrycode join city as t3 on t1.code  =  t3.countrycode where t2.isofficial  =  't' and t2.language  =  'chinese' and t1.continent  =  ""asia""","['city', 'country', 'countrylanguage']"
world_1,Which continent is Anguilla in?,"SELECT Continent FROM country WHERE Name  =  ""Anguilla""",['country']
world_1,What is the total surface area of the countries in the Caribbean region?,"SELECT sum(SurfaceArea) FROM country WHERE Region  =  ""Caribbean""",['country']
world_1,How many countries have a republic as their form of government?,"SELECT count(*) FROM country WHERE GovernmentForm  =  ""Republic""",['country']
world_1,What languages are only used by a single country with a republic government?,"SELECT T2.Language FROM country AS T1 JOIN countrylanguage AS T2 ON T1.Code  =  T2.CountryCode WHERE T1.GovernmentForm  =  ""Republic"" GROUP BY T2.Language HAVING COUNT(*)  =  1","['country', 'countrylanguage']"
world_1,What are the countries where either English or Dutch is the official language ?,"select t1.name from country as t1 join countrylanguage as t2 on t1.code  =  t2.countrycode where t2.language  =  ""english"" and isofficial  =  ""t"" union select t1.name from country as t1 join countrylanguage as t2 on t1.code  =  t2.countrycode where t2.language  =  ""dutch"" and isofficial  =  ""t""","['country', 'countrylanguage']"
world_1,Which cities are in European countries where English is not the official language?,SELECT DISTINCT T2.Name FROM country AS T1 JOIN city AS T2 ON T2.CountryCode  =  T1.Code WHERE T1.Continent  =  'Europe' AND T1.Name NOT IN (SELECT T3.Name FROM country AS T3 JOIN countrylanguage AS T4 ON T3.Code  =  T4.CountryCode WHERE T4.IsOfficial  =  'T' AND T4.Language  =  'English'),"['city', 'country', 'countrylanguage']"
world_1,Give the total population and average surface area corresponding to countries in North America that have a surface area greater than 3000 .,"select sum(population) ,  avg(surfacearea) from country where continent  =  ""north america"" and surfacearea  >  3000",['country']
world_1,What is the number of distinct continents where Chinese is spoken?,"SELECT COUNT( DISTINCT Continent) FROM country AS T1 JOIN countrylanguage AS T2 ON T1.Code  =  T2.CountryCode WHERE T2.Language  =  ""Chinese""","['country', 'countrylanguage']"
world_1,What language is predominantly spoken in Aruba?,"SELECT T2.Language FROM country AS T1 JOIN countrylanguage AS T2 ON T1.Code  =  T2.CountryCode WHERE T1.Name  =  ""Aruba"" ORDER BY Percentage DESC LIMIT 1","['country', 'countrylanguage']"
world_1,"How many people live in Asia, and what is the largest GNP among them?","SELECT sum(Population) ,  max(GNP) FROM country WHERE Continent  =  ""Asia""",['country']
world_1,Return the country name and the numbers of languages spoken for each country that speaks at least 3 languages.,"SELECT COUNT(T2.Language) ,  T1.Name FROM country AS T1 JOIN countrylanguage AS T2 ON T1.Code  =  T2.CountryCode GROUP BY T1.Name HAVING COUNT(*)  >  2","['country', 'countrylanguage']"
world_1,Return the names and surface areas of the 5 largest countries.,"SELECT Name ,  SurfaceArea FROM country ORDER BY SurfaceArea DESC LIMIT 5",['country']
world_1,Which continent speaks the most languages?,SELECT T1.Continent FROM country AS T1 JOIN countrylanguage AS T2 ON T1.Code  =  T2.CountryCode GROUP BY T1.Continent ORDER BY COUNT(*) DESC LIMIT 1,"['country', 'countrylanguage']"
world_1,What are the country codes of countries where people use languages other than English?,"SELECT DISTINCT CountryCode FROM countrylanguage WHERE LANGUAGE != ""English""",['countrylanguage']
world_1,"What are the name, independence year, and surface area of the country with the smallest population?","SELECT Name ,  SurfaceArea ,  IndepYear FROM country ORDER BY Population LIMIT 1",['country']
world_1,What are the African countries that have a  population less than any country in Asia?,"SELECT Name FROM country WHERE Continent  =  ""Africa""  AND population  <  (SELECT max(population) FROM country WHERE Continent  =  ""Asia"")",['country']
world_1,How many different forms of governments are there in Africa?,"SELECT count(DISTINCT GovernmentForm) FROM country WHERE Continent  =  ""Africa""",['country']
world_1,Which language is the most popular on the Asian continent?,"SELECT T2.Language FROM country AS T1 JOIN countrylanguage AS T2 ON T1.Code  =  T2.CountryCode WHERE T1.Continent  =  ""Asia"" GROUP BY T2.Language ORDER BY COUNT (*) DESC LIMIT 1","['country', 'countrylanguage']"
world_1,What is the total population and average area of countries in the continent of North America whose area is bigger than 3000 ?,"select sum(population) ,  avg(surfacearea) from country where continent  =  ""north america"" and surfacearea  >  3000",['country']
world_1,What is average life expectancy in the countries where English is not the official language?,"SELECT avg(LifeExpectancy) FROM country WHERE Name NOT IN (SELECT T1.Name FROM country AS T1 JOIN countrylanguage AS T2 ON T1.Code  =  T2.CountryCode WHERE T2.Language  =  ""English"" AND T2.IsOfficial  =  ""T"")","['country', 'countrylanguage']"
world_1,"Give the name, year of independence, and surface area of the country that has the lowest population.","SELECT Name ,  SurfaceArea ,  IndepYear FROM country ORDER BY Population LIMIT 1",['country']
world_1,What is the continent name which Anguilla belongs to?,"SELECT Continent FROM country WHERE Name  =  ""Anguilla""",['country']
world_1,How many countries speak both English and Dutch?,"SELECT COUNT(*) FROM (SELECT T1.Name FROM country AS T1 JOIN countrylanguage AS T2 ON T1.Code  =  T2.CountryCode WHERE T2.Language  =  ""English"" INTERSECT SELECT T1.Name FROM country AS T1 JOIN countrylanguage AS T2 ON T1.Code  =  T2.CountryCode WHERE T2.Language  =  ""Dutch"")","['country', 'countrylanguage']"
world_1,Count the number of countries in Asia.,"SELECT count(*) FROM country WHERE continent  =  ""Asia""",['country']
world_1,How many cities in each district have a population that is above the average population across all cities?,"SELECT count(*) ,  District FROM city WHERE Population  >  (SELECT avg(Population) FROM city) GROUP BY District",['city']
world_1,What is the number of distinct languages used around the world?,SELECT count(DISTINCT LANGUAGE) FROM countrylanguage,['countrylanguage']
world_1,Which continent has the most diverse languages?,SELECT T1.Continent FROM country AS T1 JOIN countrylanguage AS T2 ON T1.Code  =  T2.CountryCode GROUP BY T1.Continent ORDER BY COUNT(*) DESC LIMIT 1,"['country', 'countrylanguage']"
world_1,Find the number of cities in each district whose population is greater than the average population of cities?,"SELECT count(*) ,  District FROM city WHERE Population  >  (SELECT avg(Population) FROM city) GROUP BY District",['city']
world_1,What is the total number of people living in the nations that do not use English?,"SELECT sum(Population) FROM country WHERE Name NOT IN (SELECT T1.Name FROM country AS T1 JOIN countrylanguage AS T2 ON T1.Code  =  T2.CountryCode WHERE T2.Language  =  ""English"")","['country', 'countrylanguage']"
world_1,What is the official language spoken in the country whose head of state is Beatrix?,"SELECT T2.Language FROM country AS T1 JOIN countrylanguage AS T2 ON T1.Code  =  T2.CountryCode WHERE T1.HeadOfState  =  ""Beatrix"" AND T2.IsOfficial  =  ""T""","['country', 'countrylanguage']"
world_1,How many official languages does Afghanistan have?,"SELECT COUNT(*) FROM country AS T1 JOIN countrylanguage AS T2 ON T1.Code  =  T2.CountryCode WHERE T1.Name  =  ""Afghanistan"" AND IsOfficial  =  ""T""","['country', 'countrylanguage']"
world_1,Give the average life expectancy for countries in Africa which are republics?,"SELECT avg(LifeExpectancy) FROM country WHERE Continent  =  ""Africa"" AND GovernmentForm  =  ""Republic""",['country']
world_1,What are the names of the nations with the 3 lowest populations?,SELECT Name FROM country ORDER BY Population ASC LIMIT 3,['country']
world_1,Give the total surface area covered by countries in Asia or Europe.,"SELECT sum(SurfaceArea) FROM country WHERE Continent  =  ""Asia"" OR Continent  =  ""Europe""",['country']
world_1,Return the country codes for countries that do not speak English.,"SELECT CountryCode FROM countrylanguage EXCEPT SELECT CountryCode FROM countrylanguage WHERE LANGUAGE  =  ""English""",['countrylanguage']
world_1,What are the countries that have greater surface area than any country in Europe?,"SELECT Name FROM country WHERE SurfaceArea  >  (SELECT min(SurfaceArea) FROM country WHERE Continent  =  ""Europe"")",['country']
world_1,What are the cities whose population is between 160000 and 900000?,SELECT name FROM city WHERE Population BETWEEN 160000 AND 900000,['city']
world_1,"What are the name, population, and life expectancy of the largest Asian country by land?","SELECT Name ,  Population ,  LifeExpectancy FROM country WHERE Continent  =  ""Asia"" ORDER BY SurfaceArea DESC LIMIT 1",['country']
world_1,"Give the name, population, and head of state for the country that has the largest area.","SELECT Name ,  population ,  HeadOfState FROM country ORDER BY SurfaceArea DESC LIMIT 1",['country']
world_1,What are the names of nations where both English and French are official languages?,"SELECT T1.Name FROM country AS T1 JOIN countrylanguage AS T2 ON T1.Code  =  T2.CountryCode WHERE T2.Language  =  ""English"" AND T2.IsOfficial  =  ""T"" INTERSECT SELECT T1.Name FROM country AS T1 JOIN countrylanguage AS T2 ON T1.Code  =  T2.CountryCode WHERE T2.Language  =  ""French"" AND T2.IsOfficial  =  ""T""","['country', 'countrylanguage']"
world_1,How long is the people’s average life expectancy in Central Africa?,"SELECT avg(LifeExpectancy) FROM country WHERE Region  =  ""Central Africa""",['country']
world_1,What is the average life expectancy in African countries that are republics?,"SELECT avg(LifeExpectancy) FROM country WHERE Continent  =  ""Africa"" AND GovernmentForm  =  ""Republic""",['country']
world_1,What is the total surface area of the continents Asia and Europe?,"SELECT sum(SurfaceArea) FROM country WHERE Continent  =  ""Asia"" OR Continent  =  ""Europe""",['country']
world_1,Give the language that is spoken in the most countries.,SELECT LANGUAGE FROM countrylanguage GROUP BY LANGUAGE ORDER BY count(*) DESC LIMIT 1,['countrylanguage']
world_1,What is the total population of Gelderland district?,"SELECT sum(Population) FROM city WHERE District  =  ""Gelderland""",['city']
world_1,What are the names of all the countries that became independent after 1950?,SELECT Name FROM country WHERE IndepYear  >  1950,['country']
world_1,Return the codes of countries for which Spanish is the predominantly spoken language.,"SELECT CountryCode ,  max(Percentage) FROM countrylanguage WHERE LANGUAGE  =  ""Spanish"" GROUP BY CountryCode",['countrylanguage']
world_1,"For the countries founded before 1930, what is the total number of distinct official languages?","SELECT count(DISTINCT T2.Language) FROM country AS T1 JOIN countrylanguage AS T2 ON T1.Code  =  T2.CountryCode WHERE  IndepYear  <  1930 AND T2.IsOfficial  =  ""T""","['country', 'countrylanguage']"
world_1,Which African countries have a smaller population than that of any country in Asia?,"SELECT Name FROM country WHERE Continent  =  ""Africa""  AND population  <  (SELECT min(population) FROM country WHERE Continent  =  ""Asia"")",['country']
world_1,Which Asian countries have a population that is larger than any country in Africa?,"SELECT Name FROM country WHERE Continent  =  ""Asia""  AND population  >  (SELECT max(population) FROM country WHERE Continent  =  ""Africa"")",['country']
world_1,What is the total number of countries where Spanish is spoken by the largest percentage of people?,"SELECT count(*) ,   max(Percentage) FROM countrylanguage WHERE LANGUAGE  =  ""Spanish"" GROUP BY CountryCode",['countrylanguage']
world_1,What are the codes of the countries that do not speak English and whose government forms are not Republic?,"SELECT Code FROM country WHERE GovernmentForm != ""Republic"" EXCEPT SELECT CountryCode FROM countrylanguage WHERE LANGUAGE  =  ""English""","['country', 'countrylanguage']"
world_1,Give the names of nations that speak both English and French.,"SELECT T1.Name FROM country AS T1 JOIN countrylanguage AS T2 ON T1.Code  =  T2.CountryCode WHERE T2.Language  =  ""English"" INTERSECT SELECT T1.Name FROM country AS T1 JOIN countrylanguage AS T2 ON T1.Code  =  T2.CountryCode WHERE T2.Language  =  ""French""","['country', 'countrylanguage']"
world_1,Return the names of the 3 countries with the fewest people.,SELECT Name FROM country ORDER BY Population ASC LIMIT 3,['country']
world_1,What is the official language used in the country the name of whose head of state is Beatrix.,"SELECT T2.Language FROM country AS T1 JOIN countrylanguage AS T2 ON T1.Code  =  T2.CountryCode WHERE T1.HeadOfState  =  ""Beatrix"" AND T2.IsOfficial  =  ""T""","['country', 'countrylanguage']"
wta_1,How many different loser names are there?,SELECT count(DISTINCT loser_name) FROM matches,['matches']
wta_1,Find the total number of matches.,SELECT count(*) FROM matches,['matches']
wta_1,What are the first names and birth dates of players from the USA?,"SELECT first_name ,  birth_date FROM players WHERE country_code  =  'USA'",['players']
wta_1,What are the names of tournaments that have more than 10 matches?,SELECT tourney_name FROM matches GROUP BY tourney_name HAVING count(*)  >  10,['matches']
wta_1,"Find the first name, country code and birth date of the winner who has the highest rank points in all matches.","SELECT T1.first_name ,  T1.country_code ,  T1.birth_date FROM players AS T1 JOIN matches AS T2 ON T1.player_id  =  T2.winner_id ORDER BY T2.winner_rank_points DESC LIMIT 1","['matches', 'players']"
wta_1,find the number of players for each country.,"SELECT count(*) ,  country_code FROM players GROUP BY country_code",['players']
wta_1,Find the number of distinct name of losers.,SELECT count(DISTINCT loser_name) FROM matches,['matches']
wta_1,"What are the first names of all players, and their average rankings?","SELECT avg(ranking) ,  T1.first_name FROM players AS T1 JOIN rankings AS T2 ON T1.player_id  =  T2.player_id GROUP BY T1.first_name","['rankings', 'players']"
wta_1,How many total tours were there for each ranking date?,"SELECT sum(tours) ,  ranking_date FROM rankings GROUP BY ranking_date",['rankings']
wta_1,Find the average rank of winners in all matches.,SELECT avg(winner_rank) FROM matches,['matches']
wta_1,Find the average ranking for each player and their first name.,"SELECT avg(ranking) ,  T1.first_name FROM players AS T1 JOIN rankings AS T2 ON T1.player_id  =  T2.player_id GROUP BY T1.first_name","['rankings', 'players']"
wta_1,What are the first names and country codes for players who won both the WTA Championships and the Australian Open?,"SELECT T1.country_code ,  T1.first_name FROM players AS T1 JOIN matches AS T2 ON T1.player_id  =  T2.winner_id WHERE T2.tourney_name  =  'WTA Championships' INTERSECT SELECT T1.country_code ,  T1.first_name FROM players AS T1 JOIN matches AS T2 ON T1.player_id  =  T2.winner_id WHERE T2.tourney_name  =  'Australian Open'","['matches', 'players']"
wta_1,"What is the first name, country code, and birth date of the player with the most winner rank points across all matches?","SELECT T1.first_name ,  T1.country_code ,  T1.birth_date FROM players AS T1 JOIN matches AS T2 ON T1.player_id  =  T2.winner_id ORDER BY T2.winner_rank_points DESC LIMIT 1","['matches', 'players']"
wta_1,Find the name and rank points of the winner who won the most times.,"SELECT winner_name ,  winner_rank_points FROM matches GROUP BY winner_name ORDER BY count(*) DESC LIMIT 1",['matches']
wta_1,What is the average rank for winners in all matches?,SELECT avg(winner_rank) FROM matches,['matches']
wta_1,find the number of distinct country codes of all players.,SELECT count(DISTINCT country_code) FROM players,['players']
wta_1,"What are the first names of all players, and their total ranking points?","SELECT sum(ranking_points) ,  T1.first_name FROM players AS T1 JOIN rankings AS T2 ON T1.player_id  =  T2.player_id GROUP BY T1.first_name","['rankings', 'players']"
wta_1,What is the first name and country code of the player with the most tours?,"SELECT T1.country_code ,  T1.first_name FROM players AS T1 JOIN rankings AS T2 ON T1.player_id  =  T2.player_id ORDER BY T2.tours DESC LIMIT 1","['rankings', 'players']"
wta_1,Find the number of players for each hand type.,"SELECT count(*) ,  hand FROM players GROUP BY hand",['players']
wta_1,Find the total ranking points for each player and their first name.,"SELECT sum(ranking_points) ,  T1.first_name FROM players AS T1 JOIN rankings AS T2 ON T1.player_id  =  T2.player_id GROUP BY T1.first_name","['rankings', 'players']"
wta_1,Find the year that has the most number of matches.,SELECT YEAR FROM matches GROUP BY YEAR ORDER BY count(*) DESC LIMIT 1,['matches']
wta_1,List the first and last name of all players in the order of birth date.,"SELECT first_name ,  last_name FROM players ORDER BY birth_date",['players']
wta_1,What is the code of the country with the most players?,SELECT country_code FROM players GROUP BY country_code ORDER BY count(*) DESC LIMIT 1,['players']
wta_1,What is the first name and country code of the oldest player?,"SELECT first_name ,  country_code FROM players ORDER BY birth_date LIMIT 1",['players']
wta_1,What are the names and ranks of the three youngest winners across all matches?,"SELECT DISTINCT winner_name ,  winner_rank FROM matches ORDER BY winner_age LIMIT 3",['matches']
wta_1,find the code of the country where has the greatest number of players.,SELECT country_code FROM players GROUP BY country_code ORDER BY count(*) DESC LIMIT 1,['players']
wta_1,How many players are from each country?,"SELECT count(*) ,  country_code FROM players GROUP BY country_code",['players']
wta_1,Find the first name and country code of the player who did the most number of tours.,"SELECT T1.country_code ,  T1.first_name FROM players AS T1 JOIN rankings AS T2 ON T1.player_id  =  T2.player_id ORDER BY T2.tours DESC LIMIT 1","['rankings', 'players']"
wta_1,"What are the full names of all left handed players, in order of birth date?","SELECT first_name ,  last_name FROM players WHERE hand  =  'L' ORDER BY birth_date",['players']
wta_1,What is the name of the winner with the most rank points who participated in the Australian Open tournament?,SELECT winner_name FROM matches WHERE tourney_name  =  'Australian Open' ORDER BY winner_rank_points DESC LIMIT 1,['matches']
wta_1,Find the average age of losers and winners of all matches.,"SELECT avg(loser_age) ,  avg(winner_age) FROM matches",['matches']
