db_id,question,SQL,gt_tables,view_SQL,renamed_SQL,gt_renamed_tables,renamed_view_SQL
battle_death,What is the average number of injuries caused each time?,SELECT avg(injured) FROM death,['death'],SELECT avg(injured) FROM cluster16_death,SELECT avg(injured) FROM deaths,['deaths'],SELECT avg(injured) FROM cluster18_deaths
battle_death,What is the ship id and name that caused most total injuries?,"SELECT T2.id ,  T2.name FROM death AS T1 JOIN ship AS t2 ON T1.caused_by_ship_id  =  T2.id GROUP BY T2.id ORDER BY count(*) DESC LIMIT 1","['death', 'ship']","SELECT T2.ship_id, T2.name FROM cluster17_death_join_ship AS T2 GROUP BY T2.ship_id ORDER BY count(*) DESC LIMIT 1","SELECT T2.ship_id, T2.name FROM deaths AS T1 JOIN ships AS T2 ON T1.caused_by_ship_id = T2.ship_id GROUP BY T2.ship_id ORDER BY count(*) DESC LIMIT 1","['deaths', 'ships']","SELECT T2.ship_id, T2.name FROM cluster19_deaths_join_ships AS T2 GROUP BY T2.ship_id ORDER BY count(*) DESC LIMIT 1"
battle_death,"List the name, date and result of each battle.","SELECT name ,  date FROM battle",['battle'],"SELECT name, date FROM cluster18_battle","SELECT name, date FROM battles",['battles'],"SELECT name, date FROM cluster20_battles"
battle_death,What are the distinct battle names which are between bulgarian commander 'Kaloyan' and latin commander 'Baldwin I'?,SELECT name FROM battle WHERE bulgarian_commander  =  'Kaloyan' AND latin_commander  =  'Baldwin I',['battle'],SELECT name FROM cluster18_battle WHERE bulgarian_commander = 'Kaloyan' AND latin_commander = 'Baldwin I',SELECT name FROM battles WHERE bulgarian_commander = 'Kaloyan' AND latin_commander = 'Baldwin I',['battles'],SELECT name FROM cluster20_battles WHERE bulgarian_commander = 'Kaloyan' AND latin_commander = 'Baldwin I'
battle_death,What are the name and results of the battles when the bulgarian commander is not 'Boril',"SELECT name ,  RESULT FROM battle WHERE bulgarian_commander != 'Boril'",['battle'],"SELECT name, result FROM cluster18_battle WHERE bulgarian_commander != 'Boril'","SELECT name, result FROM battles WHERE bulgarian_commander != 'Boril'",['battles'],"SELECT name, result FROM cluster20_battles WHERE bulgarian_commander != 'Boril'"
battle_death,What are the notes of the death events which has substring 'East'?,SELECT note FROM death WHERE note LIKE '%East%',['death'],SELECT note FROM cluster16_death WHERE note LIKE '%East%',SELECT note FROM deaths WHERE note LIKE '%East%',['deaths'],SELECT note FROM cluster18_deaths WHERE note LIKE '%East%'
battle_death,What is maximum and minimum death toll caused each time?,"SELECT max(killed) ,  min(killed) FROM death",['death'],"SELECT max(killed), min(killed) FROM cluster16_death","SELECT max(killed), min(killed) FROM deaths",['deaths'],"SELECT max(killed), min(killed) FROM cluster18_deaths"
battle_death,What are the ids and names of the battles that led to more than 10 people killed in total.,"SELECT T1.id ,  T1.name FROM battle AS T1 JOIN ship AS T2 ON T1.id  =  T2.lost_in_battle JOIN death AS T3 ON T2.id  =  T3.caused_by_ship_id GROUP BY T1.id HAVING sum(T3.killed)  >  10","['death', 'battle', 'ship']","SELECT T1.battle_id, T1.name FROM battles AS T1 JOIN cluster17_death_join_ship AS T2 ON T1.battle_id = T2.lost_in_battle GROUP BY T1.battle_id HAVING sum(T2.killed) > 10","SELECT T1.battle_id, T1.name FROM battles AS T1 JOIN ships AS T2 ON T1.battle_id = T2.lost_in_battle_id JOIN deaths AS T3 ON T2.ship_id = T3.caused_by_ship_id GROUP BY T1.battle_id HAVING sum(T3.killed) > 10","['battles', 'deaths', 'ships']","SELECT T1.battle_id, T1.name FROM cluster20_battles AS T1 JOIN cluster19_deaths_join_ships AS T2 ON T1.battle_id = T2.lost_in_battle_id GROUP BY T1.battle_id HAVING sum(T2.killed) > 10"
car_1,Find the make and production time of the cars that were produced in the earliest year?,"SELECT T2.Make ,  T1.Year FROM CARS_DATA AS T1 JOIN CAR_NAMES AS T2 ON T1.Id  =  T2.MakeId WHERE T1.Year  =  (SELECT min(YEAR) FROM CARS_DATA);","['CAR_NAMES', 'CARS_DATA']","SELECT T1.Make, T1.Year FROM cluster1_CARS_DATA_join_CAR_NAMES AS T1 WHERE T1.Year = (SELECT min(Year) FROM cars_data)","SELECT T2.make, T1.year FROM car_data AS T1 JOIN car_make_names AS T2 ON T1.make_id = T2.make_id WHERE T1.year = (SELECT min(year) FROM car_data)","['car_data', 'car_make_names']","SELECT make, year FROM cluster1_car_data_join_car_make_names WHERE year = (SELECT min(year) FROM car_data)"
car_1,What is the model of the car with the smallest amount of horsepower?,SELECT T1.Model FROM CAR_NAMES AS T1 JOIN CARS_DATA AS T2 ON T1.MakeId  =  T2.Id ORDER BY T2.horsepower ASC LIMIT 1;,"['CAR_NAMES', 'CARS_DATA']",SELECT T1.Model FROM cluster1_CARS_DATA_join_CAR_NAMES AS T1 ORDER BY T1.Horsepower ASC LIMIT 1,SELECT T1.model FROM car_make_names AS T1 JOIN car_data AS T2 ON T1.make_id = T2.make_id ORDER BY T2.horsepower ASC LIMIT 1,"['car_data', 'car_make_names']",SELECT T1.model FROM cluster1_car_data_join_car_make_names AS T1 ORDER BY T1.horsepower ASC LIMIT 1
car_1,"For a volvo model, how many cylinders does the version with least accelerate have?",SELECT T1.cylinders FROM CARS_DATA AS T1 JOIN CAR_NAMES AS T2 ON T1.Id  =  T2.MakeId WHERE T2.Model  =  'volvo' ORDER BY T1.accelerate ASC LIMIT 1;,"['CAR_NAMES', 'CARS_DATA']",SELECT T1.Cylinders FROM cluster1_CARS_DATA_join_CAR_NAMES AS T1 WHERE T1.Model = 'volvo' ORDER BY T1.Accelerate ASC LIMIT 1,SELECT T1.cylinders FROM car_data AS T1 JOIN car_make_names AS T2 ON T1.make_id = T2.make_id WHERE T2.model = 'volvo' ORDER BY T1.accelerate ASC LIMIT 1,"['car_data', 'car_make_names']",SELECT T1.cylinders FROM cluster1_car_data_join_car_make_names AS T1 WHERE T1.model = 'volvo' ORDER BY T1.accelerate ASC LIMIT 1
car_1,Which of the countries has the most car makers? List the country name.,SELECT T2.CountryName FROM CAR_MAKERS AS T1 JOIN COUNTRIES AS T2 ON T1.Country  =  T2.CountryId GROUP BY T1.Country ORDER BY Count(*) DESC LIMIT 1;,"['CAR_MAKERS', 'COUNTRIES']",SELECT T1.CountryName FROM cluster19_CAR_MAKERS_join_COUNTRIES AS T1 GROUP BY T1.Country ORDER BY Count(*) DESC LIMIT 1,SELECT T2.country_name FROM car_manufacturers AS T1 JOIN car_countries AS T2 ON T1.country = T2.country_id GROUP BY T1.country ORDER BY Count(*) DESC LIMIT 1,"['car_countries', 'car_manufacturers']",SELECT country_name FROM cluster2_car_countries_join_car_manufacturers GROUP BY country ORDER BY Count(*) DESC LIMIT 1
car_1,What are the names of the countries with no car makers?,SELECT CountryName FROM countries EXCEPT SELECT T1.CountryName FROM countries AS T1 JOIN CAR_MAKERS AS T2 ON T1.countryId  =  T2.Country;,"['CAR_MAKERS', 'countries']",SELECT CountryName FROM countries EXCEPT SELECT T1.CountryName FROM cluster19_CAR_MAKERS_join_COUNTRIES AS T1,SELECT country_name FROM car_countries EXCEPT SELECT T1.country_name FROM car_countries AS T1 JOIN car_manufacturers AS T2 ON T1.country_id = T2.country,"['car_countries', 'car_manufacturers']",SELECT country_name FROM car_countries EXCEPT SELECT T1.country_name FROM cluster2_car_countries_join_car_manufacturers AS T1
car_1,What is the number of continents?,SELECT count(*) FROM CONTINENTS;,['CONTINENTS'],SELECT count(*) FROM cluster20_continents,SELECT count(*) FROM continent_info,['continent_info'],SELECT count(*) FROM cluster21_continent_info
car_1,What is the average horsepower for all cars produced before 1980 ?,select avg(horsepower) from cars_data where year  <  1980;,['cars_data'],SELECT avg(Horsepower) FROM cars_data WHERE Year < 1980,SELECT avg(horsepower) FROM car_data WHERE year < 1980,['car_data'],SELECT avg(horsepower) FROM car_data WHERE year < 1980
car_1,"Among the cars that do not have the minimum horsepower , what are the make ids and names of all those with less than 4 cylinders ?","select t2.makeid ,  t2.make from cars_data as t1 join car_names as t2 on t1.id  =  t2.makeid where t1.horsepower  >  (select min(horsepower) from cars_data) and t1.cylinders  <  4;","['cars_data', 'car_names']","SELECT t1.MakeId, t1.Make FROM cluster1_CARS_DATA_join_CAR_NAMES AS t1 WHERE t1.Horsepower > (SELECT min(Horsepower) FROM cars_data) AND t1.Cylinders < 4","SELECT t2.make_id, t2.make FROM car_data AS t1 JOIN car_make_names AS t2 ON t1.make_id = t2.make_id WHERE t1.horsepower > (SELECT min(horsepower) FROM car_data) AND t1.cylinders < 4","['car_data', 'car_make_names']","SELECT T1.car_make_names_make_id, T1.make FROM cluster1_car_data_join_car_make_names AS T1 WHERE T1.horsepower > (SELECT min(horsepower) FROM car_data) AND T1.cylinders < 4"
car_1,What is the maximum accelerate for different number of cylinders?,"SELECT max(Accelerate) ,  Cylinders FROM CARS_DATA GROUP BY Cylinders;",['CARS_DATA'],"SELECT max(Accelerate), Cylinders FROM cars_data GROUP BY Cylinders","SELECT max(accelerate), cylinders FROM car_data GROUP BY cylinders",['car_data'],"SELECT max(accelerate), cylinders FROM car_data GROUP BY cylinders"
car_1,What is the minimum weight of the car with 8 cylinders produced in 1974 ?,select min(weight) from cars_data where cylinders  =  8 and year  =  1974,['cars_data'],SELECT min(Weight) FROM cars_data WHERE Cylinders = 8 AND Year = 1974,SELECT min(weight) FROM car_data WHERE cylinders = 8 AND year = 1974,['car_data'],SELECT min(weight) FROM car_data WHERE cylinders = 8 AND year = 1974
car_1,What is the number of car models that are produced by each maker and what is the id and full name of each maker?,"SELECT Count(*) ,  T2.FullName ,  T2.id FROM MODEL_LIST AS T1 JOIN CAR_MAKERS AS T2 ON T1.Maker  =  T2.Id GROUP BY T2.id;","['CAR_MAKERS', 'MODEL_LIST']","SELECT Count(*), T1.FullName, T1.Id FROM cluster21_CAR_MAKERS_join_MODEL_LIST AS T1 GROUP BY T1.Id","SELECT Count(*), T2.full_name, T2.maker_id FROM car_models AS T1 JOIN car_manufacturers AS T2 ON T1.maker_id = T2.maker_id GROUP BY T2.maker_id","['car_manufacturers', 'car_models']","SELECT Count(*), T2.full_name, T2.car_manufacturers_maker_id FROM cluster3_car_manufacturers_join_car_models AS T2 GROUP BY T2.car_manufacturers_maker_id"
car_1,What is the average edispl of the cars of model volvo?,SELECT avg(T2.edispl) FROM CAR_NAMES AS T1 JOIN CARS_DATA AS T2 ON T1.MakeId  =  T2.Id WHERE T1.Model  =  'volvo';,"['CAR_NAMES', 'CARS_DATA']",SELECT avg(T1.Edispl) FROM cluster1_CARS_DATA_join_CAR_NAMES AS T1 WHERE T1.Model = 'volvo',SELECT avg(T2.edispl) FROM car_make_names AS T1 JOIN car_data AS T2 ON T1.make_id = T2.make_id WHERE T1.model = 'volvo',"['car_data', 'car_make_names']",SELECT avg(T1.edispl) FROM cluster1_car_data_join_car_make_names AS T1 WHERE T1.model = 'volvo'
car_1,"For the cars with 4 cylinders, which model has the largest horsepower?",SELECT T1.Model FROM CAR_NAMES AS T1 JOIN CARS_DATA AS T2 ON T1.MakeId  =  T2.Id WHERE T2.Cylinders  =  4 ORDER BY T2.horsepower DESC LIMIT 1;,"['CAR_NAMES', 'CARS_DATA']",SELECT T1.Model FROM cluster1_CARS_DATA_join_CAR_NAMES AS T1 WHERE T1.Cylinders = 4 ORDER BY T1.Horsepower DESC LIMIT 1,SELECT T1.model FROM car_make_names AS T1 JOIN car_data AS T2 ON T1.make_id = T2.make_id WHERE T2.cylinders = 4 ORDER BY T2.horsepower DESC LIMIT 1,"['car_data', 'car_make_names']",SELECT T1.model FROM cluster1_car_data_join_car_make_names AS T1 WHERE T1.cylinders = 4 ORDER BY T1.horsepower DESC LIMIT 1
car_1,Which model has the most version(make) of cars?,SELECT Model FROM CAR_NAMES GROUP BY Model ORDER BY count(*) DESC LIMIT 1;,['CAR_NAMES'],SELECT Model FROM car_names GROUP BY Model ORDER BY count(*) DESC LIMIT 1,SELECT model FROM car_make_names GROUP BY model ORDER BY count(*) DESC LIMIT 1,['car_make_names'],SELECT model FROM car_make_names GROUP BY model ORDER BY count(*) DESC LIMIT 1
car_1,How many car models are produced by each maker ? Only list the count and the maker full name .,"select count(*) ,  t2.fullname from model_list as t1 join car_makers as t2 on t1.maker  =  t2.id group by t2.id;","['model_list', 'car_makers']","SELECT count(*), t1.FullName FROM cluster21_CAR_MAKERS_join_MODEL_LIST AS t1 GROUP BY t1.Id","SELECT count(*), t2.full_name FROM car_models AS t1 JOIN car_manufacturers AS t2 ON t1.maker_id = t2.maker_id GROUP BY t2.maker_id","['car_manufacturers', 'car_models']","SELECT count(*), T2.full_name FROM cluster3_car_manufacturers_join_car_models AS T2 GROUP BY T2.car_manufacturers_maker_id"
car_1,Find the model of the car whose weight is below the average weight.,SELECT T1.model FROM CAR_NAMES AS T1 JOIN CARS_DATA AS T2 ON T1.MakeId  =  T2.Id WHERE T2.Weight  <  (SELECT avg(Weight) FROM CARS_DATA),"['CAR_NAMES', 'CARS_DATA']",SELECT T1.Model FROM cluster1_CARS_DATA_join_CAR_NAMES AS T1 WHERE T1.Weight < (SELECT avg(Weight) FROM cars_data),SELECT T1.model FROM car_make_names AS T1 JOIN car_data AS T2 ON T1.make_id = T2.make_id WHERE T2.weight < (SELECT avg(weight) FROM car_data),"['car_data', 'car_make_names']",SELECT T1.model FROM cluster1_car_data_join_car_make_names AS T1 WHERE T1.weight < (SELECT avg(weight) FROM car_data)
car_1,What is the average miles per gallon of all the cards with 4 cylinders?,SELECT avg(mpg) FROM CARS_DATA WHERE Cylinders  =  4;,['CARS_DATA'],SELECT avg(MPG) FROM cars_data WHERE Cylinders = 4,SELECT avg(mpg) FROM car_data WHERE cylinders = 4,['car_data'],SELECT avg(mpg) FROM car_data WHERE cylinders = 4
car_1,What is the horsepower of the car with the largest accelerate?,SELECT T1.horsepower FROM CARS_DATA AS T1 ORDER BY T1.accelerate DESC LIMIT 1;,['CARS_DATA'],SELECT Horsepower FROM cars_data ORDER BY Accelerate DESC LIMIT 1,SELECT T1.horsepower FROM car_data AS T1 ORDER BY T1.accelerate DESC LIMIT 1,['car_data'],SELECT horsepower FROM car_data ORDER BY accelerate DESC LIMIT 1
car_1,What is the number of car models created by the car maker American Motor Company?,SELECT count(*) FROM CAR_MAKERS AS T1 JOIN MODEL_LIST AS T2 ON T1.Id  =  T2.Maker WHERE T1.FullName  =  'American Motor Company';,"['CAR_MAKERS', 'MODEL_LIST']",SELECT count(*) FROM cluster21_CAR_MAKERS_join_MODEL_LIST AS T1 WHERE T1.FullName = 'American Motor Company',SELECT count(*) FROM car_manufacturers AS T1 JOIN car_models AS T2 ON T1.maker_id = T2.maker_id WHERE T1.full_name = 'American Motor Company',"['car_manufacturers', 'car_models']",SELECT count(*) FROM cluster3_car_manufacturers_join_car_models AS T1 WHERE T1.full_name = 'American Motor Company'
car_1,"Which model saves the most gasoline? That is to say, have the maximum miles per gallon.",SELECT T1.Model FROM CAR_NAMES AS T1 JOIN CARS_DATA AS T2 ON T1.MakeId  =  T2.Id ORDER BY T2.mpg DESC LIMIT 1;,"['CAR_NAMES', 'CARS_DATA']",SELECT T1.Model FROM cluster1_CARS_DATA_join_CAR_NAMES AS T1 ORDER BY T1.MPG DESC LIMIT 1,SELECT T1.model FROM car_make_names AS T1 JOIN car_data AS T2 ON T1.make_id = T2.make_id ORDER BY T2.mpg DESC LIMIT 1,"['car_data', 'car_make_names']",SELECT T1.model FROM cluster1_car_data_join_car_make_names AS T1 ORDER BY T1.mpg DESC LIMIT 1
car_1,What are the different models wthat are lighter than 3500 but were not built by the Ford Motor Company?,SELECT DISTINCT T1.model FROM MODEL_LIST AS T1 JOIN CAR_NAMES AS T2 ON T1.Model  =  T2.Model JOIN CARS_DATA AS T3 ON T2.MakeId  =  T3.Id JOIN CAR_MAKERS AS T4 ON T1.Maker  =  T4.Id WHERE T3.weight  <  3500 AND T4.FullName != 'Ford Motor Company';,"['CAR_MAKERS', 'MODEL_LIST', 'CAR_NAMES', 'CARS_DATA']",SELECT DISTINCT T1.Model FROM cluster21_CAR_MAKERS_join_MODEL_LIST AS T1 JOIN cluster1_CARS_DATA_join_CAR_NAMES AS T2 ON T1.Model = T2.Model WHERE T2.Weight < 3500 AND T1.FullName != 'Ford Motor Company',SELECT DISTINCT T1.model FROM car_models AS T1 JOIN car_make_names AS T2 ON T1.model = T2.model JOIN car_data AS T3 ON T2.make_id = T3.make_id JOIN car_manufacturers AS T4 ON T1.maker_id = T4.maker_id WHERE T3.weight < 3500 AND T4.full_name != 'Ford Motor Company',"['car_data', 'car_make_names', 'car_manufacturers', 'car_models']",SELECT DISTINCT T1.model FROM cluster3_car_manufacturers_join_car_models AS T1 JOIN cluster1_car_data_join_car_make_names AS T2 ON T1.model = T2.model WHERE T2.weight < 3500 AND T1.full_name != 'Ford Motor Company'
car_1,What is the number of the cars with horsepower more than 150?,SELECT count(*) FROM CARS_DATA WHERE horsepower  >  150;,['CARS_DATA'],SELECT count(*) FROM cars_data WHERE Horsepower > 150,SELECT count(*) FROM car_data WHERE horsepower > 150,['car_data'],SELECT count(*) FROM car_data WHERE horsepower > 150
car_1,"For each continent, list its id, name, and how many countries it has?","SELECT T1.ContId ,  T1.Continent ,  count(*) FROM CONTINENTS AS T1 JOIN COUNTRIES AS T2 ON T1.ContId  =  T2.Continent GROUP BY T1.ContId;","['COUNTRIES', 'CONTINENTS']","SELECT T1.ContId, T1.Continent, count(*) FROM continents AS T1 JOIN countries AS T2 ON T1.ContId = T2.Continent GROUP BY T1.ContId","SELECT T1.cont_id, T1.continent, count(*) FROM continent_info AS T1 JOIN car_countries AS T2 ON T1.cont_id = T2.continent GROUP BY T1.cont_id","['car_countries', 'continent_info']","SELECT T1.cont_id, T1.continent, count(*) FROM continent_info AS T1 JOIN car_countries AS T2 ON T1.cont_id = T2.continent GROUP BY T1.cont_id"
car_1,What is the maximum horsepower and the make of the car models with 3 cylinders?,"SELECT T2.horsepower ,  T1.Make FROM CAR_NAMES AS T1 JOIN CARS_DATA AS T2 ON T1.MakeId  =  T2.Id WHERE T2.cylinders  =  3 ORDER BY T2.horsepower DESC LIMIT 1;","['CAR_NAMES', 'CARS_DATA']","SELECT T1.Horsepower, T1.Make FROM cluster1_CARS_DATA_join_CAR_NAMES AS T1 WHERE T1.Cylinders = 3 ORDER BY T1.Horsepower DESC LIMIT 1","SELECT T2.horsepower, T1.make FROM car_make_names AS T1 JOIN car_data AS T2 ON T1.make_id = T2.make_id WHERE T2.cylinders = 3 ORDER BY T2.horsepower DESC LIMIT 1;","['car_data', 'car_make_names']","SELECT T1.horsepower, T1.make FROM cluster1_car_data_join_car_make_names AS T1 WHERE T1.cylinders = 3 ORDER BY T1.horsepower DESC LIMIT 1"
car_1,What is the number of cars with more than 4 cylinders?,SELECT count(*) FROM CARS_DATA WHERE Cylinders  >  4;,['CARS_DATA'],SELECT count(*) FROM cars_data WHERE Cylinders > 4,SELECT count(*) FROM car_data WHERE cylinders > 4,['car_data'],SELECT count(*) FROM car_data WHERE cylinders > 4
car_1,What is the average horsepower of the cars before 1980?,SELECT avg(horsepower) FROM CARS_DATA WHERE YEAR  <  1980;,['CARS_DATA'],SELECT avg(Horsepower) FROM cars_data WHERE Year < 1980,SELECT avg(horsepower) FROM car_data WHERE year < 1980,['car_data'],SELECT avg(horsepower) FROM car_data WHERE year < 1980
car_1,What is the number of carsw ith over 6 cylinders?,SELECT COUNT(*) FROM CARS_DATA WHERE Cylinders  >  6;,['CARS_DATA'],SELECT count(*) FROM cars_data WHERE Cylinders > 6,SELECT COUNT(*) FROM car_data WHERE cylinders > 6,['car_data'],SELECT COUNT(*) FROM car_data WHERE cylinders > 6
car_1,What is the maximum miles per gallon of the car with 8 cylinders or produced before 1980 ?,select max(mpg) from cars_data where cylinders  =  8 or year  <  1980,['cars_data'],SELECT max(MPG) FROM cars_data WHERE Cylinders = 8 OR Year < 1980,SELECT max(mpg) FROM car_data WHERE cylinders = 8 OR year < 1980,['car_data'],SELECT max(mpg) FROM car_data WHERE cylinders = 8 OR year < 1980
car_1,What is the maximum accelerate for all the different cylinders?,"SELECT max(Accelerate) ,  Cylinders FROM CARS_DATA GROUP BY Cylinders;",['CARS_DATA'],"SELECT max(Accelerate), Cylinders FROM cars_data GROUP BY Cylinders","SELECT max(accelerate), cylinders FROM car_data GROUP BY cylinders",['car_data'],"SELECT max(accelerate), cylinders FROM car_data GROUP BY cylinders"
car_1,What are the name of the countries where there is not a single car maker?,SELECT CountryName FROM countries EXCEPT SELECT T1.CountryName FROM countries AS T1 JOIN CAR_MAKERS AS T2 ON T1.countryId  =  T2.Country;,"['CAR_MAKERS', 'countries']",SELECT CountryName FROM countries EXCEPT SELECT T1.CountryName FROM cluster19_CAR_MAKERS_join_COUNTRIES AS T1,SELECT country_name FROM car_countries EXCEPT SELECT T1.country_name FROM car_countries AS T1 JOIN car_manufacturers AS T2 ON T1.country_id = T2.country,"['car_countries', 'car_manufacturers']",SELECT country_name FROM car_countries EXCEPT SELECT T1.country_name FROM cluster2_car_countries_join_car_manufacturers AS T1
car_1,how many cars were produced in 1980?,SELECT count(*) FROM CARS_DATA WHERE YEAR  =  1980;,['CARS_DATA'],SELECT count(*) FROM cars_data WHERE Year = 1980,SELECT count(*) FROM car_data WHERE year = 1980,['car_data'],SELECT count(*) FROM car_data WHERE year = 1980
car_1,What is the largest amount of horsepower for the models with 3 cylinders and what make is it?,"SELECT T2.horsepower ,  T1.Make FROM CAR_NAMES AS T1 JOIN CARS_DATA AS T2 ON T1.MakeId  =  T2.Id WHERE T2.cylinders  =  3 ORDER BY T2.horsepower DESC LIMIT 1;","['CAR_NAMES', 'CARS_DATA']","SELECT T1.Horsepower, T1.Make FROM cluster1_CARS_DATA_join_CAR_NAMES AS T1 WHERE T1.Cylinders = 3 ORDER BY T1.Horsepower DESC LIMIT 1","SELECT T2.horsepower, T1.make FROM car_make_names AS T1 JOIN car_data AS T2 ON T1.make_id = T2.make_id WHERE T2.cylinders = 3 ORDER BY T2.horsepower DESC LIMIT 1;","['car_data', 'car_make_names']","SELECT T1.horsepower, T1.make FROM cluster1_car_data_join_car_make_names AS T1 WHERE T1.cylinders = 3 ORDER BY T1.horsepower DESC LIMIT 1"
car_1,What is the name of the country with the most car makers?,SELECT T2.CountryName FROM CAR_MAKERS AS T1 JOIN COUNTRIES AS T2 ON T1.Country  =  T2.CountryId GROUP BY T1.Country ORDER BY Count(*) DESC LIMIT 1;,"['CAR_MAKERS', 'COUNTRIES']",SELECT T1.CountryName FROM cluster19_CAR_MAKERS_join_COUNTRIES AS T1 GROUP BY T1.Country ORDER BY Count(*) DESC LIMIT 1,SELECT T2.country_name FROM car_manufacturers AS T1 JOIN car_countries AS T2 ON T1.country = T2.country_id GROUP BY T1.country ORDER BY Count(*) DESC LIMIT 1,"['car_countries', 'car_manufacturers']",SELECT T1.country_name FROM cluster2_car_countries_join_car_manufacturers AS T1 GROUP BY T1.country ORDER BY Count(*) DESC LIMIT 1
car_1,What are the ids and makers of all car makers that produce at least 2 models and make more than 3 cars?,"SELECT T1.Id ,  T1.Maker FROM CAR_MAKERS AS T1 JOIN MODEL_LIST AS T2 ON T1.Id  =  T2.Maker GROUP BY T1.Id HAVING count(*)  >=  2 INTERSECT SELECT T1.Id ,  T1.Maker FROM CAR_MAKERS AS T1 JOIN MODEL_LIST AS T2 ON T1.Id  =  T2.Maker JOIN CAR_NAMES AS T3 ON T2.model  =  T3.model GROUP BY T1.Id HAVING count(*)  >  3;","['CAR_MAKERS', 'MODEL_LIST', 'CAR_NAMES']","SELECT T1.Id, T1.car_makers_Maker FROM cluster21_CAR_MAKERS_join_MODEL_LIST AS T1 GROUP BY T1.Id HAVING count(*) >= 2 INTERSECT SELECT T1.Id, T1.car_makers_Maker FROM cluster21_CAR_MAKERS_join_MODEL_LIST AS T1 JOIN car_names AS T3 ON T1.Model = T3.Model GROUP BY T1.Id HAVING count(*) > 3","SELECT T1.maker_id, T1.maker FROM car_manufacturers AS T1 JOIN car_models AS T2 ON T1.maker_id = T2.maker_id GROUP BY T1.maker_id HAVING count(*) >= 2 INTERSECT SELECT T1.maker_id, T1.maker FROM car_manufacturers AS T1 JOIN car_models AS T2 ON T1.maker_id = T2.maker_id JOIN car_make_names AS T3 ON T2.model = T3.model GROUP BY T1.maker_id HAVING count(*) > 3","['car_make_names', 'car_manufacturers', 'car_models']","SELECT T1.car_manufacturers_maker_id, T1.maker FROM cluster3_car_manufacturers_join_car_models AS T1 GROUP BY T1.car_manufacturers_maker_id HAVING count(*) >= 2 INTERSECT SELECT T1.car_manufacturers_maker_id, T1.maker FROM cluster3_car_manufacturers_join_car_models AS T1 JOIN car_make_names AS T3 ON T1.model = T3.model GROUP BY T1.car_manufacturers_maker_id HAVING count(*) > 3"
car_1,How many cars has over 6 cylinders?,SELECT COUNT(*) FROM CARS_DATA WHERE Cylinders  >  6;,['CARS_DATA'],SELECT COUNT(*) FROM cars_data WHERE Cylinders > 6,SELECT COUNT(*) FROM car_data WHERE cylinders > 6,['car_data'],SELECT COUNT(*) FROM car_data WHERE cylinders > 6
car_1,How many car makers are there in france?,SELECT count(*) FROM CAR_MAKERS AS T1 JOIN COUNTRIES AS T2 ON T1.Country  =  T2.CountryId WHERE T2.CountryName  =  'france';,"['CAR_MAKERS', 'COUNTRIES']",SELECT count(*) FROM cluster19_CAR_MAKERS_join_COUNTRIES AS T1 WHERE T1.CountryName = 'france',SELECT count(*) FROM car_manufacturers AS T1 JOIN car_countries AS T2 ON T1.country = T2.country_id WHERE T2.country_name = 'france',"['car_countries', 'car_manufacturers']",SELECT count(*) FROM cluster2_car_countries_join_car_manufacturers AS T1 WHERE T1.country_name = 'france'
car_1,What are the different models for the cards produced after 1980?,SELECT DISTINCT T1.model FROM MODEL_LIST AS T1 JOIN CAR_NAMES AS T2 ON T1.model  =  T2.model JOIN CARS_DATA AS T3 ON T2.MakeId  =  T3.id WHERE T3.year  >  1980;,"['MODEL_LIST', 'CAR_NAMES', 'CARS_DATA']",SELECT DISTINCT T1.Model FROM cluster21_CAR_MAKERS_join_MODEL_LIST AS T1 JOIN cluster1_CARS_DATA_join_CAR_NAMES AS T2 ON T1.Model = T2.Model WHERE T2.Year > 1980,SELECT DISTINCT T1.model FROM car_models AS T1 JOIN car_make_names AS T2 ON T1.model = T2.model JOIN car_data AS T3 ON T2.make_id = T3.make_id WHERE T3.year > 1980,"['car_data', 'car_make_names', 'car_models']",SELECT DISTINCT T1.model FROM cluster3_car_manufacturers_join_car_models AS T1 JOIN cluster1_car_data_join_car_make_names AS T2 ON T1.model = T2.model WHERE T2.year > 1980
car_1,What is the number of makers of care in France?,SELECT count(*) FROM CAR_MAKERS AS T1 JOIN COUNTRIES AS T2 ON T1.Country  =  T2.CountryId WHERE T2.CountryName  =  'france';,"['CAR_MAKERS', 'COUNTRIES']",SELECT count(*) FROM cluster19_CAR_MAKERS_join_COUNTRIES AS T1 WHERE T1.CountryName = 'france',SELECT count(*) FROM car_manufacturers AS T1 JOIN car_countries AS T2 ON T1.country = T2.country_id WHERE T2.country_name = 'france',"['car_countries', 'car_manufacturers']",SELECT count(*) FROM cluster2_car_countries_join_car_manufacturers AS T1 WHERE T1.country_name = 'france'
car_1,How many countries exist?,SELECT count(*) FROM COUNTRIES;,['COUNTRIES'],SELECT count(*) FROM countries,SELECT count(*) FROM car_countries,['car_countries'],SELECT count(*) FROM car_countries
car_1,"How many countries does each continent have? List the continent id, continent name and the number of countries.","SELECT T1.ContId ,  T1.Continent ,  count(*) FROM CONTINENTS AS T1 JOIN COUNTRIES AS T2 ON T1.ContId  =  T2.Continent GROUP BY T1.ContId;","['COUNTRIES', 'CONTINENTS']","SELECT T1.ContId, T1.Continent, count(*) FROM continents AS T1 JOIN countries AS T2 ON T1.ContId = T2.Continent GROUP BY T1.ContId","SELECT T1.cont_id, T1.continent, count(*) FROM continent_info AS T1 JOIN car_countries AS T2 ON T1.cont_id = T2.continent GROUP BY T1.cont_id","['car_countries', 'continent_info']","SELECT T1.cont_id, T1.continent, count(*) FROM continent_info AS T1 JOIN car_countries AS T2 ON T1.cont_id = T2.continent GROUP BY T1.cont_id"
car_1,"What is the full name of each car maker, along with its id and how many models it produces?","SELECT T1.FullName ,  T1.Id ,  count(*) FROM CAR_MAKERS AS T1 JOIN MODEL_LIST AS T2 ON T1.Id  =  T2.Maker GROUP BY T1.Id;","['CAR_MAKERS', 'MODEL_LIST']","SELECT T1.FullName, T1.Id, count(*) FROM cluster21_CAR_MAKERS_join_MODEL_LIST AS T1 GROUP BY T1.Id","SELECT T1.full_name, T1.maker_id, count(*) FROM car_manufacturers AS T1 JOIN car_models AS T2 ON T1.maker_id = T2.maker_id GROUP BY T1.maker_id","['car_manufacturers', 'car_models']","SELECT T1.full_name, T1.car_manufacturers_maker_id, count(*) FROM cluster3_car_manufacturers_join_car_models AS T1 GROUP BY T1.car_manufacturers_maker_id"
car_1,"Among the cars with more than lowest horsepower, which ones do not have more than 3 cylinders? List the car makeid and make name.","SELECT T2.MakeId ,  T2.Make FROM CARS_DATA AS T1 JOIN CAR_NAMES AS T2 ON T1.Id  =  T2.MakeId WHERE T1.Horsepower  >  (SELECT min(Horsepower) FROM CARS_DATA) AND T1.Cylinders  <=  3;","['CAR_NAMES', 'CARS_DATA']","SELECT T1.MakeId, T1.Make FROM cluster1_CARS_DATA_join_CAR_NAMES AS T1 WHERE T1.Horsepower > (SELECT min(Horsepower) FROM cars_data) AND T1.Cylinders <= 3","SELECT T2.make_id, T2.make FROM car_data AS T1 JOIN car_make_names AS T2 ON T1.make_id = T2.make_id WHERE T1.horsepower > (SELECT min(horsepower) FROM car_data) AND T1.cylinders <= 3","['car_data', 'car_make_names']","SELECT T1.car_data_make_id, T1.make FROM cluster1_car_data_join_car_make_names AS T1 WHERE T1.horsepower > (SELECT min(horsepower) FROM car_data) AND T1.cylinders <= 3"
car_1,What is the name of the different car makers who produced a car in 1970?,SELECT DISTINCT T1.Maker FROM CAR_MAKERS AS T1 JOIN MODEL_LIST AS T2 ON T1.Id  =  T2.Maker JOIN CAR_NAMES AS T3 ON T2.model  =  T3.model JOIN CARS_DATA AS T4 ON T3.MakeId  =  T4.id WHERE T4.year  =  '1970';,"['CAR_MAKERS', 'MODEL_LIST', 'CAR_NAMES', 'CARS_DATA']",SELECT DISTINCT T1.car_makers_Maker FROM cluster21_CAR_MAKERS_join_MODEL_LIST AS T1 JOIN cluster1_CARS_DATA_join_CAR_NAMES AS T2 ON T1.Model = T2.Model WHERE T2.Year = '1970',SELECT DISTINCT T1.maker FROM car_manufacturers AS T1 JOIN car_models AS T2 ON T1.maker_id = T2.maker_id JOIN car_make_names AS T3 ON T2.model = T3.model JOIN car_data AS T4 ON T3.make_id = T4.make_id WHERE T4.year = '1970',"['car_data', 'car_make_names', 'car_manufacturers', 'car_models']",SELECT DISTINCT T1.maker FROM cluster3_car_manufacturers_join_car_models AS T1 JOIN cluster1_car_data_join_car_make_names AS T2 ON T1.model = T2.model WHERE T2.year = '1970'
car_1,What are the ids and names of all countries that either have more than 3 car makers or produce fiat model ?,"select t1.countryid ,  t1.countryname from countries as t1 join car_makers as t2 on t1.countryid  =  t2.country group by t1.countryid having count(*)  >  3 union select t1.countryid ,  t1.countryname from countries as t1 join car_makers as t2 on t1.countryid  =  t2.country join model_list as t3 on t2.id  =  t3.maker where t3.model  =  'fiat';","['countries', 'model_list', 'car_makers']","SELECT T1.CountryId, T1.CountryName FROM cluster19_CAR_MAKERS_join_COUNTRIES AS T1 GROUP BY T1.CountryId HAVING count(*) > 3 UNION SELECT T1.CountryId, T1.CountryName FROM cluster19_CAR_MAKERS_join_COUNTRIES AS T1 JOIN model_list AS T3 ON T1.Id = T3.Maker WHERE T3.Model = 'fiat'","SELECT t1.country_id, t1.country_name FROM car_countries as t1 JOIN car_manufacturers as t2 ON t1.country_id = t2.country GROUP BY t1.country_id HAVING count(*) > 3 UNION SELECT t1.country_id, t1.country_name FROM car_countries as t1 JOIN car_manufacturers as t2 ON t1.country_id = t2.country JOIN car_models as t3 ON t2.maker_id = t3.maker_id WHERE t3.model = 'fiat'","['car_countries', 'car_manufacturers', 'car_models']","SELECT T1.country_id, T1.country_name FROM cluster2_car_countries_join_car_manufacturers AS T1 GROUP BY T1.country_id HAVING count(*) > 3 UNION SELECT T1.country_id, T1.country_name FROM cluster2_car_countries_join_car_manufacturers AS T1 JOIN car_models AS T3 ON T1.maker_id = T3.maker_id WHERE T3.model = 'fiat'"
car_1,What are the id and names of the countries which have more than 3 car makers or produce the 'fiat' model?,"SELECT T1.countryId ,  T1.CountryName FROM Countries AS T1 JOIN CAR_MAKERS AS T2 ON T1.CountryId  =  T2.Country GROUP BY T1.countryId HAVING count(*)  >  3 UNION SELECT T1.countryId ,  T1.CountryName FROM Countries AS T1 JOIN CAR_MAKERS AS T2 ON T1.CountryId  =  T2.Country JOIN MODEL_LIST AS T3 ON T2.Id  =  T3.Maker WHERE T3.Model  =  'fiat';","['Countries', 'CAR_MAKERS', 'MODEL_LIST']","SELECT T1.CountryId, T1.CountryName FROM cluster19_CAR_MAKERS_join_COUNTRIES AS T1 GROUP BY T1.CountryId HAVING count(*) > 3 UNION SELECT T1.CountryId, T1.CountryName FROM cluster19_CAR_MAKERS_join_COUNTRIES AS T1 JOIN model_list AS T3 ON T1.Id = T3.Maker WHERE T3.Model = 'fiat'","SELECT T1.country_id, T1.country_name FROM car_countries AS T1 JOIN car_manufacturers AS T2 ON T1.country_id = T2.country GROUP BY T1.country_id HAVING count(*) > 3 UNION SELECT T1.country_id, T1.country_name FROM car_countries AS T1 JOIN car_manufacturers AS T2 ON T1.country_id = T2.country JOIN car_models AS T3 ON T2.maker_id = T3.maker_id WHERE T3.model = 'fiat'","['car_countries', 'car_manufacturers', 'car_models']","SELECT T1.country_id, T1.country_name FROM cluster2_car_countries_join_car_manufacturers AS T1 GROUP BY T1.country_id HAVING count(*) > 3 UNION SELECT T1.country_id, T1.country_name FROM cluster2_car_countries_join_car_manufacturers AS T1 JOIN car_models AS T3 ON T1.maker_id = T3.maker_id WHERE T3.model = 'fiat'"
car_1,"How many models does each car maker produce? List maker full name, id and the number.","SELECT T1.FullName ,  T1.Id ,  count(*) FROM CAR_MAKERS AS T1 JOIN MODEL_LIST AS T2 ON T1.Id  =  T2.Maker GROUP BY T1.Id;","['CAR_MAKERS', 'MODEL_LIST']","SELECT T1.FullName, T1.Id, count(*) FROM cluster21_CAR_MAKERS_join_MODEL_LIST AS T1 GROUP BY T1.Id","SELECT T1.full_name, T1.maker_id, count(*) FROM car_manufacturers AS T1 JOIN car_models AS T2 ON T1.maker_id = T2.maker_id GROUP BY T1.maker_id","['car_manufacturers', 'car_models']","SELECT T1.full_name, T1.car_manufacturers_maker_id, count(*) FROM cluster3_car_manufacturers_join_car_models AS T1 GROUP BY T1.car_manufacturers_maker_id"
concert_singer,"For each stadium, how many concerts play there?","SELECT T2.name ,  count(*) FROM concert AS T1 JOIN stadium AS T2 ON T1.stadium_id  =  T2.stadium_id GROUP BY T1.stadium_id","['stadium', 'concert']","SELECT T1.Name, count(*) FROM cluster2_concert_join_stadium AS T1 GROUP BY T1.concert_Stadium_ID","SELECT T2.name, count(*) FROM concerts AS T1 JOIN stadiums AS T2 ON T1.stadium_id = T2.stadium_id GROUP BY T1.stadium_id","['concerts', 'stadiums']","SELECT T1.name, count(*) FROM cluster4_concerts_join_stadiums AS T1 GROUP BY T1.stadiums_stadium_id"
concert_singer,Show countries where a singer above age 40 and a singer below 30 are from.,SELECT country FROM singer WHERE age  >  40 INTERSECT SELECT country FROM singer WHERE age  <  30,['singer'],SELECT Country FROM cluster22_singer WHERE Age > 40 INTERSECT SELECT Country FROM cluster22_singer WHERE Age < 30,SELECT country FROM singers WHERE age > 40 INTERSECT SELECT country FROM singers WHERE age < 30,['singers'],SELECT country FROM singers WHERE age > 40 INTERSECT SELECT country FROM singers WHERE age < 30
concert_singer,Show all countries and the number of singers in each country.,"SELECT country ,  count(*) FROM singer GROUP BY country",['singer'],"SELECT Country, count(*) FROM cluster22_singer GROUP BY Country","SELECT country, count(*) FROM singers GROUP BY country",['singers'],"SELECT country, count(*) FROM singers GROUP BY country"
concert_singer,what is the name and nation of the singer who have a song having 'Hey' in its name?,"SELECT name ,  country FROM singer WHERE song_name LIKE '%Hey%'",['singer'],"SELECT Name, Country FROM cluster22_singer WHERE Song_Name LIKE '%Hey%'","SELECT name, country FROM singers WHERE song_name LIKE '%Hey%'",['singers'],"SELECT name, country FROM singers WHERE song_name LIKE '%Hey%'"
concert_singer,What is the name and capacity of the stadium with the most concerts after 2013 ?,"select t2.name ,  t2.capacity from concert as t1 join stadium as t2 on t1.stadium_id  =  t2.stadium_id where t1.year  >  2013 group by t2.stadium_id order by count(*) desc limit 1","['stadium', 'concert']","SELECT T1.Name, T1.Capacity FROM cluster2_concert_join_stadium AS T1 WHERE T1.Year > 2013 GROUP BY T1.concert_Stadium_ID ORDER BY count(*) DESC LIMIT 1","SELECT t2.name, t2.capacity FROM concerts AS t1 JOIN stadiums AS t2 ON t1.stadium_id = t2.stadium_id WHERE t1.year > 2013 GROUP BY t2.stadium_id ORDER BY count(*) DESC LIMIT 1","['concerts', 'stadiums']","SELECT T1.name, T1.capacity FROM cluster4_concerts_join_stadiums AS T1 WHERE T1.year > 2013 GROUP BY T1.stadiums_stadium_id ORDER BY count(*) DESC LIMIT 1"
concert_singer,What are the number of concerts that occurred in the stadium with the largest capacity ?,select count(*) from concert where stadium_id = (select stadium_id from stadium order by capacity desc limit 1),"['stadium', 'concert']",SELECT count(*) FROM concert WHERE Stadium_ID = (SELECT Stadium_ID FROM stadium ORDER BY Capacity DESC LIMIT 1),SELECT count(*) FROM concerts WHERE stadium_id = (SELECT stadium_id FROM stadiums ORDER BY capacity DESC LIMIT 1),"['concerts', 'stadiums']",SELECT count(*) FROM concerts WHERE stadium_id = (SELECT stadium_id FROM stadiums ORDER BY capacity DESC LIMIT 1)
concert_singer,What are the names of the stadiums without any concerts?,SELECT name FROM stadium WHERE stadium_id NOT IN (SELECT stadium_id FROM concert),"['stadium', 'concert']",SELECT Name FROM stadium WHERE Stadium_ID NOT IN (SELECT Stadium_ID FROM concert),SELECT name FROM stadiums WHERE stadium_id NOT IN (SELECT stadium_id FROM concerts),"['concerts', 'stadiums']",SELECT name FROM stadiums WHERE stadium_id NOT IN (SELECT stadium_id FROM concerts)
concert_singer,"Show name, country, age for all singers ordered by age from the oldest to the youngest.","SELECT name ,  country ,  age FROM singer ORDER BY age DESC",['singer'],"SELECT Name, Country, Age FROM cluster22_singer ORDER BY Age DESC","SELECT name, country, age FROM singers ORDER BY age DESC",['singers'],"SELECT name, country, age FROM singers ORDER BY age DESC"
concert_singer,Show the name and theme for all concerts and the number of singers in each concert.,"SELECT T2.concert_name ,  T2.theme ,  count(*) FROM singer_in_concert AS T1 JOIN concert AS T2 ON T1.concert_id  =  T2.concert_id GROUP BY T2.concert_id","['singer_in_concert', 'concert']","SELECT T1.concert_Name, T1.Theme, count(*) FROM cluster23_concert_join_singer_in_concert AS T1 GROUP BY T1.concert_concert_ID","SELECT T2.concert_name, T2.theme, count(*) FROM concert_singers AS T1 JOIN concerts AS T2 ON T1.concert_id = T2.concert_id GROUP BY T2.concert_id","['concert_singers', 'concerts']","SELECT T1.concert_name, T1.theme, count(*) FROM cluster23_concert_singers_join_concerts AS T1 GROUP BY T1.concerts_concert_id"
concert_singer,Show names for all stadiums except for stadiums having a concert in year 2014.,SELECT name FROM stadium EXCEPT SELECT T2.name FROM concert AS T1 JOIN stadium AS T2 ON T1.stadium_id  =  T2.stadium_id WHERE T1.year  =  2014,"['stadium', 'concert']",SELECT Name FROM stadium EXCEPT SELECT T1.Name FROM cluster2_concert_join_stadium AS T1 WHERE T1.Year = 2014,SELECT name FROM stadiums EXCEPT SELECT T2.name FROM concerts AS T1 JOIN stadiums AS T2 ON T1.stadium_id = T2.stadium_id WHERE T1.year = 2014,"['concerts', 'stadiums']",SELECT name FROM stadiums EXCEPT SELECT T1.name FROM cluster4_concerts_join_stadiums AS T1 WHERE T1.year = 2014
concert_singer,"What are the names, countries, and ages for every singer in descending order of age?","SELECT name ,  country ,  age FROM singer ORDER BY age DESC",['singer'],"SELECT Name, Country, Age FROM cluster22_singer ORDER BY Age DESC","SELECT name, country, age FROM singers ORDER BY age DESC",['singers'],"SELECT name, country, age FROM singers ORDER BY age DESC"
concert_singer,"What is the average, minimum, and maximum age for all French singers?","SELECT avg(age) ,  min(age) ,  max(age) FROM singer WHERE country  =  'France'",['singer'],"SELECT avg(Age), min(Age), max(Age) FROM cluster22_singer WHERE Country = 'France'","SELECT avg(age), min(age), max(age) FROM singers WHERE country = 'France'",['singers'],"SELECT avg(age), min(age), max(age) FROM singers WHERE country = 'France'"
concert_singer,What are  the different countries with singers above age 20?,SELECT DISTINCT country FROM singer WHERE age  >  20,['singer'],SELECT DISTINCT Country FROM cluster22_singer WHERE Age > 20,SELECT DISTINCT country FROM singers WHERE age > 20,['singers'],SELECT DISTINCT country FROM singers WHERE age > 20
concert_singer,What are the names and release years for all the songs of the youngest singer?,"SELECT song_name ,  song_release_year FROM singer ORDER BY age LIMIT 1",['singer'],"SELECT Song_Name, Song_release_year FROM cluster22_singer ORDER BY Age LIMIT 1","SELECT song_name, song_release_year FROM singers ORDER BY age LIMIT 1",['singers'],"SELECT song_name, song_release_year FROM singers ORDER BY age LIMIT 1"
concert_singer,How many singers do we have?,SELECT count(*) FROM singer,['singer'],SELECT count(*) FROM cluster22_singer,SELECT count(*) FROM singers,['singers'],SELECT count(*) FROM singers
concert_singer,Show the stadium names without any concert.,SELECT name FROM stadium WHERE stadium_id NOT IN (SELECT stadium_id FROM concert),"['stadium', 'concert']",SELECT Name FROM stadium WHERE Stadium_ID NOT IN (SELECT Stadium_ID FROM concert),SELECT name FROM stadiums WHERE stadium_id NOT IN (SELECT stadium_id FROM concerts),"['concerts', 'stadiums']",SELECT name FROM stadiums WHERE stadium_id NOT IN (SELECT stadium_id FROM concerts)
concert_singer,Show the name and the release year of the song by the youngest singer.,"SELECT song_name ,  song_release_year FROM singer ORDER BY age LIMIT 1",['singer'],"SELECT Song_Name, Song_release_year FROM cluster22_singer ORDER BY Age LIMIT 1","SELECT song_name, song_release_year FROM singers ORDER BY age LIMIT 1",['singers'],"SELECT song_name, song_release_year FROM singers ORDER BY age LIMIT 1"
concert_singer,Find the name and location of the stadiums which some concerts happened in the years of both 2014 and 2015.,"SELECT T2.name ,  T2.location FROM concert AS T1 JOIN stadium AS T2 ON T1.stadium_id  =  T2.stadium_id WHERE T1.Year  =  2014 INTERSECT SELECT T2.name ,  T2.location FROM concert AS T1 JOIN stadium AS T2 ON T1.stadium_id  =  T2.stadium_id WHERE T1.Year  =  2015","['stadium', 'concert']","SELECT T1.Name, T1.Location FROM cluster2_concert_join_stadium AS T1 WHERE T1.Year = 2014 INTERSECT SELECT T1.Name, T1.Location FROM cluster2_concert_join_stadium AS T1 WHERE T1.Year = 2015","SELECT T2.name, T2.location FROM concerts AS T1 JOIN stadiums AS T2 ON T1.stadium_id = T2.stadium_id WHERE T1.year = 2014 INTERSECT SELECT T2.name, T2.location FROM concerts AS T1 JOIN stadiums AS T2 ON T1.stadium_id = T2.stadium_id WHERE T1.year = 2015","['concerts', 'stadiums']","SELECT T1.name, T1.location FROM cluster4_concerts_join_stadiums AS T1 WHERE T1.year = 2014 INTERSECT SELECT T1.name, T1.location FROM cluster4_concerts_join_stadiums AS T1 WHERE T1.year = 2015"
concert_singer,Show the stadium name and capacity with most number of concerts in year 2014 or after.,"SELECT T2.name ,  T2.capacity FROM concert AS T1 JOIN stadium AS T2 ON T1.stadium_id  =  T2.stadium_id WHERE T1.year  >=  2014 GROUP BY T2.stadium_id ORDER BY count(*) DESC LIMIT 1","['stadium', 'concert']","SELECT T1.Name, T1.Capacity FROM cluster2_concert_join_stadium AS T1 WHERE T1.Year >= 2014 GROUP BY T1.concert_Stadium_ID ORDER BY count(*) DESC LIMIT 1","SELECT T2.name, T2.capacity FROM concerts AS T1 JOIN stadiums AS T2 ON T1.stadium_id = T2.stadium_id WHERE T1.year >= 2014 GROUP BY T2.stadium_id ORDER BY count(*) DESC LIMIT 1","['concerts', 'stadiums']","SELECT T1.name, T1.capacity FROM cluster4_concerts_join_stadiums AS T1 WHERE T1.year >= 2014 GROUP BY T1.stadiums_stadium_id ORDER BY count(*) DESC LIMIT 1"
concert_singer,What is the name and capacity for the stadium with highest average attendance?,"SELECT name ,  capacity FROM stadium ORDER BY average DESC LIMIT 1",['stadium'],"SELECT Name, Capacity FROM stadium ORDER BY Average DESC LIMIT 1","SELECT name, capacity FROM stadiums ORDER BY average DESC LIMIT 1",['stadiums'],"SELECT name, capacity FROM stadiums ORDER BY average DESC LIMIT 1"
concert_singer,List all song names by singers above the average age.,SELECT song_name FROM singer WHERE age  >  (SELECT avg(age) FROM singer),['singer'],SELECT Song_Name FROM cluster22_singer WHERE Age > (SELECT avg(Age) FROM cluster22_singer),SELECT song_name FROM singers WHERE age > (SELECT avg(age) FROM singers),['singers'],SELECT song_name FROM singers WHERE age > (SELECT avg(age) FROM singers)
concert_singer,How many singers are from each country?,"SELECT country ,  count(*) FROM singer GROUP BY country",['singer'],"SELECT Country, count(*) FROM cluster22_singer GROUP BY Country","SELECT country, count(*) FROM singers GROUP BY country",['singers'],"SELECT country, count(*) FROM singers GROUP BY country"
concert_singer,How many concerts are there in year 2014 or 2015?,SELECT count(*) FROM concert WHERE YEAR  =  2014 OR YEAR  =  2015,['concert'],SELECT count(*) FROM concert WHERE Year = 2014 OR Year = 2015,SELECT count(*) FROM concerts WHERE year = 2014 OR year = 2015,['concerts'],SELECT count(*) FROM concerts WHERE year = 2014 OR year = 2015
course_teach,What are the names of the teachers whose hometown is not `` Little Lever Urban District '' ?,"select name from teacher where hometown != ""little lever urban district""",['teacher'],SELECT Name FROM cluster24_teacher WHERE Hometown != 'little lever urban district',SELECT name FROM teachers WHERE hometown != 'little lever urban district',['teachers'],SELECT name FROM cluster24_teachers WHERE hometown != 'little lever urban district'
course_teach,How many teachers are there?,SELECT count(*) FROM teacher,['teacher'],SELECT count(*) FROM cluster24_teacher,SELECT count(*) FROM teachers,['teachers'],SELECT count(*) FROM cluster24_teachers
course_teach,"For each hometown, how many teachers are there?","SELECT Hometown ,  COUNT(*) FROM teacher GROUP BY Hometown",['teacher'],"SELECT Hometown, COUNT(*) FROM cluster24_teacher GROUP BY Hometown","SELECT hometown, COUNT(*) FROM teachers GROUP BY hometown",['teachers'],"SELECT hometown, COUNT(*) FROM cluster24_teachers GROUP BY hometown"
course_teach,Show names of teachers and the number of courses they teach.,"SELECT T2.Name ,  COUNT(*) FROM course_arrange AS T1 JOIN teacher AS T2 ON T1.Teacher_ID  =  T2.Teacher_ID GROUP BY T2.Name","['teacher', 'course_arrange']","SELECT T1.Name, COUNT(*) FROM cluster25_course_arrange_join_teacher AS T1 GROUP BY T1.Name","SELECT T2.name, COUNT(*) FROM course_arrangements AS T1 JOIN teachers AS T2 ON T1.teacher_id = T2.teacher_id GROUP BY T2.name","['course_arrangements', 'teachers']","SELECT T1.name, COUNT(*) FROM cluster25_course_arrangements_join_teachers AS T1 GROUP BY T1.name"
course_teach,What are the names of the teachers who teach at least two courses?,SELECT T2.Name FROM course_arrange AS T1 JOIN teacher AS T2 ON T1.Teacher_ID  =  T2.Teacher_ID GROUP BY T2.Name HAVING COUNT(*)  >=  2,"['teacher', 'course_arrange']",SELECT T1.Name FROM cluster25_course_arrange_join_teacher AS T1 GROUP BY T1.Name HAVING COUNT(*) >= 2,SELECT T2.name FROM course_arrangements AS T1 JOIN teachers AS T2 ON T1.teacher_id = T2.teacher_id GROUP BY T2.name HAVING COUNT(*) >= 2,"['course_arrangements', 'teachers']",SELECT T1.name FROM cluster25_course_arrangements_join_teachers AS T1 GROUP BY T1.name HAVING COUNT(*) >= 2
course_teach,What are the names of the people who teach math courses?,"SELECT T3.Name FROM course_arrange AS T1 JOIN course AS T2 ON T1.Course_ID  =  T2.Course_ID JOIN teacher AS T3 ON T1.Teacher_ID  =  T3.Teacher_ID WHERE T2.Course  =  ""Math""","['teacher', 'course', 'course_arrange']",SELECT T1.Name FROM cluster26_course_join_course_arrange_join_teacher AS T1 WHERE T1.Course = 'Math',SELECT T3.name FROM course_arrangements AS T1 JOIN courses_info AS T2 ON T1.course_id = T2.course_id JOIN teachers AS T3 ON T1.teacher_id = T3.teacher_id WHERE T2.course_name = 'Math',"['course_arrangements', 'courses_info', 'teachers']",SELECT T1.name FROM cluster26_course_arrangements_join_courses_info_join_teachers AS T1 WHERE T1.course_name = 'Math'
course_teach,What is the total count of teachers?,SELECT count(*) FROM teacher,['teacher'],SELECT count(*) FROM cluster24_teacher,SELECT count(*) FROM teachers,['teachers'],SELECT count(*) FROM cluster24_teachers
course_teach,What are the towns from which at least two teachers come from?,SELECT Hometown FROM teacher GROUP BY Hometown HAVING COUNT(*)  >=  2,['teacher'],SELECT Hometown FROM cluster24_teacher GROUP BY Hometown HAVING COUNT(*) >= 2,SELECT hometown FROM teachers GROUP BY hometown HAVING COUNT(*) >= 2,['teachers'],SELECT hometown FROM cluster24_teachers GROUP BY hometown HAVING COUNT(*) >= 2
course_teach,Show different hometown of teachers and the number of teachers from each hometown.,"SELECT Hometown ,  COUNT(*) FROM teacher GROUP BY Hometown",['teacher'],"SELECT Hometown, COUNT(*) FROM cluster24_teacher GROUP BY Hometown","SELECT hometown, COUNT(*) FROM teachers GROUP BY hometown",['teachers'],"SELECT hometown, COUNT(*) FROM cluster24_teachers GROUP BY hometown"
course_teach,What are the names of the teachers who are aged either 32 or 33?,SELECT Name FROM teacher WHERE Age  =  32 OR Age  =  33,['teacher'],SELECT Name FROM cluster24_teacher WHERE Age = 32 OR Age = 33,SELECT name FROM teachers WHERE age = 32 OR age = 33,['teachers'],SELECT name FROM cluster24_teachers WHERE age = 32 OR age = 33
course_teach,List the names of teachers who have not been arranged to teach courses.,SELECT Name FROM teacher WHERE Teacher_id NOT IN (SELECT Teacher_id FROM course_arrange),"['teacher', 'course_arrange']",SELECT Name FROM cluster24_teacher WHERE Teacher_ID NOT IN (SELECT Teacher_ID FROM course_arrange),SELECT name FROM teachers WHERE teacher_id NOT IN (SELECT teacher_id FROM course_arrangements),"['course_arrangements', 'teachers']",SELECT name FROM cluster24_teachers WHERE teacher_id NOT IN (SELECT teacher_id FROM course_arrangements)
course_teach,What is the most commmon hometowns for teachers?,SELECT Hometown FROM teacher GROUP BY Hometown ORDER BY COUNT(*) DESC LIMIT 1,['teacher'],SELECT Hometown FROM cluster24_teacher GROUP BY Hometown ORDER BY COUNT(*) DESC LIMIT 1,SELECT hometown FROM teachers GROUP BY hometown ORDER BY COUNT(*) DESC LIMIT 1,['teachers'],SELECT hometown FROM cluster24_teachers GROUP BY hometown ORDER BY COUNT(*) DESC LIMIT 1
course_teach,List the most common hometown of teachers.,SELECT Hometown FROM teacher GROUP BY Hometown ORDER BY COUNT(*) DESC LIMIT 1,['teacher'],SELECT Hometown FROM cluster24_teacher GROUP BY Hometown ORDER BY COUNT(*) DESC LIMIT 1,SELECT hometown FROM teachers GROUP BY hometown ORDER BY COUNT(*) DESC LIMIT 1,['teachers'],SELECT hometown FROM cluster24_teachers GROUP BY hometown ORDER BY COUNT(*) DESC LIMIT 1
course_teach,List the names of teachers in ascending order of age.,SELECT Name FROM teacher ORDER BY Age ASC,['teacher'],SELECT Name FROM cluster24_teacher ORDER BY Age ASC,SELECT name FROM teachers ORDER BY age ASC,['teachers'],SELECT name FROM cluster24_teachers ORDER BY age ASC
course_teach,Show names of teachers and the courses they are arranged to teach.,"SELECT T3.Name ,  T2.Course FROM course_arrange AS T1 JOIN course AS T2 ON T1.Course_ID  =  T2.Course_ID JOIN teacher AS T3 ON T1.Teacher_ID  =  T3.Teacher_ID","['teacher', 'course', 'course_arrange']","SELECT T1.Name, T1.Course FROM cluster26_course_join_course_arrange_join_teacher AS T1","SELECT T3.name, T2.course_name FROM course_arrangements AS T1 JOIN courses_info AS T2 ON T1.course_id = T2.course_id JOIN teachers AS T3 ON T1.teacher_id = T3.teacher_id","['course_arrangements', 'courses_info', 'teachers']","SELECT T1.name, T1.course_name FROM cluster26_course_arrangements_join_courses_info_join_teachers AS T1"
cre_Doc_Template_Mgt,"Show all paragraph texts for the document ""Customer reviews"".","SELECT T1.paragraph_text FROM Paragraphs AS T1 JOIN Documents AS T2 ON T1.document_id  =  T2.document_id WHERE T2.document_name  =  ""Customer reviews""","['Documents', 'Paragraphs']",SELECT T1.Paragraph_Text FROM cluster27_Documents_join_Paragraphs AS T1 WHERE T1.Document_Name = 'Customer reviews',SELECT T1.paragraph_text FROM document_paragraphs AS T1 JOIN managed_documents AS T2 ON T1.document_id = T2.document_id WHERE T2.document_name = 'Customer reviews',"['document_paragraphs', 'managed_documents']",SELECT T1.paragraph_text FROM cluster27_document_paragraphs_join_managed_documents AS T1 WHERE T1.document_name = 'Customer reviews'
cre_Doc_Template_Mgt,Show all distinct template type codes for all templates.,SELECT DISTINCT template_type_code FROM Templates,['Templates'],SELECT DISTINCT Template_Type_Code FROM Templates,SELECT DISTINCT template_type_code FROM document_templates,['document_templates'],SELECT DISTINCT template_type_code FROM document_templates
cre_Doc_Template_Mgt,List all document ids with at least two paragraphs.,SELECT document_id FROM Paragraphs GROUP BY document_id HAVING count(*)  >=  2,['Paragraphs'],SELECT Document_ID FROM Paragraphs GROUP BY Document_ID HAVING count(*) >= 2,SELECT document_id FROM document_paragraphs GROUP BY document_id HAVING count(*) >= 2,['document_paragraphs'],SELECT document_id FROM document_paragraphs GROUP BY document_id HAVING count(*) >= 2
cre_Doc_Template_Mgt,Count the number of documents.,SELECT count(*) FROM Documents,['Documents'],SELECT count(*) FROM Documents,SELECT count(*) FROM managed_documents,['managed_documents'],SELECT count(*) FROM managed_documents
cre_Doc_Template_Mgt,What is the document id with 1 to 2 paragraphs?,SELECT document_id FROM Paragraphs GROUP BY document_id HAVING count(*) BETWEEN 1 AND 2,['Paragraphs'],SELECT Document_ID FROM Paragraphs GROUP BY Document_ID HAVING count(*) BETWEEN 1 AND 2,SELECT document_id FROM document_paragraphs GROUP BY document_id HAVING count(*) BETWEEN 1 AND 2,['document_paragraphs'],SELECT document_id FROM document_paragraphs GROUP BY document_id HAVING count(*) BETWEEN 1 AND 2
cre_Doc_Template_Mgt,Which template type code has most number of templates?,SELECT template_type_code FROM Templates GROUP BY template_type_code ORDER BY count(*) DESC LIMIT 1,['Templates'],SELECT Template_Type_Code FROM Templates GROUP BY Template_Type_Code ORDER BY count(*) DESC LIMIT 1,SELECT template_type_code FROM document_templates GROUP BY template_type_code ORDER BY count(*) DESC LIMIT 1,['document_templates'],SELECT template_type_code FROM document_templates GROUP BY template_type_code ORDER BY count(*) DESC LIMIT 1
cre_Doc_Template_Mgt,What are the template ids of any templates used in more than a single document?,SELECT template_id FROM Documents GROUP BY template_id HAVING count(*)  >  1,['Documents'],SELECT Template_ID FROM Documents GROUP BY Template_ID HAVING count(*) > 1,SELECT template_id FROM managed_documents GROUP BY template_id HAVING count(*) > 1,['managed_documents'],SELECT template_id FROM managed_documents GROUP BY template_id HAVING count(*) > 1
cre_Doc_Template_Mgt,What are the ids of documents that contain the paragraph text 'Brazil' and 'Ireland'?,SELECT document_id FROM Paragraphs WHERE paragraph_text  =  'Brazil' INTERSECT SELECT document_id FROM Paragraphs WHERE paragraph_text  =  'Ireland',['Paragraphs'],SELECT Document_ID FROM Paragraphs WHERE Paragraph_Text = 'Brazil' INTERSECT SELECT Document_ID FROM Paragraphs WHERE Paragraph_Text = 'Ireland',SELECT document_id FROM document_paragraphs WHERE paragraph_text = 'Brazil' INTERSECT SELECT document_id FROM document_paragraphs WHERE paragraph_text = 'Ireland',['document_paragraphs'],SELECT document_id FROM document_paragraphs WHERE paragraph_text = 'Brazil' INTERSECT SELECT document_id FROM document_paragraphs WHERE paragraph_text = 'Ireland'
cre_Doc_Template_Mgt,"What is the template type code for template type description ""Book"".","SELECT template_type_code FROM Ref_template_types WHERE template_type_description  =  ""Book""",['Ref_template_types'],SELECT Template_Type_Code FROM cluster28_Ref_Template_Types WHERE Template_Type_Description = 'Book',SELECT template_type_code FROM template_types WHERE template_type_description = 'Book';,['template_types'],SELECT template_type_code FROM template_types WHERE template_type_description = 'Book'
cre_Doc_Template_Mgt,Return the id and type code of the template that is used for the greatest number of documents.,"SELECT T1.template_id ,  T2.Template_Type_Code FROM Documents AS T1 JOIN Templates AS T2 ON T1.template_id  =  T2.template_id GROUP BY T1.template_id ORDER BY count(*) DESC LIMIT 1","['Documents', 'Templates']","SELECT T1.Documents_Template_ID, T1.Template_Type_Code FROM cluster3_Documents_join_Templates AS T1 GROUP BY T1.Documents_Template_ID ORDER BY count(*) DESC LIMIT 1","SELECT T1.template_id, T2.template_type_code FROM managed_documents AS T1 JOIN document_templates AS T2 ON T1.template_id = T2.template_id GROUP BY T1.template_id ORDER BY count(*) DESC LIMIT 1","['document_templates', 'managed_documents']","SELECT T1.managed_documents_template_id, T1.template_type_code FROM cluster5_document_templates_join_managed_documents AS T1 GROUP BY T1.managed_documents_template_id ORDER BY count(*) DESC LIMIT 1"
cre_Doc_Template_Mgt,Return the type code of the template type that the most templates belong to.,SELECT template_type_code FROM Templates GROUP BY template_type_code ORDER BY count(*) DESC LIMIT 1,['Templates'],SELECT Template_Type_Code FROM Templates GROUP BY Template_Type_Code ORDER BY count(*) DESC LIMIT 1,SELECT template_type_code FROM document_templates GROUP BY template_type_code ORDER BY count(*) DESC LIMIT 1,['document_templates'],SELECT template_type_code FROM document_templates GROUP BY template_type_code ORDER BY count(*) DESC LIMIT 1
cre_Doc_Template_Mgt,Show all template ids and number of documents using each template.,"SELECT template_id ,  count(*) FROM Documents GROUP BY template_id",['Documents'],"SELECT Template_ID, count(*) FROM Documents GROUP BY Template_ID","SELECT template_id, count(*) FROM managed_documents GROUP BY template_id",['managed_documents'],"SELECT template_id, count(*) FROM managed_documents GROUP BY template_id"
cre_Doc_Template_Mgt,"What are all different template ids used for documents, and how many times were each of them used?","SELECT template_id ,  count(*) FROM Documents GROUP BY template_id",['Documents'],"SELECT Template_ID, count(*) FROM Documents GROUP BY Template_ID","SELECT template_id, count(*) FROM managed_documents GROUP BY template_id",['managed_documents'],"SELECT template_id, count(*) FROM managed_documents GROUP BY template_id"
cre_Doc_Template_Mgt,"What are the template ids with template type description ""Presentation"".","SELECT T2.template_id FROM Ref_template_types AS T1 JOIN Templates AS T2 ON T1.template_type_code  = T2.template_type_code WHERE T1.template_type_description  =  ""Presentation""","['Templates', 'Ref_template_types']",SELECT T1.Template_ID FROM cluster28_Ref_Template_Types AS T2 JOIN Templates AS T1 ON T2.Template_Type_Code = T1.Template_Type_Code WHERE T2.Template_Type_Description = 'Presentation',SELECT T2.template_id FROM template_types AS T1 JOIN document_templates AS T2 ON T1.template_type_code = T2.template_type_code WHERE T1.template_type_description = 'Presentation';,"['document_templates', 'template_types']",SELECT T1.document_templates_template_id FROM template_types AS T2 JOIN cluster5_document_templates_join_managed_documents AS T1 ON T2.template_type_code = T1.template_type_code WHERE T2.template_type_description = 'Presentation'
cre_Doc_Template_Mgt,What are the ids of templates with template type code PP or PPT?,"SELECT template_id FROM Templates WHERE template_type_code  =  ""PP"" OR template_type_code  =  ""PPT""",['Templates'],SELECT Template_ID FROM Templates WHERE Template_Type_Code = 'PP' OR Template_Type_Code = 'PPT',SELECT template_id FROM document_templates WHERE template_type_code = 'PP' OR template_type_code = 'PPT',['document_templates'],SELECT template_id FROM document_templates WHERE template_type_code = 'PP' OR template_type_code = 'PPT'
cre_Doc_Template_Mgt,"List document IDs, document names, and document descriptions for all documents.","SELECT document_id ,  document_name ,  document_description FROM Documents",['Documents'],"SELECT Document_ID, Document_Name, Document_Description FROM Documents","SELECT document_id, document_name, document_description FROM managed_documents",['managed_documents'],"SELECT document_id, document_name, document_description FROM managed_documents"
cre_Doc_Template_Mgt,What is the version number and template type code for the template with version number later than 5?,"SELECT version_number ,  template_type_code FROM Templates WHERE version_number  >  5",['Templates'],"SELECT Version_Number, Template_Type_Code FROM Templates WHERE Version_Number > 5","SELECT version_number, template_type_code FROM document_templates WHERE version_number > 5",['document_templates'],"SELECT version_number, template_type_code FROM document_templates WHERE version_number > 5"
cre_Doc_Template_Mgt,How many different templates do all document use?,SELECT count(DISTINCT template_id) FROM Documents,['Documents'],SELECT count(DISTINCT Template_ID) FROM Documents,SELECT count(DISTINCT template_id) FROM managed_documents,['managed_documents'],SELECT count(DISTINCT template_id) FROM managed_documents
cre_Doc_Template_Mgt,Count the number of templates.,SELECT count(*) FROM Templates,['Templates'],SELECT count(*) FROM Templates,SELECT count(*) FROM document_templates,['document_templates'],SELECT count(*) FROM document_templates
cre_Doc_Template_Mgt,How many paragraphs in total?,SELECT count(*) FROM Paragraphs,['Paragraphs'],SELECT count(*) FROM Paragraphs,SELECT count(*) FROM document_paragraphs,['document_paragraphs'],SELECT count(*) FROM document_paragraphs
cre_Doc_Template_Mgt,Show all paragraph ids and texts for the document with name 'Welcome to NY'.,"SELECT T1.paragraph_id ,   T1.paragraph_text FROM Paragraphs AS T1 JOIN Documents AS T2 ON T1.document_id  =  T2.document_id WHERE T2.Document_Name  =  'Welcome to NY'","['Documents', 'Paragraphs']","SELECT T1.Paragraph_ID, T1.Paragraph_Text FROM cluster27_Documents_join_Paragraphs AS T1 WHERE T1.Document_Name = 'Welcome to NY'","SELECT T1.paragraph_id, T1.paragraph_text FROM document_paragraphs AS T1 JOIN managed_documents AS T2 ON T1.document_id = T2.document_id WHERE T2.document_name = 'Welcome to NY'","['document_paragraphs', 'managed_documents']","SELECT T1.paragraph_id, T1.paragraph_text FROM cluster27_document_paragraphs_join_managed_documents AS T1 WHERE T1.document_name = 'Welcome to NY'"
cre_Doc_Template_Mgt,What are the codes of template types that have fewer than 3 templates?,SELECT template_type_code FROM Templates GROUP BY template_type_code HAVING count(*)  <  3,['Templates'],SELECT Template_Type_Code FROM Templates GROUP BY Template_Type_Code HAVING count(*) < 3,SELECT template_type_code FROM document_templates GROUP BY template_type_code HAVING count(*) < 3,['document_templates'],SELECT template_type_code FROM document_templates GROUP BY template_type_code HAVING count(*) < 3
cre_Doc_Template_Mgt,Return the template type description of the template type with the code AD.,"SELECT template_type_description FROM Ref_template_types WHERE template_type_code  =  ""AD""",['Ref_template_types'],SELECT Template_Type_Description FROM cluster28_Ref_Template_Types WHERE Template_Type_Code = 'AD',SELECT template_type_description FROM template_types WHERE template_type_code = 'AD';,['template_types'],SELECT template_type_description FROM template_types WHERE template_type_code = 'AD'
cre_Doc_Template_Mgt,"Show template ids, version numbers, and template type codes for all templates.","SELECT template_id ,  version_number ,  template_type_code FROM Templates",['Templates'],"SELECT Template_ID, Version_Number, Template_Type_Code FROM Templates","SELECT template_id, version_number, template_type_code FROM document_templates",['document_templates'],"SELECT template_id, version_number, template_type_code FROM document_templates"
cre_Doc_Template_Mgt,Count the number of different templates used for documents.,SELECT count(DISTINCT template_id) FROM Documents,['Documents'],SELECT count(DISTINCT Template_ID) FROM Documents,SELECT count(DISTINCT template_id) FROM managed_documents,['managed_documents'],SELECT count(DISTINCT template_id) FROM managed_documents
cre_Doc_Template_Mgt,How many documents are using the template with type code 'PPT'?,SELECT count(*) FROM Documents AS T1 JOIN Templates AS T2 ON T1.Template_ID  =  T2.Template_ID WHERE T2.Template_Type_Code  =  'PPT',"['Documents', 'Templates']",SELECT count(*) FROM cluster3_Documents_join_Templates AS T1 WHERE T1.Template_Type_Code = 'PPT',SELECT count(*) FROM managed_documents AS T1 JOIN document_templates AS T2 ON T1.template_id = T2.template_id WHERE T2.template_type_code = 'PPT',"['document_templates', 'managed_documents']",SELECT count(*) FROM cluster5_document_templates_join_managed_documents AS T1 WHERE T1.template_type_code = 'PPT'
cre_Doc_Template_Mgt,Show all template type codes with less than three templates.,SELECT template_type_code FROM Templates GROUP BY template_type_code HAVING count(*)  <  3,['Templates'],SELECT Template_Type_Code FROM Templates GROUP BY Template_Type_Code HAVING count(*) < 3,SELECT template_type_code FROM document_templates GROUP BY template_type_code HAVING count(*) < 3,['document_templates'],SELECT template_type_code FROM document_templates GROUP BY template_type_code HAVING count(*) < 3
cre_Doc_Template_Mgt,"Return the type code of the template type with the description ""Book"".","SELECT template_type_code FROM Ref_template_types WHERE template_type_description  =  ""Book""",['Ref_template_types'],SELECT Template_Type_Code FROM cluster28_Ref_Template_Types WHERE Template_Type_Description = 'Book',SELECT template_type_code FROM template_types WHERE template_type_description = 'Book';,['template_types'],SELECT template_type_code FROM template_types WHERE template_type_description = 'Book'
cre_Doc_Template_Mgt,What are the codes of template types that are not used for any document?,SELECT template_type_code FROM Templates EXCEPT SELECT template_type_code FROM Templates AS T1 JOIN Documents AS T2 ON T1.template_id  =  T2.template_id,"['Documents', 'Templates']",SELECT Template_Type_Code FROM Templates EXCEPT SELECT T1.Template_Type_Code FROM cluster3_Documents_join_Templates AS T1,SELECT template_type_code FROM document_templates EXCEPT SELECT template_type_code FROM document_templates AS T1 JOIN managed_documents AS T2 ON T1.template_id = T2.template_id,"['document_templates', 'managed_documents']",SELECT template_type_code FROM document_templates EXCEPT SELECT T1.template_type_code FROM cluster5_document_templates_join_managed_documents AS T1
cre_Doc_Template_Mgt,How many paragraphs for the document with name 'Summer Show'?,SELECT count(*) FROM Paragraphs AS T1 JOIN Documents AS T2 ON T1.document_ID  =  T2.document_ID WHERE T2.document_name  =  'Summer Show',"['Documents', 'Paragraphs']",SELECT count(*) FROM cluster27_Documents_join_Paragraphs AS T1 WHERE T1.Document_Name = 'Summer Show',SELECT count(*) FROM document_paragraphs AS T1 JOIN managed_documents AS T2 ON T1.document_id = T2.document_id WHERE T2.document_name = 'Summer Show',"['document_paragraphs', 'managed_documents']",SELECT count(*) FROM cluster27_document_paragraphs_join_managed_documents AS T1 WHERE T1.document_name = 'Summer Show'
cre_Doc_Template_Mgt,"What are the different template type codes, and how many documents use each type?","SELECT T1.template_type_code ,  count(*) FROM Templates AS T1 JOIN Documents AS T2 ON T1.template_id  =  T2.template_id GROUP BY T1.template_type_code","['Documents', 'Templates']","SELECT T1.Template_Type_Code, count(*) FROM cluster3_Documents_join_Templates AS T1 GROUP BY T1.Template_Type_Code","SELECT T1.template_type_code, count(*) FROM document_templates AS T1 JOIN managed_documents AS T2 ON T1.template_id = T2.template_id GROUP BY T1.template_type_code","['document_templates', 'managed_documents']","SELECT T1.template_type_code, count(*) FROM cluster5_document_templates_join_managed_documents AS T1 GROUP BY T1.template_type_code"
cre_Doc_Template_Mgt,Show paragraph details for paragraph with text 'Korea ' .,select other_details from paragraphs where paragraph_text like 'korea',['paragraphs'],SELECT Other_Details FROM Paragraphs WHERE Paragraph_Text LIKE 'korea',SELECT other_details FROM document_paragraphs WHERE paragraph_text LIKE 'korea',['document_paragraphs'],SELECT other_details FROM document_paragraphs WHERE paragraph_text LIKE 'korea'
cre_Doc_Template_Mgt,What are the details for the paragraph that includes the text 'Korea ' ?,select other_details from paragraphs where paragraph_text like 'korea',['paragraphs'],SELECT Other_Details FROM Paragraphs WHERE Paragraph_Text LIKE 'korea',SELECT other_details FROM document_paragraphs WHERE paragraph_text LIKE 'korea',['document_paragraphs'],SELECT other_details FROM document_paragraphs WHERE paragraph_text LIKE 'korea'
cre_Doc_Template_Mgt,"What are the ids and names of each document, as well as the number of paragraphs in each?","SELECT T1.document_id ,  T2.document_name ,  count(*) FROM Paragraphs AS T1 JOIN Documents AS T2 ON T1.document_id  =  T2.document_id GROUP BY T1.document_id","['Documents', 'Paragraphs']","SELECT T1.Documents_Document_ID, T1.Document_Name, count(*) FROM cluster27_Documents_join_Paragraphs AS T1 GROUP BY T1.Documents_Document_ID","SELECT T1.document_id, T2.document_name, count(*) FROM document_paragraphs AS T1 JOIN managed_documents AS T2 ON T1.document_id = T2.document_id GROUP BY T1.document_id","['document_paragraphs', 'managed_documents']","SELECT T1.document_paragraphs_document_id, T1.document_name, count(*) FROM cluster27_document_paragraphs_join_managed_documents AS T1 GROUP BY T1.document_paragraphs_document_id"
cre_Doc_Template_Mgt,Return the names and template ids for documents that contain the letter w in their description.,"SELECT document_name ,  template_id FROM Documents WHERE Document_Description LIKE ""%w%""",['Documents'],"SELECT Document_Name, Template_ID FROM Documents WHERE Document_Description LIKE '%w%'","SELECT document_name, template_id FROM managed_documents WHERE document_description LIKE '%w%'",['managed_documents'],"SELECT document_name, template_id FROM managed_documents WHERE document_description LIKE '%w%'"
cre_Doc_Template_Mgt,Return the version numbers and template type codes of templates with a version number greater than 5.,"SELECT version_number ,  template_type_code FROM Templates WHERE version_number  >  5",['Templates'],"SELECT Version_Number, Template_Type_Code FROM Templates WHERE Version_Number > 5","SELECT version_number, template_type_code FROM document_templates WHERE version_number > 5",['document_templates'],"SELECT version_number, template_type_code FROM document_templates WHERE version_number > 5"
cre_Doc_Template_Mgt,Return the code of the template type that is most commonly used in documents.,SELECT T1.template_type_code FROM Templates AS T1 JOIN Documents AS T2 ON T1.template_id  =  T2.template_id GROUP BY T1.template_type_code ORDER BY count(*) DESC LIMIT 1,"['Documents', 'Templates']",SELECT T1.Template_Type_Code FROM cluster3_Documents_join_Templates AS T1 GROUP BY T1.Template_Type_Code ORDER BY count(*) DESC LIMIT 1,SELECT T1.template_type_code FROM document_templates AS T1 JOIN managed_documents AS T2 ON T1.template_id = T2.template_id GROUP BY T1.template_type_code ORDER BY count(*) DESC LIMIT 1,"['document_templates', 'managed_documents']",SELECT T1.template_type_code FROM cluster5_document_templates_join_managed_documents AS T1 GROUP BY T1.template_type_code ORDER BY count(*) DESC LIMIT 1
cre_Doc_Template_Mgt,What is the id and type code for the template used by the most documents?,"SELECT T1.template_id ,  T2.Template_Type_Code FROM Documents AS T1 JOIN Templates AS T2 ON T1.template_id  =  T2.template_id GROUP BY T1.template_id ORDER BY count(*) DESC LIMIT 1","['Documents', 'Templates']","SELECT T1.Documents_Template_ID, T1.Template_Type_Code FROM cluster3_Documents_join_Templates AS T1 GROUP BY T1.Documents_Template_ID ORDER BY count(*) DESC LIMIT 1","SELECT T1.template_id, T2.template_type_code FROM managed_documents AS T1 JOIN document_templates AS T2 ON T1.template_id = T2.template_id GROUP BY T1.template_id ORDER BY count(*) DESC LIMIT 1","['document_templates', 'managed_documents']","SELECT T1.managed_documents_template_id, T1.template_type_code FROM cluster5_document_templates_join_managed_documents AS T1 GROUP BY T1.managed_documents_template_id ORDER BY count(*) DESC LIMIT 1"
cre_Doc_Template_Mgt,What are the ids for templates that are not used in any documents?,SELECT template_id FROM Templates EXCEPT SELECT template_id FROM Documents,"['Documents', 'Templates']",SELECT Template_ID FROM Templates EXCEPT SELECT Template_ID FROM Documents,SELECT template_id FROM document_templates EXCEPT SELECT template_id FROM managed_documents,"['document_templates', 'managed_documents']",SELECT template_id FROM document_templates EXCEPT SELECT template_id FROM managed_documents
cre_Doc_Template_Mgt,"What are the ids, names, and descriptions for all documents?","SELECT document_id ,  document_name ,  document_description FROM Documents",['Documents'],"SELECT Document_ID, Document_Name, Document_Description FROM Documents","SELECT document_id, document_name, document_description FROM managed_documents",['managed_documents'],"SELECT document_id, document_name, document_description FROM managed_documents"
cre_Doc_Template_Mgt,Count the number of templates of the type CV.,"SELECT count(*) FROM Templates WHERE template_type_code  =  ""CV""",['Templates'],SELECT count(*) FROM Templates WHERE Template_Type_Code = 'CV',SELECT count(*) FROM document_templates WHERE template_type_code = 'CV',['document_templates'],SELECT count(*) FROM document_templates WHERE template_type_code = 'CV'
cre_Doc_Template_Mgt,Return the template type code of the template that is used by a document named Data base.,"SELECT T1.template_type_code FROM Templates AS T1 JOIN Documents AS T2 ON T1.template_id  =  T2.template_id WHERE T2.document_name  =  ""Data base""","['Documents', 'Templates']",SELECT T1.Template_Type_Code FROM cluster3_Documents_join_Templates AS T1 WHERE T1.Document_Name = 'Data base',SELECT T1.template_type_code FROM document_templates AS T1 JOIN managed_documents AS T2 ON T1.template_id = T2.template_id WHERE T2.document_name = 'Data base',"['document_templates', 'managed_documents']",SELECT T1.template_type_code FROM cluster5_document_templates_join_managed_documents AS T1 WHERE T1.document_name = 'Data base'
dog_kennels,Which first names are used for professionals or owners but are not used as dog names?,SELECT first_name FROM Professionals UNION SELECT first_name FROM Owners EXCEPT SELECT name FROM Dogs,"['Professionals', 'Dogs', 'Owners']",SELECT first_name FROM Professionals UNION SELECT first_name FROM Owners EXCEPT SELECT name FROM Dogs,SELECT first_name FROM vet_professionals UNION SELECT first_name FROM dog_owners EXCEPT SELECT name FROM vet_dogs,"['dog_owners', 'vet_dogs', 'vet_professionals']",SELECT first_name FROM vet_professionals UNION SELECT first_name FROM dog_owners EXCEPT SELECT name FROM vet_dogs
dog_kennels,How many dogs have not gone through any treatment?,SELECT count(*) FROM Dogs WHERE dog_id NOT IN ( SELECT dog_id FROM Treatments ),"['Dogs', 'Treatments']",SELECT count(*) FROM Dogs WHERE dog_id NOT IN (SELECT dog_id FROM Treatments),SELECT count(*) FROM vet_dogs WHERE dog_id NOT IN (SELECT dog_id FROM vet_treatments),"['vet_dogs', 'vet_treatments']",SELECT count(*) FROM vet_dogs WHERE dog_id NOT IN (SELECT dog_id FROM vet_treatments)
dog_kennels,Find the arriving date and the departing date of the dogs that received a treatment.,"SELECT DISTINCT T1.date_arrived ,  T1.date_departed FROM Dogs AS T1 JOIN Treatments AS T2 ON T1.dog_id  =  T2.dog_id","['Dogs', 'Treatments']","SELECT DISTINCT T1.date_arrived, T1.date_departed FROM cluster4_Dogs_join_Treatments AS T1","SELECT DISTINCT T1.date_arrived, T1.date_departed FROM vet_dogs AS T1 JOIN vet_treatments AS T2 ON T1.dog_id = T2.dog_id","['vet_dogs', 'vet_treatments']","SELECT DISTINCT T1.date_arrived, T1.date_departed FROM cluster6_vet_dogs_join_vet_treatments AS T1"
dog_kennels,"What are the id, role, and first name of the professionals who have performed two or more treatments?","SELECT T1.professional_id ,  T1.role_code ,  T1.first_name FROM Professionals AS T1 JOIN Treatments AS T2 ON T1.professional_id  =  T2.professional_id GROUP BY T1.professional_id HAVING count(*)  >=  2","['Professionals', 'Treatments']","SELECT T1.Professionals_professional_id, T1.role_code, T1.first_name FROM cluster5_Professionals_join_Treatments AS T1 GROUP BY T1.Professionals_professional_id HAVING count(*) >= 2","SELECT T1.professional_id, T1.role_code, T1.first_name FROM vet_professionals AS T1 JOIN vet_treatments AS T2 ON T1.professional_id = T2.professional_id GROUP BY T1.professional_id HAVING count(*) >= 2","['vet_professionals', 'vet_treatments']","SELECT T1.vet_professionals_professional_id, T1.role_code, T1.first_name FROM cluster7_vet_professionals_join_vet_treatments AS T1 GROUP BY T1.vet_professionals_professional_id HAVING count(*) >= 2"
dog_kennels,List pairs of the owner's first name and the dogs's name.,"SELECT T1.first_name ,  T2.name FROM Owners AS T1 JOIN Dogs AS T2 ON T1.owner_id  =  T2.owner_id","['Owners', 'Dogs']","SELECT T1.first_name, T1.name FROM cluster6_Dogs_join_Owners AS T1","SELECT T1.first_name, T2.name FROM dog_owners AS T1 JOIN vet_dogs AS T2 ON T1.owner_id = T2.owner_id","['dog_owners', 'vet_dogs']","SELECT T1.first_name, T1.name FROM cluster8_dog_owners_join_vet_dogs AS T1"
dog_kennels,What is the average age of the dogs who have gone through any treatments?,SELECT avg(age) FROM Dogs WHERE dog_id IN ( SELECT dog_id FROM Treatments ),"['Dogs', 'Treatments']",SELECT avg(age) FROM Dogs WHERE dog_id IN (SELECT dog_id FROM Treatments),SELECT avg(age) FROM vet_dogs WHERE dog_id IN (SELECT dog_id FROM vet_treatments),"['vet_dogs', 'vet_treatments']",SELECT avg(age) FROM vet_dogs WHERE dog_id IN (SELECT dog_id FROM vet_treatments)
dog_kennels,List the names of the dogs of the rarest breed and the treatment dates of them.,"SELECT T1.name ,  T2.date_of_treatment FROM Dogs AS T1 JOIN Treatments AS T2 ON T1.dog_id  =  T2.dog_id WHERE T1.breed_code  =  ( SELECT breed_code FROM Dogs GROUP BY breed_code ORDER BY count(*) ASC LIMIT 1 )","['Dogs', 'Treatments']","SELECT T1.name, T1.date_of_treatment FROM cluster4_Dogs_join_Treatments AS T1 WHERE T1.breed_code = (SELECT breed_code FROM Dogs GROUP BY breed_code ORDER BY count(*) ASC LIMIT 1)","SELECT T1.name, T2.date_of_treatment FROM vet_dogs AS T1 JOIN vet_treatments AS T2 ON T1.dog_id = T2.dog_id WHERE T1.breed_code = (SELECT breed_code FROM vet_dogs GROUP BY breed_code ORDER BY COUNT(*) ASC LIMIT 1);","['vet_dogs', 'vet_treatments']","SELECT name, date_of_treatment FROM cluster6_vet_dogs_join_vet_treatments WHERE breed_code = (SELECT breed_code FROM vet_dogs GROUP BY breed_code ORDER BY count(*) ASC LIMIT 1)"
dog_kennels,"Give me the id, role and email of the professionals who did not perform any treatment on dogs.","SELECT professional_id ,  role_code ,  email_address FROM Professionals EXCEPT SELECT T1.professional_id ,  T1.role_code ,  T1.email_address FROM Professionals AS T1 JOIN Treatments AS T2 ON T1.professional_id  =  T2.professional_id","['Professionals', 'Treatments']","SELECT professional_id, role_code, email_address FROM Professionals EXCEPT SELECT T1.Professionals_professional_id, T1.role_code, T1.email_address FROM cluster5_Professionals_join_Treatments AS T1","SELECT professional_id, role_code, email_address FROM vet_professionals EXCEPT SELECT T1.professional_id, T1.role_code, T1.email_address FROM vet_professionals AS T1 JOIN vet_treatments AS T2 ON T1.professional_id = T2.professional_id","['vet_professionals', 'vet_treatments']","SELECT professional_id, role_code, email_address FROM vet_professionals EXCEPT SELECT T1.vet_professionals_professional_id, T1.role_code, T1.email_address FROM cluster7_vet_professionals_join_vet_treatments AS T1"
dog_kennels,What are the first name and last name of the professionals who have done treatment with cost below average?,"SELECT DISTINCT T1.first_name ,  T1.last_name FROM Professionals AS T1 JOIN Treatments AS T2 WHERE cost_of_treatment  <  ( SELECT avg(cost_of_treatment) FROM Treatments )","['Professionals', 'Treatments']","SELECT DISTINCT T1.first_name, T1.last_name FROM Professionals AS T1 JOIN Treatments AS T2 WHERE T2.cost_of_treatment < (SELECT avg(cost_of_treatment) FROM Treatments)","SELECT DISTINCT T1.first_name, T1.last_name FROM vet_professionals AS T1 JOIN vet_treatments AS T2 WHERE cost_of_treatment < (SELECT avg(cost_of_treatment) FROM vet_treatments)","['vet_professionals', 'vet_treatments']","SELECT DISTINCT T1.first_name, T1.last_name FROM vet_professionals AS T1 JOIN vet_treatments AS T2 WHERE T2.cost_of_treatment < (SELECT avg(cost_of_treatment) FROM vet_treatments)"
dog_kennels,What are the emails of the professionals living in either the state of Hawaii or the state of Wisconsin?,SELECT email_address FROM Professionals WHERE state  =  'Hawaii' OR state  =  'Wisconsin',['Professionals'],SELECT email_address FROM Professionals WHERE state = 'Hawaii' OR state = 'Wisconsin',SELECT email_address FROM vet_professionals WHERE state = 'Hawaii' OR state = 'Wisconsin',['vet_professionals'],SELECT email_address FROM vet_professionals WHERE state = 'Hawaii' OR state = 'Wisconsin'
dog_kennels,Which professionals have done at least two types of treatments? List the professional id and cell phone.,"SELECT T1.professional_id ,  T1.cell_number FROM Professionals AS T1 JOIN Treatments AS T2 ON T1.professional_id  =  T2.professional_id GROUP BY T1.professional_id HAVING count(*)  >=  2","['Professionals', 'Treatments']","SELECT T1.Professionals_professional_id, T1.cell_number FROM cluster5_Professionals_join_Treatments AS T1 GROUP BY T1.Professionals_professional_id HAVING count(*) >= 2","SELECT T1.professional_id, T1.cell_number FROM vet_professionals AS T1 JOIN vet_treatments AS T2 ON T1.professional_id = T2.professional_id GROUP BY T1.professional_id HAVING count(*) >= 2","['vet_professionals', 'vet_treatments']","SELECT T1.vet_professionals_professional_id, T1.cell_number FROM cluster7_vet_professionals_join_vet_treatments AS T1 GROUP BY T1.vet_professionals_professional_id HAVING count(*) >= 2"
dog_kennels,Show me the cost of the most recently performed treatment.,SELECT cost_of_treatment FROM Treatments ORDER BY date_of_treatment DESC LIMIT 1,['Treatments'],SELECT cost_of_treatment FROM Treatments ORDER BY date_of_treatment DESC LIMIT 1,SELECT cost_of_treatment FROM vet_treatments ORDER BY date_of_treatment DESC LIMIT 1,['vet_treatments'],SELECT cost_of_treatment FROM vet_treatments ORDER BY date_of_treatment DESC LIMIT 1
dog_kennels,Tell me the age of the oldest dog.,SELECT max(age) FROM Dogs,['Dogs'],SELECT max(age) FROM Dogs,SELECT max(age) FROM vet_dogs,['vet_dogs'],SELECT max(age) FROM vet_dogs
dog_kennels,Find the average age of the dogs who went through treatments.,SELECT avg(age) FROM Dogs WHERE dog_id IN ( SELECT dog_id FROM Treatments ),"['Dogs', 'Treatments']",SELECT avg(age) FROM Dogs WHERE dog_id IN (SELECT dog_id FROM Treatments),SELECT avg(age) FROM vet_dogs WHERE dog_id IN (SELECT dog_id FROM vet_treatments),"['vet_dogs', 'vet_treatments']",SELECT avg(age) FROM vet_dogs WHERE dog_id IN (SELECT dog_id FROM vet_treatments)
dog_kennels,What are each professional's first name and description of the treatment they have performed?,"SELECT DISTINCT T1.first_name ,  T3.treatment_type_description FROM professionals AS T1 JOIN Treatments AS T2 ON T1.professional_id  =  T2.professional_id JOIN Treatment_types AS T3 ON T2.treatment_type_code  =  T3.treatment_type_code","['Treatments', 'Treatment_types', 'professionals']","SELECT DISTINCT T1.first_name, T1.treatment_type_description FROM cluster29_Treatment_Types_join_Treatments_join_Professionals AS T1","SELECT DISTINCT T1.first_name, T3.treatment_type_description FROM vet_professionals AS T1 JOIN vet_treatments AS T2 ON T1.professional_id = T2.professional_id JOIN vet_treatment_types AS T3 ON T2.treatment_type_code = T3.treatment_type_code","['vet_professionals', 'vet_treatment_types', 'vet_treatments']","SELECT DISTINCT T1.first_name, T1.treatment_type_description FROM cluster29_vet_professionals_join_vet_treatment_types_join_vet_treatments AS T1"
dog_kennels,Which professionals have operated a treatment that costs less than the average? Give me theor first names and last names.,"SELECT DISTINCT T1.first_name ,  T1.last_name FROM Professionals AS T1 JOIN Treatments AS T2 WHERE cost_of_treatment  <  ( SELECT avg(cost_of_treatment) FROM Treatments )","['Professionals', 'Treatments']","SELECT DISTINCT T1.first_name, T1.last_name FROM Professionals AS T1 JOIN Treatments AS T2 WHERE T2.cost_of_treatment < (SELECT avg(cost_of_treatment) FROM Treatments)","SELECT DISTINCT T1.first_name, T1.last_name FROM vet_professionals AS T1 JOIN vet_treatments AS T2 WHERE cost_of_treatment < (SELECT avg(cost_of_treatment) FROM vet_treatments)","['vet_professionals', 'vet_treatments']","SELECT DISTINCT T1.first_name, T1.last_name FROM vet_professionals AS T1 JOIN vet_treatments AS T2 WHERE T2.cost_of_treatment < (SELECT avg(cost_of_treatment) FROM vet_treatments)"
dog_kennels,Give me the description of the treatment type whose total cost is the lowest.,SELECT T1.treatment_type_description FROM Treatment_types AS T1 JOIN Treatments AS T2 ON T1.treatment_type_code  =  T2.treatment_type_code GROUP BY T1.treatment_type_code ORDER BY sum(cost_of_treatment) ASC LIMIT 1,"['Treatment_types', 'Treatments']",SELECT T1.treatment_type_description FROM cluster29_Treatment_Types_join_Treatments_join_Professionals AS T1 GROUP BY T1.Treatments_treatment_type_code ORDER BY sum(T1.cost_of_treatment) ASC LIMIT 1,SELECT T1.treatment_type_description FROM vet_treatment_types AS T1 JOIN vet_treatments AS T2 ON T1.treatment_type_code = T2.treatment_type_code GROUP BY T1.treatment_type_code ORDER BY sum(cost_of_treatment) ASC LIMIT 1,"['vet_treatment_types', 'vet_treatments']",SELECT T1.treatment_type_description FROM cluster29_vet_professionals_join_vet_treatment_types_join_vet_treatments AS T1 GROUP BY T1.vet_treatments_treatment_type_code ORDER BY sum(T1.cost_of_treatment) ASC LIMIT 1
dog_kennels,"Which professional did not operate any treatment on dogs? List the professional's id, role and email.","SELECT professional_id ,  role_code ,  email_address FROM Professionals EXCEPT SELECT T1.professional_id ,  T1.role_code ,  T1.email_address FROM Professionals AS T1 JOIN Treatments AS T2 ON T1.professional_id  =  T2.professional_id","['Professionals', 'Treatments']","SELECT professional_id, role_code, email_address FROM Professionals EXCEPT SELECT T1.Professionals_professional_id, T1.role_code, T1.email_address FROM cluster5_Professionals_join_Treatments AS T1","SELECT professional_id, role_code, email_address FROM vet_professionals EXCEPT SELECT T1.professional_id, T1.role_code, T1.email_address FROM vet_professionals AS T1 JOIN vet_treatments AS T2 ON T1.professional_id = T2.professional_id","['vet_professionals', 'vet_treatments']","SELECT professional_id, role_code, email_address FROM vet_professionals EXCEPT SELECT T1.vet_professionals_professional_id, T1.role_code, T1.email_address FROM cluster7_vet_professionals_join_vet_treatments AS T1"
dog_kennels,"List the date of each treatment, together with the first name of the professional who operated it.","SELECT T1.date_of_treatment ,  T2.first_name FROM Treatments AS T1 JOIN Professionals AS T2 ON T1.professional_id  =  T2.professional_id","['Professionals', 'Treatments']","SELECT T1.date_of_treatment, T1.first_name FROM cluster5_Professionals_join_Treatments AS T1","SELECT T1.date_of_treatment, T2.first_name FROM vet_treatments AS T1 JOIN vet_professionals AS T2 ON T1.professional_id = T2.professional_id","['vet_professionals', 'vet_treatments']","SELECT T1.date_of_treatment, T1.first_name FROM cluster7_vet_professionals_join_vet_treatments AS T1"
dog_kennels,"What are each owner's first name, last name, and the size of their dog?","SELECT T1.first_name ,  T1.last_name ,  T2.size_code FROM Owners AS T1 JOIN Dogs AS T2 ON T1.owner_id  =  T2.owner_id","['Owners', 'Dogs']","SELECT T1.first_name, T1.last_name, T1.size_code FROM cluster6_Dogs_join_Owners AS T1","SELECT T1.first_name, T1.last_name, T2.size_code FROM dog_owners AS T1 JOIN vet_dogs AS T2 ON T1.owner_id = T2.owner_id","['dog_owners', 'vet_dogs']","SELECT T1.first_name, T1.last_name, T1.size_code FROM cluster8_dog_owners_join_vet_dogs AS T1"
dog_kennels,List the first name of all the professionals along with the description of the treatment they have done.,"SELECT DISTINCT T1.first_name ,  T3.treatment_type_description FROM professionals AS T1 JOIN Treatments AS T2 ON T1.professional_id  =  T2.professional_id JOIN Treatment_types AS T3 ON T2.treatment_type_code  =  T3.treatment_type_code","['Treatments', 'Treatment_types', 'professionals']","SELECT DISTINCT T1.first_name, T1.treatment_type_description FROM cluster29_Treatment_Types_join_Treatments_join_Professionals AS T1","SELECT DISTINCT T1.first_name, T3.treatment_type_description FROM vet_professionals AS T1 JOIN vet_treatments AS T2 ON T1.professional_id = T2.professional_id JOIN vet_treatment_types AS T3 ON T2.treatment_type_code = T3.treatment_type_code","['vet_professionals', 'vet_treatment_types', 'vet_treatments']","SELECT DISTINCT T1.first_name, T1.treatment_type_description FROM cluster29_vet_professionals_join_vet_treatment_types_join_vet_treatments AS T1"
dog_kennels,How many professionals did not operate any treatment on dogs?,SELECT count(*) FROM Professionals WHERE professional_id NOT IN ( SELECT professional_id FROM Treatments ),"['Professionals', 'Treatments']",SELECT count(*) FROM Professionals WHERE professional_id NOT IN (SELECT professional_id FROM Treatments),SELECT count(*) FROM vet_professionals WHERE professional_id NOT IN (SELECT professional_id FROM vet_treatments),"['vet_professionals', 'vet_treatments']",SELECT count(*) FROM vet_professionals WHERE professional_id NOT IN (SELECT professional_id FROM vet_treatments)
dog_kennels,Which owner has paid the largest amount of money in total for their dogs? Show the owner id and zip code.,"SELECT T1.owner_id ,  T1.zip_code FROM Owners AS T1 JOIN Dogs AS T2 ON T1.owner_id  =  T2.owner_id JOIN Treatments AS T3 ON T2.dog_id  =  T3.dog_id GROUP BY T1.owner_id ORDER BY sum(T3.cost_of_treatment) DESC LIMIT 1","['Owners', 'Dogs', 'Treatments']","SELECT T1.Owners_owner_id, T1.zip_code FROM cluster6_Dogs_join_Owners AS T1 JOIN Treatments AS T2 ON T1.dog_id = T2.dog_id GROUP BY T1.Owners_owner_id ORDER BY sum(T2.cost_of_treatment) DESC LIMIT 1","SELECT T1.owner_id, T1.zip_code FROM dog_owners AS T1 JOIN vet_dogs AS T2 ON T1.owner_id = T2.owner_id JOIN vet_treatments AS T3 ON T2.dog_id = T3.dog_id GROUP BY T1.owner_id ORDER BY sum(T3.cost_of_treatment) DESC LIMIT 1","['dog_owners', 'vet_dogs', 'vet_treatments']","SELECT T1.dog_owners_owner_id, T1.zip_code FROM cluster8_dog_owners_join_vet_dogs AS T1 JOIN vet_treatments AS T2 ON T1.dog_id = T2.dog_id GROUP BY T1.dog_owners_owner_id ORDER BY sum(T2.cost_of_treatment) DESC LIMIT 1"
dog_kennels,"Which professionals live in the state of Indiana or have done treatment on more than 2 treatments? List his or her id, last name and cell phone.","SELECT professional_id ,  last_name ,  cell_number FROM Professionals WHERE state  =  'Indiana' UNION SELECT T1.professional_id ,  T1.last_name ,  T1.cell_number FROM Professionals AS T1 JOIN Treatments AS T2 ON T1.professional_id  =  T2.professional_id GROUP BY T1.professional_id HAVING count(*)  >  2","['Professionals', 'Treatments']","SELECT professional_id, last_name, cell_number FROM Professionals WHERE state = 'Indiana' UNION SELECT T1.Professionals_professional_id, T1.last_name, T1.cell_number FROM cluster5_Professionals_join_Treatments AS T1 GROUP BY T1.Professionals_professional_id HAVING count(*) > 2","SELECT professional_id, last_name, cell_number FROM vet_professionals WHERE state = 'Indiana' UNION SELECT T1.professional_id, T1.last_name, T1.cell_number FROM vet_professionals AS T1 JOIN vet_treatments AS T2 ON T1.professional_id = T2.professional_id GROUP BY T1.professional_id HAVING count(*) > 2","['vet_professionals', 'vet_treatments']","SELECT professional_id, last_name, cell_number FROM vet_professionals WHERE state = 'Indiana' UNION SELECT T1.vet_professionals_professional_id, T1.last_name, T1.cell_number FROM cluster7_vet_professionals_join_vet_treatments AS T1 GROUP BY T1.vet_professionals_professional_id HAVING count(*) > 2"
dog_kennels,Which states have both owners and professionals living there?,SELECT state FROM Owners INTERSECT SELECT state FROM Professionals,"['Owners', 'Professionals']",SELECT state FROM Owners INTERSECT SELECT state FROM Professionals,SELECT state FROM dog_owners INTERSECT SELECT state FROM vet_professionals,"['dog_owners', 'vet_professionals']",SELECT state FROM dog_owners INTERSECT SELECT state FROM vet_professionals
dog_kennels,Which owner has paid for the most treatments on his or her dogs? List the owner id and last name.,"SELECT T1.owner_id ,  T1.last_name FROM Owners AS T1 JOIN Dogs AS T2 ON T1.owner_id  =  T2.owner_id JOIN Treatments AS T3 ON T2.dog_id  =  T3.dog_id GROUP BY T1.owner_id ORDER BY count(*) DESC LIMIT 1","['Owners', 'Dogs', 'Treatments']","SELECT T1.Owners_owner_id, T1.last_name FROM cluster6_Dogs_join_Owners AS T1 JOIN Treatments AS T2 ON T1.dog_id = T2.dog_id GROUP BY T1.Owners_owner_id ORDER BY count(*) DESC LIMIT 1","SELECT T1.owner_id, T1.last_name FROM dog_owners AS T1 JOIN vet_dogs AS T2 ON T1.owner_id = T2.owner_id JOIN vet_treatments AS T3 ON T2.dog_id = T3.dog_id GROUP BY T1.owner_id ORDER BY count(*) DESC LIMIT 1","['dog_owners', 'vet_dogs', 'vet_treatments']","SELECT T1.dog_owners_owner_id, T1.last_name FROM cluster8_dog_owners_join_vet_dogs AS T1 JOIN vet_treatments AS T2 ON T1.dog_id = T2.dog_id GROUP BY T1.dog_owners_owner_id ORDER BY count(*) DESC LIMIT 1"
dog_kennels,What are the arriving date and the departing date of the dogs who have gone through a treatment?,"SELECT DISTINCT T1.date_arrived ,  T1.date_departed FROM Dogs AS T1 JOIN Treatments AS T2 ON T1.dog_id  =  T2.dog_id","['Dogs', 'Treatments']","SELECT DISTINCT T1.date_arrived, T1.date_departed FROM cluster4_Dogs_join_Treatments AS T1","SELECT DISTINCT T1.date_arrived, T1.date_departed FROM vet_dogs AS T1 JOIN vet_treatments AS T2 ON T1.dog_id = T2.dog_id","['vet_dogs', 'vet_treatments']","SELECT DISTINCT T1.date_arrived, T1.date_departed FROM cluster6_vet_dogs_join_vet_treatments AS T1"
dog_kennels,What is the description of the treatment type that costs the least money in total?,SELECT T1.treatment_type_description FROM Treatment_types AS T1 JOIN Treatments AS T2 ON T1.treatment_type_code  =  T2.treatment_type_code GROUP BY T1.treatment_type_code ORDER BY sum(cost_of_treatment) ASC LIMIT 1,"['Treatment_types', 'Treatments']",SELECT T1.treatment_type_description FROM cluster29_Treatment_Types_join_Treatments_join_Professionals AS T1 GROUP BY T1.Treatments_treatment_type_code ORDER BY sum(T1.cost_of_treatment) ASC LIMIT 1,SELECT T1.treatment_type_description FROM vet_treatment_types AS T1 JOIN vet_treatments AS T2 ON T1.treatment_type_code = T2.treatment_type_code GROUP BY T1.treatment_type_code ORDER BY sum(cost_of_treatment) ASC LIMIT 1,"['vet_treatment_types', 'vet_treatments']",SELECT T1.treatment_type_description FROM cluster29_vet_professionals_join_vet_treatment_types_join_vet_treatments AS T1 GROUP BY T1.vet_treatments_treatment_type_code ORDER BY sum(T1.cost_of_treatment) ASC LIMIT 1
dog_kennels,Find the first names that are used for professionals or owners but are not used as dog names.,SELECT first_name FROM Professionals UNION SELECT first_name FROM Owners EXCEPT SELECT name FROM Dogs,"['Professionals', 'Dogs', 'Owners']",SELECT first_name FROM Professionals UNION SELECT first_name FROM Owners EXCEPT SELECT name FROM Dogs,SELECT first_name FROM vet_professionals UNION SELECT first_name FROM dog_owners EXCEPT SELECT name FROM vet_dogs,"['dog_owners', 'vet_dogs', 'vet_professionals']",SELECT first_name FROM vet_professionals UNION SELECT first_name FROM dog_owners EXCEPT SELECT name FROM vet_dogs
dog_kennels,Find the distinct breed type and size type combinations for dogs.,"SELECT DISTINCT breed_code ,  size_code FROM dogs",['dogs'],"SELECT DISTINCT breed_code, size_code FROM Dogs","SELECT DISTINCT breed_code, size_code FROM vet_dogs",['vet_dogs'],"SELECT DISTINCT breed_code, size_code FROM vet_dogs"
dog_kennels,Find the id and cell phone of the professionals who operate two or more types of treatments.,"SELECT T1.professional_id ,  T1.cell_number FROM Professionals AS T1 JOIN Treatments AS T2 ON T1.professional_id  =  T2.professional_id GROUP BY T1.professional_id HAVING count(*)  >=  2","['Professionals', 'Treatments']","SELECT T1.Professionals_professional_id, T1.cell_number FROM cluster5_Professionals_join_Treatments AS T1 GROUP BY T1.Professionals_professional_id HAVING count(*) >= 2","SELECT T1.professional_id, T1.cell_number FROM vet_professionals AS T1 JOIN vet_treatments AS T2 ON T1.professional_id = T2.professional_id GROUP BY T1.professional_id HAVING count(*) >= 2","['vet_professionals', 'vet_treatments']","SELECT T1.vet_professionals_professional_id, T1.cell_number FROM cluster7_vet_professionals_join_vet_treatments AS T1 GROUP BY T1.vet_professionals_professional_id HAVING count(*) >= 2"
dog_kennels,What is the name of the breed with the most dogs?,SELECT T1.breed_name FROM Breeds AS T1 JOIN Dogs AS T2 ON T1.breed_code  =  T2.breed_code GROUP BY T1.breed_name ORDER BY count(*) DESC LIMIT 1,"['Breeds', 'Dogs']",SELECT T1.breed_name FROM cluster30_Breeds_join_Dogs AS T1 GROUP BY T1.breed_name ORDER BY count(*) DESC LIMIT 1,SELECT T1.breed_name FROM dog_breeds AS T1 JOIN vet_dogs AS T2 ON T1.breed_code = T2.breed_code GROUP BY T1.breed_name ORDER BY count(*) DESC LIMIT 1,"['dog_breeds', 'vet_dogs']",SELECT T1.breed_name FROM cluster30_dog_breeds_join_vet_dogs AS T1 GROUP BY T1.breed_name ORDER BY count(*) DESC LIMIT 1
dog_kennels,What is the charge amount of the most expensive charge type?,SELECT max(charge_amount) FROM Charges,['Charges'],SELECT max(charge_amount) FROM cluster31_Charges,SELECT max(charge_amount) FROM vet_charges,['vet_charges'],SELECT max(charge_amount) FROM cluster31_vet_charges
dog_kennels,Tell me the number of dogs that have not received any treatment .,select count(*) from dogs where dog_id not in ( select dog_id from treatments ),"['treatments', 'dogs']",SELECT count(*) FROM Dogs WHERE dog_id NOT IN (SELECT dog_id FROM Treatments),SELECT count(*) FROM vet_dogs WHERE dog_id NOT IN (SELECT dog_id FROM vet_treatments),"['vet_dogs', 'vet_treatments']",SELECT count(*) FROM vet_dogs WHERE dog_id NOT IN (SELECT dog_id FROM vet_treatments)
dog_kennels,"List the email, cell phone and home phone of all the professionals.","SELECT email_address ,  cell_number ,  home_phone FROM professionals",['professionals'],"SELECT email_address, cell_number, home_phone FROM Professionals","SELECT email_address, cell_number, home_phone FROM vet_professionals",['vet_professionals'],"SELECT email_address, cell_number, home_phone FROM vet_professionals"
dog_kennels,"What are the email, cell phone and home phone of each professional?","SELECT email_address ,  cell_number ,  home_phone FROM professionals",['professionals'],"SELECT email_address, cell_number, home_phone FROM Professionals","SELECT email_address, cell_number, home_phone FROM vet_professionals",['vet_professionals'],"SELECT email_address, cell_number, home_phone FROM vet_professionals"
dog_kennels,"Which owner owns the most dogs? List the owner id, first name and last name.","SELECT T1.owner_id ,  T2.first_name ,  T2.last_name FROM Dogs AS T1 JOIN Owners AS T2 ON T1.owner_id  =  T2.owner_id GROUP BY T1.owner_id ORDER BY count(*) DESC LIMIT 1","['Owners', 'Dogs']","SELECT T1.Owners_owner_id, T1.first_name, T1.last_name FROM cluster6_Dogs_join_Owners AS T1 GROUP BY T1.Owners_owner_id ORDER BY count(*) DESC LIMIT 1","SELECT T1.owner_id, T2.first_name, T2.last_name FROM vet_dogs AS T1 JOIN dog_owners AS T2 ON T1.owner_id = T2.owner_id GROUP BY T1.owner_id ORDER BY count(*) DESC LIMIT 1","['dog_owners', 'vet_dogs']","SELECT T1.dog_owners_owner_id, T1.first_name, T1.last_name FROM cluster8_dog_owners_join_vet_dogs AS T1 GROUP BY T1.dog_owners_owner_id ORDER BY count(*) DESC LIMIT 1"
dog_kennels,Which dogs have not cost their owner more than 1000 for treatment ? List the dog names .,select name from dogs where dog_id not in ( select dog_id from treatments group by dog_id having sum(cost_of_treatment)  >  1000 ),"['treatments', 'dogs']",SELECT name FROM Dogs WHERE dog_id NOT IN (SELECT dog_id FROM Treatments GROUP BY dog_id HAVING sum(cost_of_treatment) > 1000),SELECT name FROM vet_dogs WHERE dog_id NOT IN (SELECT dog_id FROM vet_treatments GROUP BY dog_id HAVING sum(cost_of_treatment) > 1000),"['vet_dogs', 'vet_treatments']",SELECT name FROM vet_dogs WHERE dog_id NOT IN (SELECT dog_id FROM vet_treatments GROUP BY dog_id HAVING sum(cost_of_treatment) > 1000)
dog_kennels,Which dogs are owned by someone who lives in Virginia? List the owner's first name and the dog's name.,"SELECT T1.first_name ,  T2.name FROM Owners AS T1 JOIN Dogs AS T2 ON T1.owner_id  =  T2.owner_id WHERE T1.state  =  'Virginia'","['Owners', 'Dogs']","SELECT T1.first_name, T1.name FROM cluster6_Dogs_join_Owners AS T1 WHERE T1.state = 'Virginia'","SELECT T1.first_name, T2.name FROM dog_owners AS T1 JOIN vet_dogs AS T2 ON T1.owner_id = T2.owner_id WHERE T1.state = 'Virginia'","['dog_owners', 'vet_dogs']","SELECT T1.first_name, T1.name FROM cluster8_dog_owners_join_vet_dogs AS T1 WHERE T1.state = 'Virginia'"
dog_kennels,"List each owner's first name, last name, and the size of his for her dog.","SELECT T1.first_name ,  T1.last_name ,  T2.size_code FROM Owners AS T1 JOIN Dogs AS T2 ON T1.owner_id  =  T2.owner_id","['Owners', 'Dogs']","SELECT T1.first_name, T1.last_name, T1.size_code FROM cluster6_Dogs_join_Owners AS T1","SELECT T1.first_name, T1.last_name, T2.size_code FROM dog_owners AS T1 JOIN vet_dogs AS T2 ON T1.owner_id = T2.owner_id","['dog_owners', 'vet_dogs']","SELECT T1.first_name, T1.last_name, T1.size_code FROM cluster8_dog_owners_join_vet_dogs AS T1"
dog_kennels,How much does each charge type costs? List both charge type and amount.,"SELECT charge_type ,  charge_amount FROM Charges",['Charges'],"SELECT charge_type, charge_amount FROM cluster31_Charges","SELECT charge_type, charge_amount FROM vet_charges",['vet_charges'],"SELECT charge_type, charge_amount FROM cluster31_vet_charges"
employee_hire_evaluation,Find the names of employees who never won any award in the evaluation.,SELECT name FROM employee WHERE Employee_ID NOT IN (SELECT Employee_ID FROM evaluation),"['employee', 'evaluation']",SELECT Name FROM employee WHERE Employee_ID NOT IN (SELECT Employee_ID FROM evaluation),SELECT name FROM shop_employees WHERE employee_id NOT IN (SELECT employee_id FROM employee_evaluations),"['employee_evaluations', 'shop_employees']",SELECT name FROM shop_employees WHERE employee_id NOT IN (SELECT employee_id FROM employee_evaluations)
employee_hire_evaluation,Which shops run with no employees? Find the shop names,SELECT name FROM shop WHERE shop_id NOT IN (SELECT shop_id FROM hiring),"['hiring', 'shop']",SELECT Name FROM shop WHERE Shop_ID NOT IN (SELECT Shop_ID FROM hiring),SELECT name FROM retail_shops WHERE shop_id NOT IN (SELECT shop_id FROM shop_hiring),"['retail_shops', 'shop_hiring']",SELECT name FROM retail_shops WHERE shop_id NOT IN (SELECT shop_id FROM shop_hiring)
employee_hire_evaluation,How many employees are there?,SELECT count(*) FROM employee,['employee'],SELECT count(*) FROM employee,SELECT count(*) FROM shop_employees,['shop_employees'],SELECT count(*) FROM shop_employees
employee_hire_evaluation,Find the districts in which there are both shops selling less than 3000 products and shops selling more than 10000 products.,SELECT district FROM shop WHERE Number_products  <  3000 INTERSECT SELECT district FROM shop WHERE Number_products  >  10000,['shop'],SELECT District FROM shop WHERE Number_products < 3000 INTERSECT SELECT District FROM shop WHERE Number_products > 10000,SELECT district FROM retail_shops WHERE number_products < 3000 INTERSECT SELECT district FROM retail_shops WHERE number_products > 10000,['retail_shops'],SELECT district FROM retail_shops WHERE number_products < 3000 INTERSECT SELECT district FROM retail_shops WHERE number_products > 10000
employee_hire_evaluation,find the name of employee who was awarded the most times in the evaluation.,SELECT t1.name FROM employee AS t1 JOIN evaluation AS t2 ON t1.Employee_ID  =  t2.Employee_ID GROUP BY t2.Employee_ID ORDER BY count(*) DESC LIMIT 1,"['employee', 'evaluation']",SELECT T1.Name FROM cluster32_employee_join_evaluation AS T1 GROUP BY T1.evaluation_Employee_ID ORDER BY count(*) DESC LIMIT 1,SELECT t1.name FROM shop_employees AS t1 JOIN employee_evaluations AS t2 ON t1.employee_id = t2.employee_id GROUP BY t2.employee_id ORDER BY count(*) DESC LIMIT 1,"['employee_evaluations', 'shop_employees']",SELECT T1.name FROM cluster32_employee_evaluations_join_shop_employees AS T1 GROUP BY T1.employee_evaluations_employee_id ORDER BY count(*) DESC LIMIT 1
employee_hire_evaluation,Count the number of distinct store locations.,SELECT count(DISTINCT LOCATION) FROM shop,['shop'],SELECT count(DISTINCT Location) FROM shop,SELECT count(DISTINCT location) FROM retail_shops,['retail_shops'],SELECT count(DISTINCT location) FROM retail_shops
employee_hire_evaluation,Find the total amount of bonus given in all the evaluations.,SELECT sum(bonus) FROM evaluation,['evaluation'],SELECT sum(Bonus) FROM evaluation,SELECT sum(bonus) FROM employee_evaluations,['employee_evaluations'],SELECT sum(bonus) FROM employee_evaluations
employee_hire_evaluation,Sort employee names by their age in ascending order.,SELECT name FROM employee ORDER BY age,['employee'],SELECT Name FROM employee ORDER BY Age,SELECT name FROM shop_employees ORDER BY age,['shop_employees'],SELECT name FROM shop_employees ORDER BY age
employee_hire_evaluation,Which cities do more than one employee under age 30 come from?,SELECT city FROM employee WHERE age  <  30 GROUP BY city HAVING count(*)  >  1,['employee'],SELECT City FROM employee WHERE Age < 30 GROUP BY City HAVING count(*) > 1,SELECT city FROM shop_employees WHERE age < 30 GROUP BY city HAVING count(*) > 1,['shop_employees'],SELECT city FROM shop_employees WHERE age < 30 GROUP BY city HAVING count(*) > 1
employee_hire_evaluation,Count the number of employees,SELECT count(*) FROM employee,['employee'],SELECT count(*) FROM employee,SELECT count(*) FROM shop_employees,['shop_employees'],SELECT count(*) FROM shop_employees
employee_hire_evaluation,Which employee received the biggest bonus? Give me the employee name.,SELECT t1.name FROM employee AS t1 JOIN evaluation AS t2 ON t1.Employee_ID  =  t2.Employee_ID ORDER BY t2.bonus DESC LIMIT 1,"['employee', 'evaluation']",SELECT T1.Name FROM cluster32_employee_join_evaluation AS T1 ORDER BY T1.Bonus DESC LIMIT 1,SELECT t1.name FROM shop_employees AS t1 JOIN employee_evaluations AS t2 ON t1.employee_id = t2.employee_id ORDER BY t2.bonus DESC LIMIT 1,"['employee_evaluations', 'shop_employees']",SELECT T1.name FROM cluster32_employee_evaluations_join_shop_employees AS T1 ORDER BY T1.bonus DESC LIMIT 1
employee_hire_evaluation,What is total bonus given in all evaluations?,SELECT sum(bonus) FROM evaluation,['evaluation'],SELECT sum(Bonus) FROM evaluation,SELECT sum(bonus) FROM employee_evaluations,['employee_evaluations'],SELECT sum(bonus) FROM employee_evaluations
employee_hire_evaluation,Find the names of stores whose number products is more than the average number of products.,SELECT name FROM shop WHERE number_products  >  (SELECT avg(number_products) FROM shop),['shop'],SELECT Name FROM shop WHERE Number_products > (SELECT avg(Number_products) FROM shop),SELECT name FROM retail_shops WHERE number_products > (SELECT avg(number_products) FROM retail_shops),['retail_shops'],SELECT name FROM retail_shops WHERE number_products > (SELECT avg(number_products) FROM retail_shops)
employee_hire_evaluation,Find the cities that have more than one employee under age 30.,SELECT city FROM employee WHERE age  <  30 GROUP BY city HAVING count(*)  >  1,['employee'],SELECT City FROM employee WHERE Age < 30 GROUP BY City HAVING count(*) > 1,SELECT city FROM shop_employees WHERE age < 30 GROUP BY city HAVING count(*) > 1,['shop_employees'],SELECT city FROM shop_employees WHERE age < 30 GROUP BY city HAVING count(*) > 1
employee_hire_evaluation,What is all the information about hiring?,SELECT * FROM hiring,['hiring'],SELECT * FROM hiring,SELECT * FROM shop_hiring,['shop_hiring'],SELECT * FROM shop_hiring
employee_hire_evaluation,"Sort all the shops by number products in descending order, and return the name, location and district of each shop.","SELECT name ,  LOCATION ,  district FROM shop ORDER BY number_products DESC",['shop'],"SELECT Name, Location, District FROM shop ORDER BY Number_products DESC","SELECT name, location, district FROM retail_shops ORDER BY number_products DESC",['retail_shops'],"SELECT name, location, district FROM retail_shops ORDER BY number_products DESC"
employee_hire_evaluation,Give me all the information about hiring.,SELECT * FROM hiring,['hiring'],SELECT * FROM hiring,SELECT * FROM shop_hiring,['shop_hiring'],SELECT * FROM shop_hiring
employee_hire_evaluation,Count the number of employees for each city.,"SELECT count(*) ,  city FROM employee GROUP BY city",['employee'],"SELECT count(*), City FROM employee GROUP BY City","SELECT count(*), city FROM shop_employees GROUP BY city",['shop_employees'],"SELECT count(*), city FROM shop_employees GROUP BY city"
employee_hire_evaluation,What are the minimum and maximum number of products across all the shops?,"SELECT min(Number_products) ,  max(Number_products) FROM shop",['shop'],"SELECT min(Number_products), max(Number_products) FROM shop","SELECT min(number_products), max(number_products) FROM retail_shops",['retail_shops'],"SELECT min(number_products), max(number_products) FROM retail_shops"
flight_2,"What are flight numbers of flights departing from Airport ""APG""?","SELECT FlightNo FROM FLIGHTS WHERE SourceAirport  =  ""APG""",['FLIGHTS'],SELECT FlightNo FROM flights WHERE SourceAirport = 'APG',SELECT flight_number FROM flight_schedules WHERE source_airport = 'APG',['flight_schedules'],SELECT flight_number FROM flight_schedules WHERE source_airport = 'APG'
flight_2,How many flights does airline 'JetBlue Airways' have?,"SELECT count(*) FROM FLIGHTS AS T1 JOIN AIRLINES AS T2 ON T1.Airline  =  T2.uid WHERE T2.Airline = ""JetBlue Airways""","['FLIGHTS', 'AIRLINES']",SELECT count(*) FROM cluster7_AIRLINES_join_FLIGHTS AS T1 WHERE T1.airlines_Airline = 'JetBlue Airways',SELECT count(*) FROM flight_schedules AS T1 JOIN airline_companies AS T2 ON T1.airline_id = T2.airline_id WHERE T2.airline_name = 'JetBlue Airways',"['airline_companies', 'flight_schedules']",SELECT count(*) FROM cluster9_airline_companies_join_flight_schedules AS T1 WHERE T1.airline_name = 'JetBlue Airways'
flight_2,Find all airlines that have flights from both airports 'APG' and 'CVO'.,"SELECT T1.Airline FROM AIRLINES AS T1 JOIN FLIGHTS AS T2 ON T1.uid  =  T2.Airline WHERE T2.SourceAirport  =  ""APG"" INTERSECT SELECT T1.Airline FROM AIRLINES AS T1 JOIN FLIGHTS AS T2 ON T1.uid  =  T2.Airline WHERE T2.SourceAirport  =  ""CVO""","['FLIGHTS', 'AIRLINES']",SELECT T1.airlines_Airline FROM cluster7_AIRLINES_join_FLIGHTS AS T1 WHERE T1.SourceAirport = 'APG' INTERSECT SELECT T1.airlines_Airline FROM cluster7_AIRLINES_join_FLIGHTS AS T1 WHERE T1.SourceAirport = 'CVO',SELECT T1.airline_name FROM airline_companies AS T1 JOIN flight_schedules AS T2 ON T1.airline_id = T2.airline_id WHERE T2.source_airport = 'APG' INTERSECT SELECT T1.airline_name FROM airline_companies AS T1 JOIN flight_schedules AS T2 ON T1.airline_id = T2.airline_id WHERE T2.source_airport = 'CVO',"['airline_companies', 'flight_schedules']",SELECT T1.airline_companies_airline_id FROM cluster9_airline_companies_join_flight_schedules AS T1 WHERE T1.source_airport = 'APG' INTERSECT SELECT T1.airline_companies_airline_id FROM cluster9_airline_companies_join_flight_schedules AS T1 WHERE T1.source_airport = 'CVO'
flight_2,Which airlines have less than 200 flights?,SELECT T1.Airline FROM AIRLINES AS T1 JOIN FLIGHTS AS T2 ON T1.uid  =  T2.Airline GROUP BY T1.Airline HAVING count(*)  <  200,"['FLIGHTS', 'AIRLINES']",SELECT T1.airlines_Airline FROM cluster7_AIRLINES_join_FLIGHTS AS T1 GROUP BY T1.airlines_Airline HAVING count(*) < 200,SELECT T1.airline_name FROM airline_companies AS T1 JOIN flight_schedules AS T2 ON T1.airline_id = T2.airline_id GROUP BY T1.airline_name HAVING count(*) < 200,"['airline_companies', 'flight_schedules']",SELECT airline_name FROM cluster9_airline_companies_join_flight_schedules GROUP BY airline_name HAVING count(*) < 200
flight_2,How many flights arriving in Aberdeen city?,"SELECT count(*) FROM FLIGHTS AS T1 JOIN AIRPORTS AS T2 ON T1.DestAirport  =  T2.AirportCode WHERE T2.City  =  ""Aberdeen""","['FLIGHTS', 'AIRPORTS']",SELECT count(*) FROM cluster8_AIRPORTS_join_FLIGHTS AS T1 WHERE T1.City = 'Aberdeen',SELECT count(*) FROM flight_schedules AS T1 JOIN airport_locations AS T2 ON T1.dest_airport = T2.airport_code WHERE T2.city = 'Aberdeen',"['airport_locations', 'flight_schedules']",SELECT count(*) FROM cluster10_airport_locations_join_flight_schedules AS T1 WHERE T1.city = 'Aberdeen'
flight_2,What is the airport name for airport 'AKO'?,"SELECT AirportName FROM AIRPORTS WHERE AirportCode  =  ""AKO""",['AIRPORTS'],SELECT AirportName FROM airports WHERE AirportCode = 'AKO',SELECT airport_name FROM airport_locations WHERE airport_code = 'AKO',['airport_locations'],SELECT airport_name FROM airport_locations WHERE airport_code = 'AKO'
flight_2,Return the number of United Airlines flights leaving from AHD Airport.,"SELECT count(*) FROM AIRLINES AS T1 JOIN FLIGHTS AS T2 ON T2.Airline  =  T1.uid WHERE T1.Airline  =  ""United Airlines"" AND T2.SourceAirport  =  ""AHD""","['FLIGHTS', 'AIRLINES']",SELECT count(*) FROM cluster7_AIRLINES_join_FLIGHTS AS T1 WHERE T1.airlines_Airline = 'United Airlines' AND T1.SourceAirport = 'AHD',SELECT count(*) FROM airline_companies AS T1 JOIN flight_schedules AS T2 ON T2.airline_id = T1.airline_id WHERE T1.airline_name = 'United Airlines' AND T2.source_airport = 'AHD',"['airline_companies', 'flight_schedules']",SELECT count(*) FROM cluster9_airline_companies_join_flight_schedules AS T1 WHERE T1.airline_name = 'United Airlines' AND T1.source_airport = 'AHD'
flight_2,What are the airline names and abbreviations for airlines in the USA?,"SELECT Airline ,  Abbreviation FROM AIRLINES WHERE Country  =  ""USA""",['AIRLINES'],"SELECT Airline, Abbreviation FROM airlines WHERE Country = 'USA'","SELECT airline_name, abbreviation FROM airline_companies WHERE country = 'USA'",['airline_companies'],"SELECT airline_name, abbreviation FROM airline_companies WHERE country = 'USA'"
flight_2,How many 'United Airlines' flights go to Airport 'ASY'?,"SELECT count(*) FROM AIRLINES AS T1 JOIN FLIGHTS AS T2 ON T2.Airline  =  T1.uid WHERE T1.Airline  =  ""United Airlines"" AND T2.DestAirport  =  ""ASY""","['FLIGHTS', 'AIRLINES']",SELECT count(*) FROM cluster7_AIRLINES_join_FLIGHTS AS T1 WHERE T1.airlines_Airline = 'United Airlines' AND T1.DestAirport = 'ASY',SELECT count(*) FROM airline_companies AS T1 JOIN flight_schedules AS T2 ON T2.airline_id = T1.airline_id WHERE T1.airline_name = 'United Airlines' AND T2.dest_airport = 'ASY',"['airline_companies', 'flight_schedules']",SELECT count(*) FROM cluster9_airline_companies_join_flight_schedules AS T1 WHERE T1.airline_name = 'United Airlines' AND T1.dest_airport = 'ASY'
flight_2,"What are flight numbers of flights arriving at Airport ""APG""?","SELECT FlightNo FROM FLIGHTS WHERE DestAirport  =  ""APG""",['FLIGHTS'],SELECT FlightNo FROM flights WHERE DestAirport = 'APG',SELECT flight_number FROM flight_schedules WHERE dest_airport = 'APG',['flight_schedules'],SELECT flight_number FROM flight_schedules WHERE dest_airport = 'APG'
flight_2,Give the city and country for the Alton airport.,"SELECT City ,  Country FROM AIRPORTS WHERE AirportName  =  ""Alton""",['AIRPORTS'],"SELECT City, Country FROM airports WHERE AirportName = 'Alton'","SELECT city, country FROM airport_locations WHERE airport_name = 'Alton'",['airport_locations'],"SELECT city, country FROM airport_locations WHERE airport_name = 'Alton'"
flight_2,What are airlines that have flights arriving at airport 'AHD'?,"SELECT T1.Airline FROM AIRLINES AS T1 JOIN FLIGHTS AS T2 ON T1.uid  =  T2.Airline WHERE T2.DestAirport  =  ""AHD""","['FLIGHTS', 'AIRLINES']",SELECT T1.airlines_Airline FROM cluster7_AIRLINES_join_FLIGHTS AS T1 WHERE T1.DestAirport = 'AHD',SELECT T1.airline_name FROM airline_companies AS T1 JOIN flight_schedules AS T2 ON T1.airline_id = T2.airline_id WHERE T2.dest_airport = 'AHD',"['airline_companies', 'flight_schedules']",SELECT T1.airline_companies_airline_id FROM cluster9_airline_companies_join_flight_schedules AS T1 WHERE T1.dest_airport = 'AHD'
flight_2,How many flights land in Aberdeen or Abilene?,"SELECT count(*) FROM Flights AS T1 JOIN Airports AS T2 ON T1.DestAirport  =  T2.AirportCode WHERE T2.city  =  ""Aberdeen"" OR T2.city  =  ""Abilene""","['Airports', 'Flights']",SELECT count(*) FROM cluster8_AIRPORTS_join_FLIGHTS AS T1 WHERE T1.City = 'Aberdeen' OR T1.City = 'Abilene',SELECT count(*) FROM flight_schedules AS T1 JOIN airport_locations AS T2 ON T1.dest_airport = T2.airport_code WHERE T2.city = 'Aberdeen' OR T2.city = 'Abilene',"['airport_locations', 'flight_schedules']",SELECT count(*) FROM cluster10_airport_locations_join_flight_schedules AS T1 WHERE T1.city = 'Aberdeen' OR T1.city = 'Abilene'
flight_2,Which city has most number of arriving flights?,SELECT T1.City FROM AIRPORTS AS T1 JOIN FLIGHTS AS T2 ON T1.AirportCode  =  T2.DestAirport GROUP BY T1.City ORDER BY count(*) DESC LIMIT 1,"['FLIGHTS', 'AIRPORTS']",SELECT T1.City FROM cluster8_AIRPORTS_join_FLIGHTS AS T1 GROUP BY T1.City ORDER BY count(*) DESC LIMIT 1,SELECT T1.city FROM airport_locations AS T1 JOIN flight_schedules AS T2 ON T1.airport_code = T2.dest_airport GROUP BY T1.city ORDER BY count(*) DESC LIMIT 1,"['airport_locations', 'flight_schedules']",SELECT T1.city FROM cluster10_airport_locations_join_flight_schedules AS T1 GROUP BY T1.city ORDER BY count(*) DESC LIMIT 1
flight_2,Return the number of flights departing from Aberdeen.,"SELECT count(*) FROM FLIGHTS AS T1 JOIN AIRPORTS AS T2 ON T1.SourceAirport  =  T2.AirportCode WHERE T2.City  =  ""Aberdeen""","['FLIGHTS', 'AIRPORTS']",SELECT count(*) FROM cluster8_AIRPORTS_join_FLIGHTS AS T1 WHERE T1.City = 'Aberdeen',SELECT count(*) FROM flight_schedules AS T1 JOIN airport_locations AS T2 ON T1.source_airport = T2.airport_code WHERE T2.city = 'Aberdeen',"['airport_locations', 'flight_schedules']",SELECT count(*) FROM cluster10_airport_locations_join_flight_schedules AS T1 WHERE T1.city = 'Aberdeen'
flight_2,Return the number of flights arriving in Aberdeen.,"SELECT count(*) FROM FLIGHTS AS T1 JOIN AIRPORTS AS T2 ON T1.DestAirport  =  T2.AirportCode WHERE T2.City  =  ""Aberdeen""","['FLIGHTS', 'AIRPORTS']",SELECT count(*) FROM cluster8_AIRPORTS_join_FLIGHTS AS T1 WHERE T1.City = 'Aberdeen',SELECT count(*) FROM flight_schedules AS T1 JOIN airport_locations AS T2 ON T1.dest_airport = T2.airport_code WHERE T2.city = 'Aberdeen',"['airport_locations', 'flight_schedules']",SELECT count(*) FROM cluster10_airport_locations_join_flight_schedules AS T1 WHERE T1.city = 'Aberdeen'
flight_2,Find the abbreviation and country of the airline that has fewest number of flights?,"SELECT T1.Abbreviation ,  T1.Country FROM AIRLINES AS T1 JOIN FLIGHTS AS T2 ON T1.uid  =  T2.Airline GROUP BY T1.Airline ORDER BY count(*) LIMIT 1","['FLIGHTS', 'AIRLINES']","SELECT T1.Abbreviation, T1.Country FROM cluster7_AIRLINES_join_FLIGHTS AS T1 GROUP BY T1.airlines_Airline ORDER BY count(*) LIMIT 1","SELECT T1.abbreviation, T1.country FROM airline_companies AS T1 JOIN flight_schedules AS T2 ON T1.airline_id = T2.airline_id GROUP BY T1.airline_name ORDER BY count(*) LIMIT 1","['airline_companies', 'flight_schedules']","SELECT abbreviation, country FROM cluster9_airline_companies_join_flight_schedules GROUP BY airline_name ORDER BY count(*) LIMIT 1"
flight_2,Return the number of flights.,SELECT count(*) FROM FLIGHTS,['FLIGHTS'],SELECT count(*) FROM flights,SELECT count(*) FROM flight_schedules,['flight_schedules'],SELECT count(*) FROM flight_schedules
flight_2,Count the number of flights departing from 'APG'.,"SELECT count(*) FROM FLIGHTS WHERE SourceAirport  =  ""APG""",['FLIGHTS'],SELECT count(*) FROM flights WHERE SourceAirport = 'APG',SELECT count(*) FROM flight_schedules WHERE source_airport = 'APG',['flight_schedules'],SELECT count(*) FROM flight_schedules WHERE source_airport = 'APG'
flight_2,Give the flight numbers of flights arriving in Aberdeen.,"SELECT T1.FlightNo FROM FLIGHTS AS T1 JOIN AIRPORTS AS T2 ON T1.DestAirport   =  T2.AirportCode WHERE T2.City  =  ""Aberdeen""","['FLIGHTS', 'AIRPORTS']",SELECT T1.FlightNo FROM cluster8_AIRPORTS_join_FLIGHTS AS T1 WHERE T1.City = 'Aberdeen',SELECT T1.flight_number FROM flight_schedules AS T1 JOIN airport_locations AS T2 ON T1.dest_airport = T2.airport_code WHERE T2.city = 'Aberdeen',"['airport_locations', 'flight_schedules']",SELECT T1.flight_number FROM cluster10_airport_locations_join_flight_schedules AS T1 WHERE T1.city = 'Aberdeen'
flight_2,Give the flight numbers of flights landing at APG.,"SELECT FlightNo FROM FLIGHTS WHERE DestAirport  =  ""APG""",['FLIGHTS'],SELECT FlightNo FROM flights WHERE DestAirport = 'APG',SELECT flight_number FROM flight_schedules WHERE dest_airport = 'APG',['flight_schedules'],SELECT flight_number FROM flight_schedules WHERE dest_airport = 'APG'
flight_2,Return the number of airlines in the USA.,"SELECT count(*) FROM AIRLINES WHERE Country  =  ""USA""",['AIRLINES'],SELECT count(*) FROM airlines WHERE Country = 'USA',SELECT count(*) FROM airline_companies WHERE country = 'USA',['airline_companies'],SELECT count(*) FROM airline_companies WHERE country = 'USA'
flight_2,Find all airlines that have flights from airport 'CVO' but not from 'APG'.,"SELECT T1.Airline FROM AIRLINES AS T1 JOIN FLIGHTS AS T2 ON T1.uid  =  T2.Airline WHERE T2.SourceAirport  =  ""CVO"" EXCEPT SELECT T1.Airline FROM AIRLINES AS T1 JOIN FLIGHTS AS T2 ON T1.uid  =  T2.Airline WHERE T2.SourceAirport  =  ""APG""","['FLIGHTS', 'AIRLINES']",SELECT T1.airlines_Airline FROM cluster7_AIRLINES_join_FLIGHTS AS T1 WHERE T1.SourceAirport = 'CVO' EXCEPT SELECT T1.airlines_Airline FROM cluster7_AIRLINES_join_FLIGHTS AS T1 WHERE T1.SourceAirport = 'APG',SELECT T1.airline_name FROM airline_companies AS T1 JOIN flight_schedules AS T2 ON T1.airline_id = T2.airline_id WHERE T2.source_airport = 'CVO' EXCEPT SELECT T1.airline_name FROM airline_companies AS T1 JOIN flight_schedules AS T2 ON T1.airline_id = T2.airline_id WHERE T2.source_airport = 'APG',"['airline_companies', 'flight_schedules']",SELECT T1.airline_companies_airline_id FROM cluster9_airline_companies_join_flight_schedules AS T1 WHERE T1.source_airport = 'CVO' EXCEPT SELECT T1.airline_companies_airline_id FROM cluster9_airline_companies_join_flight_schedules AS T1 WHERE T1.source_airport = 'APG'
flight_2,How many flights depart from City 'Aberdeen' and have destination City 'Ashley'?,"SELECT count(*) FROM FLIGHTS AS T1 JOIN AIRPORTS AS T2 ON T1.DestAirport  =  T2.AirportCode JOIN AIRPORTS AS T3 ON T1.SourceAirport  =  T3.AirportCode WHERE T2.City  =  ""Ashley"" AND T3.City  =  ""Aberdeen""","['FLIGHTS', 'AIRPORTS']",SELECT count(*) FROM cluster8_AIRPORTS_join_FLIGHTS AS T1 JOIN airports AS T2 ON T1.SourceAirport = T2.AirportCode WHERE T1.City = 'Ashley' AND T2.City = 'Aberdeen',SELECT count(*) FROM flight_schedules AS T1 JOIN airport_locations AS T2 ON T1.dest_airport = T2.airport_code JOIN airport_locations AS T3 ON T1.source_airport = T3.airport_code WHERE T2.city = 'Ashley' AND T3.city = 'Aberdeen',"['airport_locations', 'flight_schedules']",SELECT count(*) FROM cluster10_airport_locations_join_flight_schedules AS T1 JOIN airport_locations AS T2 ON T1.source_airport = T2.airport_code WHERE T1.city = 'Ashley' AND T2.city = 'Aberdeen'
flight_2,What is the code of airport that has fewest number of flights?,SELECT T1.AirportCode FROM AIRPORTS AS T1 JOIN FLIGHTS AS T2 ON T1.AirportCode  =  T2.DestAirport OR T1.AirportCode  =  T2.SourceAirport GROUP BY T1.AirportCode ORDER BY count(*) LIMIT 1,"['FLIGHTS', 'AIRPORTS']",SELECT T1.AirportCode FROM cluster8_AIRPORTS_join_FLIGHTS AS T1 GROUP BY T1.AirportCode ORDER BY count(*) LIMIT 1,SELECT T1.airport_code FROM airport_locations AS T1 JOIN flight_schedules AS T2 ON T1.airport_code = T2.dest_airport OR T1.airport_code = T2.source_airport GROUP BY T1.airport_code ORDER BY count(*) LIMIT 1,"['airport_locations', 'flight_schedules']",SELECT T1.airport_code FROM cluster10_airport_locations_join_flight_schedules AS T1 GROUP BY T1.airport_code ORDER BY count(*) LIMIT 1
flight_2,Give the code of the airport with the least flights.,SELECT T1.AirportCode FROM AIRPORTS AS T1 JOIN FLIGHTS AS T2 ON T1.AirportCode  =  T2.DestAirport OR T1.AirportCode  =  T2.SourceAirport GROUP BY T1.AirportCode ORDER BY count(*) LIMIT 1,"['FLIGHTS', 'AIRPORTS']",SELECT T1.AirportCode FROM cluster8_AIRPORTS_join_FLIGHTS AS T1 GROUP BY T1.AirportCode ORDER BY count(*) LIMIT 1,SELECT T1.airport_code FROM airport_locations AS T1 JOIN flight_schedules AS T2 ON T1.airport_code = T2.dest_airport OR T1.airport_code = T2.source_airport GROUP BY T1.airport_code ORDER BY count(*) LIMIT 1,"['airport_locations', 'flight_schedules']",SELECT T1.airport_code FROM cluster10_airport_locations_join_flight_schedules AS T1 GROUP BY T1.airport_code ORDER BY count(*) LIMIT 1
flight_2,How many flights fly from Aberdeen to Ashley?,"SELECT count(*) FROM FLIGHTS AS T1 JOIN AIRPORTS AS T2 ON T1.DestAirport  =  T2.AirportCode JOIN AIRPORTS AS T3 ON T1.SourceAirport  =  T3.AirportCode WHERE T2.City  =  ""Ashley"" AND T3.City  =  ""Aberdeen""","['FLIGHTS', 'AIRPORTS']",SELECT count(*) FROM cluster8_AIRPORTS_join_FLIGHTS AS T1 JOIN airports AS T2 ON T1.SourceAirport = T2.AirportCode WHERE T1.City = 'Ashley' AND T2.City = 'Aberdeen',SELECT count(*) FROM flight_schedules AS T1 JOIN airport_locations AS T2 ON T1.dest_airport = T2.airport_code JOIN airport_locations AS T3 ON T1.source_airport = T3.airport_code WHERE T2.city = 'Ashley' AND T3.city = 'Aberdeen',"['airport_locations', 'flight_schedules']",SELECT count(*) FROM cluster10_airport_locations_join_flight_schedules AS T1 JOIN airport_locations AS T2 ON T1.source_airport = T2.airport_code WHERE T1.city = 'Ashley' AND T2.city = 'Aberdeen'
flight_2,"What is the abbreviation of Airline ""JetBlue Airways""?","SELECT Abbreviation FROM AIRLINES WHERE Airline  =  ""JetBlue Airways""",['AIRLINES'],SELECT Abbreviation FROM airlines WHERE Airline = 'JetBlue Airways',SELECT abbreviation FROM airline_companies WHERE airline_name = 'JetBlue Airways',['airline_companies'],SELECT abbreviation FROM airline_companies WHERE airline_name = 'JetBlue Airways'
flight_2,Which airline has abbreviation 'UAL'?,"SELECT Airline FROM AIRLINES WHERE Abbreviation  =  ""UAL""",['AIRLINES'],SELECT Airline FROM airlines WHERE Abbreviation = 'UAL',SELECT airline_name FROM airline_companies WHERE abbreviation = 'UAL',['airline_companies'],SELECT airline_name FROM airline_companies WHERE abbreviation = 'UAL'
flight_2,Which airlines have departing flights from both APG and CVO airports?,"SELECT T1.Airline FROM AIRLINES AS T1 JOIN FLIGHTS AS T2 ON T1.uid  =  T2.Airline WHERE T2.SourceAirport  =  ""APG"" INTERSECT SELECT T1.Airline FROM AIRLINES AS T1 JOIN FLIGHTS AS T2 ON T1.uid  =  T2.Airline WHERE T2.SourceAirport  =  ""CVO""","['FLIGHTS', 'AIRLINES']",SELECT T1.airlines_Airline FROM cluster7_AIRLINES_join_FLIGHTS AS T1 WHERE T1.SourceAirport = 'APG' INTERSECT SELECT T1.airlines_Airline FROM cluster7_AIRLINES_join_FLIGHTS AS T1 WHERE T1.SourceAirport = 'CVO',SELECT T1.airline_name FROM airline_companies AS T1 JOIN flight_schedules AS T2 ON T1.airline_id = T2.airline_id WHERE T2.source_airport = 'APG' INTERSECT SELECT T1.airline_name FROM airline_companies AS T1 JOIN flight_schedules AS T2 ON T1.airline_id = T2.airline_id WHERE T2.source_airport = 'CVO',"['airline_companies', 'flight_schedules']",SELECT T1.airline_companies_airline_id FROM cluster9_airline_companies_join_flight_schedules AS T1 WHERE T1.source_airport = 'APG' INTERSECT SELECT T1.airline_companies_airline_id FROM cluster9_airline_companies_join_flight_schedules AS T1 WHERE T1.source_airport = 'CVO'
flight_2,Which airlines have a flight with source airport AHD?,"SELECT T1.Airline FROM AIRLINES AS T1 JOIN FLIGHTS AS T2 ON T1.uid  =  T2.Airline WHERE T2.SourceAirport  =  ""AHD""","['FLIGHTS', 'AIRLINES']",SELECT T1.airlines_Airline FROM cluster7_AIRLINES_join_FLIGHTS AS T1 WHERE T1.SourceAirport = 'AHD',SELECT T1.airline_name FROM airline_companies AS T1 JOIN flight_schedules AS T2 ON T1.airline_id = T2.airline_id WHERE T2.source_airport = 'AHD',"['airline_companies', 'flight_schedules']",SELECT T1.airline_companies_airline_id FROM cluster9_airline_companies_join_flight_schedules AS T1 WHERE T1.source_airport = 'AHD'
flight_2,Count the number of United Airlines flights that arrive in Aberdeen.,"SELECT count(*) FROM FLIGHTS AS T1 JOIN AIRPORTS AS T2 ON T1.DestAirport  =  T2.AirportCode JOIN AIRLINES AS T3 ON T3.uid  =  T1.Airline WHERE T2.City  =  ""Aberdeen"" AND T3.Airline  =  ""United Airlines""","['FLIGHTS', 'AIRLINES', 'AIRPORTS']",SELECT count(*) FROM cluster8_AIRPORTS_join_FLIGHTS AS T1 JOIN airlines AS T2 ON T2.uid = T1.Airline WHERE T1.City = 'Aberdeen' AND T2.Airline = 'United Airlines',SELECT count(*) FROM flight_schedules AS T1 JOIN airport_locations AS T2 ON T1.dest_airport = T2.airport_code JOIN airline_companies AS T3 ON T3.airline_id = T1.airline_id WHERE T2.city = 'Aberdeen' AND T3.airline_name = 'United Airlines',"['airline_companies', 'airport_locations', 'flight_schedules']",SELECT count(*) FROM cluster10_airport_locations_join_flight_schedules AS T1 JOIN airline_companies AS T2 ON T2.airline_id = T1.airline_id WHERE T1.city = 'Aberdeen' AND T2.airline_name = 'United Airlines'
flight_2,List the airport code and name in the city of Anthony.,"SELECT AirportCode ,  AirportName FROM AIRPORTS WHERE city  =  ""Anthony""",['AIRPORTS'],"SELECT AirportCode, AirportName FROM airports WHERE City = 'Anthony'","SELECT airport_code, airport_name FROM airport_locations WHERE city = 'Anthony'",['airport_locations'],"SELECT airport_code, airport_name FROM airport_locations WHERE city = 'Anthony'"
flight_2,Which abbreviation corresponds to Jetblue Airways?,"SELECT Abbreviation FROM AIRLINES WHERE Airline  =  ""JetBlue Airways""",['AIRLINES'],SELECT Abbreviation FROM airlines WHERE Airline = 'JetBlue Airways',SELECT abbreviation FROM airline_companies WHERE airline_name = 'JetBlue Airways',['airline_companies'],SELECT abbreviation FROM airline_companies WHERE airline_name = 'JetBlue Airways'
flight_2,Which city has most number of departing flights?,SELECT T1.City FROM AIRPORTS AS T1 JOIN FLIGHTS AS T2 ON T1.AirportCode  =  T2.SourceAirport GROUP BY T1.City ORDER BY count(*) DESC LIMIT 1,"['FLIGHTS', 'AIRPORTS']",SELECT T1.City FROM cluster8_AIRPORTS_join_FLIGHTS AS T1 GROUP BY T1.City ORDER BY count(*) DESC LIMIT 1,SELECT T1.city FROM airport_locations AS T1 JOIN flight_schedules AS T2 ON T1.airport_code = T2.source_airport GROUP BY T1.city ORDER BY count(*) DESC LIMIT 1,"['airport_locations', 'flight_schedules']",SELECT T1.city FROM cluster10_airport_locations_join_flight_schedules AS T1 GROUP BY T1.city ORDER BY count(*) DESC LIMIT 1
flight_2,Give the flight numbers of flights leaving from APG.,"SELECT FlightNo FROM FLIGHTS WHERE SourceAirport  =  ""APG""",['FLIGHTS'],SELECT FlightNo FROM flights WHERE SourceAirport = 'APG',SELECT flight_number FROM flight_schedules WHERE source_airport = 'APG',['flight_schedules'],SELECT flight_number FROM flight_schedules WHERE source_airport = 'APG'
flight_2,Find the name of airports which do not have any flight in and out.,SELECT AirportName FROM Airports WHERE AirportCode NOT IN (SELECT SourceAirport FROM Flights UNION SELECT DestAirport FROM Flights),"['Airports', 'Flights']",SELECT AirportName FROM airports WHERE AirportCode NOT IN (SELECT SourceAirport FROM flights UNION SELECT DestAirport FROM flights),SELECT airport_name FROM airport_locations WHERE airport_code NOT IN (SELECT source_airport FROM flight_schedules UNION SELECT dest_airport FROM flight_schedules),"['airport_locations', 'flight_schedules']",SELECT airport_name FROM airport_locations WHERE airport_code NOT IN (SELECT source_airport FROM flight_schedules UNION SELECT dest_airport FROM flight_schedules)
flight_2,Which city has the most frequent destination airport?,SELECT T1.City FROM AIRPORTS AS T1 JOIN FLIGHTS AS T2 ON T1.AirportCode  =  T2.DestAirport GROUP BY T1.City ORDER BY count(*) DESC LIMIT 1,"['FLIGHTS', 'AIRPORTS']",SELECT T1.City FROM cluster8_AIRPORTS_join_FLIGHTS AS T1 GROUP BY T1.City ORDER BY count(*) DESC LIMIT 1,SELECT T1.city FROM airport_locations AS T1 JOIN flight_schedules AS T2 ON T1.airport_code = T2.dest_airport GROUP BY T1.city ORDER BY count(*) DESC LIMIT 1,"['airport_locations', 'flight_schedules']",SELECT T1.city FROM cluster10_airport_locations_join_flight_schedules AS T1 GROUP BY T1.city ORDER BY count(*) DESC LIMIT 1
flight_2,"Which country does Airline ""JetBlue Airways"" belong to?","SELECT Country FROM AIRLINES WHERE Airline  =  ""JetBlue Airways""",['AIRLINES'],SELECT Country FROM airlines WHERE Airline = 'JetBlue Airways',SELECT country FROM airline_companies WHERE airline_name = 'JetBlue Airways',['airline_companies'],SELECT country FROM airline_companies WHERE airline_name = 'JetBlue Airways'
flight_2,How many flights depart from 'APG'?,"SELECT count(*) FROM FLIGHTS WHERE SourceAirport  =  ""APG""",['FLIGHTS'],SELECT count(*) FROM flights WHERE SourceAirport = 'APG',SELECT count(*) FROM flight_schedules WHERE source_airport = 'APG',['flight_schedules'],SELECT count(*) FROM flight_schedules WHERE source_airport = 'APG'
museum_visit,"What are the id, name and membership level of visitors who have spent the largest amount of money in total in all museum tickets?","SELECT t2.visitor_id ,  t1.name ,  t1.Level_of_membership FROM visitor AS t1 JOIN visit AS t2 ON t1.id  =  t2.visitor_id GROUP BY t2.visitor_id ORDER BY sum(t2.Total_spent) DESC LIMIT 1","['visitor', 'visit']","SELECT T1.visitor_ID, T1.Name, T1.Level_of_membership FROM cluster34_visit_join_visitor AS T1 GROUP BY T1.visitor_ID ORDER BY sum(T1.Total_spent) DESC LIMIT 1","SELECT t2.visitor_id, t1.name, t1.level_of_membership FROM museum_visitors AS t1 JOIN museum_visits AS t2 ON t1.visitor_id = t2.visitor_id GROUP BY t2.visitor_id ORDER BY sum(t2.total_spent) DESC LIMIT 1","['museum_visitors', 'museum_visits']","SELECT museum_visits_visitor_id, name, level_of_membership FROM cluster34_museum_visitors_join_museum_visits GROUP BY museum_visits_visitor_id ORDER BY sum(total_spent) DESC LIMIT 1"
museum_visit,Find the name and age of the visitor who bought the most tickets at once.,"SELECT t1.name ,  t1.age FROM visitor AS t1 JOIN visit AS t2 ON t1.id  =  t2.visitor_id ORDER BY t2.num_of_ticket DESC LIMIT 1","['visitor', 'visit']","SELECT T1.Name, T1.Age FROM cluster34_visit_join_visitor AS T1 ORDER BY T1.Num_of_Ticket DESC LIMIT 1","SELECT t1.name, t1.age FROM museum_visitors AS t1 JOIN museum_visits AS t2 ON t1.visitor_id = t2.visitor_id ORDER BY t2.num_of_ticket DESC LIMIT 1","['museum_visitors', 'museum_visits']","SELECT T1.name, T1.age FROM cluster34_museum_visitors_join_museum_visits AS T1 ORDER BY T1.num_of_ticket DESC LIMIT 1"
museum_visit,How many museums were opened after 2013 or before 2008?,SELECT count(*) FROM museum WHERE open_year  >  2013 OR open_year  <  2008,['museum'],SELECT count(*) FROM cluster35_museum WHERE Open_Year > 2013 OR Open_Year < 2008,SELECT count(*) FROM museums WHERE open_year > 2013 OR open_year < 2008,['museums'],SELECT count(*) FROM cluster35_museums WHERE open_year > 2013 OR open_year < 2008
museum_visit,How many visitors below age 30 are there?,SELECT count(*) FROM visitor WHERE age  <  30,['visitor'],SELECT count(*) FROM visitor WHERE Age < 30,SELECT count(*) FROM museum_visitors WHERE age < 30,['museum_visitors'],SELECT count(*) FROM museum_visitors WHERE age < 30
museum_visit,What are the average and maximum number of tickets bought in all visits?,"SELECT avg(num_of_ticket) ,  max(num_of_ticket) FROM visit",['visit'],"SELECT avg(Num_of_Ticket), max(Num_of_Ticket) FROM visit","SELECT avg(num_of_ticket), max(num_of_ticket) FROM museum_visits",['museum_visits'],"SELECT avg(num_of_ticket), max(num_of_ticket) FROM museum_visits"
museum_visit,What is the name of the museum that had no visitor yet?,SELECT name FROM museum WHERE Museum_ID NOT IN (SELECT museum_id FROM visit),"['museum', 'visit']",SELECT Name FROM cluster35_museum WHERE Museum_ID NOT IN (SELECT Museum_ID FROM visit),SELECT name FROM museums WHERE museum_id NOT IN (SELECT museum_id FROM museum_visits),"['museum_visits', 'museums']",SELECT name FROM cluster35_museums WHERE museum_id NOT IN (SELECT museum_id FROM museum_visits)
museum_visit,What is the total ticket expense of the visitors whose membership level is 1?,SELECT sum(t2.Total_spent) FROM visitor AS t1 JOIN visit AS t2 ON t1.id  =  t2.visitor_id WHERE t1.Level_of_membership  =  1,"['visitor', 'visit']",SELECT sum(T1.Total_spent) FROM cluster34_visit_join_visitor AS T1 WHERE T1.Level_of_membership = 1,SELECT sum(t2.total_spent) FROM museum_visitors AS t1 JOIN museum_visits AS t2 ON t1.visitor_id = t2.visitor_id WHERE t1.level_of_membership = 1,"['museum_visitors', 'museum_visits']",SELECT sum(T1.total_spent) FROM cluster34_museum_visitors_join_museum_visits AS T1 WHERE T1.level_of_membership = 1
museum_visit,"Find the names of the visitors whose membership level is higher than 4, and order the results by the level from high to low.",SELECT name FROM visitor WHERE Level_of_membership  >  4 ORDER BY Level_of_membership DESC,['visitor'],SELECT Name FROM visitor WHERE Level_of_membership > 4 ORDER BY Level_of_membership DESC,SELECT name FROM museum_visitors WHERE level_of_membership > 4 ORDER BY level_of_membership DESC,['museum_visitors'],SELECT name FROM museum_visitors WHERE level_of_membership > 4 ORDER BY level_of_membership DESC
museum_visit,What are the opening year and staff number of the museum named Plaza Museum?,"SELECT Num_of_Staff ,  Open_Year FROM museum WHERE name  =  'Plaza Museum'",['museum'],"SELECT Num_of_Staff, Open_Year FROM cluster35_museum WHERE Name = 'Plaza Museum'","SELECT num_of_staff, open_year FROM museums WHERE name = 'Plaza Museum'",['museums'],"SELECT num_of_staff, open_year FROM cluster35_museums WHERE name = 'Plaza Museum'"
network_1,Show the names of all of the high schooler Kyle's friends.,"SELECT T3.name FROM Friend AS T1 JOIN Highschooler AS T2 ON T1.student_id  =  T2.id JOIN Highschooler AS T3 ON T1.friend_id  =  T3.id WHERE T2.name  =  ""Kyle""","['Highschooler', 'Friend']",SELECT T2.name FROM cluster9_Friend_join_Highschooler AS T1 JOIN Highschooler AS T2 ON T1.friend_id = T2.ID WHERE T1.name = 'Kyle',SELECT T3.name FROM friends AS T1 JOIN highschoolers AS T2 ON T1.student_id = T2.student_id JOIN highschoolers AS T3 ON T1.friend_id = T3.student_id WHERE T2.name = 'Kyle',"['friends', 'highschoolers']",SELECT T3.name FROM friends AS T1 JOIN highschoolers AS T2 ON T1.student_id = T2.student_id JOIN highschoolers AS T3 ON T1.friend_id = T3.student_id WHERE T2.name = 'Kyle'
network_1,How many friends does each student have?,"SELECT student_id ,  count(*) FROM Friend GROUP BY student_id",['Friend'],"SELECT student_id, count(*) FROM Friend GROUP BY student_id","SELECT student_id, count(*) FROM friends GROUP BY student_id",['friends'],"SELECT student_id, count(*) FROM friends GROUP BY student_id"
network_1,Show the number of high schoolers for each grade.,"SELECT grade ,  count(*) FROM Highschooler GROUP BY grade",['Highschooler'],"SELECT grade, count(*) FROM Highschooler GROUP BY grade","SELECT grade, count(*) FROM highschoolers GROUP BY grade",['highschoolers'],"SELECT grade, count(*) FROM highschoolers GROUP BY grade"
network_1,What is the name of the high schooler who has the greatest number of likes?,SELECT T2.name FROM Likes AS T1 JOIN Highschooler AS T2 ON T1.student_id  =  T2.id GROUP BY T1.student_id ORDER BY count(*) DESC LIMIT 1,"['Highschooler', 'Likes']",SELECT T1.name FROM cluster10_Highschooler_join_Likes AS T1 GROUP BY T1.student_id ORDER BY count(*) DESC LIMIT 1,SELECT T2.name FROM student_likes AS T1 JOIN highschoolers AS T2 ON T1.student_id = T2.student_id GROUP BY T1.student_id ORDER BY count(*) DESC LIMIT 1,"['highschoolers', 'student_likes']",SELECT T2.name FROM student_likes AS T1 JOIN highschoolers AS T2 ON T1.student_id = T2.student_id GROUP BY T1.student_id ORDER BY count(*) DESC LIMIT 1
network_1,Find the average grade of all students who have some friends.,SELECT avg(grade) FROM Highschooler WHERE id IN (SELECT T1.student_id FROM Friend AS T1 JOIN Highschooler AS T2 ON T1.student_id  =  T2.id),"['Highschooler', 'Friend']",SELECT avg(grade) FROM Highschooler WHERE ID IN (SELECT T1.student_id FROM cluster9_Friend_join_Highschooler AS T1),SELECT avg(grade) FROM highschoolers WHERE student_id IN (SELECT T1.student_id FROM friends AS T1 JOIN highschoolers AS T2 ON T1.student_id = T2.student_id),"['friends', 'highschoolers']",SELECT avg(grade) FROM highschoolers WHERE student_id IN (SELECT T1.friends_student_id FROM cluster11_friends_join_highschoolers AS T1)
network_1,"Show the names of high schoolers who have likes, and numbers of likes for each.","SELECT T2.name ,  count(*) FROM Likes AS T1 JOIN Highschooler AS T2 ON T1.student_id  =  T2.id GROUP BY T1.student_id","['Highschooler', 'Likes']","SELECT T1.name, count(*) FROM cluster10_Highschooler_join_Likes AS T1 GROUP BY T1.student_id","SELECT T2.name, count(*) FROM student_likes AS T1 JOIN highschoolers AS T2 ON T1.student_id = T2.student_id GROUP BY T1.student_id","['highschoolers', 'student_likes']","SELECT T2.name, count(*) FROM student_likes AS T1 JOIN highschoolers AS T2 ON T1.student_id = T2.student_id GROUP BY T1.student_id"
network_1,Return the name of the high school student with the most friends.,SELECT T2.name FROM Friend AS T1 JOIN Highschooler AS T2 ON T1.student_id  =  T2.id GROUP BY T1.student_id ORDER BY count(*) DESC LIMIT 1,"['Highschooler', 'Friend']",SELECT T1.name FROM cluster9_Friend_join_Highschooler AS T1 GROUP BY T1.student_id ORDER BY count(*) DESC LIMIT 1,SELECT T2.name FROM friends AS T1 JOIN highschoolers AS T2 ON T1.student_id = T2.student_id GROUP BY T1.student_id ORDER BY count(*) DESC LIMIT 1,"['friends', 'highschoolers']",SELECT T2.name FROM friends AS T1 JOIN highschoolers AS T2 ON T1.student_id = T2.student_id GROUP BY T1.student_id ORDER BY count(*) DESC LIMIT 1
network_1,How many likes does Kyle have?,"SELECT count(*) FROM Likes AS T1 JOIN Highschooler AS T2 ON T1.student_id  =  T2.id WHERE T2.name  =  ""Kyle""","['Highschooler', 'Likes']",SELECT count(*) FROM cluster10_Highschooler_join_Likes AS T1 WHERE T1.name = 'Kyle',SELECT count(*) FROM student_likes AS T1 JOIN highschoolers AS T2 ON T1.student_id = T2.student_id WHERE T2.name = 'Kyle',"['highschoolers', 'student_likes']",SELECT count(*) FROM student_likes AS T1 JOIN highschoolers AS T2 ON T1.student_id = T2.student_id WHERE T2.name = 'Kyle'
network_1,Show the ids of high schoolers who have friends and are also liked by someone else.,SELECT student_id FROM Friend INTERSECT SELECT liked_id FROM Likes,"['Friend', 'Likes']",SELECT student_id FROM Friend INTERSECT SELECT liked_id FROM Likes,SELECT student_id FROM friends INTERSECT SELECT liked_id FROM student_likes,"['friends', 'student_likes']",SELECT student_id FROM friends INTERSECT SELECT liked_id FROM student_likes
network_1,How many high schoolers are there in grade 9 or 10?,SELECT count(*) FROM Highschooler WHERE grade  =  9 OR grade  =  10,['Highschooler'],SELECT count(*) FROM Highschooler WHERE grade = 9 OR grade = 10,SELECT count(*) FROM highschoolers WHERE grade = 9 OR grade = 10,['highschoolers'],SELECT count(*) FROM highschoolers WHERE grade = 9 OR grade = 10
network_1,How many likes correspond to each student id?,"SELECT student_id ,  count(*) FROM Likes GROUP BY student_id",['Likes'],"SELECT student_id, count(*) FROM Likes GROUP BY student_id","SELECT student_id, count(*) FROM student_likes GROUP BY student_id",['student_likes'],"SELECT student_id, count(*) FROM student_likes GROUP BY student_id"
network_1,Show the names of students who have at least 2 likes.,SELECT T2.name FROM Likes AS T1 JOIN Highschooler AS T2 ON T1.student_id  =  T2.id GROUP BY T1.student_id HAVING count(*)  >=  2,"['Highschooler', 'Likes']",SELECT T1.name FROM cluster10_Highschooler_join_Likes AS T1 GROUP BY T1.student_id HAVING count(*) >= 2,SELECT T2.name FROM student_likes AS T1 JOIN highschoolers AS T2 ON T1.student_id = T2.student_id GROUP BY T1.student_id HAVING count(*) >= 2,"['highschoolers', 'student_likes']",SELECT T2.name FROM student_likes AS T1 JOIN highschoolers AS T2 ON T1.student_id = T2.student_id GROUP BY T1.student_id HAVING count(*) >= 2
network_1,Show the ID of the high schooler named Kyle.,"SELECT ID FROM Highschooler WHERE name  =  ""Kyle""",['Highschooler'],SELECT ID FROM Highschooler WHERE name = 'Kyle',SELECT student_id FROM highschoolers WHERE name = 'Kyle',['highschoolers'],SELECT student_id FROM highschoolers WHERE name = 'Kyle'
network_1,What are the names of the high schoolers and how many friends does each have?,"SELECT T2.name ,  count(*) FROM Friend AS T1 JOIN Highschooler AS T2 ON T1.student_id  =  T2.id GROUP BY T1.student_id","['Highschooler', 'Friend']","SELECT T1.name, count(*) FROM cluster9_Friend_join_Highschooler AS T1 GROUP BY T1.student_id","SELECT T2.name, count(*) FROM friends AS T1 JOIN highschoolers AS T2 ON T1.student_id = T2.student_id GROUP BY T1.student_id","['friends', 'highschoolers']","SELECT T2.name, count(*) FROM friends AS T1 JOIN highschoolers AS T2 ON T1.student_id = T2.student_id GROUP BY T1.student_id"
network_1,Return the grade that has the greatest number of high schoolers.,SELECT grade FROM Highschooler GROUP BY grade ORDER BY count(*) DESC LIMIT 1,['Highschooler'],SELECT grade FROM Highschooler GROUP BY grade ORDER BY count(*) DESC LIMIT 1,SELECT grade FROM highschoolers GROUP BY grade ORDER BY count(*) DESC LIMIT 1,['highschoolers'],SELECT grade FROM highschoolers GROUP BY grade ORDER BY count(*) DESC LIMIT 1
network_1,What are the names of high schoolers who have a grade of over 5 and have 2 or more friends?,SELECT T2.name FROM Friend AS T1 JOIN Highschooler AS T2 ON T1.student_id  =  T2.id WHERE T2.grade  >  5 GROUP BY T1.student_id HAVING count(*)  >=  2,"['Highschooler', 'Friend']",SELECT T1.name FROM cluster9_Friend_join_Highschooler AS T1 WHERE T1.grade > 5 GROUP BY T1.student_id HAVING count(*) >= 2,SELECT T2.name FROM friends AS T1 JOIN highschoolers AS T2 ON T1.student_id = T2.student_id WHERE T2.grade > 5 GROUP BY T1.student_id HAVING count(*) >= 2,"['friends', 'highschoolers']",SELECT T2.name FROM friends AS T1 JOIN highschoolers AS T2 ON T1.student_id = T2.student_id WHERE T2.grade > 5 GROUP BY T1.student_id HAVING count(*) >= 2
network_1,Show all the grades of the high schoolers.,SELECT grade FROM Highschooler,['Highschooler'],SELECT grade FROM Highschooler,SELECT grade FROM highschoolers,['highschoolers'],SELECT grade FROM highschoolers
network_1,What is the average grade of students who have friends?,SELECT avg(grade) FROM Highschooler WHERE id IN (SELECT T1.student_id FROM Friend AS T1 JOIN Highschooler AS T2 ON T1.student_id  =  T2.id),"['Highschooler', 'Friend']",SELECT avg(grade) FROM Highschooler WHERE ID IN (SELECT T1.student_id FROM cluster9_Friend_join_Highschooler AS T1),SELECT avg(grade) FROM highschoolers WHERE student_id IN (SELECT T1.student_id FROM friends AS T1 JOIN highschoolers AS T2 ON T1.student_id = T2.student_id),"['friends', 'highschoolers']",SELECT avg(grade) FROM highschoolers WHERE student_id IN (SELECT T1.friends_student_id FROM cluster11_friends_join_highschoolers AS T1)
network_1,Give the name of the student with the most likes.,SELECT T2.name FROM Likes AS T1 JOIN Highschooler AS T2 ON T1.student_id  =  T2.id GROUP BY T1.student_id ORDER BY count(*) DESC LIMIT 1,"['Highschooler', 'Likes']",SELECT T1.name FROM cluster10_Highschooler_join_Likes AS T1 GROUP BY T1.student_id ORDER BY count(*) DESC LIMIT 1,SELECT T2.name FROM student_likes AS T1 JOIN highschoolers AS T2 ON T1.student_id = T2.student_id GROUP BY T1.student_id ORDER BY count(*) DESC LIMIT 1,"['highschoolers', 'student_likes']",SELECT T2.name FROM student_likes AS T1 JOIN highschoolers AS T2 ON T1.student_id = T2.student_id GROUP BY T1.student_id ORDER BY count(*) DESC LIMIT 1
network_1,What are the ids of students who both have friends and are liked?,SELECT student_id FROM Friend INTERSECT SELECT liked_id FROM Likes,"['Friend', 'Likes']",SELECT student_id FROM Friend INTERSECT SELECT liked_id FROM Likes,SELECT student_id FROM friends INTERSECT SELECT liked_id FROM student_likes,"['friends', 'student_likes']",SELECT student_id FROM friends INTERSECT SELECT liked_id FROM student_likes
network_1,Return the grade for the high schooler named Kyle.,"SELECT grade FROM Highschooler WHERE name  =  ""Kyle""",['Highschooler'],SELECT grade FROM Highschooler WHERE name = 'Kyle',SELECT grade FROM highschoolers WHERE name = 'Kyle',['highschoolers'],SELECT grade FROM highschoolers WHERE name = 'Kyle'
network_1,Show the names of all high schoolers in grade 10.,SELECT name FROM Highschooler WHERE grade  =  10,['Highschooler'],SELECT name FROM Highschooler WHERE grade = 10,SELECT name FROM highschoolers WHERE grade = 10,['highschoolers'],SELECT name FROM highschoolers WHERE grade = 10
network_1,Show the names and grades of each high schooler.,"SELECT name ,  grade FROM Highschooler",['Highschooler'],"SELECT name, grade FROM Highschooler","SELECT name, grade FROM highschoolers",['highschoolers'],"SELECT name, grade FROM highschoolers"
network_1,How many high schoolers are in each grade?,"SELECT grade ,  count(*) FROM Highschooler GROUP BY grade",['Highschooler'],"SELECT grade, count(*) FROM Highschooler GROUP BY grade","SELECT grade, count(*) FROM highschoolers GROUP BY grade",['highschoolers'],"SELECT grade, count(*) FROM highschoolers GROUP BY grade"
network_1,What are the ids of high school students who do not have friends?,SELECT id FROM Highschooler EXCEPT SELECT student_id FROM Friend,"['Highschooler', 'Friend']",SELECT ID FROM Highschooler EXCEPT SELECT student_id FROM Friend,SELECT student_id FROM highschoolers EXCEPT SELECT student_id FROM friends,"['friends', 'highschoolers']",SELECT student_id FROM highschoolers EXCEPT SELECT student_id FROM friends
network_1,What are the names of high schoolers who have 3 or more friends?,SELECT T2.name FROM Friend AS T1 JOIN Highschooler AS T2 ON T1.student_id  =  T2.id GROUP BY T1.student_id HAVING count(*)  >=  3,"['Highschooler', 'Friend']",SELECT T1.name FROM cluster9_Friend_join_Highschooler AS T1 GROUP BY T1.student_id HAVING count(*) >= 3,SELECT T2.name FROM friends AS T1 JOIN highschoolers AS T2 ON T1.student_id = T2.student_id GROUP BY T1.student_id HAVING count(*) >= 3,"['friends', 'highschoolers']",SELECT T2.name FROM friends AS T1 JOIN highschoolers AS T2 ON T1.student_id = T2.student_id GROUP BY T1.student_id HAVING count(*) >= 3
network_1,Show name of all students who have some friends and also are liked by someone else.,SELECT T2.name FROM Friend AS T1 JOIN Highschooler AS T2 ON T1.student_id  =  T2.id INTERSECT SELECT T2.name FROM Likes AS T1 JOIN Highschooler AS T2 ON T1.liked_id  =  T2.id,"['Highschooler', 'Friend', 'Likes']",SELECT name FROM cluster9_Friend_join_Highschooler INTERSECT SELECT T2.name FROM Likes AS T1 JOIN Highschooler AS T2 ON T1.liked_id = T2.ID,SELECT T2.name FROM friends AS T1 JOIN highschoolers AS T2 ON T1.student_id = T2.student_id INTERSECT SELECT T2.name FROM student_likes AS T1 JOIN highschoolers AS T2 ON T1.liked_id = T2.student_id,"['friends', 'highschoolers', 'student_likes']",SELECT T2.name FROM friends AS T1 JOIN highschoolers AS T2 ON T1.student_id = T2.student_id INTERSECT SELECT T2.name FROM student_likes AS T1 JOIN highschoolers AS T2 ON T1.liked_id = T2.student_id
network_1,Show me all grades that have at least 4 students.,SELECT grade FROM Highschooler GROUP BY grade HAVING count(*)  >=  4,['Highschooler'],SELECT grade FROM Highschooler GROUP BY grade HAVING count(*) >= 4,SELECT grade FROM highschoolers GROUP BY grade HAVING count(*) >= 4,['highschoolers'],SELECT grade FROM highschoolers GROUP BY grade HAVING count(*) >= 4
orchestra,Please show the different record companies and the corresponding number of orchestras.,"SELECT Record_Company ,  COUNT(*) FROM orchestra GROUP BY Record_Company",['orchestra'],"SELECT Record_Company, COUNT(*) FROM cluster36_orchestra GROUP BY Record_Company","SELECT record_company, COUNT(*) FROM orchestras GROUP BY record_company",['orchestras'],"SELECT record_company, COUNT(*) FROM cluster36_orchestras GROUP BY record_company"
orchestra,What is the average attendance of shows?,SELECT avg(Attendance) FROM SHOW,['SHOW'],SELECT avg(Attendance) FROM cluster37_show,SELECT avg(attendance) FROM shows,['shows'],SELECT avg(attendance) FROM cluster37_shows
orchestra,What is the name of the conductor who has conducted the most orchestras?,SELECT T1.Name FROM conductor AS T1 JOIN orchestra AS T2 ON T1.Conductor_ID  =  T2.Conductor_ID GROUP BY T2.Conductor_ID ORDER BY COUNT(*) DESC LIMIT 1,"['conductor', 'orchestra']",SELECT T1.Name FROM cluster38_conductor_join_orchestra AS T1 GROUP BY T1.orchestra_Conductor_ID ORDER BY COUNT(*) DESC LIMIT 1,SELECT T1.name FROM conductors AS T1 JOIN orchestras AS T2 ON T1.conductor_id = T2.conductor_id GROUP BY T2.conductor_id ORDER BY COUNT(*) DESC LIMIT 1,"['conductors', 'orchestras']",SELECT T1.name FROM cluster38_conductors_join_orchestras AS T1 GROUP BY T1.orchestras_conductor_id ORDER BY COUNT(*) DESC LIMIT 1
orchestra,What are the record companies of orchestras in descending order of years in which they were founded?,SELECT Record_Company FROM orchestra ORDER BY Year_of_Founded DESC,['orchestra'],SELECT Record_Company FROM cluster36_orchestra ORDER BY Year_of_Founded DESC,SELECT record_company FROM orchestras ORDER BY year_founded DESC,['orchestras'],SELECT record_company FROM cluster36_orchestras ORDER BY year_founded DESC
orchestra,What is the record company used by the greatest number of orchestras?,SELECT Record_Company FROM orchestra GROUP BY Record_Company ORDER BY COUNT(*) DESC LIMIT 1,['orchestra'],SELECT Record_Company FROM cluster36_orchestra GROUP BY Record_Company ORDER BY COUNT(*) DESC LIMIT 1,SELECT record_company FROM orchestras GROUP BY record_company ORDER BY COUNT(*) DESC LIMIT 1,['orchestras'],SELECT record_company FROM cluster36_orchestras GROUP BY record_company ORDER BY COUNT(*) DESC LIMIT 1
orchestra,"What are the names of conductors, ordered by age?",SELECT Name FROM conductor ORDER BY Age ASC,['conductor'],SELECT Name FROM conductor ORDER BY Age ASC,SELECT name FROM conductors ORDER BY age ASC,['conductors'],SELECT name FROM conductors ORDER BY age ASC
orchestra,List the names of conductors in ascending order of age.,SELECT Name FROM conductor ORDER BY Age ASC,['conductor'],SELECT Name FROM conductor ORDER BY Age ASC,SELECT name FROM conductors ORDER BY age ASC,['conductors'],SELECT name FROM conductors ORDER BY age ASC
orchestra,What are the orchestras that do not have any performances?,SELECT Orchestra FROM orchestra WHERE Orchestra_ID NOT IN (SELECT Orchestra_ID FROM performance),"['orchestra', 'performance']",SELECT Orchestra FROM cluster36_orchestra WHERE Orchestra_ID NOT IN (SELECT Orchestra_ID FROM performance),SELECT orchestra_name FROM orchestras WHERE orchestra_id NOT IN (SELECT orchestra_id FROM performances),"['orchestras', 'performances']",SELECT orchestra_name FROM cluster36_orchestras WHERE orchestra_id NOT IN (SELECT orchestra_id FROM performances)
orchestra,List names of conductors in descending order of years of work.,SELECT Name FROM conductor ORDER BY Year_of_Work DESC,['conductor'],SELECT Name FROM conductor ORDER BY Year_of_Work DESC,SELECT name FROM conductors ORDER BY years_of_work DESC,['conductors'],SELECT name FROM conductors ORDER BY years_of_work DESC
orchestra,What are the names of conductors as well as the corresonding orchestras that they have conducted?,"SELECT T1.Name ,  T2.Orchestra FROM conductor AS T1 JOIN orchestra AS T2 ON T1.Conductor_ID  =  T2.Conductor_ID","['conductor', 'orchestra']","SELECT T1.Name, T1.Orchestra FROM cluster38_conductor_join_orchestra AS T1","SELECT T1.name, T2.orchestra_name FROM conductors AS T1 JOIN orchestras AS T2 ON T1.conductor_id = T2.conductor_id","['conductors', 'orchestras']","SELECT T1.name, T1.orchestra_name FROM cluster38_conductors_join_orchestras AS T1"
orchestra,"Return the record companies of orchestras, sorted descending by the years in which they were founded.",SELECT Record_Company FROM orchestra ORDER BY Year_of_Founded DESC,['orchestra'],SELECT Record_Company FROM cluster36_orchestra ORDER BY Year_of_Founded DESC,SELECT record_company FROM orchestras ORDER BY year_founded DESC,['orchestras'],SELECT record_company FROM cluster36_orchestras ORDER BY year_founded DESC
orchestra,"What are the names of conductors, sorted descending by the number of years they have worked?",SELECT Name FROM conductor ORDER BY Year_of_Work DESC,['conductor'],SELECT Name FROM conductor ORDER BY Year_of_Work DESC,SELECT name FROM conductors ORDER BY years_of_work DESC,['conductors'],SELECT name FROM conductors ORDER BY years_of_work DESC
orchestra,How many conductors are there?,SELECT count(*) FROM conductor,['conductor'],SELECT count(*) FROM conductor,SELECT count(*) FROM conductors,['conductors'],SELECT count(*) FROM conductors
orchestra,"What are the names of conductors whose nationalities are not ""USA""?",SELECT Name FROM conductor WHERE Nationality != 'USA',['conductor'],SELECT Name FROM conductor WHERE Nationality != 'USA',SELECT name FROM conductors WHERE nationality != 'USA',['conductors'],SELECT name FROM conductors WHERE nationality != 'USA'
orchestra,"Return the maximum and minimum shares for performances that do not have the type ""Live final"".","SELECT max(SHARE) ,  min(SHARE) FROM performance WHERE TYPE != ""Live final""",['performance'],"SELECT max(Share), min(Share) FROM performance WHERE Type != 'Live final'","SELECT max(audience_share), min(audience_share) FROM performances WHERE performance_type != 'Live final'",['performances'],"SELECT max(audience_share), min(audience_share) FROM performances WHERE performance_type != 'Live final'"
orchestra,"What are the maximum and minimum share of performances whose type is not ""Live final"".","SELECT max(SHARE) ,  min(SHARE) FROM performance WHERE TYPE != ""Live final""",['performance'],"SELECT max(Share), min(Share) FROM performance WHERE Type != 'Live final'","SELECT max(audience_share), min(audience_share) FROM performances WHERE performance_type != 'Live final'",['performances'],"SELECT max(audience_share), min(audience_share) FROM performances WHERE performance_type != 'Live final'"
orchestra,How many orchestras does each record company manage?,"SELECT Record_Company ,  COUNT(*) FROM orchestra GROUP BY Record_Company",['orchestra'],"SELECT Record_Company, COUNT(*) FROM cluster36_orchestra GROUP BY Record_Company","SELECT record_company, COUNT(*) FROM orchestras GROUP BY record_company",['orchestras'],"SELECT record_company, COUNT(*) FROM cluster36_orchestras GROUP BY record_company"
orchestra,Show the name of the conductor that has conducted the most number of orchestras.,SELECT T1.Name FROM conductor AS T1 JOIN orchestra AS T2 ON T1.Conductor_ID  =  T2.Conductor_ID GROUP BY T2.Conductor_ID ORDER BY COUNT(*) DESC LIMIT 1,"['conductor', 'orchestra']",SELECT T1.Name FROM cluster38_conductor_join_orchestra AS T1 GROUP BY T1.orchestra_Conductor_ID ORDER BY COUNT(*) DESC LIMIT 1,SELECT T1.name FROM conductors AS T1 JOIN orchestras AS T2 ON T1.conductor_id = T2.conductor_id GROUP BY T2.conductor_id ORDER BY COUNT(*) DESC LIMIT 1,"['conductors', 'orchestras']",SELECT T1.name FROM cluster38_conductors_join_orchestras AS T1 GROUP BY T1.orchestras_conductor_id ORDER BY COUNT(*) DESC LIMIT 1
orchestra,"Return the names of conductors that do not have the nationality ""USA"".",SELECT Name FROM conductor WHERE Nationality != 'USA',['conductor'],SELECT Name FROM conductor WHERE Nationality != 'USA',SELECT name FROM conductors WHERE nationality != 'USA',['conductors'],SELECT name FROM conductors WHERE nationality != 'USA'
orchestra,List the names of orchestras that have no performance.,SELECT Orchestra FROM orchestra WHERE Orchestra_ID NOT IN (SELECT Orchestra_ID FROM performance),"['orchestra', 'performance']",SELECT Orchestra FROM cluster36_orchestra WHERE Orchestra_ID NOT IN (SELECT Orchestra_ID FROM performance),SELECT orchestra_name FROM orchestras WHERE orchestra_id NOT IN (SELECT orchestra_id FROM performances),"['orchestras', 'performances']",SELECT orchestra_name FROM cluster36_orchestras WHERE orchestra_id NOT IN (SELECT orchestra_id FROM performances)
pets_1,What is the id and weight of every pet who is older than 1?,"SELECT petid ,  weight FROM pets WHERE pet_age  >  1",['pets'],"SELECT PetID, weight FROM Pets WHERE pet_age > 1","SELECT pet_id, weight FROM student_pets WHERE pet_age > 1",['student_pets'],"SELECT pet_id, weight FROM student_pets WHERE pet_age > 1"
pets_1,What are the different first names and ages of the students who do have pets?,"SELECT DISTINCT T1.fname ,  T1.age FROM student AS T1 JOIN has_pet AS T2 ON T1.stuid  =  T2.stuid","['student', 'has_pet']","SELECT DISTINCT T1.Fname, T1.Age FROM cluster11_has_pet_join_student AS T1","SELECT DISTINCT T1.first_name, T1.age FROM pet_students AS T1 JOIN student_has_pet AS T2 ON T1.student_id = T2.student_id","['pet_students', 'student_has_pet']","SELECT DISTINCT T1.first_name, T1.age FROM cluster13_pet_students_join_student_has_pet AS T1"
pets_1,Find the first name of students who have both cat and dog pets .,select t1.fname from student as t1 join has_pet as t2 on t1.stuid  =  t2.stuid join pets as t3 on t3.petid  =  t2.petid where t3.pettype  =  'cat' intersect select t1.fname from student as t1 join has_pet as t2 on t1.stuid  =  t2.stuid join pets as t3 on t3.petid  =  t2.petid where t3.pettype  =  'dog',"['student', 'has_pet', 'pets']",SELECT T1.Fname FROM cluster12_has_pet_join_pets_join_student AS T1 WHERE T1.PetType = 'cat' INTERSECT SELECT T1.Fname FROM cluster12_has_pet_join_pets_join_student AS T1 WHERE T1.PetType = 'dog',SELECT t1.first_name FROM pet_students AS t1 JOIN student_has_pet AS t2 ON t1.student_id = t2.student_id JOIN student_pets AS t3 ON t3.pet_id = t2.pet_id WHERE t3.pet_type = 'cat' INTERSECT SELECT t1.first_name FROM pet_students AS t1 JOIN student_has_pet AS t2 ON t1.student_id = t2.student_id JOIN student_pets AS t3 ON t3.pet_id = t2.pet_id WHERE t3.pet_type = 'dog',"['pet_students', 'student_has_pet', 'student_pets']",SELECT T1.first_name FROM cluster14_pet_students_join_student_has_pet_join_student_pets AS T1 WHERE T1.pet_type = 'cat' INTERSECT SELECT T1.first_name FROM cluster14_pet_students_join_student_has_pet_join_student_pets AS T1 WHERE T1.pet_type = 'dog'
pets_1,How many dog pets are raised by female students?,SELECT count(*) FROM student AS T1 JOIN has_pet AS T2 ON T1.stuid  =  T2.stuid JOIN pets AS T3 ON T2.petid  =  T3.petid WHERE T1.sex  =  'F' AND T3.pettype  =  'dog',"['student', 'has_pet', 'pets']",SELECT count(*) FROM cluster12_has_pet_join_pets_join_student AS T1 WHERE T1.Sex = 'F' AND T1.PetType = 'dog',SELECT count(*) FROM pet_students AS T1 JOIN student_has_pet AS T2 ON T1.student_id = T2.student_id JOIN student_pets AS T3 ON T2.pet_id = T3.pet_id WHERE T1.sex = 'F' AND T3.pet_type = 'dog',"['pet_students', 'student_has_pet', 'student_pets']",SELECT count(*) FROM cluster14_pet_students_join_student_has_pet_join_student_pets AS T1 WHERE T1.sex = 'F' AND T1.pet_type = 'dog'
pets_1,What is the first name of every student who has a dog but does not have a cat?,"SELECT T1.fname ,  T1.age FROM student AS T1 JOIN has_pet AS T2 ON T1.stuid  =  T2.stuid JOIN pets AS T3 ON T3.petid  =  T2.petid WHERE T3.pettype  =  'dog' AND T1.stuid NOT IN (SELECT T1.stuid FROM student AS T1 JOIN has_pet AS T2 ON T1.stuid  =  T2.stuid JOIN pets AS T3 ON T3.petid  =  T2.petid WHERE T3.pettype  =  'cat')","['student', 'has_pet', 'pets']","SELECT T1.Fname, T1.Age FROM cluster12_has_pet_join_pets_join_student AS T1 WHERE T1.PetType = 'dog' AND T1.Student_StuID NOT IN (SELECT T1.Student_StuID FROM cluster12_has_pet_join_pets_join_student AS T1 WHERE T1.PetType = 'cat')","SELECT T1.first_name, T1.age FROM pet_students AS T1 JOIN student_has_pet AS T2 ON T1.student_id = T2.student_id JOIN student_pets AS T3 ON T3.pet_id = T2.pet_id WHERE T3.pet_type = 'dog' AND T1.student_id NOT IN (SELECT T1.student_id FROM pet_students AS T1 JOIN student_has_pet AS T2 ON T1.student_id = T2.student_id JOIN student_pets AS T3 ON T3.pet_id = T2.pet_id WHERE T3.pet_type = 'cat')","['pet_students', 'student_has_pet', 'student_pets']","SELECT T1.first_name, T1.age FROM cluster14_pet_students_join_student_has_pet_join_student_pets AS T1 WHERE T1.pet_type = 'dog' AND T1.pet_students_student_id NOT IN (SELECT T1.pet_students_student_id FROM cluster14_pet_students_join_student_has_pet_join_student_pets AS T1 WHERE T1.pet_type = 'cat')"
pets_1,Find the type and weight of the youngest pet.,"SELECT pettype ,  weight FROM pets ORDER BY pet_age LIMIT 1",['pets'],"SELECT PetType, weight FROM Pets ORDER BY pet_age LIMIT 1","SELECT pet_type, weight FROM student_pets ORDER BY pet_age LIMIT 1",['student_pets'],"SELECT pet_type, weight FROM student_pets ORDER BY pet_age LIMIT 1"
pets_1,Find the id of students who do not have a cat pet.,SELECT stuid FROM student EXCEPT SELECT T1.stuid FROM student AS T1 JOIN has_pet AS T2 ON T1.stuid  =  T2.stuid JOIN pets AS T3 ON T3.petid  =  T2.petid WHERE T3.pettype  =  'cat',"['student', 'has_pet', 'pets']",SELECT StuID FROM Student EXCEPT SELECT T1.Student_StuID FROM cluster12_has_pet_join_pets_join_student AS T1 WHERE T1.PetType = 'cat',SELECT student_id FROM pet_students EXCEPT SELECT T1.student_id FROM pet_students AS T1 JOIN student_has_pet AS T2 ON T1.student_id = T2.student_id JOIN student_pets AS T3 ON T3.pet_id = T2.pet_id WHERE T3.pet_type = 'cat',"['pet_students', 'student_has_pet', 'student_pets']",SELECT student_id FROM pet_students EXCEPT SELECT T1.pet_students_student_id FROM cluster14_pet_students_join_student_has_pet_join_student_pets AS T1 WHERE T1.pet_type = 'cat'
pets_1,What is the average age for all students who do not own any pets ?,select avg(age) from student where stuid not in (select stuid from has_pet),"['student', 'has_pet']",SELECT avg(Age) FROM Student WHERE StuID NOT IN (SELECT StuID FROM Has_Pet),SELECT avg(age) FROM pet_students WHERE student_id NOT IN (SELECT student_id FROM student_has_pet),"['pet_students', 'student_has_pet']",SELECT avg(age) FROM pet_students WHERE student_id NOT IN (SELECT student_id FROM student_has_pet)
pets_1,Find the number of distinct type of pets.,SELECT count(DISTINCT pettype) FROM pets,['pets'],SELECT count(DISTINCT PetType) FROM Pets,SELECT count(DISTINCT pet_type) FROM student_pets,['student_pets'],SELECT count(DISTINCT pet_type) FROM student_pets
pets_1,What is the average and maximum age for each pet type?,"SELECT avg(pet_age) ,  max(pet_age) ,  pettype FROM pets GROUP BY pettype",['pets'],"SELECT avg(pet_age), max(pet_age), PetType FROM Pets GROUP BY PetType","SELECT avg(pet_age), max(pet_age), pet_type FROM student_pets GROUP BY pet_type",['student_pets'],"SELECT avg(pet_age), max(pet_age), pet_type FROM student_pets GROUP BY pet_type"
pets_1,What are the students' first names who have both cats and dogs as pets?,SELECT T1.Fname FROM student AS T1 JOIN has_pet AS T2 ON T1.stuid  =  T2.stuid JOIN pets AS T3 ON T3.petid  =  T2.petid WHERE T3.pettype  =  'cat' INTERSECT SELECT T1.Fname FROM student AS T1 JOIN has_pet AS T2 ON T1.stuid  =  T2.stuid JOIN pets AS T3 ON T3.petid  =  T2.petid WHERE T3.pettype  =  'dog',"['student', 'has_pet', 'pets']",SELECT T1.Fname FROM cluster12_has_pet_join_pets_join_student AS T1 WHERE T1.PetType = 'cat' INTERSECT SELECT T1.Fname FROM cluster12_has_pet_join_pets_join_student AS T1 WHERE T1.PetType = 'dog',SELECT T1.first_name FROM pet_students AS T1 JOIN student_has_pet AS T2 ON T1.student_id = T2.student_id JOIN student_pets AS T3 ON T3.pet_id = T2.pet_id WHERE T3.pet_type = 'cat' INTERSECT SELECT T1.first_name FROM pet_students AS T1 JOIN student_has_pet AS T2 ON T1.student_id = T2.student_id JOIN student_pets AS T3 ON T3.pet_id = T2.pet_id WHERE T3.pet_type = 'dog',"['pet_students', 'student_has_pet', 'student_pets']",SELECT T1.first_name FROM cluster14_pet_students_join_student_has_pet_join_student_pets AS T1 WHERE T1.pet_type = 'cat' INTERSECT SELECT T1.first_name FROM cluster14_pet_students_join_student_has_pet_join_student_pets AS T1 WHERE T1.pet_type = 'dog'
pets_1,What is the id of the pet owned by the student whose last name is 'Smith'?,SELECT T2.petid FROM student AS T1 JOIN has_pet AS T2 ON T1.stuid  =  T2.stuid WHERE T1.Lname  =  'Smith',"['student', 'has_pet']",SELECT T1.PetID FROM cluster11_has_pet_join_student AS T1 WHERE T1.LName = 'Smith',SELECT T2.pet_id FROM pet_students AS T1 JOIN student_has_pet AS T2 ON T1.student_id = T2.student_id WHERE T1.last_name = 'Smith',"['pet_students', 'student_has_pet']",SELECT T1.pet_id FROM cluster13_pet_students_join_student_has_pet AS T1 WHERE T1.last_name = 'Smith'
pets_1,Find the first name and age of students who have a dog but do not have a cat as a pet.,"SELECT T1.fname ,  T1.age FROM student AS T1 JOIN has_pet AS T2 ON T1.stuid  =  T2.stuid JOIN pets AS T3 ON T3.petid  =  T2.petid WHERE T3.pettype  =  'dog' AND T1.stuid NOT IN (SELECT T1.stuid FROM student AS T1 JOIN has_pet AS T2 ON T1.stuid  =  T2.stuid JOIN pets AS T3 ON T3.petid  =  T2.petid WHERE T3.pettype  =  'cat')","['student', 'has_pet', 'pets']","SELECT T1.Fname, T1.Age FROM cluster12_has_pet_join_pets_join_student AS T1 WHERE T1.PetType = 'dog' AND T1.Student_StuID NOT IN (SELECT T1.Student_StuID FROM cluster12_has_pet_join_pets_join_student AS T1 WHERE T1.PetType = 'cat')","SELECT T1.first_name, T1.age FROM pet_students AS T1 JOIN student_has_pet AS T2 ON T1.student_id = T2.student_id JOIN student_pets AS T3 ON T3.pet_id = T2.pet_id WHERE T3.pet_type = 'dog' AND T1.student_id NOT IN (SELECT T1.student_id FROM pet_students AS T1 JOIN student_has_pet AS T2 ON T1.student_id = T2.student_id JOIN student_pets AS T3 ON T3.pet_id = T2.pet_id WHERE T3.pet_type = 'cat')","['pet_students', 'student_has_pet', 'student_pets']","SELECT T1.first_name, T1.age FROM cluster14_pet_students_join_student_has_pet_join_student_pets AS T1 WHERE T1.pet_type = 'dog' AND T1.pet_students_student_id NOT IN (SELECT T1.pet_students_student_id FROM cluster14_pet_students_join_student_has_pet_join_student_pets AS T1 WHERE T1.pet_type = 'cat')"
pets_1,Find the maximum weight for each type of pet. List the maximum weight and pet type.,"SELECT max(weight) ,  petType FROM pets GROUP BY petType",['pets'],"SELECT max(weight), PetType FROM Pets GROUP BY PetType","SELECT max(weight), pet_type FROM student_pets GROUP BY pet_type",['student_pets'],"SELECT max(weight), pet_type FROM student_pets GROUP BY pet_type"
pets_1,Find the id of the pet owned by student whose last name is ‘Smith’.,SELECT T2.petid FROM student AS T1 JOIN has_pet AS T2 ON T1.stuid  =  T2.stuid WHERE T1.Lname  =  'Smith',"['student', 'has_pet']",SELECT T1.PetID FROM cluster11_has_pet_join_student AS T1 WHERE T1.LName = 'Smith',SELECT T2.pet_id FROM pet_students AS T1 JOIN student_has_pet AS T2 ON T1.student_id = T2.student_id WHERE T1.last_name = 'Smith',"['pet_students', 'student_has_pet']",SELECT T1.pet_id FROM cluster13_pet_students_join_student_has_pet AS T1 WHERE T1.last_name = 'Smith'
pets_1,What is the last name of the student who has a cat that is 3 years old?,SELECT T1.lname FROM student AS T1 JOIN has_pet AS T2 ON T1.stuid  =  T2.stuid JOIN pets AS T3 ON T3.petid  =  T2.petid WHERE T3.pet_age  =  3 AND T3.pettype  =  'cat',"['student', 'has_pet', 'pets']",SELECT T1.LName FROM cluster12_has_pet_join_pets_join_student AS T1 WHERE T1.pet_age = 3 AND T1.PetType = 'cat',SELECT T1.last_name FROM pet_students AS T1 JOIN student_has_pet AS T2 ON T1.student_id = T2.student_id JOIN student_pets AS T3 ON T3.pet_id = T2.pet_id WHERE T3.pet_age = 3 AND T3.pet_type = 'cat',"['pet_students', 'student_has_pet', 'student_pets']",SELECT T1.last_name FROM cluster14_pet_students_join_student_has_pet_join_student_pets AS T1 WHERE T1.pet_age = 3 AND T1.pet_type = 'cat'
pets_1,What is the first name and gender of the all the students who have more than one pet?,"SELECT T1.fname ,  T1.sex FROM student AS T1 JOIN has_pet AS T2 ON T1.stuid  =  T2.stuid GROUP BY T1.stuid HAVING count(*)  >  1","['student', 'has_pet']","SELECT T1.Fname, T1.Sex FROM cluster11_has_pet_join_student AS T1 GROUP BY T1.Student_StuID HAVING count(*) > 1","SELECT T1.first_name, T1.sex FROM pet_students AS T1 JOIN student_has_pet AS T2 ON T1.student_id = T2.student_id GROUP BY T1.student_id HAVING count(*) > 1","['pet_students', 'student_has_pet']","SELECT T1.first_name, T1.sex FROM cluster13_pet_students_join_student_has_pet AS T1 GROUP BY T1.pet_students_student_id HAVING count(*) > 1"
pets_1,Find the first name and gender of student who have more than one pet.,"SELECT T1.fname ,  T1.sex FROM student AS T1 JOIN has_pet AS T2 ON T1.stuid  =  T2.stuid GROUP BY T1.stuid HAVING count(*)  >  1","['student', 'has_pet']","SELECT T1.Fname, T1.Sex FROM cluster11_has_pet_join_student AS T1 GROUP BY T1.Student_StuID HAVING count(*) > 1","SELECT T1.first_name, T1.sex FROM pet_students AS T1 JOIN student_has_pet AS T2 ON T1.student_id = T2.student_id GROUP BY T1.student_id HAVING count(*) > 1","['pet_students', 'student_has_pet']","SELECT T1.first_name, T1.sex FROM cluster13_pet_students_join_student_has_pet AS T1 GROUP BY T1.pet_students_student_id HAVING count(*) > 1"
pets_1,Find the number of pets for each student who has any pet and student id.,"SELECT count(*) ,  T1.stuid FROM student AS T1 JOIN has_pet AS T2 ON T1.stuid  =  T2.stuid GROUP BY T1.stuid","['student', 'has_pet']","SELECT count(*), T1.Student_StuID FROM cluster11_has_pet_join_student AS T1 GROUP BY T1.Student_StuID","SELECT count(*), T1.student_id FROM pet_students AS T1 JOIN student_has_pet AS T2 ON T1.student_id = T2.student_id GROUP BY T1.student_id","['pet_students', 'student_has_pet']","SELECT count(*), T1.pet_students_student_id FROM cluster13_pet_students_join_student_has_pet AS T1 GROUP BY T1.pet_students_student_id"
pets_1,Find the id and weight of all pets whose age is older than 1.,"SELECT petid ,  weight FROM pets WHERE pet_age  >  1",['pets'],"SELECT PetID, weight FROM Pets WHERE pet_age > 1","SELECT pet_id, weight FROM student_pets WHERE pet_age > 1",['student_pets'],"SELECT pet_id, weight FROM student_pets WHERE pet_age > 1"
pets_1,Find the average weight for each pet type.,"SELECT avg(weight) ,  pettype FROM pets GROUP BY pettype",['pets'],"SELECT avg(weight), PetType FROM Pets GROUP BY PetType","SELECT avg(weight), pet_type FROM student_pets GROUP BY pet_type",['student_pets'],"SELECT avg(weight), pet_type FROM student_pets GROUP BY pet_type"
poker_player,What are the names of people who are not from Russia?,"SELECT Name FROM people WHERE Nationality != ""Russia""",['people'],SELECT Name FROM people WHERE Nationality != 'Russia',SELECT name FROM people_info WHERE nationality != 'Russia',['people_info'],SELECT name FROM people_info WHERE nationality != 'Russia'
poker_player,What is the money rank of the poker player with the highest earnings?,SELECT Money_Rank FROM poker_player ORDER BY Earnings DESC LIMIT 1,['poker_player'],SELECT Money_Rank FROM poker_player ORDER BY Earnings DESC LIMIT 1,SELECT money_rank FROM poker_players ORDER BY earnings DESC LIMIT 1,['poker_players'],SELECT money_rank FROM poker_players ORDER BY earnings DESC LIMIT 1
poker_player,Return the money rank of the player with the greatest earnings.,SELECT Money_Rank FROM poker_player ORDER BY Earnings DESC LIMIT 1,['poker_player'],SELECT Money_Rank FROM poker_player ORDER BY Earnings DESC LIMIT 1,SELECT money_rank FROM poker_players ORDER BY earnings DESC LIMIT 1,['poker_players'],SELECT money_rank FROM poker_players ORDER BY earnings DESC LIMIT 1
poker_player,"What are the names of poker players, ordered ascending by the number of final tables they have made?",SELECT T1.Name FROM people AS T1 JOIN poker_player AS T2 ON T1.People_ID  =  T2.People_ID ORDER BY T2.Final_Table_Made,"['poker_player', 'people']",SELECT T1.Name FROM cluster13_people_join_poker_player AS T1 ORDER BY T1.Final_Table_Made,SELECT T1.name FROM people_info AS T1 JOIN poker_players AS T2 ON T1.people_id = T2.people_id ORDER BY T2.final_table_made,"['people_info', 'poker_players']",SELECT T1.name FROM cluster15_people_info_join_poker_players AS T1 ORDER BY T1.final_table_made
poker_player,List the earnings of poker players in descending order.,SELECT Earnings FROM poker_player ORDER BY Earnings DESC,['poker_player'],SELECT Earnings FROM poker_player ORDER BY Earnings DESC,SELECT earnings FROM poker_players ORDER BY earnings DESC,['poker_players'],SELECT earnings FROM poker_players ORDER BY earnings DESC
poker_player,What are the final tables made and best finishes for all poker players?,"SELECT Final_Table_Made ,  Best_Finish FROM poker_player",['poker_player'],"SELECT Final_Table_Made, Best_Finish FROM poker_player","SELECT final_table_made, best_finish FROM poker_players",['poker_players'],"SELECT final_table_made, best_finish FROM poker_players"
poker_player,Return the money rank of the poker player with the greatest height.,SELECT T2.Money_Rank FROM people AS T1 JOIN poker_player AS T2 ON T1.People_ID  =  T2.People_ID ORDER BY T1.Height DESC LIMIT 1,"['poker_player', 'people']",SELECT T1.Money_Rank FROM cluster13_people_join_poker_player AS T1 ORDER BY T1.Height DESC LIMIT 1,SELECT T2.money_rank FROM people_info AS T1 JOIN poker_players AS T2 ON T1.people_id = T2.people_id ORDER BY T1.height DESC LIMIT 1,"['people_info', 'poker_players']",SELECT T1.money_rank FROM cluster15_people_info_join_poker_players AS T1 ORDER BY T1.height DESC LIMIT 1
poker_player,Return the names of all the poker players.,SELECT T1.Name FROM people AS T1 JOIN poker_player AS T2 ON T1.People_ID  =  T2.People_ID,"['poker_player', 'people']",SELECT T1.Name FROM cluster13_people_join_poker_player AS T1,SELECT T1.name FROM people_info AS T1 JOIN poker_players AS T2 ON T1.people_id = T2.people_id,"['people_info', 'poker_players']",SELECT T1.name FROM cluster15_people_info_join_poker_players AS T1
poker_player,What is the average earnings of poker players?,SELECT avg(Earnings) FROM poker_player,['poker_player'],SELECT avg(Earnings) FROM poker_player,SELECT avg(earnings) FROM poker_players,['poker_players'],SELECT avg(earnings) FROM poker_players
poker_player,What are the nationalities that are shared by at least two people?,SELECT Nationality FROM people GROUP BY Nationality HAVING COUNT(*)  >=  2,['people'],SELECT Nationality FROM people GROUP BY Nationality HAVING COUNT(*) >= 2,SELECT nationality FROM people_info GROUP BY nationality HAVING COUNT(*) >= 2,['people_info'],SELECT nationality FROM people_info GROUP BY nationality HAVING COUNT(*) >= 2
poker_player,What is the maximum number of final tables made among poker players with earnings less than 200000?,SELECT max(Final_Table_Made) FROM poker_player WHERE Earnings  <  200000,['poker_player'],SELECT max(Final_Table_Made) FROM poker_player WHERE Earnings < 200000,SELECT max(final_table_made) FROM poker_players WHERE earnings < 200000,['poker_players'],SELECT max(final_table_made) FROM poker_players WHERE earnings < 200000
poker_player,Return the birth date of the poker player with the lowest earnings.,SELECT T1.Birth_Date FROM people AS T1 JOIN poker_player AS T2 ON T1.People_ID  =  T2.People_ID ORDER BY T2.Earnings ASC LIMIT 1,"['poker_player', 'people']",SELECT T1.Birth_Date FROM cluster13_people_join_poker_player AS T1 ORDER BY T1.Earnings ASC LIMIT 1,SELECT T1.birth_date FROM people_info AS T1 JOIN poker_players AS T2 ON T1.people_id = T2.people_id ORDER BY T2.earnings ASC LIMIT 1,"['people_info', 'poker_players']",SELECT T1.birth_date FROM cluster15_people_info_join_poker_players AS T1 ORDER BY T1.earnings ASC LIMIT 1
poker_player,"What are the earnings of poker players, ordered descending by value?",SELECT Earnings FROM poker_player ORDER BY Earnings DESC,['poker_player'],SELECT Earnings FROM poker_player ORDER BY Earnings DESC,SELECT earnings FROM poker_players ORDER BY earnings DESC,['poker_players'],SELECT earnings FROM poker_players ORDER BY earnings DESC
poker_player,What is the money rank of the tallest poker player?,SELECT T2.Money_Rank FROM people AS T1 JOIN poker_player AS T2 ON T1.People_ID  =  T2.People_ID ORDER BY T1.Height DESC LIMIT 1,"['poker_player', 'people']",SELECT T1.Money_Rank FROM cluster13_people_join_poker_player AS T1 ORDER BY T1.Height DESC LIMIT 1,SELECT T2.money_rank FROM people_info AS T1 JOIN poker_players AS T2 ON T1.people_id = T2.people_id ORDER BY T1.height DESC LIMIT 1,"['people_info', 'poker_players']",SELECT T1.money_rank FROM cluster15_people_info_join_poker_players AS T1 ORDER BY T1.height DESC LIMIT 1
poker_player,What is the most common nationality of people?,SELECT Nationality FROM people GROUP BY Nationality ORDER BY COUNT(*) DESC LIMIT 1,['people'],SELECT Nationality FROM people GROUP BY Nationality ORDER BY COUNT(*) DESC LIMIT 1,SELECT nationality FROM people_info GROUP BY nationality ORDER BY COUNT(*) DESC LIMIT 1,['people_info'],SELECT nationality FROM people_info GROUP BY nationality ORDER BY COUNT(*) DESC LIMIT 1
poker_player,What is the average earnings of poker players with height higher than 200?,SELECT avg(T2.Earnings) FROM people AS T1 JOIN poker_player AS T2 ON T1.People_ID  =  T2.People_ID WHERE T1.Height  >  200,"['poker_player', 'people']",SELECT avg(T1.Earnings) FROM cluster13_people_join_poker_player AS T1 WHERE T1.Height > 200,SELECT avg(T2.earnings) FROM people_info AS T1 JOIN poker_players AS T2 ON T1.people_id = T2.people_id WHERE T1.height > 200,"['people_info', 'poker_players']",SELECT avg(T1.earnings) FROM cluster15_people_info_join_poker_players AS T1 WHERE T1.height > 200
poker_player,What are different nationalities of people and the corresponding number of people from each nation?,"SELECT Nationality ,  COUNT(*) FROM people GROUP BY Nationality",['people'],"SELECT Nationality, COUNT(*) FROM people GROUP BY Nationality","SELECT nationality, COUNT(*) FROM people_info GROUP BY nationality",['people_info'],"SELECT nationality, COUNT(*) FROM people_info GROUP BY nationality"
poker_player,Give the names of poker players who have earnings above 300000.,SELECT T1.Name FROM people AS T1 JOIN poker_player AS T2 ON T1.People_ID  =  T2.People_ID WHERE T2.Earnings  >  300000,"['poker_player', 'people']",SELECT T1.Name FROM cluster13_people_join_poker_player AS T1 WHERE T1.Earnings > 300000,SELECT T1.name FROM people_info AS T1 JOIN poker_players AS T2 ON T1.people_id = T2.people_id WHERE T2.earnings > 300000,"['people_info', 'poker_players']",SELECT T1.name FROM cluster15_people_info_join_poker_players AS T1 WHERE T1.earnings > 300000
poker_player,"What are the names and birth dates of people, ordered by their names in alphabetical order?","SELECT Name ,  Birth_Date FROM people ORDER BY Name ASC",['people'],"SELECT Name, Birth_Date FROM people ORDER BY Name ASC","SELECT name, birth_date FROM people_info ORDER BY name ASC",['people_info'],"SELECT name, birth_date FROM people_info ORDER BY name ASC"
poker_player,Give average earnings of poker players who are taller than 200.,SELECT avg(T2.Earnings) FROM people AS T1 JOIN poker_player AS T2 ON T1.People_ID  =  T2.People_ID WHERE T1.Height  >  200,"['poker_player', 'people']",SELECT avg(T1.Earnings) FROM cluster13_people_join_poker_player AS T1 WHERE T1.Height > 200,SELECT avg(T2.earnings) FROM people_info AS T1 JOIN poker_players AS T2 ON T1.people_id = T2.people_id WHERE T1.height > 200,"['people_info', 'poker_players']",SELECT avg(T1.earnings) FROM cluster15_people_info_join_poker_players AS T1 WHERE T1.height > 200
real_estate_properties,What is the feature type name of feature AirCon?,"SELECT T2.feature_type_name FROM Other_Available_Features AS T1 JOIN Ref_Feature_Types AS T2 ON T1.feature_type_code  =  T2.feature_type_code WHERE T1.feature_name  =  ""AirCon""","['Ref_Feature_Types', 'Other_Available_Features']",SELECT feature_type_name FROM cluster40_Other_Available_Features_join_Ref_Feature_Types WHERE feature_name = 'AirCon',SELECT T2.feature_type_name FROM available_features AS T1 JOIN feature_types AS T2 ON T1.feature_type_code = T2.feature_type_code WHERE T1.feature_name = 'AirCon',"['available_features', 'feature_types']",SELECT feature_type_name FROM cluster40_available_features_join_feature_types WHERE feature_name = 'AirCon'
real_estate_properties,Show the property type descriptions of properties belonging to that code.,SELECT T2.property_type_description FROM Properties AS T1 JOIN Ref_Property_Types AS T2 ON T1.property_type_code  =  T2.property_type_code GROUP BY T1.property_type_code,"['Ref_Property_Types', 'Properties']",SELECT property_type_description FROM cluster41_Properties_join_Ref_Property_Types GROUP BY Properties_property_type_code,SELECT T2.property_type_description FROM property_listings AS T1 JOIN property_types AS T2 ON T1.property_type_code = T2.property_type_code GROUP BY T1.property_type_code,"['property_listings', 'property_types']",SELECT property_type_description FROM cluster41_property_listings_join_property_types GROUP BY property_listings_property_type_code
student_transcripts_tracking,What is the zip code for Port Chelsea?,SELECT zip_postcode FROM Addresses WHERE city  =  'Port Chelsea',['Addresses'],SELECT zip_postcode FROM cluster42_Addresses WHERE city = 'Port Chelsea',SELECT zip_postcode FROM student_addresses WHERE city = 'Port Chelsea',['student_addresses'],SELECT zip_postcode FROM cluster42_student_addresses WHERE city = 'Port Chelsea'
student_transcripts_tracking,What is the semester which most student registered in? Show both the name and the id.,"SELECT T1.semester_name ,  T1.semester_id FROM Semesters AS T1 JOIN Student_Enrolment AS T2 ON T1.semester_id  =  T2.semester_id GROUP BY T1.semester_id ORDER BY count(*) DESC LIMIT 1","['Semesters', 'Student_Enrolment']","SELECT T1.semester_name, T1.Semesters_semester_id FROM cluster43_Semesters_join_Student_Enrolment AS T1 GROUP BY T1.Semesters_semester_id ORDER BY count(*) DESC LIMIT 1","SELECT T1.semester_name, T1.semester_id FROM academic_semesters AS T1 JOIN student_enrollments AS T2 ON T1.semester_id = T2.semester_id GROUP BY T1.semester_id ORDER BY count(*) DESC LIMIT 1","['academic_semesters', 'student_enrollments']","SELECT T1.semester_name, T1.academic_semesters_semester_id FROM cluster43_academic_semesters_join_student_enrollments AS T1 GROUP BY T1.academic_semesters_semester_id ORDER BY count(*) DESC LIMIT 1"
student_transcripts_tracking,What are the names and ids of every course with less than 2 sections?,"SELECT T1.course_name ,  T1.course_id FROM Courses AS T1 JOIN Sections AS T2 ON T1.course_id  =  T2.course_id GROUP BY T1.course_id HAVING count(*)  <=  2","['Sections', 'Courses']","SELECT T1.course_name, T1.Courses_course_id FROM cluster44_Courses_join_Sections AS T1 GROUP BY T1.Courses_course_id HAVING count(*) <= 2","SELECT T1.course_name, T1.course_id FROM university_courses AS T1 JOIN course_sections AS T2 ON T1.course_id = T2.course_id GROUP BY T1.course_id HAVING count(*) <= 2","['course_sections', 'university_courses']","SELECT T1.course_name, T1.course_sections_course_id FROM cluster44_course_sections_join_university_courses AS T1 GROUP BY T1.course_sections_course_id HAVING count(*) <= 2"
student_transcripts_tracking,"What is the first, middle, and last name of the earliest school graduate?","SELECT first_name ,  middle_name ,  last_name FROM Students ORDER BY date_left ASC LIMIT 1",['Students'],"SELECT first_name, middle_name, last_name FROM cluster45_Students ORDER BY date_left ASC LIMIT 1","SELECT first_name, middle_name, last_name FROM university_students ORDER BY date_left ASC LIMIT 1",['university_students'],"SELECT first_name, middle_name, last_name FROM cluster45_university_students ORDER BY date_left ASC LIMIT 1"
student_transcripts_tracking,How many different degree names are offered?,SELECT count(DISTINCT degree_summary_name) FROM Degree_Programs,['Degree_Programs'],SELECT count(DISTINCT degree_summary_name) FROM cluster46_Degree_Programs,SELECT count(DISTINCT degree_summary_name) FROM degree_programs_info,['degree_programs_info'],SELECT count(DISTINCT degree_summary_name) FROM cluster46_degree_programs_info
student_transcripts_tracking,Show the date and id of the transcript with at least 2 course results.,"SELECT T2.transcript_date ,  T1.transcript_id FROM Transcript_Contents AS T1 JOIN Transcripts AS T2 ON T1.transcript_id  =  T2.transcript_id GROUP BY T1.transcript_id HAVING count(*)  >=  2","['Transcript_Contents', 'Transcripts']","SELECT T1.transcript_date, T1.Transcript_Contents_transcript_id FROM cluster47_Transcript_Contents_join_Transcripts AS T1 GROUP BY T1.Transcript_Contents_transcript_id HAVING count(*) >= 2","SELECT T2.transcript_date, T1.transcript_id FROM transcript_contents_info AS T1 JOIN student_transcripts AS T2 ON T1.transcript_id = T2.transcript_id GROUP BY T1.transcript_id HAVING count(*) >= 2","['student_transcripts', 'transcript_contents_info']","SELECT T1.transcript_date, T1.transcript_contents_info_transcript_id FROM cluster47_student_transcripts_join_transcript_contents_info AS T1 GROUP BY T1.transcript_contents_info_transcript_id HAVING count(*) >= 2"
student_transcripts_tracking,What is the id of the semester that had both Masters and Bachelors students enrolled?,SELECT DISTINCT T2.semester_id FROM Degree_Programs AS T1 JOIN Student_Enrolment AS T2 ON T1.degree_program_id  =  T2.degree_program_id WHERE degree_summary_name  =  'Master' INTERSECT SELECT DISTINCT T2.semester_id FROM Degree_Programs AS T1 JOIN Student_Enrolment AS T2 ON T1.degree_program_id  =  T2.degree_program_id WHERE degree_summary_name  =  'Bachelor',"['Degree_Programs', 'Student_Enrolment']",SELECT DISTINCT semester_id FROM cluster50_Degree_Programs_join_Student_Enrolment_join_Students WHERE degree_summary_name = 'Master' INTERSECT SELECT DISTINCT semester_id FROM cluster50_Degree_Programs_join_Student_Enrolment_join_Students WHERE degree_summary_name = 'Bachelor',SELECT DISTINCT T2.semester_id FROM degree_programs_info AS T1 JOIN student_enrollments AS T2 ON T1.degree_program_id = T2.degree_program_id WHERE degree_summary_name = 'Master' INTERSECT SELECT DISTINCT T2.semester_id FROM degree_programs_info AS T1 JOIN student_enrollments AS T2 ON T1.degree_program_id = T2.degree_program_id WHERE degree_summary_name = 'Bachelor',"['degree_programs_info', 'student_enrollments']",SELECT DISTINCT semester_id FROM cluster50_degree_programs_info_join_student_enrollments_join_university_students WHERE degree_summary_name = 'Master' INTERSECT SELECT DISTINCT semester_id FROM cluster50_degree_programs_info_join_student_enrollments_join_university_students WHERE degree_summary_name = 'Bachelor'
student_transcripts_tracking,What is the name of the course with the most students enrolled?,SELECT  T1.course_name FROM Courses AS T1 JOIN Student_Enrolment_Courses AS T2 ON T1.course_id  =  T2.course_id GROUP BY T1.course_name ORDER BY count(*) DESC LIMIT 1,"['Student_Enrolment_Courses', 'Courses']",SELECT T1.course_name FROM cluster48_Courses_join_Student_Enrolment_Courses AS T1 GROUP BY T1.course_name ORDER BY count(*) DESC LIMIT 1,SELECT T1.course_name FROM university_courses AS T1 JOIN student_enrolled_courses AS T2 ON T1.course_id = T2.course_id GROUP BY T1.course_name ORDER BY count(*) DESC LIMIT 1,"['student_enrolled_courses', 'university_courses']",SELECT T1.course_name FROM cluster48_student_enrolled_courses_join_university_courses AS T1 GROUP BY T1.course_name ORDER BY count(*) DESC LIMIT 1
student_transcripts_tracking,What is the name and id of the department with the most number of degrees ?,"select t2.department_name ,  t1.department_id from degree_programs as t1 join departments as t2 on t1.department_id  =  t2.department_id group by t1.department_id order by count(*) desc limit 1","['degree_programs', 'departments']","SELECT T1.department_name, T1.Degree_Programs_department_id FROM cluster49_Degree_Programs_join_Departments AS T1 GROUP BY T1.Degree_Programs_department_id ORDER BY count(*) DESC LIMIT 1","SELECT t2.department_name, t1.department_id FROM degree_programs_info AS t1 JOIN university_departments AS t2 ON t1.department_id = t2.department_id GROUP BY t1.department_id ORDER BY count(*) DESC LIMIT 1","['degree_programs_info', 'university_departments']","SELECT T1.department_name, T1.degree_programs_info_department_id FROM cluster49_degree_programs_info_join_university_departments AS T1 GROUP BY T1.degree_programs_info_department_id ORDER BY count(*) DESC LIMIT 1"
student_transcripts_tracking,"What are the first, middle, and last names for everybody enrolled in a Bachelors program?","SELECT DISTINCT T1.first_name ,  T1.middle_name ,  T1.last_name FROM Students AS T1 JOIN Student_Enrolment AS T2 ON T1.student_id  =  T2.student_id JOIN Degree_Programs AS T3 ON T2.degree_program_id  =  T3.degree_program_id WHERE T3.degree_summary_name  =  'Bachelor'","['Degree_Programs', 'Students', 'Student_Enrolment']","SELECT DISTINCT T1.first_name, T1.middle_name, T1.last_name FROM cluster50_Degree_Programs_join_Student_Enrolment_join_Students AS T1 WHERE T1.degree_summary_name = 'Bachelor'","SELECT DISTINCT T1.first_name, T1.middle_name, T1.last_name FROM university_students AS T1 JOIN student_enrollments AS T2 ON T1.student_id = T2.student_id JOIN degree_programs_info AS T3 ON T2.degree_program_id = T3.degree_program_id WHERE T3.degree_summary_name = 'Bachelor'","['degree_programs_info', 'student_enrollments', 'university_students']","SELECT DISTINCT T1.first_name, T1.middle_name, T1.last_name FROM cluster50_degree_programs_info_join_student_enrollments_join_university_students AS T1 WHERE T1.degree_summary_name = 'Bachelor'"
student_transcripts_tracking,What is the description of the department whose name has the substring the computer?,SELECT department_description FROM Departments WHERE department_name LIKE '%computer%',['Departments'],SELECT department_description FROM Departments WHERE department_name LIKE '%computer%',SELECT department_description FROM university_departments WHERE department_name LIKE '%computer%',['university_departments'],SELECT department_description FROM university_departments WHERE department_name LIKE '%computer%'
student_transcripts_tracking,What are the names of the sections in reverse alphabetical order?,SELECT section_name FROM Sections ORDER BY section_name DESC,['Sections'],SELECT section_name FROM Sections ORDER BY section_name DESC,SELECT section_name FROM course_sections ORDER BY section_name DESC,['course_sections'],SELECT section_name FROM course_sections ORDER BY section_name DESC
student_transcripts_tracking,What are the different addresses that have students living there?,SELECT count(DISTINCT current_address_id) FROM Students,['Students'],SELECT count(DISTINCT current_address_id) FROM cluster45_Students,SELECT count(DISTINCT current_address_id) FROM university_students,['university_students'],SELECT count(DISTINCT current_address_id) FROM cluster45_university_students
student_transcripts_tracking,List the section_name in reversed lexicographical order.,SELECT section_name FROM Sections ORDER BY section_name DESC,['Sections'],SELECT section_name FROM Sections ORDER BY section_name DESC,SELECT section_name FROM course_sections ORDER BY section_name DESC,['course_sections'],SELECT section_name FROM course_sections ORDER BY section_name DESC
student_transcripts_tracking,"Which student has enrolled for the most times in any program? List the id, first name, middle name, last name, the number of enrollments and student id.","SELECT T1.student_id ,  T1.first_name ,  T1.middle_name ,  T1.last_name ,  count(*) ,  T1.student_id FROM Students AS T1 JOIN Student_Enrolment AS T2 ON T1.student_id  =  T2.student_id GROUP BY T1.student_id ORDER BY count(*) DESC LIMIT 1","['Students', 'Student_Enrolment']","SELECT T1.Students_student_id, T1.first_name, T1.middle_name, T1.last_name, count(*), T1.Students_student_id FROM cluster50_Degree_Programs_join_Student_Enrolment_join_Students AS T1 GROUP BY T1.Students_student_id ORDER BY count(*) DESC LIMIT 1","SELECT T1.student_id, T1.first_name, T1.middle_name, T1.last_name, count(*), T1.student_id FROM university_students AS T1 JOIN student_enrollments AS T2 ON T1.student_id = T2.student_id GROUP BY T1.student_id ORDER BY count(*) DESC LIMIT 1","['student_enrollments', 'university_students']","SELECT T1.university_students_student_id, T1.first_name, T1.middle_name, T1.last_name, count(*), T1.university_students_student_id FROM cluster50_degree_programs_info_join_student_enrollments_join_university_students AS T1 GROUP BY T1.university_students_student_id ORDER BY count(*) DESC LIMIT 1"
student_transcripts_tracking,"What is the first, middle, and last name, along with the id and number of enrollments, for the student who enrolled the most in any program?","SELECT T1.student_id ,  T1.first_name ,  T1.middle_name ,  T1.last_name ,  count(*) ,  T1.student_id FROM Students AS T1 JOIN Student_Enrolment AS T2 ON T1.student_id  =  T2.student_id GROUP BY T1.student_id ORDER BY count(*) DESC LIMIT 1","['Students', 'Student_Enrolment']","SELECT T1.Students_student_id, T1.first_name, T1.middle_name, T1.last_name, count(*), T1.Students_student_id FROM cluster50_Degree_Programs_join_Student_Enrolment_join_Students AS T1 GROUP BY T1.Students_student_id ORDER BY count(*) DESC LIMIT 1","SELECT T1.student_id, T1.first_name, T1.middle_name, T1.last_name, count(*), T1.student_id FROM university_students AS T1 JOIN student_enrollments AS T2 ON T1.student_id = T2.student_id GROUP BY T1.student_id ORDER BY count(*) DESC LIMIT 1","['student_enrollments', 'university_students']","SELECT T1.university_students_student_id, T1.first_name, T1.middle_name, T1.last_name, count(*), T1.university_students_student_id FROM cluster50_degree_programs_info_join_student_enrollments_join_university_students AS T1 GROUP BY T1.university_students_student_id ORDER BY count(*) DESC LIMIT 1"
student_transcripts_tracking,What are the names and id of courses having at most 2 sections?,"SELECT T1.course_name ,  T1.course_id FROM Courses AS T1 JOIN Sections AS T2 ON T1.course_id  =  T2.course_id GROUP BY T1.course_id HAVING count(*)  <=  2","['Sections', 'Courses']","SELECT T1.course_name, T1.Courses_course_id FROM cluster44_Courses_join_Sections AS T1 GROUP BY T1.Courses_course_id HAVING count(*) <= 2","SELECT T1.course_name, T1.course_id FROM university_courses AS T1 JOIN course_sections AS T2 ON T1.course_id = T2.course_id GROUP BY T1.course_id HAVING count(*) <= 2","['course_sections', 'university_courses']","SELECT T1.course_name, T1.course_sections_course_id FROM cluster44_course_sections_join_university_courses AS T1 GROUP BY T1.course_sections_course_id HAVING count(*) <= 2"
student_transcripts_tracking,What is the name of the semester with no students enrolled?,SELECT semester_name FROM Semesters WHERE semester_id NOT IN( SELECT semester_id FROM Student_Enrolment ),"['Semesters', 'Student_Enrolment']",SELECT semester_name FROM Semesters WHERE semester_id NOT IN (SELECT semester_id FROM Student_Enrolment),SELECT semester_name FROM academic_semesters WHERE semester_id NOT IN (SELECT semester_id FROM student_enrollments),"['academic_semesters', 'student_enrollments']",SELECT semester_name FROM academic_semesters WHERE semester_id NOT IN (SELECT semester_id FROM student_enrollments)
student_transcripts_tracking,"Who is the earliest graduate of the school? List the first name, middle name and last name.","SELECT first_name ,  middle_name ,  last_name FROM Students ORDER BY date_left ASC LIMIT 1",['Students'],"SELECT first_name, middle_name, last_name FROM cluster45_Students ORDER BY date_left ASC LIMIT 1","SELECT first_name, middle_name, last_name FROM university_students ORDER BY date_left ASC LIMIT 1",['university_students'],"SELECT first_name, middle_name, last_name FROM cluster45_university_students ORDER BY date_left ASC LIMIT 1"
student_transcripts_tracking,What are the names and descriptions of all the sections?,"SELECT section_name ,  section_description FROM Sections",['Sections'],"SELECT section_name, section_description FROM Sections","SELECT section_name, section_description FROM course_sections",['course_sections'],"SELECT section_name, section_description FROM course_sections"
student_transcripts_tracking,what are all the addresses including line 1 and line 2?,"SELECT line_1 ,  line_2 FROM addresses",['addresses'],"SELECT line_1, line_2 FROM cluster42_Addresses","SELECT line_1, line_2 FROM student_addresses",['student_addresses'],"SELECT line_1, line_2 FROM cluster42_student_addresses"
student_transcripts_tracking,What is the description for the section named h?,SELECT section_description FROM Sections WHERE section_name  =  'h',['Sections'],SELECT section_description FROM Sections WHERE section_name = 'h',SELECT section_description FROM course_sections WHERE section_name = 'h',['course_sections'],SELECT section_description FROM course_sections WHERE section_name = 'h'
student_transcripts_tracking,What is the degree summary name that has the most number of students enrolled?,SELECT T1.degree_summary_name FROM Degree_Programs AS T1 JOIN Student_Enrolment AS T2 ON T1.degree_program_id  =  T2.degree_program_id GROUP BY T1.degree_summary_name ORDER BY count(*) DESC LIMIT 1,"['Degree_Programs', 'Student_Enrolment']",SELECT T1.degree_summary_name FROM cluster50_Degree_Programs_join_Student_Enrolment_join_Students AS T1 GROUP BY T1.degree_summary_name ORDER BY count(*) DESC LIMIT 1,SELECT T1.degree_summary_name FROM degree_programs_info AS T1 JOIN student_enrollments AS T2 ON T1.degree_program_id = T2.degree_program_id GROUP BY T1.degree_summary_name ORDER BY count(*) DESC LIMIT 1,"['degree_programs_info', 'student_enrollments']",SELECT T1.degree_summary_name FROM cluster50_degree_programs_info_join_student_enrollments_join_university_students AS T1 GROUP BY T1.degree_summary_name ORDER BY count(*) DESC LIMIT 1
student_transcripts_tracking,What is the zip code of the address in the city Port Chelsea?,SELECT zip_postcode FROM Addresses WHERE city  =  'Port Chelsea',['Addresses'],SELECT zip_postcode FROM cluster42_Addresses WHERE city = 'Port Chelsea',SELECT zip_postcode FROM student_addresses WHERE city = 'Port Chelsea',['student_addresses'],SELECT zip_postcode FROM cluster42_student_addresses WHERE city = 'Port Chelsea'
student_transcripts_tracking,How many degrees does the engineering department offer?,SELECT count(*) FROM Departments AS T1 JOIN Degree_Programs AS T2 ON T1.department_id  =  T2.department_id WHERE T1.department_name  =  'engineer',"['Degree_Programs', 'Departments']",SELECT count(*) FROM cluster49_Degree_Programs_join_Departments AS T1 WHERE T1.department_name = 'engineer',SELECT count(*) FROM university_departments AS T1 JOIN degree_programs_info AS T2 ON T1.department_id = T2.department_id WHERE T1.department_name = 'engineer',"['degree_programs_info', 'university_departments']",SELECT count(*) FROM cluster49_degree_programs_info_join_university_departments AS T1 WHERE T1.department_name = 'engineer'
student_transcripts_tracking,Whose permanent address is different from his or her current address? List his or her first name.,SELECT first_name FROM Students WHERE current_address_id != permanent_address_id,['Students'],SELECT first_name FROM cluster45_Students WHERE current_address_id != permanent_address_id,SELECT first_name FROM university_students WHERE current_address_id != permanent_address_id,['university_students'],SELECT first_name FROM cluster45_university_students WHERE current_address_id != permanent_address_id
student_transcripts_tracking,Describe the section h.,SELECT section_description FROM Sections WHERE section_name  =  'h',['Sections'],SELECT section_description FROM Sections WHERE section_name = 'h',SELECT section_description FROM course_sections WHERE section_name = 'h',['course_sections'],SELECT section_description FROM course_sections WHERE section_name = 'h'
student_transcripts_tracking,Which semesters do not have any student enrolled? List the semester name.,SELECT semester_name FROM Semesters WHERE semester_id NOT IN( SELECT semester_id FROM Student_Enrolment ),"['Semesters', 'Student_Enrolment']",SELECT semester_name FROM Semesters WHERE semester_id NOT IN (SELECT semester_id FROM Student_Enrolment),SELECT semester_name FROM academic_semesters WHERE semester_id NOT IN (SELECT semester_id FROM student_enrollments),"['academic_semesters', 'student_enrollments']",SELECT semester_name FROM academic_semesters WHERE semester_id NOT IN (SELECT semester_id FROM student_enrollments)
student_transcripts_tracking,How many transcripts are listed?,SELECT count(*) FROM Transcripts,['Transcripts'],SELECT count(*) FROM Transcripts,SELECT count(*) FROM student_transcripts,['student_transcripts'],SELECT count(*) FROM student_transcripts
student_transcripts_tracking,What other details can you tell me about students in reverse alphabetical order?,SELECT other_student_details FROM Students ORDER BY other_student_details DESC,['Students'],SELECT other_student_details FROM cluster45_Students ORDER BY other_student_details DESC,SELECT other_student_details FROM university_students ORDER BY other_student_details DESC,['university_students'],SELECT other_student_details FROM cluster45_university_students ORDER BY other_student_details DESC
student_transcripts_tracking,What is the department description for the one whose name has the word computer?,SELECT department_description FROM Departments WHERE department_name LIKE '%computer%',['Departments'],SELECT department_description FROM Departments WHERE department_name LIKE '%computer%',SELECT department_description FROM university_departments WHERE department_name LIKE '%computer%',['university_departments'],SELECT department_description FROM university_departments WHERE department_name LIKE '%computer%'
student_transcripts_tracking,What are all the course names of the courses which ever have students enrolled in?,SELECT DISTINCT T1.course_name FROM Courses AS T1 JOIN Student_Enrolment_Courses AS T2 ON T1.course_id  =  T2.course_id,"['Student_Enrolment_Courses', 'Courses']",SELECT DISTINCT T1.course_name FROM cluster48_Courses_join_Student_Enrolment_Courses AS T1,SELECT DISTINCT T1.course_name FROM university_courses AS T1 JOIN student_enrolled_courses AS T2 ON T1.course_id = T2.course_id,"['student_enrolled_courses', 'university_courses']",SELECT DISTINCT T1.course_name FROM cluster48_student_enrolled_courses_join_university_courses AS T1
student_transcripts_tracking,What is the date and id of the transcript with at least 2 courses listed?,"SELECT T2.transcript_date ,  T1.transcript_id FROM Transcript_Contents AS T1 JOIN Transcripts AS T2 ON T1.transcript_id  =  T2.transcript_id GROUP BY T1.transcript_id HAVING count(*)  >=  2","['Transcript_Contents', 'Transcripts']","SELECT T1.transcript_date, T1.Transcript_Contents_transcript_id FROM cluster47_Transcript_Contents_join_Transcripts AS T1 GROUP BY T1.Transcript_Contents_transcript_id HAVING count(*) >= 2","SELECT T2.transcript_date, T1.transcript_id FROM transcript_contents_info AS T1 JOIN student_transcripts AS T2 ON T1.transcript_id = T2.transcript_id GROUP BY T1.transcript_id HAVING count(*) >= 2","['student_transcripts', 'transcript_contents_info']","SELECT T1.transcript_date, T1.transcript_contents_info_transcript_id FROM cluster47_student_transcripts_join_transcript_contents_info AS T1 GROUP BY T1.transcript_contents_info_transcript_id HAVING count(*) >= 2"
student_transcripts_tracking,How many transcripts are released?,SELECT count(*) FROM Transcripts,['Transcripts'],SELECT count(*) FROM Transcripts,SELECT count(*) FROM student_transcripts,['student_transcripts'],SELECT count(*) FROM student_transcripts
student_transcripts_tracking,Find the last name of the students who currently live in the state of North Carolina but have not registered in any degree program.,SELECT T1.last_name FROM Students AS T1 JOIN Addresses AS T2 ON T1.current_address_id  =  T2.address_id WHERE T2.state_province_county  =  'NorthCarolina' EXCEPT SELECT DISTINCT T3.last_name FROM Students AS T3 JOIN Student_Enrolment AS T4 ON T3.student_id  =  T4.student_id,"['Addresses', 'Students', 'Student_Enrolment']",SELECT T1.last_name FROM cluster45_Students AS T1 JOIN Addresses AS T2 ON T1.current_address_id = T2.address_id WHERE T2.state_province_county = 'NorthCarolina' EXCEPT SELECT DISTINCT T1.last_name FROM cluster50_Degree_Programs_join_Student_Enrolment_join_Students AS T1,SELECT T1.last_name FROM university_students AS T1 JOIN student_addresses AS T2 ON T1.current_address_id = T2.address_id WHERE T2.state_province_county = 'NorthCarolina' EXCEPT SELECT DISTINCT T3.last_name FROM university_students AS T3 JOIN student_enrollments AS T4 ON T3.student_id = T4.student_id,"['student_addresses', 'student_enrollments', 'university_students']",SELECT T1.last_name FROM cluster45_university_students AS T1 JOIN student_addresses AS T2 ON T1.current_address_id = T2.address_id WHERE T2.state_province_county = 'NorthCarolina' EXCEPT SELECT DISTINCT T1.last_name FROM cluster50_degree_programs_info_join_student_enrollments_join_university_students AS T1
student_transcripts_tracking,"What are the first, middle, and last names, along with the ids, of all students who enrolled in 2 degree programs in one semester?","SELECT T1.first_name ,  T1.middle_name ,  T1.last_name ,  T1.student_id FROM Students AS T1 JOIN Student_Enrolment AS T2 ON T1.student_id  =  T2.student_id GROUP BY T1.student_id HAVING count(*)  =  2","['Students', 'Student_Enrolment']","SELECT T1.first_name, T1.middle_name, T1.last_name, T1.Students_student_id FROM cluster50_Degree_Programs_join_Student_Enrolment_join_Students AS T1 GROUP BY T1.Students_student_id HAVING count(*) = 2","SELECT T1.first_name, T1.middle_name, T1.last_name, T1.student_id FROM university_students AS T1 JOIN student_enrollments AS T2 ON T1.student_id = T2.student_id GROUP BY T1.student_id HAVING count(*) = 2","['student_enrollments', 'university_students']","SELECT T1.first_name, T1.middle_name, T1.last_name, T1.university_students_student_id FROM cluster50_degree_programs_info_join_student_enrollments_join_university_students AS T1 GROUP BY T1.university_students_student_id HAVING count(*) = 2"
student_transcripts_tracking,What is the mobile phone number of the student named Timmothy Ward ?,select cell_mobile_number from students where first_name  =  'timmothy' and last_name  =  'ward',['students'],SELECT cell_mobile_number FROM cluster45_Students WHERE first_name = 'timmothy' AND last_name = 'ward',SELECT cell_mobile_number FROM university_students WHERE first_name = 'timmothy' AND last_name = 'ward',['university_students'],SELECT cell_mobile_number FROM cluster45_university_students WHERE first_name = 'timmothy' AND last_name = 'ward'
student_transcripts_tracking,Find the first name of the students who permanently live in the country Haiti or have the cell phone number 09700166582 .,select t1.first_name from students as t1 join addresses as t2 on t1.permanent_address_id  =  t2.address_id where t2.country  =  'haiti' or t1.cell_mobile_number  =  '09700166582',"['students', 'addresses']",SELECT T1.first_name FROM cluster45_Students AS T1 JOIN Addresses AS T2 ON T1.permanent_address_id = T2.address_id WHERE T2.country = 'haiti' OR T1.cell_mobile_number = '09700166582',SELECT t1.first_name FROM university_students AS t1 JOIN student_addresses AS t2 ON t1.permanent_address_id = t2.address_id WHERE t2.country = 'haiti' OR t1.cell_mobile_number = '09700166582',"['student_addresses', 'university_students']",SELECT T1.first_name FROM cluster45_university_students AS T1 JOIN student_addresses AS T2 ON T1.permanent_address_id = T2.address_id WHERE T2.country = 'haiti' OR T1.cell_mobile_number = '09700166582'
student_transcripts_tracking,What are the first names of the students who live in Haiti permanently or have the cell phone number 09700166582 ?,select t1.first_name from students as t1 join addresses as t2 on t1.permanent_address_id  =  t2.address_id where t2.country  =  'haiti' or t1.cell_mobile_number  =  '09700166582',"['students', 'addresses']",SELECT T1.first_name FROM cluster45_Students AS T1 JOIN Addresses AS T2 ON T1.permanent_address_id = T2.address_id WHERE T2.country = 'haiti' OR T1.cell_mobile_number = '09700166582',SELECT t1.first_name FROM university_students AS t1 JOIN student_addresses AS t2 ON t1.permanent_address_id = t2.address_id WHERE t2.country = 'haiti' OR t1.cell_mobile_number = '09700166582',"['student_addresses', 'university_students']",SELECT T1.first_name FROM cluster45_university_students AS T1 JOIN student_addresses AS T2 ON T1.permanent_address_id = T2.address_id WHERE T2.country = 'haiti' OR T1.cell_mobile_number = '09700166582'
tvshow,What is the produdction code and channel of the most recent cartoon ?,"select production_code ,  channel from cartoon order by original_air_date desc limit 1",['cartoon'],"SELECT Production_code, Channel FROM Cartoon ORDER BY Original_air_date DESC LIMIT 1","SELECT production_code, channel_id FROM cartoons ORDER BY original_air_date DESC LIMIT 1",['cartoons'],"SELECT production_code, cartoons_channel_id FROM cluster16_cartoons_join_tv_channels ORDER BY original_air_date DESC LIMIT 1"
tvshow,"List the title of all  Cartoons showed on TV Channel with series name ""Sky Radio"".","SELECT T2.Title FROM TV_Channel AS T1 JOIN Cartoon AS T2 ON T1.id = T2.Channel WHERE T1.series_name = ""Sky Radio"";","['TV_Channel', 'Cartoon']",SELECT T1.Title FROM cluster14_TV_Channel_join_Cartoon AS T1 WHERE T1.series_name = 'Sky Radio',SELECT T2.title FROM tv_channels AS T1 JOIN cartoons AS T2 ON T1.channel_id = T2.channel_id WHERE T1.series_name = 'Sky Radio',"['cartoons', 'tv_channels']",SELECT T1.title FROM cluster16_cartoons_join_tv_channels AS T1 WHERE T1.series_name = 'Sky Radio'
tvshow,List the language used least number of TV Channel. List language and number of TV Channel.,"SELECT LANGUAGE ,  count(*) FROM TV_Channel GROUP BY LANGUAGE ORDER BY count(*) ASC LIMIT 1;",['TV_Channel'],"SELECT Language, count(*) FROM TV_Channel GROUP BY Language ORDER BY count(*) ASC LIMIT 1","SELECT language, count(*) FROM tv_channels GROUP BY language ORDER BY count(*) ASC LIMIT 1",['tv_channels'],"SELECT language, count(*) FROM tv_channels GROUP BY language ORDER BY count(*) ASC LIMIT 1"
tvshow,"List the title of all cartoon directed by ""Ben Jones"" or ""Brandon Vietti"".","SELECT Title FROM Cartoon WHERE Directed_by = ""Ben Jones"" OR Directed_by = ""Brandon Vietti"";",['Cartoon'],SELECT Title FROM Cartoon WHERE Directed_by = 'Ben Jones' OR Directed_by = 'Brandon Vietti',SELECT title FROM cartoons WHERE directed_by = 'Ben Jones' OR directed_by = 'Brandon Vietti',['cartoons'],SELECT title FROM cartoons WHERE directed_by = 'Ben Jones' OR directed_by = 'Brandon Vietti'
tvshow,"What is Weekly Rank of TV series with Episode ""A Love of a Lifetime""?","SELECT Weekly_Rank FROM TV_series WHERE Episode = ""A Love of a Lifetime"";",['TV_series'],SELECT Weekly_Rank FROM cluster51_TV_series WHERE Episode = 'A Love of a Lifetime',SELECT weekly_rank FROM tv_series_episodes WHERE episode = 'A Love of a Lifetime',['tv_series_episodes'],SELECT weekly_rank FROM cluster51_tv_series_episodes WHERE episode = 'A Love of a Lifetime'
tvshow,"List the Episode of all  TV series showed on TV Channel with series name ""Sky Radio"".","SELECT T2.Episode FROM TV_Channel AS T1 JOIN TV_series AS T2 ON T1.id = T2.Channel WHERE T1.series_name = ""Sky Radio"";","['TV_Channel', 'TV_series']",SELECT T1.Episode FROM TV_Channel AS T2 JOIN cluster51_TV_series AS T1 ON T2.id = T1.Channel WHERE T2.series_name = 'Sky Radio',SELECT T2.episode FROM tv_channels AS T1 JOIN tv_series_episodes AS T2 ON T1.channel_id = T2.channel_id WHERE T1.series_name = 'Sky Radio',"['tv_channels', 'tv_series_episodes']",SELECT T1.episode FROM tv_channels AS T2 JOIN cluster51_tv_series_episodes AS T1 ON T2.channel_id = T1.channel_id WHERE T2.series_name = 'Sky Radio'
tvshow,What is the maximum and minimum share for the TV series?,"SELECT max(SHARE) , min(SHARE) FROM TV_series;",['TV_series'],"SELECT max(Share), min(Share) FROM cluster51_TV_series","SELECT max(share), min(share) FROM tv_series_episodes",['tv_series_episodes'],"SELECT max(share), min(share) FROM cluster51_tv_series_episodes"
tvshow,How many different series and contents are listed in the TV Channel table?,"SELECT count(DISTINCT series_name) ,  count(DISTINCT content) FROM TV_Channel;",['TV_Channel'],"SELECT count(DISTINCT series_name), count(DISTINCT Content) FROM TV_Channel","SELECT count(DISTINCT series_name), count(DISTINCT content) FROM tv_channels",['tv_channels'],"SELECT count(DISTINCT series_name), count(DISTINCT content) FROM tv_channels"
tvshow,How many TV Channels use the English language?,"SELECT count(*) FROM TV_Channel WHERE LANGUAGE = ""English"";",['TV_Channel'],SELECT count(*) FROM TV_Channel WHERE Language = 'English',SELECT count(*) FROM tv_channels WHERE language = 'English',['tv_channels'],SELECT count(*) FROM tv_channels WHERE language = 'English'
tvshow,"What is the content of TV Channel with serial name ""Sky Radio""?","SELECT Content FROM TV_Channel WHERE series_name = ""Sky Radio"";",['TV_Channel'],SELECT Content FROM TV_Channel WHERE series_name = 'Sky Radio',SELECT content FROM tv_channels WHERE series_name = 'Sky Radio',['tv_channels'],SELECT content FROM tv_channels WHERE series_name = 'Sky Radio'
tvshow,What is the country with the most number of TV Channels and how many does it have?,"SELECT Country ,  count(*) FROM TV_Channel GROUP BY Country ORDER BY count(*) DESC LIMIT 1;",['TV_Channel'],"SELECT Country, count(*) FROM TV_Channel GROUP BY Country ORDER BY count(*) DESC LIMIT 1","SELECT country, count(*) FROM tv_channels GROUP BY country ORDER BY count(*) DESC LIMIT 1",['tv_channels'],"SELECT country, count(*) FROM tv_channels GROUP BY country ORDER BY count(*) DESC LIMIT 1"
tvshow,How many cartoons did each director create?,"SELECT count(*) ,  Directed_by FROM cartoon GROUP BY Directed_by",['cartoon'],"SELECT count(*), Directed_by FROM Cartoon GROUP BY Directed_by","SELECT count(*), directed_by FROM cartoons GROUP BY directed_by",['cartoons'],"SELECT count(*), directed_by FROM cartoons GROUP BY directed_by"
tvshow,What are the titles of all cartoons directed by Ben Jones or Brandon Vietti?,"SELECT Title FROM Cartoon WHERE Directed_by = ""Ben Jones"" OR Directed_by = ""Brandon Vietti"";",['Cartoon'],SELECT Title FROM Cartoon WHERE Directed_by = 'Ben Jones' OR Directed_by = 'Brandon Vietti',SELECT title FROM cartoons WHERE directed_by = 'Ben Jones' OR directed_by = 'Brandon Vietti',['cartoons'],SELECT title FROM cartoons WHERE directed_by = 'Ben Jones' OR directed_by = 'Brandon Vietti'
tvshow,What are the names of all cartoons directed by Ben Jones?,"SELECT Title FROM Cartoon WHERE Directed_by = ""Ben Jones"";",['Cartoon'],SELECT Title FROM Cartoon WHERE Directed_by = 'Ben Jones',SELECT title FROM cartoons WHERE directed_by = 'Ben Jones',['cartoons'],SELECT title FROM cartoons WHERE directed_by = 'Ben Jones'
tvshow,What are the ids of the TV channels that do not have any cartoons directed by Ben Jones?,SELECT id FROM TV_Channel EXCEPT SELECT channel FROM cartoon WHERE directed_by  =  'Ben Jones',"['TV_Channel', 'cartoon']",SELECT id FROM TV_Channel EXCEPT SELECT Channel FROM Cartoon WHERE Directed_by = 'Ben Jones',SELECT channel_id FROM tv_channels EXCEPT SELECT channel_id FROM cartoons WHERE directed_by = 'Ben Jones',"['cartoons', 'tv_channels']",SELECT channel_id FROM tv_channels EXCEPT SELECT channel_id FROM cartoons WHERE directed_by = 'Ben Jones'
tvshow,list all cartoon titles and their directors ordered by their air date,"SELECT title ,  Directed_by FROM Cartoon ORDER BY Original_air_date",['Cartoon'],"SELECT Title, Directed_by FROM Cartoon ORDER BY Original_air_date","SELECT title, directed_by FROM cartoons ORDER BY original_air_date",['cartoons'],"SELECT title, directed_by FROM cartoons ORDER BY original_air_date"
tvshow,List the title of all cartoons in alphabetical order.,SELECT Title FROM Cartoon ORDER BY title,['Cartoon'],SELECT Title FROM Cartoon ORDER BY Title,SELECT title FROM cartoons ORDER BY title,['cartoons'],SELECT title FROM cartoons ORDER BY title
tvshow,What is the number of cartoones written by Joseph Kuhr?,"SELECT count(*) FROM Cartoon WHERE Written_by = ""Joseph Kuhr"";",['Cartoon'],SELECT count(*) FROM Cartoon WHERE Written_by = 'Joseph Kuhr',SELECT count(*) FROM cartoons WHERE written_by = 'Joseph Kuhr',['cartoons'],SELECT count(*) FROM cartoons WHERE written_by = 'Joseph Kuhr'
tvshow,What is minimum and maximum share of TV series?,"SELECT max(SHARE) , min(SHARE) FROM TV_series;",['TV_series'],"SELECT max(Share), min(Share) FROM cluster51_TV_series","SELECT max(share), min(share) FROM tv_series_episodes",['tv_series_episodes'],"SELECT max(share), min(share) FROM cluster51_tv_series_episodes"
tvshow,which countries' tv channels are not playing any cartoon written by Todd Casey?,SELECT country FROM TV_Channel EXCEPT SELECT T1.country FROM TV_Channel AS T1 JOIN cartoon AS T2 ON T1.id = T2.Channel WHERE T2.written_by  =  'Todd Casey',"['TV_Channel', 'cartoon']",SELECT Country FROM TV_Channel EXCEPT SELECT T1.Country FROM cluster14_TV_Channel_join_Cartoon AS T1 WHERE T1.Written_by = 'Todd Casey',SELECT country FROM tv_channels EXCEPT SELECT T1.country FROM tv_channels AS T1 JOIN cartoons AS T2 ON T1.channel_id = T2.channel_id WHERE T2.written_by = 'Todd Casey',"['cartoons', 'tv_channels']",SELECT country FROM tv_channels EXCEPT SELECT T1.country FROM cluster16_cartoons_join_tv_channels AS T1 WHERE T1.written_by = 'Todd Casey'
tvshow,How many TV Channel using language English?,"SELECT count(*) FROM TV_Channel WHERE LANGUAGE = ""English"";",['TV_Channel'],SELECT count(*) FROM TV_Channel WHERE Language = 'English',SELECT count(*) FROM tv_channels WHERE language = 'English',['tv_channels'],SELECT count(*) FROM tv_channels WHERE language = 'English'
tvshow,"What is the weekly rank for the episode ""A Love of a Lifetime""?","SELECT Weekly_Rank FROM TV_series WHERE Episode = ""A Love of a Lifetime"";",['TV_series'],SELECT Weekly_Rank FROM cluster51_TV_series WHERE Episode = 'A Love of a Lifetime',SELECT weekly_rank FROM tv_series_episodes WHERE episode = 'A Love of a Lifetime',['tv_series_episodes'],SELECT weekly_rank FROM cluster51_tv_series_episodes WHERE episode = 'A Love of a Lifetime'
tvshow,What are the countries that are not playing cartoons written by Todd Casey?,SELECT country FROM TV_Channel EXCEPT SELECT T1.country FROM TV_Channel AS T1 JOIN cartoon AS T2 ON T1.id = T2.Channel WHERE T2.written_by  =  'Todd Casey',"['TV_Channel', 'cartoon']",SELECT Country FROM TV_Channel EXCEPT SELECT T1.Country FROM cluster14_TV_Channel_join_Cartoon AS T1 WHERE T1.Written_by = 'Todd Casey',SELECT country FROM tv_channels EXCEPT SELECT T1.country FROM tv_channels AS T1 JOIN cartoons AS T2 ON T1.channel_id = T2.channel_id WHERE T2.written_by = 'Todd Casey',"['cartoons', 'tv_channels']",SELECT country FROM tv_channels EXCEPT SELECT T1.country FROM cluster16_cartoons_join_tv_channels AS T1 WHERE T1.written_by = 'Todd Casey'
tvshow,"List all cartoon directed by ""Ben Jones"".","SELECT Title FROM Cartoon WHERE Directed_by = ""Ben Jones"";",['Cartoon'],SELECT Title FROM Cartoon WHERE Directed_by = 'Ben Jones',SELECT title FROM cartoons WHERE directed_by = 'Ben Jones',['cartoons'],SELECT title FROM cartoons WHERE directed_by = 'Ben Jones'
tvshow,Find the package choice and series name of the TV channel that has high definition TV.,"SELECT package_option ,  series_name FROM TV_Channel WHERE hight_definition_TV  =  ""yes""",['TV_Channel'],"SELECT Package_Option, series_name FROM TV_Channel WHERE Hight_definition_TV = 'yes'","SELECT package_option, series_name FROM tv_channels WHERE high_definition_tv = 'yes'",['tv_channels'],"SELECT package_option, series_name FROM tv_channels WHERE high_definition_tv = 'yes'"
tvshow,"How many cartoons were written by ""Joseph Kuhr""?","SELECT count(*) FROM Cartoon WHERE Written_by = ""Joseph Kuhr"";",['Cartoon'],SELECT count(*) FROM Cartoon WHERE Written_by = 'Joseph Kuhr',SELECT count(*) FROM cartoons WHERE written_by = 'Joseph Kuhr',['cartoons'],SELECT count(*) FROM cartoons WHERE written_by = 'Joseph Kuhr'
tvshow,What is the series name and country of all TV channels that are playing cartoons directed by Ben Jones and cartoons directed by Michael Chang?,"SELECT T1.series_name ,  T1.country FROM TV_Channel AS T1 JOIN cartoon AS T2 ON T1.id = T2.Channel WHERE T2.directed_by  =  'Michael Chang' INTERSECT SELECT T1.series_name ,  T1.country FROM TV_Channel AS T1 JOIN cartoon AS T2 ON T1.id = T2.Channel WHERE T2.directed_by  =  'Ben Jones'","['TV_Channel', 'cartoon']","SELECT T1.series_name, T1.Country FROM cluster14_TV_Channel_join_Cartoon AS T1 WHERE T1.Directed_by = 'Michael Chang' INTERSECT SELECT T1.series_name, T1.Country FROM cluster14_TV_Channel_join_Cartoon AS T1 WHERE T1.Directed_by = 'Ben Jones'","SELECT T1.series_name, T1.country FROM tv_channels AS T1 JOIN cartoons AS T2 ON T1.channel_id = T2.channel_id WHERE T2.directed_by = 'Michael Chang' INTERSECT SELECT T1.series_name, T1.country FROM tv_channels AS T1 JOIN cartoons AS T2 ON T1.channel_id = T2.channel_id WHERE T2.directed_by = 'Ben Jones'","['cartoons', 'tv_channels']","SELECT T1.series_name, T1.country FROM cluster16_cartoons_join_tv_channels AS T1 WHERE T1.directed_by = 'Michael Chang' INTERSECT SELECT T1.series_name, T1.country FROM cluster16_cartoons_join_tv_channels AS T1 WHERE T1.directed_by = 'Ben Jones'"
tvshow,find the id of tv channels that do not play any cartoon directed by Ben Jones.,SELECT id FROM TV_Channel EXCEPT SELECT channel FROM cartoon WHERE directed_by  =  'Ben Jones',"['TV_Channel', 'cartoon']",SELECT id FROM TV_Channel EXCEPT SELECT Channel FROM Cartoon WHERE Directed_by = 'Ben Jones',SELECT channel_id FROM tv_channels EXCEPT SELECT channel_id FROM cartoons WHERE directed_by = 'Ben Jones',"['cartoons', 'tv_channels']",SELECT channel_id FROM tv_channels EXCEPT SELECT channel_id FROM cartoons WHERE directed_by = 'Ben Jones'
tvshow,List the number of different series names and contents in the TV Channel table.,"SELECT count(DISTINCT series_name) ,  count(DISTINCT content) FROM TV_Channel;",['TV_Channel'],"SELECT count(DISTINCT series_name), count(DISTINCT Content) FROM TV_Channel","SELECT count(DISTINCT series_name), count(DISTINCT content) FROM tv_channels",['tv_channels'],"SELECT count(DISTINCT series_name), count(DISTINCT content) FROM tv_channels"
tvshow,List top 3 highest Rating  TV series. List the TV series's Episode and Rating.,"SELECT Episode ,  Rating FROM TV_series ORDER BY Rating DESC LIMIT 3;",['TV_series'],"SELECT Episode, Rating FROM cluster51_TV_series ORDER BY Rating DESC LIMIT 3","SELECT episode, rating FROM tv_series_episodes ORDER BY rating DESC LIMIT 3",['tv_series_episodes'],"SELECT episode, rating FROM cluster51_tv_series_episodes ORDER BY rating DESC LIMIT 3"
tvshow,"What is the Package Option of TV Channel with serial name ""Sky Radio""?","SELECT Package_Option FROM TV_Channel WHERE series_name = ""Sky Radio"";",['TV_Channel'],SELECT Package_Option FROM TV_Channel WHERE series_name = 'Sky Radio',SELECT package_option FROM tv_channels WHERE series_name = 'Sky Radio',['tv_channels'],SELECT package_option FROM tv_channels WHERE series_name = 'Sky Radio'
voter_1,What are the contestant numbers and names of the contestants who had at least two votes?,"SELECT T1.contestant_number , T1.contestant_name FROM contestants AS T1 JOIN votes AS T2 ON T1.contestant_number  =  T2.contestant_number GROUP BY T1.contestant_number HAVING count(*)  >=  2","['contestants', 'votes']","SELECT T1.CONTESTANTS_contestant_number, T1.contestant_name FROM cluster52_CONTESTANTS_join_VOTES AS T1 GROUP BY T1.CONTESTANTS_contestant_number HAVING count(*) >= 2","SELECT T1.contestant_number, T1.contestant_name FROM voting_contestants AS T1 JOIN contestant_votes AS T2 ON T1.contestant_number = T2.contestant_number GROUP BY T1.contestant_number HAVING count(*) >= 2","['contestant_votes', 'voting_contestants']","SELECT T1.voting_contestants_contestant_number, T1.contestant_name FROM cluster52_contestant_votes_join_voting_contestants AS T1 GROUP BY T1.voting_contestants_contestant_number HAVING count(*) >= 2"
voter_1,What are the distinct states and create time of all votes?,"SELECT DISTINCT state ,  created FROM votes",['votes'],"SELECT DISTINCT state, created FROM VOTES","SELECT DISTINCT state, created FROM contestant_votes",['contestant_votes'],"SELECT DISTINCT state, created FROM contestant_votes"
voter_1,What are the number of votes from state 'NY' or 'CA'?,SELECT count(*) FROM votes WHERE state  =  'NY' OR state  =  'CA',['votes'],SELECT count(*) FROM VOTES WHERE state = 'NY' OR state = 'CA',SELECT count(*) FROM contestant_votes WHERE state = 'NY' OR state = 'CA',['contestant_votes'],SELECT count(*) FROM contestant_votes WHERE state = 'NY' OR state = 'CA'
voter_1,"Of all the contestants who got voted, what is the contestant number and name of the contestant who got least votes?","SELECT T1.contestant_number , T1.contestant_name FROM contestants AS T1 JOIN votes AS T2 ON T1.contestant_number  =  T2.contestant_number GROUP BY T1.contestant_number ORDER BY count(*) ASC LIMIT 1","['contestants', 'votes']","SELECT T1.CONTESTANTS_contestant_number, T1.contestant_name FROM cluster52_CONTESTANTS_join_VOTES AS T1 GROUP BY T1.CONTESTANTS_contestant_number ORDER BY count(*) ASC LIMIT 1","SELECT T1.contestant_number, T1.contestant_name FROM voting_contestants AS T1 JOIN contestant_votes AS T2 ON T1.contestant_number = T2.contestant_number GROUP BY T1.contestant_number ORDER BY count(*) ASC LIMIT 1","['contestant_votes', 'voting_contestants']","SELECT T1.voting_contestants_contestant_number, T1.contestant_name FROM cluster52_contestant_votes_join_voting_contestants AS T1 GROUP BY T1.voting_contestants_contestant_number ORDER BY count(*) ASC LIMIT 1"
voter_1,How many states are there?,SELECT count(*) FROM area_code_state,['area_code_state'],SELECT count(*) FROM cluster53_AREA_CODE_STATE,SELECT count(*) FROM state_area_codes,['state_area_codes'],SELECT count(*) FROM cluster53_state_area_codes
voter_1,"List the contestant numbers and names, ordered by contestant name descending.","SELECT contestant_number ,  contestant_name FROM contestants ORDER BY contestant_name DESC",['contestants'],"SELECT contestant_number, contestant_name FROM CONTESTANTS ORDER BY contestant_name DESC","SELECT contestant_number, contestant_name FROM voting_contestants ORDER BY contestant_name DESC",['voting_contestants'],"SELECT contestant_number, contestant_name FROM voting_contestants ORDER BY contestant_name DESC"
voter_1,How many contestants did not get voted?,SELECT count(*) FROM contestants WHERE contestant_number NOT IN ( SELECT contestant_number FROM votes ),"['contestants', 'votes']",SELECT count(*) FROM CONTESTANTS WHERE contestant_number NOT IN (SELECT contestant_number FROM VOTES),SELECT count(*) FROM voting_contestants WHERE contestant_number NOT IN (SELECT contestant_number FROM contestant_votes),"['contestant_votes', 'voting_contestants']",SELECT count(*) FROM voting_contestants WHERE contestant_number NOT IN (SELECT contestant_number FROM contestant_votes)
world_1,How many people live in countries that do not speak English?,"SELECT sum(Population) FROM country WHERE Name NOT IN (SELECT T1.Name FROM country AS T1 JOIN countrylanguage AS T2 ON T1.Code  =  T2.CountryCode WHERE T2.Language  =  ""English"")","['country', 'countrylanguage']",SELECT sum(Population) FROM country WHERE Name NOT IN (SELECT Name FROM cluster15_country_join_countrylanguage WHERE Language = 'English'),SELECT SUM(population) FROM countries_info WHERE name NOT IN (SELECT T1.name FROM countries_info AS T1 JOIN country_languages AS T2 ON T1.country_code = T2.country_code WHERE T2.language = 'English');,"['countries_info', 'country_languages']",SELECT sum(population) FROM countries_info WHERE name NOT IN (SELECT name FROM cluster17_countries_info_join_country_languages WHERE language = 'English')
world_1,How many countries have governments that are republics?,"SELECT count(*) FROM country WHERE GovernmentForm  =  ""Republic""",['country'],SELECT count(*) FROM country WHERE GovernmentForm = 'Republic',SELECT COUNT(*) FROM countries_info WHERE government_form = 'Republic';,['countries_info'],SELECT count(*) FROM countries_info WHERE government_form = 'Republic'
world_1,What region does Angola belong to and what is its population?,"SELECT Population ,  Region FROM country WHERE Name  =  ""Angola""",['country'],"SELECT Population, Region FROM country WHERE Name = 'Angola'","SELECT population, region FROM countries_info WHERE name = 'Angola';",['countries_info'],"SELECT population, region FROM countries_info WHERE name = 'Angola'"
world_1,"What are the names of countries that speak more than 2 languages, as well as how many languages they speak?","SELECT COUNT(T2.Language) ,  T1.Name FROM country AS T1 JOIN countrylanguage AS T2 ON T1.Code  =  T2.CountryCode GROUP BY T1.Name HAVING COUNT(*)  >  2","['country', 'countrylanguage']","SELECT COUNT(Language), Name FROM cluster15_country_join_countrylanguage GROUP BY Name HAVING COUNT(*) > 2","SELECT COUNT(T2.language), T1.name FROM countries_info AS T1 JOIN country_languages AS T2 ON T1.country_code = T2.country_code GROUP BY T1.name HAVING COUNT(*) > 2;","['countries_info', 'country_languages']","SELECT COUNT(language), name FROM cluster17_countries_info_join_country_languages GROUP BY name HAVING COUNT(*) > 2"
world_1,What are the names of nations speak both English and French?,"SELECT T1.Name FROM country AS T1 JOIN countrylanguage AS T2 ON T1.Code  =  T2.CountryCode WHERE T2.Language  =  ""English"" INTERSECT SELECT T1.Name FROM country AS T1 JOIN countrylanguage AS T2 ON T1.Code  =  T2.CountryCode WHERE T2.Language  =  ""French""","['country', 'countrylanguage']",SELECT T1.country_Name FROM cluster54_city_join_country_join_countrylanguage AS T1 WHERE T1.Language = 'English' INTERSECT SELECT T1.country_Name FROM cluster54_city_join_country_join_countrylanguage AS T1 WHERE T1.Language = 'French',SELECT T1.name FROM countries_info AS T1 JOIN country_languages AS T2 ON T1.country_code = T2.country_code WHERE T2.language = 'English' INTERSECT SELECT T1.name FROM countries_info AS T1 JOIN country_languages AS T2 ON T1.country_code = T2.country_code WHERE T2.language = 'French';,"['countries_info', 'country_languages']",SELECT name FROM cluster17_countries_info_join_country_languages WHERE language = 'English' INTERSECT SELECT name FROM cluster17_countries_info_join_country_languages WHERE language = 'French'
world_1,Return the names of the 3 most populated countries.,SELECT Name FROM country ORDER BY Population DESC LIMIT 3,['country'],SELECT Name FROM country ORDER BY Population DESC LIMIT 3,SELECT name FROM countries_info ORDER BY population DESC LIMIT 3;,['countries_info'],SELECT name FROM countries_info ORDER BY population DESC LIMIT 3
world_1,What is the average expected life expectancy for countries in the region of Central Africa?,"SELECT avg(LifeExpectancy) FROM country WHERE Region  =  ""Central Africa""",['country'],SELECT avg(LifeExpectancy) FROM country WHERE Region = 'Central Africa',SELECT AVG(life_expectancy) FROM countries_info WHERE region = 'Central Africa';,['countries_info'],SELECT avg(life_expectancy) FROM countries_info WHERE region = 'Central Africa'
world_1,Return the codes of countries that do not speak English and do not have Republics for governments.,"SELECT Code FROM country WHERE GovernmentForm != ""Republic"" EXCEPT SELECT CountryCode FROM countrylanguage WHERE LANGUAGE  =  ""English""","['country', 'countrylanguage']",SELECT Code FROM country WHERE GovernmentForm != 'Republic' EXCEPT SELECT CountryCode FROM countrylanguage WHERE Language = 'English',SELECT country_code FROM countries_info WHERE government_form != 'Republic' EXCEPT SELECT country_code FROM country_languages WHERE language = 'English';,"['countries_info', 'country_languages']",SELECT country_code FROM countries_info WHERE government_form != 'Republic' EXCEPT SELECT country_code FROM country_languages WHERE language = 'English'
world_1,What is the language spoken by the largest percentage of people in each country?,"SELECT LANGUAGE ,  CountryCode ,  max(Percentage) FROM countrylanguage GROUP BY CountryCode",['countrylanguage'],"SELECT Language, CountryCode, max(Percentage) FROM countrylanguage GROUP BY CountryCode","SELECT language, country_code, max(percentage) FROM country_languages GROUP BY country_code",['country_languages'],"SELECT language, country_code, max(percentage) FROM country_languages GROUP BY country_code"
world_1,Give the names of countries that are in Europe and have a population equal to 80000.,"SELECT Name FROM country WHERE continent  =  ""Europe"" AND Population  =  ""80000""",['country'],SELECT Name FROM country WHERE Continent = 'Europe' AND Population = '80000',SELECT name FROM countries_info WHERE continent = 'Europe' AND population = 80000;,['countries_info'],SELECT name FROM countries_info WHERE continent = 'Europe' AND population = '80000'
world_1,Which countries have greater area than that of any country in Europe?,"SELECT Name FROM country WHERE SurfaceArea  >  (SELECT min(SurfaceArea) FROM country WHERE Continent  =  ""Europe"")",['country'],SELECT Name FROM country WHERE SurfaceArea > (SELECT min(SurfaceArea) FROM country WHERE Continent = 'Europe'),SELECT name FROM countries_info WHERE surface_area > (SELECT MIN(surface_area) FROM countries_info WHERE continent = 'Europe');,['countries_info'],SELECT name FROM countries_info WHERE surface_area > (SELECT min(surface_area) FROM countries_info WHERE continent = 'Europe')
world_1,What is the name of country that has the shortest life expectancy in Asia?,"SELECT Name FROM country WHERE Continent  =  ""Asia"" ORDER BY LifeExpectancy LIMIT 1",['country'],SELECT Name FROM country WHERE Continent = 'Asia' ORDER BY LifeExpectancy LIMIT 1,SELECT name FROM countries_info WHERE continent = 'Asia' ORDER BY life_expectancy LIMIT 1;,['countries_info'],SELECT name FROM countries_info WHERE continent = 'Asia' ORDER BY life_expectancy LIMIT 1
world_1,Count the number of countries for which Spanish is the predominantly spoken language.,"SELECT count(*) ,   max(Percentage) FROM countrylanguage WHERE LANGUAGE  =  ""Spanish"" GROUP BY CountryCode",['countrylanguage'],"SELECT count(*), max(Percentage) FROM countrylanguage WHERE Language = 'Spanish' GROUP BY CountryCode","SELECT count(*), max(percentage) FROM country_languages WHERE language = 'Spanish' GROUP BY country_code",['country_languages'],"SELECT count(*), max(percentage) FROM country_languages WHERE language = 'Spanish' GROUP BY country_code"
world_1,What is the language that is used by the largest number of Asian nations?,"SELECT T2.Language FROM country AS T1 JOIN countrylanguage AS T2 ON T1.Code  =  T2.CountryCode WHERE T1.Continent  =  ""Asia"" GROUP BY T2.Language ORDER BY COUNT (*) DESC LIMIT 1","['country', 'countrylanguage']",SELECT Language FROM cluster15_country_join_countrylanguage WHERE Continent = 'Asia' GROUP BY Language ORDER BY COUNT(*) DESC LIMIT 1,SELECT T2.language FROM countries_info AS T1 JOIN country_languages AS T2 ON T1.country_code = T2.country_code WHERE T1.continent = 'Asia' GROUP BY T2.language ORDER BY COUNT(*) DESC LIMIT 1;,"['countries_info', 'country_languages']",SELECT language FROM cluster17_countries_info_join_country_languages WHERE continent = 'Asia' GROUP BY language ORDER BY COUNT(*) DESC LIMIT 1
world_1,Return the different names of cities that are in Asia and for which Chinese is the official language.,"SELECT DISTINCT T3.Name FROM country AS T1 JOIN countrylanguage AS T2 ON T1.Code  =  T2.CountryCode JOIN city AS T3 ON T1.Code  =  T3.CountryCode WHERE T2.IsOfficial  =  'T' AND T2.Language  =  'Chinese' AND T1.Continent  =  ""Asia""","['city', 'country', 'countrylanguage']",SELECT DISTINCT T1.city_Name FROM cluster54_city_join_country_join_countrylanguage AS T1 WHERE T1.IsOfficial = 'T' AND T1.Language = 'Chinese' AND T1.Continent = 'Asia',SELECT DISTINCT T3.name FROM countries_info AS T1 JOIN country_languages AS T2 ON T1.country_code = T2.country_code JOIN cities AS T3 ON T1.country_code = T3.country_code WHERE T2.is_official = 'T' AND T2.language = 'Chinese' AND T1.continent = 'Asia';,"['cities', 'countries_info', 'country_languages']",SELECT DISTINCT T1.cities_name FROM cluster54_cities_join_countries_info_join_country_languages AS T1 WHERE T1.is_official = 'T' AND T1.language = 'Chinese' AND T1.continent = 'Asia'
world_1,Give the name of the nation that uses the greatest amount of languages.,SELECT T1.Name FROM country AS T1 JOIN countrylanguage AS T2 ON T1.Code  =  T2.CountryCode GROUP BY T1.Name ORDER BY COUNT(*) DESC LIMIT 1,"['country', 'countrylanguage']",SELECT Name FROM cluster15_country_join_countrylanguage GROUP BY Name ORDER BY COUNT(*) DESC LIMIT 1,SELECT T1.name FROM countries_info AS T1 JOIN country_languages AS T2 ON T1.country_code = T2.country_code GROUP BY T1.name ORDER BY COUNT(*) DESC LIMIT 1;,"['countries_info', 'country_languages']",SELECT name FROM cluster17_countries_info_join_country_languages GROUP BY name ORDER BY COUNT(*) DESC LIMIT 1
world_1,How many people live in Gelderland district?,"SELECT sum(Population) FROM city WHERE District  =  ""Gelderland""",['city'],SELECT sum(Population) FROM city WHERE District = 'Gelderland',SELECT sum(population) FROM cities WHERE district = 'Gelderland',['cities'],SELECT sum(population) FROM cities WHERE district = 'Gelderland'
world_1,How many official languages are spoken in Afghanistan?,"SELECT COUNT(*) FROM country AS T1 JOIN countrylanguage AS T2 ON T1.Code  =  T2.CountryCode WHERE T1.Name  =  ""Afghanistan"" AND IsOfficial  =  ""T""","['country', 'countrylanguage']",SELECT COUNT(*) FROM cluster15_country_join_countrylanguage WHERE Name = 'Afghanistan' AND IsOfficial = 'T',SELECT COUNT(*) FROM countries_info AS T1 JOIN country_languages AS T2 ON T1.country_code = T2.country_code WHERE T1.name = 'Afghanistan' AND T2.is_official = 'T';,"['countries_info', 'country_languages']",SELECT COUNT(*) FROM cluster17_countries_info_join_country_languages WHERE name = 'Afghanistan' AND is_official = 'T'
world_1,What is the number of nations that use English and Dutch?,"SELECT COUNT(*) FROM (SELECT T1.Name FROM country AS T1 JOIN countrylanguage AS T2 ON T1.Code  =  T2.CountryCode WHERE T2.Language  =  ""English"" INTERSECT SELECT T1.Name FROM country AS T1 JOIN countrylanguage AS T2 ON T1.Code  =  T2.CountryCode WHERE T2.Language  =  ""Dutch"")","['country', 'countrylanguage']",SELECT COUNT(*) FROM (SELECT T1.country_Name FROM cluster54_city_join_country_join_countrylanguage AS T1 WHERE T1.Language = 'English' INTERSECT SELECT T1.country_Name FROM cluster54_city_join_country_join_countrylanguage AS T1 WHERE T1.Language = 'Dutch'),SELECT COUNT(*) FROM (SELECT T1.name FROM countries_info AS T1 JOIN country_languages AS T2 ON T1.country_code = T2.country_code WHERE T2.language = 'English' INTERSECT SELECT T1.name FROM countries_info AS T1 JOIN country_languages AS T2 ON T1.country_code = T2.country_code WHERE T2.language = 'Dutch');,"['countries_info', 'country_languages']",SELECT COUNT(*) FROM (SELECT name FROM cluster17_countries_info_join_country_languages WHERE language = 'English' INTERSECT SELECT name FROM cluster17_countries_info_join_country_languages WHERE language = 'Dutch')
world_1,Which language is spoken by the largest number of countries?,SELECT LANGUAGE FROM countrylanguage GROUP BY LANGUAGE ORDER BY count(*) DESC LIMIT 1,['countrylanguage'],SELECT Language FROM countrylanguage GROUP BY Language ORDER BY count(*) DESC LIMIT 1,SELECT language FROM country_languages GROUP BY language ORDER BY count(*) DESC LIMIT 1,['country_languages'],SELECT language FROM country_languages GROUP BY language ORDER BY count(*) DESC LIMIT 1
world_1,What is the total number of unique official languages spoken in the countries that are founded before 1930?,"SELECT count(DISTINCT T2.Language) FROM country AS T1 JOIN countrylanguage AS T2 ON T1.Code  =  T2.CountryCode WHERE  IndepYear  <  1930 AND T2.IsOfficial  =  ""T""","['country', 'countrylanguage']",SELECT count(DISTINCT T1.Language) FROM cluster54_city_join_country_join_countrylanguage AS T1 WHERE T1.IndepYear < 1930 AND T1.IsOfficial = 'T',SELECT COUNT(DISTINCT T2.language) FROM countries_info AS T1 JOIN country_languages AS T2 ON T1.country_code = T2.country_code WHERE T1.indep_year < 1930 AND T2.is_official = 'T';,"['countries_info', 'country_languages']",SELECT count(DISTINCT language) FROM cluster17_countries_info_join_country_languages WHERE indep_year < 1930 AND is_official = 'T'
world_1,Give the country codes for countries in which people speak langauges that are not English.,"SELECT DISTINCT CountryCode FROM countrylanguage WHERE LANGUAGE != ""English""",['countrylanguage'],SELECT DISTINCT CountryCode FROM countrylanguage WHERE Language != 'English',SELECT DISTINCT country_code FROM country_languages WHERE language != 'English',['country_languages'],SELECT DISTINCT country_code FROM country_languages WHERE language != 'English'
world_1,What is the total number of languages used in Aruba?,"SELECT COUNT(T2.Language) FROM country AS T1 JOIN countrylanguage AS T2 ON T1.Code  =  T2.CountryCode WHERE T1.Name  =  ""Aruba""","['country', 'countrylanguage']",SELECT COUNT(T1.Language) FROM cluster54_city_join_country_join_countrylanguage AS T1 WHERE T1.country_Name = 'Aruba',SELECT COUNT(T2.language) FROM countries_info AS T1 JOIN country_languages AS T2 ON T1.country_code = T2.country_code WHERE T1.name = 'Aruba';,"['countries_info', 'country_languages']",SELECT COUNT(language) FROM cluster17_countries_info_join_country_languages WHERE name = 'Aruba'
world_1,Give the mean GNP and total population of nations which are considered US territory.,"SELECT avg(GNP) ,  sum(population) FROM country WHERE GovernmentForm  =  ""US Territory""",['country'],"SELECT avg(GNP), sum(Population) FROM country WHERE GovernmentForm = 'US Territory'","SELECT AVG(gnp), SUM(population) FROM countries_info WHERE government_form = 'US Territory';",['countries_info'],"SELECT avg(gnp), sum(population) FROM countries_info WHERE government_form = 'US Territory'"
world_1,Which regions speak Dutch or English?,"SELECT DISTINCT T1.Region FROM country AS T1 JOIN countrylanguage AS T2 ON T1.Code  =  T2.CountryCode WHERE T2.Language  =  ""English"" OR T2.Language  =  ""Dutch""","['country', 'countrylanguage']",SELECT DISTINCT Region FROM cluster15_country_join_countrylanguage WHERE Language = 'English' OR Language = 'Dutch',SELECT DISTINCT T1.region FROM countries_info AS T1 JOIN country_languages AS T2 ON T1.country_code = T2.country_code WHERE T2.language = 'English' OR T2.language = 'Dutch';,"['countries_info', 'country_languages']",SELECT DISTINCT region FROM cluster17_countries_info_join_country_languages WHERE language = 'English' OR language = 'Dutch'
world_1,What are the country codes for countries that do not speak English?,"SELECT CountryCode FROM countrylanguage EXCEPT SELECT CountryCode FROM countrylanguage WHERE LANGUAGE  =  ""English""",['countrylanguage'],SELECT CountryCode FROM countrylanguage EXCEPT SELECT CountryCode FROM countrylanguage WHERE Language = 'English',SELECT country_code FROM country_languages EXCEPT SELECT country_code FROM country_languages WHERE language = 'English',['country_languages'],SELECT country_code FROM country_languages EXCEPT SELECT country_code FROM country_languages WHERE language = 'English'
world_1,What is the most populace city that speaks English?,"SELECT T1.Name ,  T1.Population FROM city AS T1 JOIN countrylanguage AS T2 ON T1.CountryCode  =  T2.CountryCode WHERE T2.Language  =  ""English"" ORDER BY T1.Population DESC LIMIT 1","['city', 'countrylanguage']","SELECT T1.city_Name, T1.city_Population FROM cluster54_city_join_country_join_countrylanguage AS T1 WHERE T1.Language = 'English' ORDER BY T1.city_Population DESC LIMIT 1","SELECT T1.name, T1.population FROM cities AS T1 JOIN country_languages AS T2 ON T1.country_code = T2.country_code WHERE T2.language = 'English' ORDER BY T1.population DESC LIMIT 1","['cities', 'country_languages']","SELECT T1.cities_name, T1.cities_population FROM cluster54_cities_join_countries_info_join_country_languages AS T1 WHERE T1.language = 'English' ORDER BY T1.cities_population DESC LIMIT 1"
world_1,Give me Brazil’s population and life expectancies.,"SELECT Population ,  LifeExpectancy FROM country WHERE Name  =  ""Brazil""",['country'],"SELECT Population, LifeExpectancy FROM country WHERE Name = 'Brazil'","SELECT population, life_expectancy FROM countries_info WHERE name = 'Brazil';",['countries_info'],"SELECT population, life_expectancy FROM countries_info WHERE name = 'Brazil'"
world_1,What is the average GNP and total population in all nations whose government is US territory?,"SELECT avg(GNP) ,  sum(population) FROM country WHERE GovernmentForm  =  ""US Territory""",['country'],"SELECT avg(GNP), sum(Population) FROM country WHERE GovernmentForm = 'US Territory'","SELECT AVG(gnp), SUM(population) FROM countries_info WHERE government_form = 'US Territory';",['countries_info'],"SELECT avg(gnp), sum(population) FROM countries_info WHERE government_form = 'US Territory'"
world_1,What are the names of cities in Europe for which English is not the official language?,SELECT DISTINCT T2.Name FROM country AS T1 JOIN city AS T2 ON T2.CountryCode  =  T1.Code WHERE T1.Continent  =  'Europe' AND T1.Name NOT IN (SELECT T3.Name FROM country AS T3 JOIN countrylanguage AS T4 ON T3.Code  =  T4.CountryCode WHERE T4.IsOfficial  =  'T' AND T4.Language  =  'English'),"['city', 'country', 'countrylanguage']",SELECT DISTINCT T1.city_Name FROM cluster54_city_join_country_join_countrylanguage AS T1 WHERE T1.Continent = 'Europe' AND T1.country_Name NOT IN (SELECT T1.country_Name FROM cluster54_city_join_country_join_countrylanguage AS T1 WHERE T1.IsOfficial = 'T' AND T1.Language = 'English'),SELECT DISTINCT T2.name FROM countries_info AS T1 JOIN cities AS T2 ON T2.country_code = T1.country_code WHERE T1.continent = 'Europe' AND T1.name NOT IN (SELECT T3.name FROM countries_info AS T3 JOIN country_languages AS T4 ON T3.country_code = T4.country_code WHERE T4.is_official = 'T' AND T4.language = 'English');,"['cities', 'countries_info', 'country_languages']",SELECT DISTINCT T1.cities_name FROM cluster54_cities_join_countries_info_join_country_languages AS T1 WHERE T1.continent = 'Europe' AND T1.countries_info_name NOT IN (SELECT name FROM cluster17_countries_info_join_country_languages WHERE is_official = 'T' AND language = 'English')
world_1,How many continents speak Chinese?,"SELECT COUNT( DISTINCT Continent) FROM country AS T1 JOIN countrylanguage AS T2 ON T1.Code  =  T2.CountryCode WHERE T2.Language  =  ""Chinese""","['country', 'countrylanguage']",SELECT COUNT(DISTINCT T1.Continent) FROM cluster54_city_join_country_join_countrylanguage AS T1 WHERE T1.Language = 'Chinese',SELECT COUNT(DISTINCT continent) FROM countries_info AS T1 JOIN country_languages AS T2 ON T1.country_code = T2.country_code WHERE T2.language = 'Chinese';,"['countries_info', 'country_languages']",SELECT COUNT(DISTINCT continent) FROM cluster17_countries_info_join_country_languages WHERE language = 'Chinese'
world_1,how many countries are in Asia?,"SELECT count(*) FROM country WHERE continent  =  ""Asia""",['country'],SELECT count(*) FROM country WHERE Continent = 'Asia',SELECT COUNT(*) FROM countries_info WHERE continent = 'Asia';,['countries_info'],SELECT count(*) FROM countries_info WHERE continent = 'Asia'
world_1,Give the name of the country in Asia with the lowest life expectancy.,"SELECT Name FROM country WHERE Continent  =  ""Asia"" ORDER BY LifeExpectancy LIMIT 1",['country'],SELECT Name FROM country WHERE Continent = 'Asia' ORDER BY LifeExpectancy LIMIT 1,SELECT name FROM countries_info WHERE continent = 'Asia' ORDER BY life_expectancy LIMIT 1;,['countries_info'],SELECT name FROM countries_info WHERE continent = 'Asia' ORDER BY life_expectancy LIMIT 1
world_1,What are the names and areas of countries with the top 5 largest area?,"SELECT Name ,  SurfaceArea FROM country ORDER BY SurfaceArea DESC LIMIT 5",['country'],"SELECT Name, SurfaceArea FROM country ORDER BY SurfaceArea DESC LIMIT 5","SELECT name, surface_area FROM countries_info ORDER BY surface_area DESC LIMIT 5;",['countries_info'],"SELECT name, surface_area FROM countries_info ORDER BY surface_area DESC LIMIT 5"
world_1,How much surface area do the countires in the Carribean cover together?,"SELECT sum(SurfaceArea) FROM country WHERE Region  =  ""Caribbean""",['country'],SELECT sum(SurfaceArea) FROM country WHERE Region = 'Caribbean',SELECT SUM(surface_area) FROM countries_info WHERE region = 'Caribbean';,['countries_info'],SELECT sum(surface_area) FROM countries_info WHERE region = 'Caribbean'
world_1,What are the codes of countries where Spanish is spoken by the largest percentage of people?,"SELECT CountryCode ,  max(Percentage) FROM countrylanguage WHERE LANGUAGE  =  ""Spanish"" GROUP BY CountryCode",['countrylanguage'],"SELECT CountryCode, max(Percentage) FROM countrylanguage WHERE Language = 'Spanish' GROUP BY CountryCode","SELECT country_code, max(percentage) FROM country_languages WHERE language = 'Spanish' GROUP BY country_code",['country_languages'],"SELECT country_code, max(percentage) FROM country_languages WHERE language = 'Spanish' GROUP BY country_code"
world_1,What region is Kabul in?,"SELECT Region FROM country AS T1 JOIN city AS T2 ON T1.Code  =  T2.CountryCode WHERE T2.Name  =  ""Kabul""","['city', 'country']",SELECT T1.Region FROM cluster54_city_join_country_join_countrylanguage AS T1 WHERE T1.city_Name = 'Kabul',SELECT region FROM countries_info AS T1 JOIN cities AS T2 ON T1.country_code = T2.country_code WHERE T2.name = 'Kabul';,"['cities', 'countries_info']",SELECT T1.region FROM cluster54_cities_join_countries_info_join_country_languages AS T1 WHERE T1.cities_name = 'Kabul'
world_1,How many unique languages are spoken in the world?,SELECT count(DISTINCT LANGUAGE) FROM countrylanguage,['countrylanguage'],SELECT count(DISTINCT Language) FROM countrylanguage,SELECT count(DISTINCT language) FROM country_languages,['country_languages'],SELECT count(DISTINCT language) FROM country_languages
world_1,Which region is the city Kabul located in?,"SELECT Region FROM country AS T1 JOIN city AS T2 ON T1.Code  =  T2.CountryCode WHERE T2.Name  =  ""Kabul""","['city', 'country']",SELECT T1.Region FROM cluster54_city_join_country_join_countrylanguage AS T1 WHERE T1.city_Name = 'Kabul',SELECT region FROM countries_info AS T1 JOIN cities AS T2 ON T1.country_code = T2.country_code WHERE T2.name = 'Kabul';,"['cities', 'countries_info']",SELECT T1.region FROM cluster54_cities_join_countries_info_join_country_languages AS T1 WHERE T1.cities_name = 'Kabul'
world_1,What are the Asian countries which have a population larger than that of any country in Africa?,"SELECT Name FROM country WHERE Continent  =  ""Asia""  AND population  >  (SELECT min(population) FROM country WHERE Continent  =  ""Africa"")",['country'],SELECT Name FROM country WHERE Continent = 'Asia' AND Population > (SELECT min(Population) FROM country WHERE Continent = 'Africa'),SELECT name FROM countries_info WHERE continent = 'Asia' AND population > (SELECT MIN(population) FROM countries_info WHERE continent = 'Africa');,['countries_info'],SELECT name FROM countries_info WHERE continent = 'Asia' AND population > (SELECT min(population) FROM countries_info WHERE continent = 'Africa')
world_1,Give the names of countries with English and French as official languages.,"SELECT T1.Name FROM country AS T1 JOIN countrylanguage AS T2 ON T1.Code  =  T2.CountryCode WHERE T2.Language  =  ""English"" AND T2.IsOfficial  =  ""T"" INTERSECT SELECT T1.Name FROM country AS T1 JOIN countrylanguage AS T2 ON T1.Code  =  T2.CountryCode WHERE T2.Language  =  ""French"" AND T2.IsOfficial  =  ""T""","['country', 'countrylanguage']",SELECT T1.country_Name FROM cluster54_city_join_country_join_countrylanguage AS T1 WHERE T1.Language = 'English' AND T1.IsOfficial = 'T' INTERSECT SELECT T1.country_Name FROM cluster54_city_join_country_join_countrylanguage AS T1 WHERE T1.Language = 'French' AND T1.IsOfficial = 'T',SELECT T1.name FROM countries_info AS T1 JOIN country_languages AS T2 ON T1.country_code = T2.country_code WHERE T2.language = 'English' AND T2.is_official = 'T' INTERSECT SELECT T1.name FROM countries_info AS T1 JOIN country_languages AS T2 ON T1.country_code = T2.country_code WHERE T2.language = 'French' AND T2.is_official = 'T';,"['countries_info', 'country_languages']",SELECT name FROM cluster17_countries_info_join_country_languages WHERE language = 'English' AND is_official = 'T' INTERSECT SELECT name FROM cluster17_countries_info_join_country_languages WHERE language = 'French' AND is_official = 'T'
world_1,What are names of countries with the top 3 largest population?,SELECT Name FROM country ORDER BY Population DESC LIMIT 3,['country'],SELECT Name FROM country ORDER BY Population DESC LIMIT 3,SELECT name FROM countries_info ORDER BY population DESC LIMIT 3;,['countries_info'],SELECT name FROM countries_info ORDER BY population DESC LIMIT 3
world_1,Find the government form name and total population for each government form whose average life expectancy is longer than 72.,"SELECT sum(Population) ,  GovernmentForm FROM country GROUP BY GovernmentForm HAVING avg(LifeExpectancy)  >  72",['country'],"SELECT sum(Population), GovernmentForm FROM country GROUP BY GovernmentForm HAVING avg(LifeExpectancy) > 72","SELECT SUM(population), government_form FROM countries_info GROUP BY government_form HAVING AVG(life_expectancy) > 72;",['countries_info'],"SELECT sum(population), government_form FROM countries_info GROUP BY government_form HAVING avg(life_expectancy) > 72"
world_1,What are the regions that use English or Dutch?,"SELECT DISTINCT T1.Region FROM country AS T1 JOIN countrylanguage AS T2 ON T1.Code  =  T2.CountryCode WHERE T2.Language  =  ""English"" OR T2.Language  =  ""Dutch""","['country', 'countrylanguage']",SELECT DISTINCT Region FROM cluster15_country_join_countrylanguage WHERE Language = 'English' OR Language = 'Dutch',SELECT DISTINCT T1.region FROM countries_info AS T1 JOIN country_languages AS T2 ON T1.country_code = T2.country_code WHERE T2.language = 'English' OR T2.language = 'Dutch';,"['countries_info', 'country_languages']",SELECT DISTINCT region FROM cluster17_countries_info_join_country_languages WHERE language = 'English' OR language = 'Dutch'
world_1,What are the population and life expectancies in Brazil?,"SELECT Population ,  LifeExpectancy FROM country WHERE Name  =  ""Brazil""",['country'],"SELECT Population, LifeExpectancy FROM country WHERE Name = 'Brazil'","SELECT population, life_expectancy FROM countries_info WHERE name = 'Brazil';",['countries_info'],"SELECT population, life_expectancy FROM countries_info WHERE name = 'Brazil'"
world_1,"What are the different continents and the total popuation and average life expectancy corresponding to each, for continents that have an average life expectancy less than 72?","SELECT sum(Population) ,  avg(LifeExpectancy) ,  Continent FROM country GROUP BY Continent HAVING avg(LifeExpectancy)  <  72",['country'],"SELECT sum(Population), avg(LifeExpectancy), Continent FROM country GROUP BY Continent HAVING avg(LifeExpectancy) < 72","SELECT SUM(population), AVG(life_expectancy), continent FROM countries_info GROUP BY continent HAVING AVG(life_expectancy) < 72;",['countries_info'],"SELECT sum(population), avg(life_expectancy), continent FROM countries_info GROUP BY continent HAVING avg(life_expectancy) < 72"
world_1,Give the names of the nations that were founded after 1950.,SELECT Name FROM country WHERE IndepYear  >  1950,['country'],SELECT Name FROM country WHERE IndepYear > 1950,SELECT name FROM countries_info WHERE indep_year > 1950;,['countries_info'],SELECT name FROM countries_info WHERE indep_year > 1950
world_1,Which countries have either English or Dutch as an official language?,"SELECT * FROM country AS T1 JOIN countrylanguage AS T2 ON T1.Code  =  T2.CountryCode WHERE T2.Language  =  ""English"" AND IsOfficial  =  ""T"" UNION SELECT * FROM country AS T1 JOIN countrylanguage AS T2 ON T1.Code  =  T2.CountryCode WHERE T2.Language  =  ""Dutch"" AND IsOfficial  =  ""T""","['country', 'countrylanguage']",SELECT * FROM cluster15_country_join_countrylanguage WHERE Language = 'English' AND IsOfficial = 'T' UNION SELECT * FROM cluster15_country_join_countrylanguage WHERE Language = 'Dutch' AND IsOfficial = 'T',SELECT * FROM countries_info AS T1 JOIN country_languages AS T2 ON T1.country_code = T2.country_code WHERE T2.language = 'English' AND T2.is_official = 'T' UNION SELECT * FROM countries_info AS T1 JOIN country_languages AS T2 ON T1.country_code = T2.country_code WHERE T2.language = 'Dutch' AND T2.is_official = 'T';,"['countries_info', 'country_languages']",SELECT * FROM cluster17_countries_info_join_country_languages WHERE language = 'English' AND is_official = 'T' UNION SELECT * FROM cluster17_countries_info_join_country_languages WHERE language = 'Dutch' AND is_official = 'T'
world_1,Which language is the most popular in Aruba?,"SELECT T2.Language FROM country AS T1 JOIN countrylanguage AS T2 ON T1.Code  =  T2.CountryCode WHERE T1.Name  =  ""Aruba"" ORDER BY Percentage DESC LIMIT 1","['country', 'countrylanguage']",SELECT T1.Language FROM cluster54_city_join_country_join_countrylanguage AS T1 WHERE T1.country_Name = 'Aruba' ORDER BY T1.Percentage DESC LIMIT 1,SELECT T2.language FROM countries_info AS T1 JOIN country_languages AS T2 ON T1.country_code = T2.country_code WHERE T1.name = 'Aruba' ORDER BY T2.percentage DESC LIMIT 1;,"['countries_info', 'country_languages']",SELECT language FROM cluster17_countries_info_join_country_languages WHERE name = 'Aruba' ORDER BY percentage DESC LIMIT 1
world_1,Find the city with the largest population that uses English.,"SELECT T1.Name ,  T1.Population FROM city AS T1 JOIN countrylanguage AS T2 ON T1.CountryCode  =  T2.CountryCode WHERE T2.Language  =  ""English"" ORDER BY T1.Population DESC LIMIT 1","['city', 'countrylanguage']","SELECT T1.city_Name, T1.city_Population FROM cluster54_city_join_country_join_countrylanguage AS T1 WHERE T1.Language = 'English' ORDER BY T1.city_Population DESC LIMIT 1","SELECT T1.name, T1.population FROM cities AS T1 JOIN country_languages AS T2 ON T1.country_code = T2.country_code WHERE T2.language = 'English' ORDER BY T1.population DESC LIMIT 1","['cities', 'country_languages']","SELECT T1.cities_name, T1.cities_population FROM cluster54_cities_join_countries_info_join_country_languages AS T1 WHERE T1.language = 'English' ORDER BY T1.cities_population DESC LIMIT 1"
world_1,Give the mean life expectancy of countries in which English is not the official language.,"SELECT avg(LifeExpectancy) FROM country WHERE Name NOT IN (SELECT T1.Name FROM country AS T1 JOIN countrylanguage AS T2 ON T1.Code  =  T2.CountryCode WHERE T2.Language  =  ""English"" AND T2.IsOfficial  =  ""T"")","['country', 'countrylanguage']",SELECT avg(LifeExpectancy) FROM country WHERE Name NOT IN (SELECT T1.country_Name FROM cluster54_city_join_country_join_countrylanguage AS T1 WHERE T1.Language = 'English' AND T1.IsOfficial = 'T'),SELECT AVG(life_expectancy) FROM countries_info WHERE name NOT IN (SELECT T1.name FROM countries_info AS T1 JOIN country_languages AS T2 ON T1.country_code = T2.country_code WHERE T2.language = 'English' AND T2.is_official = 'T');,"['countries_info', 'country_languages']",SELECT avg(life_expectancy) FROM countries_info WHERE name NOT IN (SELECT name FROM cluster17_countries_info_join_country_languages WHERE language = 'English' AND is_official = 'T')
world_1,What are the different government forms and what is the total population of each for government forms that have an average life expectancy greater than 72?,"SELECT sum(Population) ,  GovernmentForm FROM country GROUP BY GovernmentForm HAVING avg(LifeExpectancy)  >  72",['country'],"SELECT sum(Population), GovernmentForm FROM country GROUP BY GovernmentForm HAVING avg(LifeExpectancy) > 72","SELECT SUM(population), government_form FROM countries_info GROUP BY government_form HAVING AVG(life_expectancy) > 72;",['countries_info'],"SELECT sum(population), government_form FROM countries_info GROUP BY government_form HAVING avg(life_expectancy) > 72"
world_1,"Find the name, population and expected life length of asian country with the largest area?","SELECT Name ,  Population ,  LifeExpectancy FROM country WHERE Continent  =  ""Asia"" ORDER BY SurfaceArea DESC LIMIT 1",['country'],"SELECT Name, Population, LifeExpectancy FROM country WHERE Continent = 'Asia' ORDER BY SurfaceArea DESC LIMIT 1","SELECT name, population, life_expectancy FROM countries_info WHERE continent = 'Asia' ORDER BY surface_area DESC LIMIT 1;",['countries_info'],"SELECT name, population, life_expectancy FROM countries_info WHERE continent = 'Asia' ORDER BY surface_area DESC LIMIT 1"
world_1,What are the names of the countries that are in the continent of Europe and have a population of 80000?,"SELECT Name FROM country WHERE continent  =  ""Europe"" AND Population  =  ""80000""",['country'],SELECT Name FROM country WHERE Continent = 'Europe' AND Population = '80000',SELECT name FROM countries_info WHERE continent = 'Europe' AND population = 80000;,['countries_info'],SELECT name FROM countries_info WHERE continent = 'Europe' AND population = '80000'
world_1,How many type of governments are in Africa?,"SELECT count(DISTINCT GovernmentForm) FROM country WHERE Continent  =  ""Africa""",['country'],SELECT count(DISTINCT GovernmentForm) FROM country WHERE Continent = 'Africa',SELECT COUNT(DISTINCT government_form) FROM countries_info WHERE continent = 'Africa';,['countries_info'],SELECT count(DISTINCT government_form) FROM countries_info WHERE continent = 'Africa'
world_1,Find the average life expectancy and total population for each continent where the average life expectancy is shorter than 72?,"SELECT sum(Population) ,  avg(LifeExpectancy) ,  Continent FROM country GROUP BY Continent HAVING avg(LifeExpectancy)  <  72",['country'],"SELECT sum(Population), avg(LifeExpectancy), Continent FROM country GROUP BY Continent HAVING avg(LifeExpectancy) < 72","SELECT SUM(population), AVG(life_expectancy), continent FROM countries_info GROUP BY continent HAVING AVG(life_expectancy) < 72;",['countries_info'],"SELECT sum(population), avg(life_expectancy), continent FROM countries_info GROUP BY continent HAVING avg(life_expectancy) < 72"
world_1,What is name of the country that speaks the largest number of languages?,SELECT T1.Name FROM country AS T1 JOIN countrylanguage AS T2 ON T1.Code  =  T2.CountryCode GROUP BY T1.Name ORDER BY COUNT(*) DESC LIMIT 1,"['country', 'countrylanguage']",SELECT Name FROM cluster15_country_join_countrylanguage GROUP BY Name ORDER BY COUNT(*) DESC LIMIT 1,SELECT T1.name FROM countries_info AS T1 JOIN country_languages AS T2 ON T1.country_code = T2.country_code GROUP BY T1.name ORDER BY COUNT(*) DESC LIMIT 1;,"['countries_info', 'country_languages']",SELECT name FROM cluster17_countries_info_join_country_languages GROUP BY name ORDER BY COUNT(*) DESC LIMIT 1
world_1,"What are the population, name and leader of the country with the largest area?","SELECT Name ,  population ,  HeadOfState FROM country ORDER BY SurfaceArea DESC LIMIT 1",['country'],"SELECT Name, Population, HeadOfState FROM country ORDER BY SurfaceArea DESC LIMIT 1","SELECT name, population, head_of_state FROM countries_info ORDER BY surface_area DESC LIMIT 1;",['countries_info'],"SELECT name, population, head_of_state FROM countries_info ORDER BY surface_area DESC LIMIT 1"
world_1,Return the names of cities that have a population between 160000 and 900000 .,select name from city where population between 160000 and 900000,['city'],SELECT Name FROM city WHERE Population BETWEEN 160000 AND 900000,SELECT name FROM cities WHERE population BETWEEN 160000 AND 900000,['cities'],SELECT name FROM cities WHERE population BETWEEN 160000 AND 900000
world_1,How many languages are spoken in Aruba?,"SELECT COUNT(T2.Language) FROM country AS T1 JOIN countrylanguage AS T2 ON T1.Code  =  T2.CountryCode WHERE T1.Name  =  ""Aruba""","['country', 'countrylanguage']",SELECT COUNT(T1.Language) FROM cluster54_city_join_country_join_countrylanguage AS T1 WHERE T1.country_Name = 'Aruba',SELECT COUNT(T2.language) FROM countries_info AS T1 JOIN country_languages AS T2 ON T1.country_code = T2.country_code WHERE T1.name = 'Aruba';,"['countries_info', 'country_languages']",SELECT COUNT(language) FROM cluster17_countries_info_join_country_languages WHERE name = 'Aruba'
wta_1,"What are the full names of all players, sorted by birth date?","SELECT first_name ,  last_name FROM players ORDER BY birth_date",['players'],"SELECT first_name, last_name FROM cluster55_players ORDER BY birth_date","SELECT first_name, last_name FROM tennis_players ORDER BY birth_date",['tennis_players'],"SELECT first_name, last_name FROM cluster55_tennis_players ORDER BY birth_date"
wta_1,Find the total number of players.,SELECT count(*) FROM players,['players'],SELECT count(*) FROM cluster55_players,SELECT count(*) FROM tennis_players,['tennis_players'],SELECT count(*) FROM cluster55_tennis_players
wta_1,How many matches were played in each year?,"SELECT count(*) ,  YEAR FROM matches GROUP BY YEAR",['matches'],"SELECT count(*), year FROM cluster56_matches GROUP BY year","SELECT count(*), year FROM tennis_matches GROUP BY year",['tennis_matches'],"SELECT count(*), year FROM cluster56_tennis_matches GROUP BY year"
wta_1,Find the name of tourney that has more than 10 matches.,SELECT tourney_name FROM matches GROUP BY tourney_name HAVING count(*)  >  10,['matches'],SELECT tourney_name FROM cluster56_matches GROUP BY tourney_name HAVING count(*) > 10,SELECT tourney_name FROM tennis_matches GROUP BY tourney_name HAVING count(*) > 10,['tennis_matches'],SELECT tourney_name FROM cluster56_tennis_matches GROUP BY tourney_name HAVING count(*) > 10
wta_1,Find the first name and country code of the oldest player.,"SELECT first_name ,  country_code FROM players ORDER BY birth_date LIMIT 1",['players'],"SELECT first_name, country_code FROM cluster55_players ORDER BY birth_date LIMIT 1","SELECT first_name, country_code FROM tennis_players ORDER BY birth_date LIMIT 1",['tennis_players'],"SELECT first_name, country_code FROM cluster55_tennis_players ORDER BY birth_date LIMIT 1"
wta_1,Find the name of the winner who has the highest rank points and participated in the Australian Open tourney.,SELECT winner_name FROM matches WHERE tourney_name  =  'Australian Open' ORDER BY winner_rank_points DESC LIMIT 1,['matches'],SELECT winner_name FROM cluster56_matches WHERE tourney_name = 'Australian Open' ORDER BY winner_rank_points DESC LIMIT 1,SELECT winner_name FROM tennis_matches WHERE tourney_name = 'Australian Open' ORDER BY winner_rank_points DESC LIMIT 1,['tennis_matches'],SELECT winner_name FROM cluster56_tennis_matches WHERE tourney_name = 'Australian Open' ORDER BY winner_rank_points DESC LIMIT 1
wta_1,Find the number of left handed winners who participated in the WTA Championships.,SELECT count(DISTINCT winner_name) FROM matches WHERE tourney_name  =  'WTA Championships' AND winner_hand  =  'L',['matches'],SELECT count(DISTINCT winner_name) FROM cluster56_matches WHERE tourney_name = 'WTA Championships' AND winner_hand = 'L',SELECT count(DISTINCT winner_name) FROM tennis_matches WHERE tourney_name = 'WTA Championships' AND winner_hand = 'L',['tennis_matches'],SELECT count(DISTINCT winner_name) FROM cluster56_tennis_matches WHERE tourney_name = 'WTA Championships' AND winner_hand = 'L'
wta_1,List the names of all winners who played in both 2013 and 2016.,SELECT winner_name FROM matches WHERE YEAR  =  2013 INTERSECT SELECT winner_name FROM matches WHERE YEAR  =  2016,['matches'],SELECT winner_name FROM cluster56_matches WHERE year = 2013 INTERSECT SELECT winner_name FROM cluster56_matches WHERE year = 2016,SELECT winner_name FROM tennis_matches WHERE year = 2013 INTERSECT SELECT winner_name FROM tennis_matches WHERE year = 2016,['tennis_matches'],SELECT winner_name FROM cluster56_tennis_matches WHERE year = 2013 INTERSECT SELECT winner_name FROM cluster56_tennis_matches WHERE year = 2016
wta_1,What is the best rank of losers across all matches?,SELECT min(loser_rank) FROM matches,['matches'],SELECT min(loser_rank) FROM cluster56_matches,SELECT min(loser_rank) FROM tennis_matches,['tennis_matches'],SELECT min(loser_rank) FROM cluster56_tennis_matches
wta_1,Find the number of matches happened in each year.,"SELECT count(*) ,  YEAR FROM matches GROUP BY YEAR",['matches'],"SELECT count(*), year FROM cluster56_matches GROUP BY year","SELECT count(*), year FROM tennis_matches GROUP BY year",['tennis_matches'],"SELECT count(*), year FROM cluster56_tennis_matches GROUP BY year"
wta_1,What are the names of the winner and loser who played in the longest match?,"SELECT winner_name ,  loser_name FROM matches ORDER BY minutes DESC LIMIT 1",['matches'],"SELECT winner_name, loser_name FROM cluster56_matches ORDER BY minutes DESC LIMIT 1","SELECT winner_name, loser_name FROM tennis_matches ORDER BY minutes DESC LIMIT 1",['tennis_matches'],"SELECT winner_name, loser_name FROM cluster56_tennis_matches ORDER BY minutes DESC LIMIT 1"
wta_1,Count the number of matches.,SELECT count(*) FROM matches,['matches'],SELECT count(*) FROM cluster56_matches,SELECT count(*) FROM tennis_matches,['tennis_matches'],SELECT count(*) FROM cluster56_tennis_matches
wta_1,Which year had the most matches?,SELECT YEAR FROM matches GROUP BY YEAR ORDER BY count(*) DESC LIMIT 1,['matches'],SELECT year FROM cluster56_matches GROUP BY year ORDER BY count(*) DESC LIMIT 1,SELECT year FROM tennis_matches GROUP BY year ORDER BY count(*) DESC LIMIT 1,['tennis_matches'],SELECT year FROM cluster56_tennis_matches GROUP BY year ORDER BY count(*) DESC LIMIT 1
wta_1,"What is the name of the winner who has won the most matches, and how many rank points does this player have?","SELECT winner_name ,  winner_rank_points FROM matches GROUP BY winner_name ORDER BY count(*) DESC LIMIT 1",['matches'],"SELECT winner_name, winner_rank_points FROM cluster56_matches GROUP BY winner_name ORDER BY count(*) DESC LIMIT 1","SELECT winner_name, winner_rank_points FROM tennis_matches GROUP BY winner_name ORDER BY count(*) DESC LIMIT 1",['tennis_matches'],"SELECT winner_name, winner_rank_points FROM cluster56_tennis_matches GROUP BY winner_name ORDER BY count(*) DESC LIMIT 1"
wta_1,Find the name and rank of the 3 youngest winners across all matches.,"SELECT DISTINCT winner_name ,  winner_rank FROM matches ORDER BY winner_age LIMIT 3",['matches'],"SELECT DISTINCT winner_name, winner_rank FROM cluster56_matches ORDER BY winner_age LIMIT 3","SELECT DISTINCT winner_name, winner_rank FROM tennis_matches ORDER BY winner_age LIMIT 3",['tennis_matches'],"SELECT DISTINCT winner_name, winner_rank FROM cluster56_tennis_matches ORDER BY winner_age LIMIT 3"
wta_1,List the first name and birth date of all players from the country with code USA.,"SELECT first_name ,  birth_date FROM players WHERE country_code  =  'USA'",['players'],"SELECT first_name, birth_date FROM cluster55_players WHERE country_code = 'USA'","SELECT first_name, birth_date FROM tennis_players WHERE country_code = 'USA'",['tennis_players'],"SELECT first_name, birth_date FROM cluster55_tennis_players WHERE country_code = 'USA'"
wta_1,What are the average ages of losers and winners across matches?,"SELECT avg(loser_age) ,  avg(winner_age) FROM matches",['matches'],"SELECT avg(loser_age), avg(winner_age) FROM cluster56_matches","SELECT avg(loser_age), avg(winner_age) FROM tennis_matches",['tennis_matches'],"SELECT avg(loser_age), avg(winner_age) FROM cluster56_tennis_matches"
wta_1,find the names of loser and winner who played in the match with greatest number of minutes.,"SELECT winner_name ,  loser_name FROM matches ORDER BY minutes DESC LIMIT 1",['matches'],"SELECT winner_name, loser_name FROM cluster56_matches ORDER BY minutes DESC LIMIT 1","SELECT winner_name, loser_name FROM tennis_matches ORDER BY minutes DESC LIMIT 1",['tennis_matches'],"SELECT winner_name, loser_name FROM cluster56_tennis_matches ORDER BY minutes DESC LIMIT 1"
wta_1,How many players are there?,SELECT count(*) FROM players,['players'],SELECT count(*) FROM cluster55_players,SELECT count(*) FROM tennis_players,['tennis_players'],SELECT count(*) FROM cluster55_tennis_players
wta_1,What are the codes of countries with more than 50 players?,SELECT country_code FROM players GROUP BY country_code HAVING count(*)  >  50,['players'],SELECT country_code FROM cluster55_players GROUP BY country_code HAVING count(*) > 50,SELECT country_code FROM tennis_players GROUP BY country_code HAVING count(*) > 50,['tennis_players'],SELECT country_code FROM cluster55_tennis_players GROUP BY country_code HAVING count(*) > 50
wta_1,What are the country code and first name of the players who won in both tourney WTA Championships and Australian Open?,"SELECT T1.country_code ,  T1.first_name FROM players AS T1 JOIN matches AS T2 ON T1.player_id  =  T2.winner_id WHERE T2.tourney_name  =  'WTA Championships' INTERSECT SELECT T1.country_code ,  T1.first_name FROM players AS T1 JOIN matches AS T2 ON T1.player_id  =  T2.winner_id WHERE T2.tourney_name  =  'Australian Open'","['matches', 'players']","SELECT T1.country_code, T1.first_name FROM cluster55_players AS T1 JOIN cluster56_matches AS T2 ON T1.player_id = T2.winner_id WHERE T2.tourney_name = 'WTA Championships' INTERSECT SELECT T1.country_code, T1.first_name FROM cluster55_players AS T1 JOIN cluster56_matches AS T2 ON T1.player_id = T2.winner_id WHERE T2.tourney_name = 'Australian Open'","SELECT T1.country_code, T1.first_name FROM tennis_players AS T1 JOIN tennis_matches AS T2 ON T1.player_id = T2.winner_id WHERE T2.tourney_name = 'WTA Championships' INTERSECT SELECT T1.country_code, T1.first_name FROM tennis_players AS T1 JOIN tennis_matches AS T2 ON T1.player_id = T2.winner_id WHERE T2.tourney_name = 'Australian Open'","['tennis_matches', 'tennis_players']","SELECT T1.country_code, T1.first_name FROM cluster55_tennis_players AS T1 JOIN cluster56_tennis_matches AS T2 ON T1.player_id = T2.winner_id WHERE T2.tourney_name = 'WTA Championships' INTERSECT SELECT T1.country_code, T1.first_name FROM cluster55_tennis_players AS T1 JOIN cluster56_tennis_matches AS T2 ON T1.player_id = T2.winner_id WHERE T2.tourney_name = 'Australian Open'"
wta_1,How many distinct countries do players come from?,SELECT count(DISTINCT country_code) FROM players,['players'],SELECT count(DISTINCT country_code) FROM cluster55_players,SELECT count(DISTINCT country_code) FROM tennis_players,['tennis_players'],SELECT count(DISTINCT country_code) FROM cluster55_tennis_players
wta_1,How many matches were played in 2013 or 2016?,SELECT count(*) FROM matches WHERE YEAR  =  2013 OR YEAR  =  2016,['matches'],SELECT count(*) FROM cluster56_matches WHERE year = 2013 OR year = 2016,SELECT count(*) FROM tennis_matches WHERE year = 2013 OR year = 2016,['tennis_matches'],SELECT count(*) FROM cluster56_tennis_matches WHERE year = 2013 OR year = 2016
wta_1,Find the total number of tours for each ranking date.,"SELECT sum(tours) ,  ranking_date FROM rankings GROUP BY ranking_date",['rankings'],"SELECT sum(tours), ranking_date FROM cluster57_rankings GROUP BY ranking_date","SELECT sum(tours), ranking_date FROM tennis_rankings GROUP BY ranking_date",['tennis_rankings'],"SELECT sum(tours), ranking_date FROM cluster57_tennis_rankings GROUP BY ranking_date"
wta_1,How many players are there for each hand type?,"SELECT count(*) ,  hand FROM players GROUP BY hand",['players'],"SELECT count(*), hand FROM cluster55_players GROUP BY hand","SELECT count(*), hand FROM tennis_players GROUP BY hand",['tennis_players'],"SELECT count(*), hand FROM cluster55_tennis_players GROUP BY hand"
wta_1,Find the codes of countries that have more than 50 players.,SELECT country_code FROM players GROUP BY country_code HAVING count(*)  >  50,['players'],SELECT country_code FROM cluster55_players GROUP BY country_code HAVING count(*) > 50,SELECT country_code FROM tennis_players GROUP BY country_code HAVING count(*) > 50,['tennis_players'],SELECT country_code FROM cluster55_tennis_players GROUP BY country_code HAVING count(*) > 50
wta_1,What are the names of players who won in both 2013 and 2016?,SELECT winner_name FROM matches WHERE YEAR  =  2013 INTERSECT SELECT winner_name FROM matches WHERE YEAR  =  2016,['matches'],SELECT winner_name FROM cluster56_matches WHERE year = 2013 INTERSECT SELECT winner_name FROM cluster56_matches WHERE year = 2016,SELECT winner_name FROM tennis_matches WHERE year = 2013 INTERSECT SELECT winner_name FROM tennis_matches WHERE year = 2016,['tennis_matches'],SELECT winner_name FROM cluster56_tennis_matches WHERE year = 2013 INTERSECT SELECT winner_name FROM cluster56_tennis_matches WHERE year = 2016
wta_1,List the number of all matches who played in years of 2013 or 2016.,SELECT count(*) FROM matches WHERE YEAR  =  2013 OR YEAR  =  2016,['matches'],SELECT count(*) FROM cluster56_matches WHERE year = 2013 OR year = 2016,SELECT count(*) FROM tennis_matches WHERE year = 2013 OR year = 2016,['tennis_matches'],SELECT count(*) FROM cluster56_tennis_matches WHERE year = 2013 OR year = 2016
wta_1,How many different winners both participated in the WTA Championships and were left handed?,SELECT count(DISTINCT winner_name) FROM matches WHERE tourney_name  =  'WTA Championships' AND winner_hand  =  'L',['matches'],SELECT count(DISTINCT winner_name) FROM cluster56_matches WHERE tourney_name = 'WTA Championships' AND winner_hand = 'L',SELECT count(DISTINCT winner_name) FROM tennis_matches WHERE tourney_name = 'WTA Championships' AND winner_hand = 'L',['tennis_matches'],SELECT count(DISTINCT winner_name) FROM cluster56_tennis_matches WHERE tourney_name = 'WTA Championships' AND winner_hand = 'L'
wta_1,Find the highest rank of losers in all matches.,SELECT min(loser_rank) FROM matches,['matches'],SELECT min(loser_rank) FROM cluster56_matches,SELECT min(loser_rank) FROM tennis_matches,['tennis_matches'],SELECT min(loser_rank) FROM cluster56_tennis_matches
wta_1,List the first and last name of all players who are left / L hand in the order of birth date.,"SELECT first_name ,  last_name FROM players WHERE hand  =  'L' ORDER BY birth_date",['players'],"SELECT first_name, last_name FROM cluster55_players WHERE hand = 'L' ORDER BY birth_date","SELECT first_name, last_name FROM tennis_players WHERE hand = 'L' ORDER BY birth_date",['tennis_players'],"SELECT first_name, last_name FROM cluster55_tennis_players WHERE hand = 'L' ORDER BY birth_date"
