question_id,db_id,question,evidence,SQL,difficulty,gt_tables,view_SQL,renamed_SQL,gt_renamed_tables,renamed_view_SQL
0,california_schools,What is the highest eligible free rate for K-12 students in the schools in Alameda County?,Eligible free rate for K-12 = `Free Meal Count (K-12)` / `Enrollment (K-12)`,SELECT `Free Meal Count (K-12)` / `Enrollment (K-12)` FROM frpm WHERE `County Name` = 'Alameda' ORDER BY (CAST(`Free Meal Count (K-12)` AS REAL) / `Enrollment (K-12)`) DESC LIMIT 1,simple,['frpm'],SELECT `Free Meal Count (K-12)` / `Enrollment (K-12)` FROM frpm WHERE `County Name` = 'Alameda' ORDER BY (CAST(`Free Meal Count (K-12)` AS REAL) / `Enrollment (K-12)`) DESC LIMIT 1,SELECT free_meal_count_k12 / enrollment_k12 FROM Education_Lunch_Aid WHERE county_name = 'Alameda' ORDER BY (CAST(free_meal_count_k12 AS REAL) / enrollment_k12) DESC LIMIT 1,['Education_Lunch_Aid'],SELECT free_meal_count_k12 / enrollment_k12 FROM Education_Lunch_Aid WHERE county_name = 'Alameda' ORDER BY (CAST(free_meal_count_k12 AS REAL) / enrollment_k12) DESC LIMIT 1
1,california_schools,Please list the lowest three eligible free rates for students aged 5-17 in continuation schools.,Eligible free rates for students aged 5-17 = `Free Meal Count (Ages 5-17)` / `Enrollment (Ages 5-17)`,SELECT `Free Meal Count (Ages 5-17)` / `Enrollment (Ages 5-17)` FROM frpm WHERE `Educational Option Type` = 'Continuation School' AND `Free Meal Count (Ages 5-17)` / `Enrollment (Ages 5-17)` IS NOT NULL ORDER BY `Free Meal Count (Ages 5-17)` / `Enrollment (Ages 5-17)` ASC LIMIT 3,moderate,['frpm'],SELECT `Free Meal Count (Ages 5-17)` / `Enrollment (Ages 5-17)` FROM frpm WHERE `Educational Option Type` = 'Continuation School' AND `Free Meal Count (Ages 5-17)` / `Enrollment (Ages 5-17)` IS NOT NULL ORDER BY `Free Meal Count (Ages 5-17)` / `Enrollment (Ages 5-17)` ASC LIMIT 3,SELECT free_meal_count_ages_5_17 / enrollment_ages_5_17 FROM Education_Lunch_Aid WHERE educational_option_type = 'Continuation School' AND free_meal_count_ages_5_17 / enrollment_ages_5_17 IS NOT NULL ORDER BY free_meal_count_ages_5_17 / enrollment_ages_5_17 ASC LIMIT 3,['Education_Lunch_Aid'],SELECT free_meal_count_ages_5_17 / enrollment_ages_5_17 FROM Education_Lunch_Aid WHERE educational_option_type = 'Continuation School' AND free_meal_count_ages_5_17 / enrollment_ages_5_17 IS NOT NULL ORDER BY free_meal_count_ages_5_17 / enrollment_ages_5_17 ASC LIMIT 3
4,california_schools,Please list the phone numbers of the direct charter-funded schools that are opened after 2000/1/1.,Charter schools refers to `Charter School (Y/N)` = 1 in the frpm,SELECT T2.Phone FROM frpm AS T1 INNER JOIN schools AS T2 ON T1.CDSCode = T2.CDSCode WHERE T1.`Charter Funding Type` = 'Directly funded' AND T1.`Charter School (Y/N)` = 1 AND T2.OpenDate > '2000-01-01',moderate,"['schools', 'frpm']",SELECT Phone FROM cluster1_frpm_join_schools WHERE `Charter Funding Type` = 'Directly funded' AND `Charter School (Y/N)` = 1 AND OpenDate > '2000-01-01',SELECT T2.phone_number FROM Education_Lunch_Aid AS T1 INNER JOIN Education_Schools AS T2 ON T1.school_cds_code = T2.school_cds_code WHERE T1.charter_funding_type = 'Directly funded' AND T1.is_charter_school = 1 AND T2.date_opened > '2000-01-01',"['Education_Lunch_Aid', 'Education_Schools']",SELECT phone_number FROM workload_updated_cluster1_Education_Lunch_Aid_join_Education_Schools WHERE charter_funding_type = 'Directly funded' AND is_charter_school = 1 AND date_opened > '2000-01-01'
7,california_schools,What is the phone number of the school that has the highest number of test takers with an SAT score of over 1500?,,SELECT T2.Phone FROM satscores AS T1 INNER JOIN schools AS T2 ON T1.cds = T2.CDSCode ORDER BY T1.NumGE1500 DESC LIMIT 1,simple,"['satscores', 'schools']",SELECT Phone FROM cluster2_satscores_join_schools ORDER BY NumGE1500 DESC LIMIT 1,SELECT T2.phone_number FROM Education_SAT_Stats AS T1 INNER JOIN Education_Schools AS T2 ON T1.school_cds_code = T2.school_cds_code ORDER BY T1.num_scores_ge_1500 DESC LIMIT 1,"['Education_Schools', 'Education_SAT_Stats']",SELECT phone_number FROM workload_updated_cluster2_Education_SAT_Stats_join_Education_Schools ORDER BY num_scores_ge_1500 DESC LIMIT 1
8,california_schools,What is the number of SAT test takers of the schools with the highest FRPM count for K-12 students?,,SELECT NumTstTakr FROM satscores WHERE cds = ( SELECT CDSCode FROM frpm ORDER BY `FRPM Count (K-12)` DESC LIMIT 1 ),simple,"['satscores', 'frpm']",SELECT NumTstTakr FROM satscores WHERE cds = ( SELECT CDSCode FROM frpm ORDER BY `FRPM Count (K-12)` DESC LIMIT 1 ),SELECT total_test_takers FROM Education_SAT_Stats WHERE school_cds_code = ( SELECT school_cds_code FROM Education_Lunch_Aid ORDER BY frpm_count_k12 DESC LIMIT 1 ),"['Education_Lunch_Aid', 'Education_SAT_Stats']",SELECT total_test_takers FROM Education_SAT_Stats WHERE school_cds_code = ( SELECT school_cds_code FROM Education_Lunch_Aid ORDER BY frpm_count_k12 DESC LIMIT 1 )
9,california_schools,"Among the schools with the average score in Math over 560 in the SAT test, how many schools are directly charter-funded?",,SELECT COUNT(T2.`School Code`) FROM satscores AS T1 INNER JOIN frpm AS T2 ON T1.cds = T2.CDSCode WHERE T1.AvgScrMath > 560 AND T2.`Charter Funding Type` = 'Directly funded',simple,"['satscores', 'frpm']",SELECT COUNT(`School Code`) FROM cluster1_frpm_join_schools AS T2 WHERE T2.frpm_CDSCode IN (SELECT cds FROM satscores WHERE AvgScrMath > 560) AND T2.`Charter Funding Type` = 'Directly funded',SELECT COUNT(T2.school_code) FROM Education_SAT_Stats AS T1 INNER JOIN Education_Lunch_Aid AS T2 ON T1.school_cds_code = T2.school_cds_code WHERE T1.avg_score_math > 560 AND T2.charter_funding_type = 'Directly funded',"['Education_Lunch_Aid', 'Education_SAT_Stats']",SELECT COUNT(T2.school_code) FROM workload_updated_cluster2_Education_SAT_Stats_join_Education_Schools AS T1 INNER JOIN workload_updated_cluster1_Education_Lunch_Aid_join_Education_Schools AS T2 ON T1.school_cds_code = T2.school_cds_code WHERE T1.avg_score_math > 560 AND T2.charter_funding_type = 'Directly funded'
11,california_schools,Please list the codes of the schools with a total enrollment of over 500.,Total enrollment can be represented by `Enrollment (K-12)` + `Enrollment (Ages 5-17)`,SELECT T2.CDSCode FROM schools AS T1 INNER JOIN frpm AS T2 ON T1.CDSCode = T2.CDSCode WHERE T2.`Enrollment (K-12)` + T2.`Enrollment (Ages 5-17)` > 500,simple,"['schools', 'frpm']",SELECT schools_CDSCode FROM cluster1_frpm_join_schools WHERE `Enrollment (K-12)` + `Enrollment (Ages 5-17)` > 500,SELECT T2.school_cds_code FROM Education_Schools AS T1 INNER JOIN Education_Lunch_Aid AS T2 ON T1.school_cds_code = T2.school_cds_code WHERE T2.enrollment_k12 + T2.enrollment_ages_5_17 > 500,"['Education_Lunch_Aid', 'Education_Schools']",SELECT Education_Schools_school_cds_code FROM workload_updated_cluster1_Education_Lunch_Aid_join_Education_Schools WHERE enrollment_k12 + enrollment_ages_5_17 > 500
13,california_schools,Please list the phone numbers of the schools with the top 3 SAT excellence rate.,Excellence rate = NumGE1500 / NumTstTakr,SELECT T1.Phone FROM schools AS T1 INNER JOIN satscores AS T2 ON T1.CDSCode = T2.cds ORDER BY CAST(T2.NumGE1500 AS REAL) / T2.NumTstTakr DESC LIMIT 3,simple,"['satscores', 'schools']",SELECT Phone FROM cluster2_satscores_join_schools ORDER BY CAST(NumGE1500 AS REAL) / NumTstTakr DESC LIMIT 3,SELECT T1.phone_number FROM Education_Schools AS T1 INNER JOIN Education_SAT_Stats AS T2 ON T1.school_cds_code = T2.school_cds_code ORDER BY CAST(T2.num_scores_ge_1500 AS REAL) / T2.total_test_takers DESC LIMIT 3,"['Education_SAT_Stats', 'Education_Schools']",SELECT phone_number FROM workload_updated_cluster2_Education_SAT_Stats_join_Education_Schools ORDER BY CAST(num_scores_ge_1500 AS REAL) / total_test_takers DESC LIMIT 3
14,california_schools,"List the top five schools, by descending order, from the highest to the lowest, the most number of Enrollment (Ages 5-17). Please give their NCES school identification number.",,SELECT T1.NCESSchool FROM schools AS T1 INNER JOIN frpm AS T2 ON T1.CDSCode = T2.CDSCode ORDER BY T2.`Enrollment (Ages 5-17)` DESC LIMIT 5,simple,"['schools', 'frpm']",SELECT NCESSchool FROM cluster1_frpm_join_schools ORDER BY `Enrollment (Ages 5-17)` DESC LIMIT 5,SELECT T1.nces_school_id FROM Education_Schools AS T1 INNER JOIN Education_Lunch_Aid AS T2 ON T1.school_cds_code = T2.school_cds_code ORDER BY T2.enrollment_ages_5_17 DESC LIMIT 5,"['Education_Lunch_Aid', 'Education_Schools']",SELECT nces_school_id FROM workload_updated_cluster1_Education_Lunch_Aid_join_Education_Schools ORDER BY enrollment_ages_5_17 DESC LIMIT 5
16,california_schools,How many schools in merged Alameda have number of test takers less than 100?,,SELECT COUNT(T1.CDSCode) FROM schools AS T1 INNER JOIN satscores AS T2 ON T1.CDSCode = T2.cds WHERE T1.StatusType = 'Merged' AND T2.NumTstTakr < 100 AND T1.County = 'Alameda',simple,"['satscores', 'schools']",SELECT COUNT(schools_CDSCode) FROM cluster2_satscores_join_schools WHERE StatusType = 'Merged' AND NumTstTakr < 100 AND County = 'Alameda',SELECT COUNT(T1.school_cds_code) FROM Education_Schools AS T1 INNER JOIN Education_SAT_Stats AS T2 ON T1.school_cds_code = T2.school_cds_code WHERE T1.school_status = 'Merged' AND T2.total_test_takers < 100 AND T1.county_name = 'Alameda',"['Education_SAT_Stats', 'Education_Schools']",SELECT COUNT(school_cds_code) FROM workload_updated_cluster2_Education_SAT_Stats_join_Education_Schools WHERE school_status = 'Merged' AND total_test_takers < 100 AND Education_Schools_county_name = 'Alameda'
17,california_schools,What is the charter number of the school that the average score in Writing is 499?,,SELECT T1.CharterNum FROM schools AS T1 INNER JOIN satscores AS T2 ON T1.CDSCode = T2.cds WHERE T2.AvgScrWrite = 499,simple,"['satscores', 'schools']",SELECT CharterNum FROM cluster2_satscores_join_schools WHERE AvgScrWrite = 499,SELECT T1.charter_number FROM Education_Schools AS T1 INNER JOIN Education_SAT_Stats AS T2 ON T1.school_cds_code = T2.school_cds_code WHERE T2.avg_score_writing = 499,"['Education_SAT_Stats', 'Education_Schools']",SELECT charter_number FROM workload_updated_cluster2_Education_SAT_Stats_join_Education_Schools WHERE avg_score_writing = 499
19,california_schools,What is the phone number of the school that has the highest average score in Math?,,SELECT T1.Phone FROM schools AS T1 INNER JOIN satscores AS T2 ON T1.CDSCode = T2.cds ORDER BY T2.AvgScrMath DESC LIMIT 1,simple,"['satscores', 'schools']",SELECT Phone FROM cluster2_satscores_join_schools ORDER BY AvgScrMath DESC LIMIT 1,SELECT T1.phone_number FROM Education_Schools AS T1 INNER JOIN Education_SAT_Stats AS T2 ON T1.school_cds_code = T2.school_cds_code ORDER BY T2.avg_score_math DESC LIMIT 1,"['Education_SAT_Stats', 'Education_Schools']",SELECT phone_number FROM workload_updated_cluster2_Education_SAT_Stats_join_Education_Schools ORDER BY avg_score_math DESC LIMIT 1
20,california_schools,How many schools in Amador which the Low Grade is 9 and the High Grade is 12?,,SELECT COUNT(T1.`School Name`) FROM frpm AS T1 INNER JOIN schools AS T2 ON T1.CDSCode = T2.CDSCode WHERE T2.County = 'Amador' AND T1.`Low Grade` = 9 AND T1.`High Grade` = 12,simple,"['schools', 'frpm']",SELECT COUNT(`School Name`) FROM cluster1_frpm_join_schools WHERE County = 'Amador' AND `Low Grade` = 9 AND `High Grade` = 12,SELECT COUNT(T1.school_name) FROM Education_Lunch_Aid AS T1 INNER JOIN Education_Schools AS T2 ON T1.school_cds_code = T2.school_cds_code WHERE T2.county_name = 'Amador' AND T1.grade_low = '9' AND T1.grade_high = '12',"['Education_Lunch_Aid', 'Education_Schools']",SELECT COUNT(Education_Schools_school_name) FROM workload_updated_cluster1_Education_Lunch_Aid_join_Education_Schools WHERE Education_Schools_county_name = 'Amador' AND grade_low = '9' AND grade_high = '12'
21,california_schools,In Los Angeles how many schools have more than 500 free meals but less than 700 free or reduced price meals for K-12?,,SELECT COUNT(CDSCode) FROM frpm WHERE `County Name` = 'Los Angeles' AND `Free Meal Count (K-12)` > 500 AND `Free Meal Count (K-12)` < 700,simple,['frpm'],SELECT COUNT(CDSCode) FROM frpm WHERE `County Name` = 'Los Angeles' AND `Free Meal Count (K-12)` > 500 AND `Free Meal Count (K-12)` < 700,SELECT COUNT(school_cds_code) FROM Education_Lunch_Aid WHERE county_name = 'Los Angeles' AND free_meal_count_k12 > 500 AND free_meal_count_k12 < 700,['Education_Lunch_Aid'],SELECT COUNT(school_cds_code) FROM Education_Lunch_Aid WHERE county_name = 'Los Angeles' AND free_meal_count_k12 > 500 AND free_meal_count_k12 < 700
22,california_schools,Which school in Contra Costa has the highest number of test takers?,,SELECT sname FROM satscores WHERE cname = 'Contra Costa' AND sname IS NOT NULL ORDER BY NumTstTakr DESC LIMIT 1,simple,['satscores'],SELECT sname FROM satscores WHERE cname = 'Contra Costa' AND sname IS NOT NULL ORDER BY NumTstTakr DESC LIMIT 1,SELECT school_name FROM Education_SAT_Stats WHERE county_name = 'Contra Costa' AND school_name IS NOT NULL ORDER BY total_test_takers DESC LIMIT 1,['Education_SAT_Stats'],SELECT school_name FROM Education_SAT_Stats WHERE county_name = 'Contra Costa' AND school_name IS NOT NULL ORDER BY total_test_takers DESC LIMIT 1
26,california_schools,State the names and full communication address of high schools in Monterey which has more than 800 free or reduced price meals for ages 15-17?,"Full communication address should include Zip, Street, City, State","SELECT T1.`School Name`, T2.Zip, T2.Street, T2.City, T2.State FROM frpm AS T1 INNER JOIN schools AS T2 ON T1.CDSCode = T2.CDSCode WHERE T2.County = 'Monterey' AND T1.`Free Meal Count (Ages 5-17)` > 800 AND T1.`School Type` = 'High Schools (Public)'",moderate,"['schools', 'frpm']","SELECT `School Name`, Zip, Street, City, State FROM cluster1_frpm_join_schools WHERE County = 'Monterey' AND `Free Meal Count (Ages 5-17)` > 800 AND `School Type` = 'High Schools (Public)'","SELECT T1.school_name, T2.zip_code, T2.street_address, T2.city, T2.state FROM Education_Lunch_Aid AS T1 INNER JOIN Education_Schools AS T2 ON T1.school_cds_code = T2.school_cds_code WHERE T2.county_name = 'Monterey' AND T1.free_meal_count_ages_5_17 > 800 AND T1.school_type = 'High Schools (Public)'","['Education_Lunch_Aid', 'Education_Schools']","SELECT Education_Schools_school_name, zip_code, street_address, city, state FROM workload_updated_cluster1_Education_Lunch_Aid_join_Education_Schools WHERE Education_Schools_county_name = 'Monterey' AND free_meal_count_ages_5_17 > 800 AND school_type = 'High Schools (Public)'"
28,california_schools,"Consider the average difference between K-12 enrollment and 15-17 enrollment of schools that are locally funded, list the names and DOC type of schools which has a difference above this average.",Difference between K-12 enrollment and 15-17 enrollment can be computed by `Enrollment (K-12)` - `Enrollment (Ages 5-17)`,"SELECT T2.School, T2.DOC FROM frpm AS T1 INNER JOIN schools AS T2 ON T1.CDSCode = T2.CDSCode WHERE T2.FundingType = 'Locally funded' AND (T1.`Enrollment (K-12)` - T1.`Enrollment (Ages 5-17)`) > (SELECT AVG(T3.`Enrollment (K-12)` - T3.`Enrollment (Ages 5-17)`) FROM frpm AS T3 INNER JOIN schools AS T4 ON T3.CDSCode = T4.CDSCode WHERE T4.FundingType = 'Locally funded')",challenging,"['schools', 'frpm']","SELECT School, DOC FROM cluster1_frpm_join_schools WHERE FundingType = 'Locally funded' AND (`Enrollment (K-12)` - `Enrollment (Ages 5-17)`) > (SELECT AVG(`Enrollment (K-12)` - `Enrollment (Ages 5-17)`) FROM cluster1_frpm_join_schools WHERE FundingType = 'Locally funded')","SELECT T2.school_name, T2.district_ownership_code FROM Education_Lunch_Aid AS T1 INNER JOIN Education_Schools AS T2 ON T1.school_cds_code = T2.school_cds_code WHERE T2.funding_type = 'Locally funded' AND (T1.enrollment_k12 - T1.enrollment_ages_5_17) > (SELECT AVG(T3.enrollment_k12 - T3.enrollment_ages_5_17) FROM Education_Lunch_Aid AS T3 INNER JOIN Education_Schools AS T4 ON T3.school_cds_code = T4.school_cds_code WHERE T4.funding_type = 'Locally funded')","['Education_Lunch_Aid', 'Education_Schools']","SELECT Education_Schools_school_name, district_ownership_code FROM workload_updated_cluster1_Education_Lunch_Aid_join_Education_Schools WHERE funding_type = 'Locally funded' AND (enrollment_k12 - enrollment_ages_5_17) > (SELECT AVG(enrollment_k12 - enrollment_ages_5_17) FROM workload_updated_cluster1_Education_Lunch_Aid_join_Education_Schools WHERE funding_type = 'Locally funded')"
33,california_schools,"If there are any, what are the websites address of the schools with a free meal count of 1,900-2,000 to students aged 5-17? Include the name of the school.",,"SELECT T2.Website, T1.`School Name` FROM frpm AS T1 INNER JOIN schools AS T2 ON T1.CDSCode = T2.CDSCode WHERE T1.`Free Meal Count (Ages 5-17)` BETWEEN 1900 AND 2000 AND T2.Website IS NOT NULL",moderate,"['schools', 'frpm']","SELECT Website, `School Name` FROM cluster1_frpm_join_schools WHERE `Free Meal Count (Ages 5-17)` BETWEEN 1900 AND 2000 AND Website IS NOT NULL","SELECT T2.website_url, T1.school_name FROM Education_Lunch_Aid AS T1 INNER JOIN Education_Schools AS T2 ON T1.school_cds_code = T2.school_cds_code WHERE T1.free_meal_count_ages_5_17 BETWEEN 1900 AND 2000 AND T2.website_url IS NOT NULL","['Education_Lunch_Aid', 'Education_Schools']","SELECT website_url, Education_Schools_school_name FROM workload_updated_cluster1_Education_Lunch_Aid_join_Education_Schools WHERE free_meal_count_ages_5_17 BETWEEN 1900 AND 2000 AND website_url IS NOT NULL"
34,california_schools,What is the free rate for students between the ages of 5 and 17 at the school run by Kacey Gibson?,Eligible free rates for students aged 5-17 = `Free Meal Count (Ages 5-17)` / `Enrollment (Ages 5-17)`,SELECT CAST(T2.`Free Meal Count (Ages 5-17)` AS REAL) / T2.`Enrollment (Ages 5-17)` FROM schools AS T1 INNER JOIN frpm AS T2 ON T1.CDSCode = T2.CDSCode WHERE T1.AdmFName1 = 'Kacey' AND T1.AdmLName1 = 'Gibson',moderate,"['schools', 'frpm']",SELECT CAST(`Free Meal Count (Ages 5-17)` AS REAL) / `Enrollment (Ages 5-17)` FROM cluster1_frpm_join_schools WHERE AdmFName1 = 'Kacey' AND AdmLName1 = 'Gibson',SELECT CAST(T2.free_meal_count_ages_5_17 AS REAL) / T2.enrollment_ages_5_17 FROM Education_Schools AS T1 INNER JOIN Education_Lunch_Aid AS T2 ON T1.school_cds_code = T2.school_cds_code WHERE T1.admin_first_name_1 = 'Kacey' AND T1.admin_last_name_1 = 'Gibson',"['Education_Lunch_Aid', 'Education_Schools']",SELECT CAST(free_meal_count_ages_5_17 AS REAL) / enrollment_ages_5_17 FROM workload_updated_cluster1_Education_Lunch_Aid_join_Education_Schools WHERE admin_first_name_1 = 'Kacey' AND admin_last_name_1 = 'Gibson'
35,california_schools,What is the administrator's email address of the chartered school with the fewest students enrolled in grades 1 through 12?,Charted school means `Charter School (Y/N)` = 1 in the table frpm; Students enrolled in grades 1 through 12 refers to `Enrollment (K-12)`,SELECT T2.AdmEmail1 FROM frpm AS T1 INNER JOIN schools AS T2 ON T1.CDSCode = T2.CDSCode WHERE T1.`Charter School (Y/N)` = 1 ORDER BY T1.`Enrollment (K-12)` ASC LIMIT 1,moderate,"['schools', 'frpm']",SELECT AdmEmail1 FROM cluster1_frpm_join_schools WHERE `Charter School (Y/N)` = 1 ORDER BY `Enrollment (K-12)` ASC LIMIT 1,SELECT T2.admin_email_1 FROM Education_Lunch_Aid AS T1 INNER JOIN Education_Schools AS T2 ON T1.school_cds_code = T2.school_cds_code WHERE T1.is_charter_school = 1 ORDER BY T1.enrollment_k12 ASC LIMIT 1,"['Education_Lunch_Aid', 'Education_Schools']",SELECT admin_email_1 FROM workload_updated_cluster1_Education_Lunch_Aid_join_Education_Schools WHERE is_charter_school = 1 ORDER BY enrollment_k12 ASC LIMIT 1
36,california_schools,Under whose administration does the school with the highest number of test takers whose total SAT Scores are greater or equal to 1500 belong to? Indicate his or her full name.,"full name means first name, last name; There are at most 3 administrators for each school; SAT Scores are greater or equal to 1500 refers to NumGE1500","SELECT T2.AdmFName1, T2.AdmLName1, T2.AdmFName2, T2.AdmLName2, T2.AdmFName3, T2.AdmLName3 FROM satscores AS T1 INNER JOIN schools AS T2 ON T1.cds = T2.CDSCode ORDER BY T1.NumGE1500 DESC LIMIT 1",challenging,"['satscores', 'schools']","SELECT AdmFName1, AdmLName1, AdmFName2, AdmLName2, AdmFName3, AdmLName3 FROM cluster2_satscores_join_schools ORDER BY NumGE1500 DESC LIMIT 1","SELECT T2.admin_first_name_1, T2.admin_last_name_1, T2.admin_first_name_2, T2.admin_last_name_2, T2.admin_first_name_3, T2.admin_last_name_3 FROM Education_SAT_Stats AS T1 INNER JOIN Education_Schools AS T2 ON T1.school_cds_code = T2.school_cds_code ORDER BY T1.num_scores_ge_1500 DESC LIMIT 1","['Education_Schools', 'Education_SAT_Stats']","SELECT admin_first_name_1, admin_last_name_1, admin_first_name_2, admin_last_name_2, admin_first_name_3, admin_last_name_3 FROM workload_updated_cluster2_Education_SAT_Stats_join_Education_Schools ORDER BY num_scores_ge_1500 DESC LIMIT 1"
37,california_schools,"What is the complete address of the school with the lowest excellence rate? Indicate the Street, City, Zip and State.","Execellence Rate = NumGE1500 / NumTstTakr; complete address has Street, City, State, Zip code","SELECT T2.Street, T2.City, T2.Zip, T2.State FROM satscores AS T1 INNER JOIN schools AS T2 ON T1.cds = T2.CDSCode ORDER BY CAST(T1.NumGE1500 AS REAL) / T1.NumTstTakr ASC LIMIT 1",moderate,"['satscores', 'schools']","SELECT Street, City, Zip, State FROM cluster2_satscores_join_schools ORDER BY CAST(NumGE1500 AS REAL) / NumTstTakr ASC LIMIT 1","SELECT T2.street_address, T2.city, T2.zip_code, T2.state FROM Education_SAT_Stats AS T1 INNER JOIN Education_Schools AS T2 ON T1.school_cds_code = T2.school_cds_code ORDER BY CAST(T1.num_scores_ge_1500 AS REAL) / T1.total_test_takers ASC LIMIT 1","['Education_Schools', 'Education_SAT_Stats']","SELECT street_address, city, zip_code, state FROM workload_updated_cluster2_Education_SAT_Stats_join_Education_Schools ORDER BY CAST(num_scores_ge_1500 AS REAL) / total_test_takers ASC LIMIT 1"
38,california_schools,"What are the webpages for the Los Angeles County school that has between 2,000 and 3,000 test takers?",,SELECT T2.Website FROM satscores AS T1 INNER JOIN schools AS T2 ON T1.cds = T2.CDSCode WHERE T1.NumTstTakr BETWEEN 2000 AND 3000 AND T2.County = 'Los Angeles',simple,"['satscores', 'schools']",SELECT Website FROM cluster2_satscores_join_schools WHERE NumTstTakr BETWEEN 2000 AND 3000 AND County = 'Los Angeles',SELECT T2.website_url FROM Education_SAT_Stats AS T1 INNER JOIN Education_Schools AS T2 ON T1.school_cds_code = T2.school_cds_code WHERE T1.total_test_takers BETWEEN 2000 AND 3000 AND T2.county_name = 'Los Angeles',"['Education_Schools', 'Education_SAT_Stats']",SELECT website_url FROM workload_updated_cluster2_Education_SAT_Stats_join_Education_Schools WHERE total_test_takers BETWEEN 2000 AND 3000 AND Education_Schools_county_name = 'Los Angeles'
40,california_schools,What is the telephone number for the school with the lowest average score in reading in Fresno Unified?,Fresno Unified is a name of district;,SELECT T2.Phone FROM satscores AS T1 INNER JOIN schools AS T2 ON T1.cds = T2.CDSCode WHERE T2.District = 'Fresno Unified' AND T1.AvgScrRead IS NOT NULL ORDER BY T1.AvgScrRead ASC LIMIT 1,moderate,"['satscores', 'schools']",SELECT Phone FROM cluster2_satscores_join_schools WHERE District = 'Fresno Unified' AND AvgScrRead IS NOT NULL ORDER BY AvgScrRead ASC LIMIT 1,SELECT T2.phone_number FROM Education_SAT_Stats AS T1 INNER JOIN Education_Schools AS T2 ON T1.school_cds_code = T2.school_cds_code WHERE T2.district_name = 'Fresno Unified' AND T1.avg_score_reading IS NOT NULL ORDER BY T1.avg_score_reading ASC LIMIT 1,"['Education_Schools', 'Education_SAT_Stats']",SELECT phone_number FROM workload_updated_cluster2_Education_SAT_Stats_join_Education_Schools WHERE Education_Schools_district_name = 'Fresno Unified' AND avg_score_reading IS NOT NULL ORDER BY avg_score_reading ASC LIMIT 1
41,california_schools,Which exclusively virtual schools have the top 5 highest average reading scores?,Exclusively virtual refers to Virtual = 'F'.,SELECT T2.School FROM satscores AS T1 INNER JOIN schools AS T2 ON T1.cds = T2.CDSCode WHERE T2.Virtual = 'F' ORDER BY T1.AvgScrRead DESC LIMIT 5,simple,"['satscores', 'schools']",SELECT School FROM cluster2_satscores_join_schools WHERE Virtual = 'F' ORDER BY AvgScrRead DESC LIMIT 5,SELECT T2.school_name FROM Education_SAT_Stats AS T1 INNER JOIN Education_Schools AS T2 ON T1.school_cds_code = T2.school_cds_code WHERE T2.is_virtual_code = 'F' ORDER BY T1.avg_score_reading DESC LIMIT 5,"['Education_Schools', 'Education_SAT_Stats']",SELECT Education_Schools_school_name FROM workload_updated_cluster2_Education_SAT_Stats_join_Education_Schools WHERE is_virtual_code = 'F' ORDER BY avg_score_reading DESC LIMIT 5
46,california_schools,Which state special schools have the highest number of enrollees from grades 1 through 12?,State Special Schools refers to DOC = 31; Grades 1 through 12 means K-12,SELECT T2.School FROM frpm AS T1 INNER JOIN schools AS T2 ON T1.CDSCode = T2.CDSCode WHERE T2.DOC = 31 ORDER BY T1.`Enrollment (K-12)` DESC LIMIT 1,simple,"['schools', 'frpm']",SELECT School FROM cluster1_frpm_join_schools WHERE DOC = 31 ORDER BY `Enrollment (K-12)` DESC LIMIT 1,SELECT T2.school_name FROM Education_Lunch_Aid AS T1 INNER JOIN Education_Schools AS T2 ON T1.school_cds_code = T2.school_cds_code WHERE T2.district_ownership_code = '31' ORDER BY T1.enrollment_k12 DESC LIMIT 1,"['Education_Lunch_Aid', 'Education_Schools']",SELECT Education_Schools_school_name FROM workload_updated_cluster1_Education_Lunch_Aid_join_Education_Schools WHERE district_ownership_code = '31' ORDER BY enrollment_k12 DESC LIMIT 1
50,california_schools,What is the postal street address for the school with the 6th highest Math average? Indicate the school's name.,Postal street and mailing street are synonyms.,"SELECT T2.MailStreet, T2.School FROM satscores AS T1 INNER JOIN schools AS T2 ON T1.cds = T2.CDSCode ORDER BY T1.AvgScrMath DESC LIMIT 5, 1",simple,"['satscores', 'schools']","SELECT MailStreet, School FROM cluster2_satscores_join_schools ORDER BY AvgScrMath DESC LIMIT 5, 1","SELECT T2.mailing_street, T2.school_name FROM Education_SAT_Stats AS T1 INNER JOIN Education_Schools AS T2 ON T1.school_cds_code = T2.school_cds_code ORDER BY T1.avg_score_math DESC LIMIT 5, 1","['Education_Schools', 'Education_SAT_Stats']","SELECT mailing_street, Education_Schools_school_name FROM workload_updated_cluster2_Education_SAT_Stats_join_Education_Schools ORDER BY avg_score_math DESC LIMIT 5, 1"
53,california_schools,How many test takers are there at the school/s whose mailing city address is in Fresno?,,SELECT T1.NumTstTakr FROM satscores AS T1 INNER JOIN schools AS T2 ON T1.cds = T2.CDSCode WHERE T2.MailCity = 'Fresno',simple,"['satscores', 'schools']",SELECT NumTstTakr FROM cluster2_satscores_join_schools WHERE MailCity = 'Fresno',SELECT T1.total_test_takers FROM Education_SAT_Stats AS T1 INNER JOIN Education_Schools AS T2 ON T1.school_cds_code = T2.school_cds_code WHERE T2.mailing_city = 'Fresno',"['Education_Schools', 'Education_SAT_Stats']",SELECT total_test_takers FROM workload_updated_cluster2_Education_SAT_Stats_join_Education_Schools WHERE mailing_city = 'Fresno'
57,california_schools,What is the phone number and extension number for the school that had the 333rd highest average writing score?,,"SELECT T2.Phone, T2.Ext FROM satscores AS T1 INNER JOIN schools AS T2 ON T1.cds = T2.CDSCode ORDER BY T1.AvgScrWrite DESC LIMIT 332, 1",simple,"['satscores', 'schools']","SELECT Phone, Ext FROM cluster2_satscores_join_schools ORDER BY AvgScrWrite DESC LIMIT 332, 1","SELECT T2.phone_number, T2.phone_extension FROM Education_SAT_Stats AS T1 INNER JOIN Education_Schools AS T2 ON T1.school_cds_code = T2.school_cds_code ORDER BY T1.avg_score_writing DESC LIMIT 332, 1","['Education_Schools', 'Education_SAT_Stats']","SELECT phone_number, phone_extension FROM workload_updated_cluster2_Education_SAT_Stats_join_Education_Schools ORDER BY avg_score_writing DESC LIMIT 332, 1"
61,california_schools,How many chartered schools located in the city of Hickman are owned by the Elementary School District?,Elementary School District refers to DOC = 52; Chartered schools refer to Charter = 1 in the table schools,SELECT COUNT(School) FROM schools WHERE DOC = 52 AND Charter = 1 AND City = 'Hickman',simple,['schools'],SELECT COUNT(School) FROM schools WHERE DOC = 52 AND Charter = 1 AND City = 'Hickman',SELECT COUNT(school_name) FROM Education_Schools WHERE district_ownership_code = '52' AND is_charter_flag = 1 AND city = 'Hickman',['Education_Schools'],SELECT COUNT(school_name) FROM Education_Schools WHERE district_ownership_code = '52' AND is_charter_flag = 1 AND city = 'Hickman'
62,california_schools,What is the total number of non-chartered schools in the county of Los Angeles with a percent (%) of eligible free meals for grades 1 through 12 that is less than 0.18%?,non-chartered schools refer to schools whose Charter = 0; K-12 means grades 1 through 12; percent of eligible free rate for K-12 = `Free Meal Count (K-12)` * 100 / `Enrollment (K-12)`,SELECT COUNT(T2.School) FROM frpm AS T1 INNER JOIN schools AS T2 ON T1.CDSCode = T2.CDSCode WHERE T2.County = 'Los Angeles' AND T2.Charter = 0 AND CAST(T1.`Free Meal Count (K-12)` AS REAL) * 100 / T1.`Enrollment (K-12)` < 0.18,challenging,"['schools', 'frpm']",SELECT COUNT(School) FROM cluster1_frpm_join_schools WHERE County = 'Los Angeles' AND Charter = 0 AND CAST(`Free Meal Count (K-12)` AS REAL) * 100 / `Enrollment (K-12)` < 0.18,SELECT COUNT(T2.school_name) FROM Education_Lunch_Aid AS T1 INNER JOIN Education_Schools AS T2 ON T1.school_cds_code = T2.school_cds_code WHERE T2.county_name = 'Los Angeles' AND T2.is_charter_flag = 0 AND CAST(T1.free_meal_count_k12 AS REAL) * 100 / T1.enrollment_k12 < 0.18,"['Education_Lunch_Aid', 'Education_Schools']",SELECT COUNT(Education_Schools_school_name) FROM workload_updated_cluster1_Education_Lunch_Aid_join_Education_Schools WHERE Education_Schools_county_name = 'Los Angeles' AND is_charter_flag = 0 AND CAST(free_meal_count_k12 AS REAL) * 100 / enrollment_k12 < 0.18
64,california_schools,What is the total number of schools with a mailing city in Hickman belonging to the charter number 00D4?,,SELECT COUNT(*) FROM schools WHERE CharterNum = '00D4' AND MailCity = 'Hickman',simple,['schools'],SELECT COUNT(*) FROM schools WHERE CharterNum = '00D4' AND MailCity = 'Hickman',SELECT COUNT(*) FROM Education_Schools WHERE charter_number = '00D4' AND mailing_city = 'Hickman',['Education_Schools'],SELECT COUNT(*) FROM Education_Schools WHERE charter_number = '00D4' AND mailing_city = 'Hickman'
69,california_schools,Please provide the National Center for Educational Statistics school district identification number for all schools with a School Ownership Code that are part of the State Special Schools.,State Special Schools means that SOC = 31.,SELECT NCESDist FROM schools WHERE SOC = 31,simple,['schools'],SELECT NCESDist FROM schools WHERE SOC = 31,SELECT nces_district_id FROM Education_Schools WHERE school_ownership_code = '31',['Education_Schools'],SELECT nces_district_id FROM Education_Schools WHERE school_ownership_code = '31'
71,california_schools,What is the district code for the School that does not offer a magnet program in the city of Fresno?,"When magent is equal to 0 in the database, it means ths school doesn't offer a magnet program.",SELECT T1.`District Code` FROM frpm AS T1 INNER JOIN schools AS T2 ON T1.CDSCode = T2.CDSCode WHERE T2.City = 'Fresno' AND T2.Magnet = 0,simple,"['schools', 'frpm']",SELECT `District Code` FROM cluster1_frpm_join_schools WHERE City = 'Fresno' AND Magnet = 0,SELECT T1.district_code FROM Education_Lunch_Aid AS T1 INNER JOIN Education_Schools AS T2 ON T1.school_cds_code = T2.school_cds_code WHERE T2.city = 'Fresno' AND T2.is_magnet_flag = 0,"['Education_Lunch_Aid', 'Education_Schools']",SELECT district_code FROM workload_updated_cluster1_Education_Lunch_Aid_join_Education_Schools WHERE city = 'Fresno' AND is_magnet_flag = 0
73,california_schools,What is the free or reduced price meal count for ages 5 to 17 in the Youth Authority School with a mailing street address of PO Box 1040?,,SELECT T1.`FRPM Count (Ages 5-17)` FROM frpm AS T1 INNER JOIN schools AS T2 ON T1.CDSCode = T2.CDSCode WHERE T2.MailStreet = 'PO Box 1040' AND T2.SOCType = 'Youth Authority Facilities',simple,"['schools', 'frpm']",SELECT `FRPM Count (Ages 5-17)` FROM cluster1_frpm_join_schools WHERE MailStreet = 'PO Box 1040' AND SOCType = 'Youth Authority Facilities',SELECT T1.frpm_count_ages_5_17 FROM Education_Lunch_Aid AS T1 INNER JOIN Education_Schools AS T2 ON T1.school_cds_code = T2.school_cds_code WHERE T2.mailing_street = 'PO Box 1040' AND T2.school_ownership_type = 'Youth Authority Facilities',"['Education_Lunch_Aid', 'Education_Schools']",SELECT frpm_count_ages_5_17 FROM workload_updated_cluster1_Education_Lunch_Aid_join_Education_Schools WHERE mailing_street = 'PO Box 1040' AND school_ownership_type = 'Youth Authority Facilities'
74,california_schools,What is the lowest grade for the District Special Education Consortia School with National Center for Educational Statistics school district identification number of 613360?,District Special Education Consortia School refers to EdOpsCode = 'SPECON'.,SELECT MIN(T1.`Low Grade`) FROM frpm AS T1 INNER JOIN schools AS T2 ON T1.CDSCode = T2.CDSCode WHERE T2.NCESDist = 613360 AND T2.EdOpsCode = 'SPECON',moderate,"['schools', 'frpm']",SELECT MIN(`Low Grade`) FROM cluster1_frpm_join_schools WHERE NCESDist = 613360 AND EdOpsCode = 'SPECON',SELECT MIN(T1.grade_low) FROM Education_Lunch_Aid AS T1 INNER JOIN Education_Schools AS T2 ON T1.school_cds_code = T2.school_cds_code WHERE T2.nces_district_id = 613360 AND T2.ed_ops_code = 'SPECON',"['Education_Lunch_Aid', 'Education_Schools']",SELECT MIN(grade_low) FROM workload_updated_cluster1_Education_Lunch_Aid_join_Education_Schools WHERE nces_district_id = 613360 AND ed_ops_code = 'SPECON'
75,california_schools,What is the educational level name for the schools with Breakfast Provision 2 in county code 37? Indicate the name of the school.,,"SELECT T2.EILName, T2.School FROM frpm AS T1 INNER JOIN schools AS T2 ON T1.CDSCode = T2.CDSCode WHERE T1.`NSLP Provision Status` = 'Breakfast Provision 2' AND T1.`County Code` = 37",simple,"['schools', 'frpm']","SELECT EILName, School FROM cluster1_frpm_join_schools WHERE `NSLP Provision Status` = 'Breakfast Provision 2' AND `County Code` = 37","SELECT T2.eil_name, T2.school_name FROM Education_Lunch_Aid AS T1 INNER JOIN Education_Schools AS T2 ON T1.school_cds_code = T2.school_cds_code WHERE T1.nslp_provision_status = 'Breakfast Provision 2' AND T1.county_code = '37'","['Education_Lunch_Aid', 'Education_Schools']","SELECT eil_name, Education_Schools_school_name FROM workload_updated_cluster1_Education_Lunch_Aid_join_Education_Schools WHERE nslp_provision_status = 'Breakfast Provision 2' AND county_code = '37'"
77,california_schools,Which schools served a grade span of Kindergarten to 9th grade in the county of Los Angeles and what is its Percent (%) Eligible FRPM (Ages 5-17)?,Percent (%) Eligible FRPM (Ages 5-17) can be acquired by `Free Meal Count (Ages 5-17)` / `Enrollment (Ages 5-17)` * 100%,"SELECT T2.School, T1.`FRPM Count (Ages 5-17)` * 100 / T1.`Enrollment (Ages 5-17)` FROM frpm AS T1 INNER JOIN schools AS T2 ON T1.CDSCode = T2.CDSCode WHERE T2.County = 'Los Angeles' AND T2.GSserved = 'K-9'",moderate,"['schools', 'frpm']","SELECT School, `FRPM Count (Ages 5-17)` * 100 / `Enrollment (Ages 5-17)` FROM cluster1_frpm_join_schools WHERE County = 'Los Angeles' AND GSserved = 'K-9'","SELECT T2.school_name, T1.frpm_count_ages_5_17 * 100 / T1.enrollment_ages_5_17 FROM Education_Lunch_Aid AS T1 INNER JOIN Education_Schools AS T2 ON T1.school_cds_code = T2.school_cds_code WHERE T2.county_name = 'Los Angeles' AND T2.grades_served = 'K-9'","['Education_Lunch_Aid', 'Education_Schools']","SELECT Education_Schools_school_name, frpm_count_ages_5_17 * 100 / enrollment_ages_5_17 FROM workload_updated_cluster1_Education_Lunch_Aid_join_Education_Schools WHERE Education_Schools_county_name = 'Los Angeles' AND grades_served = 'K-9'"
79,california_schools,"Between San Diego and Santa Barbara, which county offers the most number of schools that does not offer physical building? Indicate the amount.",'Does not offer physical building' means Virtual = F in the database.,"SELECT County, COUNT(Virtual) FROM schools WHERE (County = 'San Diego' OR County = 'Santa Barbara') AND Virtual = 'F' GROUP BY County ORDER BY COUNT(Virtual) DESC LIMIT 1",moderate,['schools'],"SELECT County, COUNT(Virtual) FROM schools WHERE (County = 'San Diego' OR County = 'Santa Barbara') AND Virtual = 'F' GROUP BY County ORDER BY COUNT(Virtual) DESC LIMIT 1","SELECT county_name, COUNT(is_virtual_code) FROM Education_Schools WHERE (county_name = 'San Diego' OR county_name = 'Santa Barbara') AND is_virtual_code = 'F' GROUP BY county_name ORDER BY COUNT(is_virtual_code) DESC LIMIT 1",['Education_Schools'],"SELECT county_name, COUNT(is_virtual_code) FROM Education_Schools WHERE (county_name = 'San Diego' OR county_name = 'Santa Barbara') AND is_virtual_code = 'F' GROUP BY county_name ORDER BY COUNT(is_virtual_code) DESC LIMIT 1"
82,california_schools,What is the grade span offered in the school with the highest longitude?,,SELECT GSoffered FROM schools ORDER BY ABS(longitude) DESC LIMIT 1,simple,['schools'],SELECT GSoffered FROM schools ORDER BY ABS(longitude) DESC LIMIT 1,SELECT grades_offered FROM Education_Schools ORDER BY ABS(longitude) DESC LIMIT 1,['Education_Schools'],SELECT grades_offered FROM Education_Schools ORDER BY ABS(longitude) DESC LIMIT 1
84,california_schools,What are the two most common first names among the school administrators? Indicate the district to which they administer.,,"SELECT DISTINCT T1.AdmFName1, T1.District FROM schools AS T1 INNER JOIN ( SELECT admfname1 FROM schools GROUP BY admfname1 ORDER BY COUNT(admfname1) DESC LIMIT 2 ) AS T2 ON T1.AdmFName1 = T2.admfname1",simple,['schools'],"SELECT DISTINCT T1.AdmFName1, T1.District FROM schools AS T1 INNER JOIN ( SELECT admfname1 FROM schools GROUP BY admfname1 ORDER BY COUNT(admfname1) DESC LIMIT 2 ) AS T2 ON T1.AdmFName1 = T2.admfname1","SELECT DISTINCT T1.admin_first_name_1, T1.district_name FROM Education_Schools AS T1 INNER JOIN ( SELECT admin_first_name_1 FROM Education_Schools GROUP BY admin_first_name_1 ORDER BY COUNT(admin_first_name_1) DESC LIMIT 2 ) AS T2 ON T1.admin_first_name_1 = T2.admin_first_name_1",['Education_Schools'],"SELECT DISTINCT T1.admin_first_name_1, T1.district_name FROM Education_Schools AS T1 INNER JOIN ( SELECT admin_first_name_1 FROM Education_Schools GROUP BY admin_first_name_1 ORDER BY COUNT(admin_first_name_1) DESC LIMIT 2 ) AS T2 ON T1.admin_first_name_1 = T2.admin_first_name_1"
87,california_schools,"What is the e-mail address of the administrator of the school located in the San Bernardino county, District of San Bernardino City Unified that opened between 1/1/2009 to 12/31/2010 whose school types are public Intermediate/Middle Schools and Unified Scools?",Intermediate/Middle Schools refers to SOC = 62; Unified School refers to DOC = 54; years between 2009 and 2010 can refer to 'between 1/1/2009 to 12/31/2010',"SELECT T2.AdmEmail1 FROM frpm AS T1 INNER JOIN schools AS T2 ON T1.CDSCode = T2.CDSCode WHERE T2.County = 'San Bernardino' AND T2.City = 'San Bernardino' AND T2.DOC = 54 AND strftime('%Y', T2.OpenDate) BETWEEN '2009' AND '2010' AND T2.SOC = 62",challenging,"['schools', 'frpm']","SELECT AdmEmail1 FROM cluster1_frpm_join_schools WHERE County = 'San Bernardino' AND City = 'San Bernardino' AND DOC = 54 AND strftime('%Y', OpenDate) BETWEEN '2009' AND '2010' AND SOC = 62","SELECT T2.admin_email_1 FROM Education_Lunch_Aid AS T1 INNER JOIN Education_Schools AS T2 ON T1.school_cds_code = T2.school_cds_code WHERE T2.county_name = 'San Bernardino' AND T2.city = 'San Bernardino' AND T2.district_ownership_code = '54' AND STRFTIME('%Y', T2.date_opened) BETWEEN '2009' AND '2010' AND T2.school_ownership_code = '62'","['Education_Lunch_Aid', 'Education_Schools']","SELECT admin_email_1 FROM workload_updated_cluster1_Education_Lunch_Aid_join_Education_Schools WHERE Education_Schools_county_name = 'San Bernardino' AND city = 'San Bernardino' AND district_ownership_code = '54' AND STRFTIME('%Y', date_opened) BETWEEN '2009' AND '2010' AND school_ownership_code = '62'"
89,financial,How many accounts who choose issuance after transaction are staying in East Bohemia region?,A3 contains the data of region; 'POPLATEK PO OBRATU' represents for 'issuance after transaction'.,SELECT COUNT(T1.district_id) FROM district AS T1 INNER JOIN account AS T2 ON T1.district_id = T2.district_id WHERE T1.A3 = 'East Bohemia' AND T2.frequency = 'POPLATEK PO OBRATU',moderate,"['account', 'district']",SELECT COUNT(district_district_id) FROM cluster3_account_join_district WHERE A3 = 'East Bohemia' AND frequency = 'POPLATEK PO OBRATU',SELECT COUNT(T1.district_id) FROM Bank_Districts AS T1 INNER JOIN Bank_Accounts AS T2 ON T1.district_id = T2.district_id WHERE T1.region_name = 'East Bohemia' AND T2.statement_frequency = 'POPLATEK PO OBRATU',"['Bank_Accounts', 'Bank_Districts']",SELECT COUNT(Bank_Districts_district_id) FROM workload_updated_cluster3_Bank_Accounts_join_Bank_Districts WHERE region_name = 'East Bohemia' AND statement_frequency = 'POPLATEK PO OBRATU'
90,financial,How many accounts who have region in Prague are eligible for loans?,A3 contains the data of region,SELECT COUNT(T1.account_id) FROM account AS T1 INNER JOIN loan AS T2 ON T1.account_id = T2.account_id INNER JOIN district AS T3 ON T1.district_id = T3.district_id WHERE T3.A3 = 'Prague',simple,"['account', 'district', 'loan']",SELECT COUNT(account_account_id) FROM cluster44_account_join_district_join_loan WHERE A3 = 'Prague',SELECT COUNT(T1.account_id) FROM Bank_Accounts AS T1 INNER JOIN Bank_Loans AS T2 ON T1.account_id = T2.account_id INNER JOIN Bank_Districts AS T3 ON T1.district_id = T3.district_id WHERE T3.region_name = 'Prague',"['Bank_Accounts', 'Bank_Districts', 'Bank_Loans']",SELECT COUNT(account_id) FROM workload_updated_cluster44_Bank_Accounts_join_Bank_Districts_join_Bank_Loans WHERE region_name = 'Prague'
91,financial,"The average unemployment ratio of 1995 and 1996, which one has higher percentage?",A12 refers to unemploymant rate 1995; A13 refers to unemploymant rate 1996,"SELECT DISTINCT IIF(AVG(A13) > AVG(A12), '1996', '1995') FROM district",simple,['district'],"SELECT DISTINCT IIF(AVG(A13) > AVG(A12), '1996', '1995') FROM district","SELECT DISTINCT IIF(AVG(unemployment_rate_96) > AVG(unemployment_rate_95), '1996', '1995') FROM Bank_Districts",['Bank_Districts'],"SELECT DISTINCT IIF(AVG(unemployment_rate_96) > AVG(unemployment_rate_95), '1996', '1995') FROM Bank_Districts"
93,financial,How many male customers who are living in North Bohemia have average salary greater than 8000?,Male means that gender = 'M'; A3 refers to region; A11 pertains to average salary.,SELECT COUNT(T1.client_id) FROM client AS T1 INNER JOIN district AS T2 ON T1.district_id = T2.district_id WHERE T1.gender = 'M' AND T2.A3 = 'North Bohemia' AND T2.A11 > 8000,moderate,"['client', 'district']",SELECT COUNT(client_id) FROM cluster4_client_join_district WHERE gender = 'M' AND A3 = 'North Bohemia' AND A11 > 8000,SELECT COUNT(T1.client_id) FROM Bank_Clients AS T1 INNER JOIN Bank_Districts AS T2 ON T1.district_id = T2.district_id WHERE T1.gender = 'M' AND T2.region_name = 'North Bohemia' AND T2.average_salary > 8000,"['Bank_Districts', 'Bank_Clients']",SELECT COUNT(client_id) FROM workload_updated_cluster4_Bank_Clients_join_Bank_Districts WHERE gender = 'M' AND region_name = 'North Bohemia' AND average_salary > 8000
94,financial,"List out the account numbers of female clients who are oldest and has lowest average salary, calculate the gap between this lowest average salary with the highest average salary?","Female means gender = 'F'; A11 refers to average salary; Gap = highest average salary - lowest average salary; If the person A's birthdate > B's birthdate, it means that person B is order than person A.","SELECT T1.account_id , ( SELECT MAX(A11) - MIN(A11) FROM district ) FROM account AS T1 INNER JOIN district AS T2 ON T1.district_id = T2.district_id WHERE T2.district_id = ( SELECT district_id FROM client WHERE gender = 'F' ORDER BY birth_date ASC LIMIT 1 ) ORDER BY T2.A11 DESC LIMIT 1",challenging,"['account', 'client', 'district']","SELECT account_id , ( SELECT MAX(A11) - MIN(A11) FROM district ) FROM cluster3_account_join_district WHERE district_district_id = ( SELECT district_id FROM client WHERE gender = 'F' ORDER BY birth_date ASC LIMIT 1 ) ORDER BY A11 DESC LIMIT 1","SELECT T1.account_id, ( SELECT MAX(average_salary) - MIN(average_salary) FROM Bank_Districts ) FROM Bank_Accounts AS T1 INNER JOIN Bank_Districts AS T2 ON T1.district_id = T2.district_id WHERE T2.district_id = ( SELECT district_id FROM Bank_Clients WHERE gender = 'F' ORDER BY birth_date ASC LIMIT 1 ) ORDER BY T2.average_salary DESC LIMIT 1","['Bank_Accounts', 'Bank_Districts', 'Bank_Clients']","SELECT account_id, ( SELECT MAX(average_salary) - MIN(average_salary) FROM Bank_Districts ) FROM workload_updated_cluster3_Bank_Accounts_join_Bank_Districts WHERE Bank_Districts_district_id = ( SELECT district_id FROM Bank_Clients WHERE gender = 'F' ORDER BY birth_date ASC LIMIT 1 ) ORDER BY average_salary DESC LIMIT 1"
95,financial,List out the account numbers of clients who are youngest and have highest average salary?,"If the person A's birthdate < B's birthdate, it means that person B is younger than person A; A11 refers to average salary",SELECT T1.account_id FROM account AS T1 INNER JOIN district AS T2 ON T1.district_id = T2.district_id WHERE T2.district_id = ( SELECT district_id FROM client ORDER BY birth_date DESC LIMIT 1 ) ORDER BY T2.A11 DESC LIMIT 1,moderate,"['account', 'client', 'district']",SELECT account_id FROM cluster3_account_join_district WHERE district_district_id = ( SELECT district_id FROM client ORDER BY birth_date DESC LIMIT 1 ) ORDER BY A11 DESC LIMIT 1,SELECT T1.account_id FROM Bank_Accounts AS T1 INNER JOIN Bank_Districts AS T2 ON T1.district_id = T2.district_id WHERE T2.district_id = ( SELECT district_id FROM Bank_Clients ORDER BY birth_date DESC LIMIT 1 ) ORDER BY T2.average_salary DESC LIMIT 1,"['Bank_Accounts', 'Bank_Districts', 'Bank_Clients']",SELECT account_id FROM workload_updated_cluster3_Bank_Accounts_join_Bank_Districts WHERE Bank_Districts_district_id = ( SELECT district_id FROM Bank_Clients ORDER BY birth_date DESC LIMIT 1 ) ORDER BY average_salary DESC LIMIT 1
98,financial,"Among the accounts who have approved loan date in 1997, list out the accounts that have the lowest approved amount and choose weekly issuance statement.",'POPLATEK TYDNE' stands for weekly issuance,"SELECT T2.account_id FROM loan AS T1 INNER JOIN account AS T2 ON T1.account_id = T2.account_id WHERE STRFTIME('%Y', T1.date) = '1997' AND T2.frequency = 'POPLATEK TYDNE' ORDER BY T1.amount LIMIT 1",moderate,"['account', 'loan']","SELECT account_account_id FROM cluster44_account_join_district_join_loan WHERE STRFTIME('%Y', loan_date) = '1997' AND frequency = 'POPLATEK TYDNE' ORDER BY amount LIMIT 1","SELECT T2.account_id FROM Bank_Loans AS T1 INNER JOIN Bank_Accounts AS T2 ON T1.account_id = T2.account_id WHERE STRFTIME('%Y', T1.loan_date) = '1997' AND T2.statement_frequency = 'POPLATEK TYDNE' ORDER BY T1.loan_amount LIMIT 1","['Bank_Accounts', 'Bank_Loans']","SELECT account_id FROM workload_updated_cluster44_Bank_Accounts_join_Bank_Districts_join_Bank_Loans WHERE STRFTIME('%Y', loan_date) = '1997' AND statement_frequency = 'POPLATEK TYDNE' ORDER BY loan_amount LIMIT 1"
102,financial,State different accounts who have account opening date before 1997 and own an amount of money greater than 3000USD,,"SELECT DISTINCT T2.account_id FROM trans AS T1 INNER JOIN account AS T2 ON T1.account_id = T2.account_id WHERE STRFTIME('%Y', T2.date) < '1997' AND T1.amount > 3000",simple,"['trans', 'account']","SELECT DISTINCT account_account_id FROM cluster45_account_join_trans WHERE STRFTIME('%Y', account_date) < '1997' AND amount > 3000","SELECT DISTINCT T2.account_id FROM Bank_Transactions AS T1 INNER JOIN Bank_Accounts AS T2 ON T1.account_id = T2.account_id WHERE STRFTIME('%Y', T2.account_creation_date) < '1997' AND T1.transaction_amount > 3000","['Bank_Accounts', 'Bank_Transactions']","SELECT DISTINCT account_id FROM workload_updated_cluster45_Bank_Accounts_join_Bank_Transactions WHERE STRFTIME('%Y', account_creation_date) < '1997' AND transaction_amount > 3000"
103,financial,"Which client issued his/her card in 1994/3/3, give his/her client id.",,SELECT T2.client_id FROM client AS T1 INNER JOIN disp AS T2 ON T1.client_id = T2.client_id INNER JOIN card AS T3 ON T2.disp_id = T3.disp_id WHERE T3.issued = '1994-03-03',simple,"['disp', 'client', 'card']",SELECT client_client_id FROM cluster46_card_join_disp_join_client WHERE issued = '1994-03-03',SELECT T2.client_id FROM Bank_Clients AS T1 INNER JOIN Bank_Dispositions AS T2 ON T1.client_id = T2.client_id INNER JOIN Bank_Cards AS T3 ON T2.disposition_id = T3.disposition_id WHERE T3.issued_date = '1994-03-03',"['Bank_Cards', 'Bank_Clients', 'Bank_Dispositions']",SELECT Bank_Dispositions_client_id FROM workload_updated_cluster46_Bank_Cards_join_Bank_Clients_join_Bank_Dispositions WHERE issued_date = '1994-03-03'
104,financial,"The transaction of 840 USD happened in 1998/10/14, when was this account opened?",,SELECT T1.date FROM account AS T1 INNER JOIN trans AS T2 ON T1.account_id = T2.account_id WHERE T2.amount = 840 AND T2.date = '1998-10-14',simple,"['trans', 'account']",SELECT account_date FROM cluster45_account_join_trans WHERE amount = 840 AND trans_date = '1998-10-14',SELECT T1.account_creation_date FROM Bank_Accounts AS T1 INNER JOIN Bank_Transactions AS T2 ON T1.account_id = T2.account_id WHERE T2.transaction_amount = 840 AND T2.transaction_date = '1998-10-14',"['Bank_Accounts', 'Bank_Transactions']",SELECT account_creation_date FROM workload_updated_cluster45_Bank_Accounts_join_Bank_Transactions WHERE transaction_amount = 840 AND transaction_date = '1998-10-14'
108,financial,"For the client who applied the biggest loan, what was his/her first amount of transaction after opened the account?",,"SELECT T2.amount FROM loan AS T1 INNER JOIN trans AS T2 ON T1.account_id = T2.account_id ORDER BY T1.amount DESC, T2.date ASC LIMIT 1",simple,"['trans', 'loan']",SELECT amount FROM cluster45_account_join_trans AS T2 WHERE account_account_id IN (SELECT account_id FROM loan ORDER BY amount DESC LIMIT 1) ORDER BY trans_date ASC LIMIT 1,"SELECT T2.transaction_amount FROM Bank_Loans AS T1 INNER JOIN Bank_Transactions AS T2 ON T1.account_id = T2.account_id ORDER BY T1.loan_amount DESC, T2.transaction_date ASC LIMIT 1","['Bank_Loans', 'Bank_Transactions']","SELECT T2.transaction_amount FROM workload_updated_cluster44_Bank_Accounts_join_Bank_Districts_join_Bank_Loans AS T1 INNER JOIN workload_updated_cluster45_Bank_Accounts_join_Bank_Transactions AS T2 ON T1.account_id = T2.account_id ORDER BY T1.loan_amount DESC, T2.transaction_date ASC LIMIT 1"
112,financial,"For the female client who was born in 1976/1/29, which district did she opened her account?",Female refers to gender = 'F'; A2 refers to district names,SELECT T1.A2 FROM district AS T1 INNER JOIN client AS T2 ON T1.district_id = T2.district_id WHERE T2.birth_date = '1976-01-29' AND T2.gender = 'F',simple,"['client', 'district']",SELECT A2 FROM cluster4_client_join_district WHERE birth_date = '1976-01-29' AND gender = 'F',SELECT T1.district_name FROM Bank_Districts AS T1 INNER JOIN Bank_Clients AS T2 ON T1.district_id = T2.district_id WHERE T2.birth_date = '1976-01-29' AND T2.gender = 'F',"['Bank_Districts', 'Bank_Clients']",SELECT district_name FROM workload_updated_cluster4_Bank_Clients_join_Bank_Districts WHERE birth_date = '1976-01-29' AND gender = 'F'
114,financial,"For the first client who opened his/her account in Prague, what is his/her account ID?",A3 stands for region names,SELECT T1.account_id FROM account AS T1 INNER JOIN district AS T2 ON T1.district_id = T2.district_id WHERE T2.A3 = 'Prague' ORDER BY T1.date ASC LIMIT 1,simple,"['account', 'district']",SELECT account_id FROM cluster3_account_join_district WHERE A3 = 'Prague' ORDER BY date ASC LIMIT 1,SELECT T1.account_id FROM Bank_Accounts AS T1 INNER JOIN Bank_Districts AS T2 ON T1.district_id = T2.district_id WHERE T2.region_name = 'Prague' ORDER BY T1.account_creation_date ASC LIMIT 1,"['Bank_Accounts', 'Bank_Districts']",SELECT account_id FROM workload_updated_cluster3_Bank_Accounts_join_Bank_Districts WHERE region_name = 'Prague' ORDER BY account_creation_date ASC LIMIT 1
116,financial,"For the client who first applied the loan in 1993/7/5, what is the increase rate of his/her account balance from 1993/3/22 to 1998/12/27?",Increase rate of his/her account balance = [(balance of date A - balance of date B) / balance of Date B] * 100%,"SELECT CAST((SUM(IIF(T3.date = '1998-12-27', T3.balance, 0)) - SUM(IIF(T3.date = '1993-03-22', T3.balance, 0))) AS REAL) * 100 / SUM(IIF(T3.date = '1993-03-22', T3.balance, 0)) FROM loan AS T1 INNER JOIN account AS T2 ON T1.account_id = T2.account_id INNER JOIN trans AS T3 ON T3.account_id = T2.account_id WHERE T1.date = '1993-07-05'",challenging,"['trans', 'account', 'loan']","SELECT CAST((SUM(IIF(trans_date = '1998-12-27', balance, 0)) - SUM(IIF(trans_date = '1993-03-22', balance, 0))) AS REAL) * 100 / SUM(IIF(trans_date = '1993-03-22', balance, 0)) FROM cluster45_account_join_trans WHERE account_account_id IN (SELECT account_id FROM loan WHERE date = '1993-07-05')","SELECT CAST((SUM(IIF(T3.transaction_date = '1998-12-27', T3.balance_after_trans, 0)) - SUM(IIF(T3.transaction_date = '1993-03-22', T3.balance_after_trans, 0))) AS REAL) * 100 / SUM(IIF(T3.transaction_date = '1993-03-22', T3.balance_after_trans, 0)) FROM Bank_Loans AS T1 INNER JOIN Bank_Accounts AS T2 ON T1.account_id = T2.account_id INNER JOIN Bank_Transactions AS T3 ON T3.account_id = T2.account_id WHERE T1.loan_date = '1993-07-05'","['Bank_Accounts', 'Bank_Loans', 'Bank_Transactions']","SELECT CAST((SUM(IIF(T2.transaction_date = '1998-12-27', T2.balance_after_trans, 0)) - SUM(IIF(T2.transaction_date = '1993-03-22', T2.balance_after_trans, 0))) AS REAL) * 100 / SUM(IIF(T2.transaction_date = '1993-03-22', T2.balance_after_trans, 0)) FROM workload_updated_cluster44_Bank_Accounts_join_Bank_Districts_join_Bank_Loans AS T1 INNER JOIN workload_updated_cluster45_Bank_Accounts_join_Bank_Transactions AS T2 ON T1.account_id = T2.account_id WHERE T1.loan_date = '1993-07-05'"
117,financial,What is the percentage of loan amount that has been fully paid with no issue.,"Loan paid with no issue means contract finished, no problems; status = 'A' means contract finished, no problems; Percentage of accounts by condition = [(total(amount) & condition) / (total amount)] * 100%",SELECT (CAST(SUM(CASE WHEN status = 'A' THEN amount ELSE 0 END) AS REAL) * 100) / SUM(amount) FROM loan,moderate,['loan'],SELECT (CAST(SUM(CASE WHEN status = 'A' THEN amount ELSE 0 END) AS REAL) * 100) / SUM(amount) FROM cluster44_account_join_district_join_loan,SELECT (CAST(SUM(CASE WHEN loan_status = 'A' THEN loan_amount ELSE 0 END) AS REAL) * 100) / SUM(loan_amount) FROM Bank_Loans,['Bank_Loans'],SELECT (CAST(SUM(CASE WHEN loan_status = 'A' THEN loan_amount ELSE 0 END) AS REAL) * 100) / SUM(loan_amount) FROM Bank_Loans
118,financial,"For loan amount less than USD100,000, what is the percentage of accounts that is still running with no issue.","Status = 'C' stands for running contract, ok so far; Percentage of accounts by condition = [(total(amount) & condition) / (total amount)] * 100%.",SELECT CAST(SUM(status = 'C') AS REAL) * 100 / COUNT(amount) FROM loan WHERE amount < 100000,moderate,['loan'],SELECT CAST(SUM(status = 'C') AS REAL) * 100 / COUNT(amount) FROM cluster44_account_join_district_join_loan WHERE amount < 100000,SELECT CAST(SUM(loan_status = 'C') AS REAL) * 100 / COUNT(loan_amount) FROM Bank_Loans WHERE loan_amount < 100000,['Bank_Loans'],SELECT CAST(SUM(loan_status = 'C') AS REAL) * 100 / COUNT(loan_amount) FROM Bank_Loans WHERE loan_amount < 100000
119,financial,"For accounts in 1993 with statement issued after transaction, list the account ID, district name and district region.",Records about district names could be found in A2; A3 contains the information about regions. 'POPLATEK PO OBRATU' stands for issuance after transaction,"SELECT T1.account_id, T2.A2, T2.A3 FROM account AS T1 INNER JOIN district AS T2 ON T1.district_id = T2.district_id WHERE T1.frequency = 'POPLATEK PO OBRATU' AND STRFTIME('%Y', T1.date)= '1993'",moderate,"['account', 'district']","SELECT account_id, A2, A3 FROM cluster3_account_join_district WHERE frequency = 'POPLATEK PO OBRATU' AND STRFTIME('%Y', date)= '1993'","SELECT T1.account_id, T2.district_name, T2.region_name FROM Bank_Accounts AS T1 INNER JOIN Bank_Districts AS T2 ON T1.district_id = T2.district_id WHERE T1.statement_frequency = 'POPLATEK PO OBRATU' AND STRFTIME('%Y', T1.account_creation_date)= '1993'","['Bank_Accounts', 'Bank_Districts']","SELECT account_id, district_name, region_name FROM workload_updated_cluster3_Bank_Accounts_join_Bank_Districts WHERE statement_frequency = 'POPLATEK PO OBRATU' AND STRFTIME('%Y', account_creation_date)= '1993'"
121,financial,List account ID and account opening date for accounts from 'Prachatice'.,A2 refers to the names of districts.,"SELECT T1.account_id, T1.date FROM account AS T1 INNER JOIN district AS T2 ON T1.district_id = T2.district_id WHERE T2.A2 = 'Prachatice'",simple,"['account', 'district']","SELECT account_id, date FROM cluster3_account_join_district WHERE A2 = 'Prachatice'","SELECT T1.account_id, T1.account_creation_date FROM Bank_Accounts AS T1 INNER JOIN Bank_Districts AS T2 ON T1.district_id = T2.district_id WHERE T2.district_name = 'Prachatice'","['Bank_Accounts', 'Bank_Districts']","SELECT account_id, account_creation_date FROM workload_updated_cluster3_Bank_Accounts_join_Bank_Districts WHERE district_name = 'Prachatice'"
122,financial,State the district and region for loan ID '4990'.,"A2, A3 contains the information about district and region respectively.","SELECT T2.A2, T2.A3 FROM account AS T1 INNER JOIN district AS T2 ON T1.district_id = T2.district_id INNER JOIN loan AS T3 ON T1.account_id = T3.account_id WHERE T3.loan_id = 4990",simple,"['account', 'district', 'loan']","SELECT A2, A3 FROM cluster44_account_join_district_join_loan WHERE loan_id = 4990","SELECT T2.district_name, T2.region_name FROM Bank_Accounts AS T1 INNER JOIN Bank_Districts AS T2 ON T1.district_id = T2.district_id INNER JOIN Bank_Loans AS T3 ON T1.account_id = T3.account_id WHERE T3.loan_id = 4990","['Bank_Accounts', 'Bank_Districts', 'Bank_Loans']","SELECT district_name, region_name FROM workload_updated_cluster44_Bank_Accounts_join_Bank_Districts_join_Bank_Loans WHERE loan_id = 4990"
125,financial,"For loans contracts which are still running where client are in debt, list the district of the and the state the percentage unemployment rate increment from year 1995 to 1996.",Unemployment increment rate in percentage = [(unemployment rate 2016 - unemployment rate 2015) / unemployment rate 2015] * 100%; unemployment rate 2015 appears in the A12; unemployment rate 2016 appears in the A13; Loan contracts which are still running where client are in debt can be presented as status = 'D',SELECT CAST((T3.A13 - T3.A12) AS REAL) * 100 / T3.A12 FROM loan AS T1 INNER JOIN account AS T2 ON T1.account_id = T2.account_id INNER JOIN district AS T3 ON T2.district_id = T3.district_id WHERE T1.status = 'D',challenging,"['account', 'district', 'loan']",SELECT CAST((A13 - A12) AS REAL) * 100 / A12 FROM cluster44_account_join_district_join_loan WHERE status = 'D',SELECT CAST((T3.unemployment_rate_96 - T3.unemployment_rate_95) AS REAL) * 100 / T3.unemployment_rate_95 FROM Bank_Loans AS T1 INNER JOIN Bank_Accounts AS T2 ON T1.account_id = T2.account_id INNER JOIN Bank_Districts AS T3 ON T2.district_id = T3.district_id WHERE T1.loan_status = 'D',"['Bank_Accounts', 'Bank_Districts', 'Bank_Loans']",SELECT CAST((unemployment_rate_96 - unemployment_rate_95) AS REAL) * 100 / unemployment_rate_95 FROM workload_updated_cluster44_Bank_Accounts_join_Bank_Districts_join_Bank_Loans WHERE loan_status = 'D'
127,financial,List the account IDs with monthly issuance of statements.,'POPLATEK MESICNE' stands for monthly issuance,SELECT account_id FROM account WHERE Frequency = 'POPLATEK MESICNE',simple,['account'],SELECT account_id FROM account WHERE Frequency = 'POPLATEK MESICNE',SELECT account_id FROM Bank_Accounts WHERE statement_frequency = 'POPLATEK MESICNE',['Bank_Accounts'],SELECT account_id FROM Bank_Accounts WHERE statement_frequency = 'POPLATEK MESICNE'
130,financial,How many of the account holders in South Bohemia still do not own credit cards?,A3 contains the region names; South Bohemia is one of region names.,SELECT COUNT(T3.account_id) FROM district AS T1 INNER JOIN client AS T2 ON T1.district_id = T2.district_id INNER JOIN disp AS T3 ON T2.client_id = T3.client_id WHERE T1.A3 = 'south Bohemia' AND T3.type != 'OWNER',moderate,"['disp', 'client', 'district']",SELECT COUNT(account_id) FROM cluster4_client_join_district AS T1 INNER JOIN disp AS T3 ON T1.client_id = T3.client_id WHERE A3 = 'south Bohemia' AND T3.type != 'OWNER',SELECT COUNT(T3.account_id) FROM Bank_Districts AS T1 INNER JOIN Bank_Clients AS T2 ON T1.district_id = T2.district_id INNER JOIN Bank_Dispositions AS T3 ON T2.client_id = T3.client_id WHERE T1.region_name = 'south Bohemia' AND T3.disposition_type != 'OWNER',"['Bank_Districts', 'Bank_Clients', 'Bank_Dispositions']",SELECT COUNT(T3.account_id) FROM Bank_Districts AS T1 INNER JOIN Bank_Clients AS T2 ON T1.district_id = T2.district_id INNER JOIN Bank_Dispositions AS T3 ON T2.client_id = T3.client_id WHERE T1.region_name = 'south Bohemia' AND T3.disposition_type != 'OWNER'
131,financial,Which district has highest active loan?,"A3 refers to district names; Active loan refers to running contracts; Status = 'C' stands for running contract, OK so far; Status = 'D' stands for running contract, client in debt","SELECT T2.A3 FROM account AS T1 INNER JOIN district AS T2 ON T1.district_id = T2.district_id INNER JOIN loan AS T3 ON T1.account_id = T3.account_id WHERE T3.status IN ('C', 'D') GROUP BY T2.A3 ORDER BY SUM(T3.amount) DESC LIMIT 1",moderate,"['account', 'district', 'loan']","SELECT A3 FROM cluster44_account_join_district_join_loan WHERE status IN ('C', 'D') GROUP BY A3 ORDER BY SUM(amount) DESC LIMIT 1","SELECT T2.region_name FROM Bank_Accounts AS T1 INNER JOIN Bank_Districts AS T2 ON T1.district_id = T2.district_id INNER JOIN Bank_Loans AS T3 ON T1.account_id = T3.account_id WHERE T3.loan_status IN ('C', 'D') GROUP BY T2.region_name ORDER BY SUM(T3.loan_amount) DESC LIMIT 1","['Bank_Accounts', 'Bank_Districts', 'Bank_Loans']","SELECT region_name FROM workload_updated_cluster44_Bank_Accounts_join_Bank_Districts_join_Bank_Loans WHERE loan_status IN ('C', 'D') GROUP BY region_name ORDER BY SUM(loan_amount) DESC LIMIT 1"
132,financial,What is the average loan amount by male borrowers?,Male refers to gender = 'M',SELECT AVG(T3.amount) FROM client AS T1 INNER JOIN account AS T2 ON T1.district_id = T2.district_id INNER JOIN loan AS T3 ON T2.account_id = T3.account_id WHERE T1.gender = 'M',simple,"['account', 'client', 'loan']",SELECT AVG(T3.amount) FROM cluster4_client_join_district AS T1 INNER JOIN account AS T2 ON T1.client_district_id = T2.district_id INNER JOIN loan AS T3 ON T2.account_id = T3.account_id WHERE gender = 'M',SELECT AVG(T3.loan_amount) FROM Bank_Clients AS T1 INNER JOIN Bank_Accounts AS T2 ON T1.district_id = T2.district_id INNER JOIN Bank_Loans AS T3 ON T2.account_id = T3.account_id WHERE T1.gender = 'M',"['Bank_Loans', 'Bank_Accounts', 'Bank_Clients']",SELECT AVG(T2.loan_amount) FROM workload_updated_cluster4_Bank_Clients_join_Bank_Districts AS T1 INNER JOIN workload_updated_cluster44_Bank_Accounts_join_Bank_Districts_join_Bank_Loans AS T2 ON T1.district_id = T2.Bank_Districts_district_id WHERE T1.gender = 'M'
133,financial,"In 1996, which districts have the highest unemployment rate? List their branch location and district name.",A2 refers to district names; A13 refers to unemploymant rate in 1996,"SELECT district_id, A2 FROM district ORDER BY A13 DESC LIMIT 1",simple,['district'],"SELECT district_id, A2 FROM district ORDER BY A13 DESC LIMIT 1","SELECT district_id, district_name FROM Bank_Districts ORDER BY unemployment_rate_96 DESC LIMIT 1",['Bank_Districts'],"SELECT district_id, district_name FROM Bank_Districts ORDER BY unemployment_rate_96 DESC LIMIT 1"
134,financial,"In the branch where the largest number of crimes were committed in 1996, how many accounts were opened?",A16 stands for no. of committed crimes 1996,SELECT COUNT(T2.account_id) FROM district AS T1 INNER JOIN account AS T2 ON T1.district_id = T2.district_id GROUP BY T1.A16 ORDER BY T1.A16 DESC LIMIT 1,simple,"['account', 'district']",SELECT COUNT(account_id) FROM cluster3_account_join_district GROUP BY A16 ORDER BY A16 DESC LIMIT 1,SELECT COUNT(T2.account_id) FROM Bank_Districts AS T1 INNER JOIN Bank_Accounts AS T2 ON T1.district_id = T2.district_id GROUP BY T1.crime_count_96 ORDER BY T1.crime_count_96 DESC LIMIT 1,"['Bank_Accounts', 'Bank_Districts']",SELECT COUNT(account_id) FROM workload_updated_cluster3_Bank_Accounts_join_Bank_Districts GROUP BY crime_count_96 ORDER BY crime_count_96 DESC LIMIT 1
142,financial,Which accounts placed orders for household payment in Pisek?,k_symbol = 'SIPO' refers to household payment,SELECT DISTINCT T2.account_id FROM trans AS T1 INNER JOIN account AS T2 ON T1.account_id = T2.account_id INNER JOIN district AS T3 ON T2.district_id = T3.district_id WHERE T1.k_symbol = 'SIPO' AND T3.A2 = 'Pisek',simple,"['trans', 'account', 'district']",SELECT DISTINCT trans_account_id FROM cluster45_account_join_trans AS T1 INNER JOIN district AS T3 ON T1.district_id = T3.district_id WHERE T1.k_symbol = 'SIPO' AND T3.A2 = 'Pisek',SELECT DISTINCT T2.account_id FROM Bank_Transactions AS T1 INNER JOIN Bank_Accounts AS T2 ON T1.account_id = T2.account_id INNER JOIN Bank_Districts AS T3 ON T2.district_id = T3.district_id WHERE T1.constant_symbol = 'SIPO' AND T3.district_name = 'Pisek',"['Bank_Accounts', 'Bank_Districts', 'Bank_Transactions']",SELECT DISTINCT T1.account_id FROM workload_updated_cluster45_Bank_Accounts_join_Bank_Transactions AS T1 INNER JOIN workload_updated_cluster3_Bank_Accounts_join_Bank_Districts AS T2 ON T1.account_id = T2.account_id WHERE T1.constant_symbol = 'SIPO' AND T2.district_name = 'Pisek'
143,financial,What are the accounts that have both gold and junior credit cards?,,"SELECT T2.account_id FROM card AS T1 INNER JOIN disp AS T2 ON T1.disp_id = T2.disp_id WHERE T1.type IN ('gold', 'junior')",simple,"['disp', 'card']","SELECT account_id FROM cluster46_card_join_disp_join_client WHERE card_type IN ('gold', 'junior')","SELECT T2.account_id FROM Bank_Cards AS T1 INNER JOIN Bank_Dispositions AS T2 ON T1.disposition_id = T2.disposition_id WHERE T1.card_tier IN ('gold', 'junior')","['Bank_Cards', 'Bank_Dispositions']","SELECT account_id FROM workload_updated_cluster46_Bank_Cards_join_Bank_Clients_join_Bank_Dispositions WHERE card_tier IN ('gold', 'junior')"
144,financial,"How much is the average amount in credit card made by account holders in a month, in year 2021?",Operation = 'VYBER KARTOU' refers to credit card withdrawn,"SELECT AVG(T3.amount) FROM card AS T1 INNER JOIN disp AS T2 ON T1.disp_id = T2.disp_id INNER JOIN trans AS T3 ON T2.account_id = T3.account_id WHERE STRFTIME('%Y', T3.date) = '2021' AND T3.operation = 'VYBER KARTOU'",moderate,"['trans', 'disp', 'card']","SELECT AVG(amount) FROM cluster46_card_join_disp_join_client AS T1 INNER JOIN trans AS T3 ON T1.account_id = T3.account_id WHERE STRFTIME('%Y', T3.date) = '2021' AND T3.operation = 'VYBER KARTOU'","SELECT AVG(T3.transaction_amount) FROM Bank_Cards AS T1 INNER JOIN Bank_Dispositions AS T2 ON T1.disposition_id = T2.disposition_id INNER JOIN Bank_Transactions AS T3 ON T2.account_id = T3.account_id WHERE STRFTIME('%Y', T3.transaction_date) = '2021' AND T3.transaction_mode = 'VYBER KARTOU'","['Bank_Cards', 'Bank_Dispositions', 'Bank_Transactions']","SELECT AVG(T2.transaction_amount) FROM workload_updated_cluster46_Bank_Cards_join_Bank_Clients_join_Bank_Dispositions AS T1 INNER JOIN workload_updated_cluster45_Bank_Accounts_join_Bank_Transactions AS T2 ON T1.account_id = T2.account_id WHERE STRFTIME('%Y', T2.transaction_date) = '2021' AND T2.transaction_mode = 'VYBER KARTOU'"
145,financial,"Who are the account holder identification numbers whose spent per month on the credit card is less than the average, in 1998?",Operation = 'VYBER KARTOU' refers to credit card withdrawal,"SELECT T1.account_id FROM trans AS T1 INNER JOIN account AS T2 ON T1.account_id = T2.account_id WHERE STRFTIME('%Y', T1.date) = '1998' AND T1.operation = 'VYBER KARTOU' AND T1.amount < (SELECT AVG(amount) FROM trans WHERE STRFTIME('%Y', date) = '1998')",moderate,"['trans', 'account']","SELECT account_account_id FROM cluster45_account_join_trans WHERE STRFTIME('%Y', trans_date) = '1998' AND operation = 'VYBER KARTOU' AND amount < (SELECT AVG(amount) FROM trans WHERE STRFTIME('%Y', date) = '1998')","SELECT T1.account_id FROM Bank_Transactions AS T1 INNER JOIN Bank_Accounts AS T2 ON T1.account_id = T2.account_id WHERE STRFTIME('%Y', T1.transaction_date) = '1998' AND T1.transaction_mode = 'VYBER KARTOU' AND T1.transaction_amount < (SELECT AVG(transaction_amount) FROM Bank_Transactions WHERE STRFTIME('%Y', transaction_date) = '1998')","['Bank_Accounts', 'Bank_Transactions']","SELECT account_id FROM workload_updated_cluster45_Bank_Accounts_join_Bank_Transactions WHERE STRFTIME('%Y', transaction_date) = '1998' AND transaction_mode = 'VYBER KARTOU' AND transaction_amount < (SELECT AVG(transaction_amount) FROM Bank_Transactions WHERE STRFTIME('%Y', transaction_date) = '1998')"
146,financial,Who are the female account holders who own credit cards and also have loans?,Female refers to gender = 'F',SELECT T1.client_id FROM client AS T1 INNER JOIN disp AS T2 ON T1.client_id = T2.client_id INNER JOIN loan AS T3 ON T2.account_id = T3.account_id INNER JOIN card AS T4 ON T2.disp_id = T4.disp_id WHERE T1.gender = 'F',simple,"['card', 'disp', 'client', 'loan']",SELECT T1.client_id FROM client AS T1 INNER JOIN disp AS T2 ON T1.client_id = T2.client_id INNER JOIN loan AS T3 ON T2.account_id = T3.account_id INNER JOIN card AS T4 ON T2.disp_id = T4.disp_id WHERE T1.gender = 'F',SELECT T1.client_id FROM Bank_Clients AS T1 INNER JOIN Bank_Dispositions AS T2 ON T1.client_id = T2.client_id INNER JOIN Bank_Loans AS T3 ON T2.account_id = T3.account_id INNER JOIN Bank_Cards AS T4 ON T2.disposition_id = T4.disposition_id WHERE T1.gender = 'F',"['Bank_Loans', 'Bank_Clients', 'Bank_Cards', 'Bank_Dispositions']",SELECT T1.client_id FROM workload_updated_cluster46_Bank_Cards_join_Bank_Clients_join_Bank_Dispositions AS T1 INNER JOIN workload_updated_cluster44_Bank_Accounts_join_Bank_Districts_join_Bank_Loans AS T2 ON T1.account_id = T2.account_id WHERE T1.gender = 'F'
148,financial,Please list the accounts whose district is Tabor that are eligible for loans.,"District refers to column A2; when the account type = 'OWNER', it's eligible for loans",SELECT T2.account_id FROM district AS T1 INNER JOIN account AS T2 ON T1.district_id = T2.district_id INNER JOIN disp AS T3 ON T2.account_id = T3.account_id WHERE T3.type = 'OWNER' AND T1.A2 = 'Tabor',moderate,"['disp', 'account', 'district']",SELECT account_id FROM cluster3_account_join_district WHERE A2 = 'Tabor',SELECT T2.account_id FROM Bank_Districts AS T1 INNER JOIN Bank_Accounts AS T2 ON T1.district_id = T2.district_id INNER JOIN Bank_Dispositions AS T3 ON T2.account_id = T3.account_id WHERE T3.disposition_type = 'OWNER' AND T1.district_name = 'Tabor',"['Bank_Accounts', 'Bank_Districts', 'Bank_Dispositions']",SELECT T1.account_id FROM Bank_Accounts AS T1 INNER JOIN Bank_Districts AS T2 ON T1.district_id = T2.district_id INNER JOIN Bank_Dispositions AS T3 ON T1.account_id = T3.account_id WHERE T3.disposition_type = 'OWNER' AND T2.district_name = 'Tabor'
149,financial,"Please list the account types that are not eligible for loans, and the average income of residents in the district where the account is located exceeds $8000 but is no more than $9000.","A11 represents the average salary; Salary and income share the similar meanings; when the account type = 'OWNER', it's eligible for loans",SELECT T3.type FROM district AS T1 INNER JOIN account AS T2 ON T1.district_id = T2.district_id INNER JOIN disp AS T3 ON T2.account_id = T3.account_id WHERE T3.type != 'OWNER' AND T1.A11 BETWEEN 8000 AND 9000,challenging,"['disp', 'account', 'district']",SELECT T3.type FROM district AS T1 INNER JOIN account AS T2 ON T1.district_id = T2.district_id INNER JOIN disp AS T3 ON T2.account_id = T3.account_id WHERE T3.type != 'OWNER' AND T1.A11 BETWEEN 8000 AND 9000,SELECT T3.disposition_type FROM Bank_Districts AS T1 INNER JOIN Bank_Accounts AS T2 ON T1.district_id = T2.district_id INNER JOIN Bank_Dispositions AS T3 ON T2.account_id = T3.account_id WHERE T3.disposition_type != 'OWNER' AND T1.average_salary BETWEEN 8000 AND 9000,"['Bank_Accounts', 'Bank_Districts', 'Bank_Dispositions']",SELECT T3.disposition_type FROM Bank_Districts AS T1 INNER JOIN Bank_Accounts AS T2 ON T1.district_id = T2.district_id INNER JOIN Bank_Dispositions AS T3 ON T2.account_id = T3.account_id WHERE T3.disposition_type != 'OWNER' AND T1.average_salary BETWEEN 8000 AND 9000
150,financial,How many accounts in North Bohemia has made a transaction with the partner's bank being AB?,A3 contains the region names; North Bohemia is a region.,SELECT COUNT(T2.account_id) FROM district AS T1 INNER JOIN account AS T2 ON T1.district_id = T2.district_id INNER JOIN trans AS T3 ON T2.account_id = T3.account_id WHERE T3.bank = 'AB' AND T1.A3 = 'north Bohemia',moderate,"['trans', 'account', 'district']",SELECT COUNT(T3.account_id) FROM cluster3_account_join_district AS T3 INNER JOIN trans AS T_trans ON T3.account_id = T_trans.account_id WHERE T_trans.bank = 'AB' AND T3.A3 = 'north Bohemia',SELECT COUNT(T2.account_id) FROM Bank_Districts AS T1 INNER JOIN Bank_Accounts AS T2 ON T1.district_id = T2.district_id INNER JOIN Bank_Transactions AS T3 ON T2.account_id = T3.account_id WHERE T3.partner_bank = 'AB' AND T1.region_name = 'north Bohemia',"['Bank_Accounts', 'Bank_Districts', 'Bank_Transactions']",SELECT COUNT(T1.account_id) FROM workload_updated_cluster3_Bank_Accounts_join_Bank_Districts AS T1 INNER JOIN workload_updated_cluster45_Bank_Accounts_join_Bank_Transactions AS T2 ON T1.account_id = T2.account_id WHERE T2.partner_bank = 'AB' AND T1.region_name = 'north Bohemia'
151,financial,Please list the name of the districts with accounts that made withdrawal transactions.,A2 refers to district name; type = 'VYDAJ' stands for withdrawal transactions,SELECT DISTINCT T1.A2 FROM district AS T1 INNER JOIN account AS T2 ON T1.district_id = T2.district_id INNER JOIN trans AS T3 ON T2.account_id = T3.account_id WHERE T3.type = 'VYDAJ',moderate,"['trans', 'account', 'district']",SELECT DISTINCT A2 FROM cluster45_account_join_trans AS T1 INNER JOIN district AS T2 ON T1.district_id = T2.district_id WHERE type = 'VYDAJ',SELECT DISTINCT T1.district_name FROM Bank_Districts AS T1 INNER JOIN Bank_Accounts AS T2 ON T1.district_id = T2.district_id INNER JOIN Bank_Transactions AS T3 ON T2.account_id = T3.account_id WHERE T3.transaction_type = 'VYDAJ',"['Bank_Accounts', 'Bank_Districts', 'Bank_Transactions']",SELECT DISTINCT T1.district_name FROM workload_updated_cluster3_Bank_Accounts_join_Bank_Districts AS T1 INNER JOIN workload_updated_cluster45_Bank_Accounts_join_Bank_Transactions AS T2 ON T1.account_id = T2.account_id WHERE T2.transaction_type = 'VYDAJ'
152,financial,What is the average number of crimes committed in 1995 in regions where the number exceeds 4000 and the region has accounts that are opened starting from the year 1997?,A3 refers to region names; A15 stands for the average number of crimes commited in 1995.,"SELECT AVG(T1.A15) FROM district AS T1 INNER JOIN account AS T2 ON T1.district_id = T2.district_id WHERE STRFTIME('%Y', T2.date) >= '1997' AND T1.A15 > 4000",moderate,"['account', 'district']","SELECT AVG(A15) FROM cluster3_account_join_district WHERE STRFTIME('%Y', date) >= '1997' AND A15 > 4000","SELECT AVG(T1.crime_count_95) FROM Bank_Districts AS T1 INNER JOIN Bank_Accounts AS T2 ON T1.district_id = T2.district_id WHERE STRFTIME('%Y', T2.account_creation_date) >= '1997' AND T1.crime_count_95 > 4000","['Bank_Accounts', 'Bank_Districts']","SELECT AVG(crime_count_95) FROM workload_updated_cluster3_Bank_Accounts_join_Bank_Districts WHERE STRFTIME('%Y', account_creation_date) >= '1997' AND crime_count_95 > 4000"
153,financial,How many 'classic' cards are eligible for loan?,"when the account type = 'OWNER', it's eligible for loan",SELECT COUNT(T1.card_id) FROM card AS T1 INNER JOIN disp AS T2 ON T1.disp_id = T2.disp_id WHERE T1.type = 'classic' AND T2.type = 'Owner',simple,"['disp', 'card']",SELECT COUNT(card_id) FROM cluster46_card_join_disp_join_client WHERE card_type = 'classic' AND disp_type = 'Owner',SELECT COUNT(T1.card_id) FROM Bank_Cards AS T1 INNER JOIN Bank_Dispositions AS T2 ON T1.disposition_id = T2.disposition_id WHERE T1.card_tier = 'classic' AND T2.disposition_type = 'Owner',"['Bank_Cards', 'Bank_Dispositions']",SELECT COUNT(card_id) FROM workload_updated_cluster46_Bank_Cards_join_Bank_Clients_join_Bank_Dispositions WHERE card_tier = 'classic' AND disposition_type = 'Owner'
154,financial,How many male clients in 'Hl.m. Praha' district?,District data appears in the A2; Male means that gender = 'M',SELECT COUNT(T1.client_id) FROM client AS T1 INNER JOIN district AS T2 ON T1.district_id = T2.district_id WHERE T1.gender = 'M' AND T2.A2 = 'Hl.m. Praha',simple,"['client', 'district']",SELECT COUNT(client_id) FROM cluster4_client_join_district WHERE gender = 'M' AND A2 = 'Hl.m. Praha',SELECT COUNT(T1.client_id) FROM Bank_Clients AS T1 INNER JOIN Bank_Districts AS T2 ON T1.district_id = T2.district_id WHERE T1.gender = 'M' AND T2.district_name = 'Hl.m. Praha',"['Bank_Districts', 'Bank_Clients']",SELECT COUNT(client_id) FROM workload_updated_cluster4_Bank_Clients_join_Bank_Districts WHERE gender = 'M' AND district_name = 'Hl.m. Praha'
157,financial,What is the number of committed crimes in 1995 in the district of the account with the id 532?,A15 contains information about number of committed crimes in 1995,SELECT T1.A15 FROM district AS T1 INNER JOIN `account` AS T2 ON T1.district_id = T2.district_id WHERE T2.account_id = 532,simple,"['account', 'district']",SELECT A15 FROM cluster3_account_join_district WHERE account_id = 532,SELECT T1.crime_count_95 FROM Bank_Districts AS T1 INNER JOIN Bank_Accounts AS T2 ON T1.district_id = T2.district_id WHERE T2.account_id = 532,"['Bank_Accounts', 'Bank_Districts']",SELECT crime_count_95 FROM workload_updated_cluster3_Bank_Accounts_join_Bank_Districts WHERE account_id = 532
159,financial,List all the withdrawals in cash transactions that the client with the id 3356 makes.,operation = 'VYBER' refers to withdrawal in cash,SELECT T4.trans_id FROM client AS T1 INNER JOIN disp AS T2 ON T1.client_id = T2.client_id INNER JOIN account AS T3 ON T2.account_id = T3.account_id INNER JOIN trans AS T4 ON T3.account_id = T4.account_id WHERE T1.client_id = 3356 AND T4.operation = 'VYBER',simple,"['trans', 'disp', 'account', 'client']",SELECT trans_id FROM cluster46_card_join_disp_join_client AS T1 INNER JOIN trans AS T4 ON T1.account_id = T4.account_id WHERE client_client_id = 3356 AND T4.operation = 'VYBER',SELECT T4.transaction_id FROM Bank_Clients AS T1 INNER JOIN Bank_Dispositions AS T2 ON T1.client_id = T2.client_id INNER JOIN Bank_Accounts AS T3 ON T2.account_id = T3.account_id INNER JOIN Bank_Transactions AS T4 ON T3.account_id = T4.account_id WHERE T1.client_id = 3356 AND T4.transaction_mode = 'VYBER',"['Bank_Accounts', 'Bank_Clients', 'Bank_Dispositions', 'Bank_Transactions']",SELECT T1.transaction_id FROM workload_updated_cluster45_Bank_Accounts_join_Bank_Transactions AS T1 INNER JOIN workload_updated_cluster46_Bank_Cards_join_Bank_Clients_join_Bank_Dispositions AS T2 ON T1.account_id = T2.account_id WHERE T2.client_id = 3356 AND T1.transaction_mode = 'VYBER'
160,financial,"Among the weekly issuance accounts, how many have a loan of under 200000?",frequency = 'POPLATEK TYDNE' stands for weekly issuance,SELECT COUNT(T1.account_id) FROM loan AS T1 INNER JOIN account AS T2 ON T1.account_id = T2.account_id WHERE T2.frequency = 'POPLATEK TYDNE' AND T1.amount < 200000,simple,"['account', 'loan']",SELECT COUNT(loan_id) FROM cluster44_account_join_district_join_loan WHERE frequency = 'POPLATEK TYDNE' AND amount < 200000,SELECT COUNT(T1.account_id) FROM Bank_Loans AS T1 INNER JOIN Bank_Accounts AS T2 ON T1.account_id = T2.account_id WHERE T2.statement_frequency = 'POPLATEK TYDNE' AND T1.loan_amount < 200000,"['Bank_Accounts', 'Bank_Loans']",SELECT COUNT(account_id) FROM workload_updated_cluster44_Bank_Accounts_join_Bank_Districts_join_Bank_Loans WHERE statement_frequency = 'POPLATEK TYDNE' AND loan_amount < 200000
161,financial,What type of credit card does the client with the id 13539 own?,,SELECT T3.type FROM disp AS T1 INNER JOIN client AS T2 ON T1.client_id = T2.client_id INNER JOIN card AS T3 ON T1.disp_id = T3.disp_id WHERE T2.client_id = 13539,simple,"['disp', 'client', 'card']",SELECT card_type FROM cluster46_card_join_disp_join_client WHERE client_client_id = 13539,SELECT T3.card_tier FROM Bank_Dispositions AS T1 INNER JOIN Bank_Clients AS T2 ON T1.client_id = T2.client_id INNER JOIN Bank_Cards AS T3 ON T1.disposition_id = T3.disposition_id WHERE T2.client_id = 13539,"['Bank_Clients', 'Bank_Dispositions', 'Bank_Cards']",SELECT card_tier FROM workload_updated_cluster46_Bank_Cards_join_Bank_Clients_join_Bank_Dispositions WHERE client_id = 13539
162,financial,What is the region of the client with the id 3541 from?,A3 refers to region,"SELECT T2.district_id, T1.A3 FROM district AS T1 INNER JOIN client AS T2 ON T1.district_id = T2.district_id WHERE T2.client_id = 3541",simple,"['client', 'district']","SELECT client_district_id, A3 FROM cluster4_client_join_district WHERE client_id = 3541","SELECT T2.district_id, T1.region_name FROM Bank_Districts AS T1 INNER JOIN Bank_Clients AS T2 ON T1.district_id = T2.district_id WHERE T2.client_id = 3541","['Bank_Districts', 'Bank_Clients']","SELECT district_id, region_name FROM workload_updated_cluster4_Bank_Clients_join_Bank_Districts WHERE client_id = 3541"
164,financial,Who placed the order with the id 32423?,,SELECT T3.client_id FROM `order` AS T1 INNER JOIN account AS T2 ON T1.account_id = T2.account_id INNER JOIN client AS T3 ON T2.district_id = T3.district_id WHERE T1.order_id = 32423,simple,"['client', 'account', 'order']",SELECT client_id FROM cluster47_account_join_client_join_order WHERE order_id = 32423,SELECT T3.client_id FROM Bank_Orders AS T1 INNER JOIN Bank_Accounts AS T2 ON T1.account_id = T2.account_id INNER JOIN Bank_Clients AS T3 ON T2.district_id = T3.district_id WHERE T1.order_id = 32423,"['Bank_Accounts', 'Bank_Clients', 'Bank_Orders']",SELECT client_id FROM workload_updated_cluster47_Bank_Accounts_join_Bank_Clients_join_Bank_Orders WHERE order_id = 32423
166,financial,How many of the accounts are from Jesenik district?,,SELECT COUNT(T2.account_id) FROM district AS T1 INNER JOIN account AS T2 ON T1.district_id = T2.district_id WHERE T1.A2 = 'Jesenik',simple,"['account', 'district']",SELECT COUNT(account_id) FROM cluster3_account_join_district WHERE A2 = 'Jesenik',SELECT COUNT(T2.account_id) FROM Bank_Districts AS T1 INNER JOIN Bank_Accounts AS T2 ON T1.district_id = T2.district_id WHERE T1.district_name = 'Jesenik',"['Bank_Accounts', 'Bank_Districts']",SELECT COUNT(account_id) FROM workload_updated_cluster3_Bank_Accounts_join_Bank_Districts WHERE district_name = 'Jesenik'
167,financial,List all the clients' IDs whose junior credit cards were issued after 1996.,After 1996 means date > = '1997-01-01,SELECT T2.client_id FROM card AS T1 INNER JOIN disp AS T2 ON T1.disp_id = T2.disp_id WHERE T1.type = 'junior' AND T1.issued >= '1997-01-01',simple,"['disp', 'card']",SELECT client_client_id FROM cluster46_card_join_disp_join_client WHERE card_type = 'junior' AND issued >= '1997-01-01',SELECT T2.client_id FROM Bank_Cards AS T1 INNER JOIN Bank_Dispositions AS T2 ON T1.disposition_id = T2.disposition_id WHERE T1.card_tier = 'junior' AND T1.issued_date >= '1997-01-01',"['Bank_Cards', 'Bank_Dispositions']",SELECT client_id FROM workload_updated_cluster46_Bank_Cards_join_Bank_Clients_join_Bank_Dispositions WHERE card_tier = 'junior' AND issued_date >= '1997-01-01'
169,financial,What was the growth rate of the total amount of loans across all accounts for a male client between 1996 and 1997?,Growth rate = (sum of amount_1997 - sum of amount_1996) / (sum of amount_1996) * 100%; Male refers to gender = 'M',"SELECT CAST((SUM(CASE WHEN STRFTIME('%Y', T1.date) = '1997' THEN T1.amount ELSE 0 END) - SUM(CASE WHEN STRFTIME('%Y', T1.date) = '1996' THEN T1.amount ELSE 0 END)) AS REAL) * 100 / SUM(CASE WHEN STRFTIME('%Y', T1.date) = '1996' THEN T1.amount ELSE 0 END) FROM loan AS T1 INNER JOIN account AS T2 ON T1.account_id = T2.account_id INNER JOIN disp AS T3 ON T3.account_id = T2.account_id INNER JOIN client AS T4 ON T4.client_id = T3.client_id WHERE T4.gender = 'M' AND T3.type = 'OWNER'",challenging,"['disp', 'account', 'client', 'loan']","SELECT CAST((SUM(CASE WHEN STRFTIME('%Y', loan_date) = '1997' THEN amount ELSE 0 END) - SUM(CASE WHEN STRFTIME('%Y', loan_date) = '1996' THEN amount ELSE 0 END)) AS REAL) * 100 / SUM(CASE WHEN STRFTIME('%Y', loan_date) = '1996' THEN amount ELSE 0 END) FROM cluster44_account_join_district_join_loan AS T1 INNER JOIN disp AS T3 ON T1.account_account_id = T3.account_id INNER JOIN client AS T4 ON T3.client_id = T4.client_id WHERE T4.gender = 'M' AND T3.type = 'OWNER'","SELECT CAST((SUM(CASE WHEN STRFTIME('%Y', T1.loan_date) = '1997' THEN T1.loan_amount ELSE 0 END) - SUM(CASE WHEN STRFTIME('%Y', T1.loan_date) = '1996' THEN T1.loan_amount ELSE 0 END)) AS REAL) * 100 / SUM(CASE WHEN STRFTIME('%Y', T1.loan_date) = '1996' THEN T1.loan_amount ELSE 0 END) FROM Bank_Loans AS T1 INNER JOIN Bank_Accounts AS T2 ON T1.account_id = T2.account_id INNER JOIN Bank_Dispositions AS T3 ON T3.account_id = T2.account_id INNER JOIN Bank_Clients AS T4 ON T4.client_id = T3.client_id WHERE T4.gender = 'M' AND T3.disposition_type = 'OWNER'","['Bank_Accounts', 'Bank_Loans', 'Bank_Clients', 'Bank_Dispositions']","SELECT CAST((SUM(CASE WHEN STRFTIME('%Y', T1.loan_date) = '1997' THEN T1.loan_amount ELSE 0 END) - SUM(CASE WHEN STRFTIME('%Y', T1.loan_date) = '1996' THEN T1.loan_amount ELSE 0 END)) AS REAL) * 100 / SUM(CASE WHEN STRFTIME('%Y', T1.loan_date) = '1996' THEN T1.loan_amount ELSE 0 END) FROM Bank_Loans AS T1 INNER JOIN Bank_Accounts AS T2 ON T1.account_id = T2.account_id INNER JOIN Bank_Dispositions AS T3 ON T3.account_id = T2.account_id INNER JOIN Bank_Clients AS T4 ON T4.client_id = T3.client_id WHERE T4.gender = 'M' AND T3.disposition_type = 'OWNER'"
172,financial,How many owner and disponent dispositions are there from account number 1 to account number 10?,,"SELECT SUM(type = 'Owner') , SUM(type = 'Disponent') FROM disp WHERE account_id BETWEEN 1 AND 10",simple,['disp'],"SELECT SUM(disp_type = 'Owner'), SUM(disp_type = 'Disponent') FROM cluster46_card_join_disp_join_client WHERE account_id BETWEEN 1 AND 10","SELECT SUM(disposition_type = 'Owner') , SUM(disposition_type = 'Disponent') FROM Bank_Dispositions WHERE account_id BETWEEN 1 AND 10",['Bank_Dispositions'],"SELECT SUM(disposition_type = 'Owner') , SUM(disposition_type = 'Disponent') FROM Bank_Dispositions WHERE account_id BETWEEN 1 AND 10"
173,financial,How often does account number 3 request an account statement to be released? What was the aim of debiting 3539 in total?,k_symbol refers to the purpose of payments,"SELECT T1.frequency, T2.k_symbol FROM account AS T1 INNER JOIN `order` AS T2 ON T1.account_id = T2.account_id WHERE T1.account_id = 3 AND T2.amount = 3539",simple,"['account', 'order']","SELECT frequency, k_symbol FROM cluster47_account_join_client_join_order WHERE account_account_id = 3 AND amount = 3539","SELECT T1.statement_frequency, T2.payment_type_code FROM Bank_Accounts AS T1 INNER JOIN Bank_Orders AS T2 ON T1.account_id = T2.account_id WHERE T1.account_id = 3 AND T2.transfer_amount = 3539","['Bank_Accounts', 'Bank_Orders']","SELECT statement_frequency, payment_type_code FROM workload_updated_cluster47_Bank_Accounts_join_Bank_Clients_join_Bank_Orders WHERE account_id = 3 AND transfer_amount = 3539"
176,financial,"What is the amount of debt that client number 992 has, and how is this client doing with payments?",,"SELECT T3.amount, T3.status FROM client AS T1 INNER JOIN account AS T2 ON T1.district_id = T2.district_id INNER JOIN loan AS T3 ON T2.account_id = T3.account_id WHERE T1.client_id = 992",simple,"['account', 'client', 'loan']","SELECT T3.amount, T3.status FROM cluster47_account_join_client_join_order AS T1 INNER JOIN loan AS T3 ON T1.account_account_id = T3.account_id WHERE T1.client_id = 992","SELECT T3.loan_amount, T3.loan_status FROM Bank_Clients AS T1 INNER JOIN Bank_Accounts AS T2 ON T1.district_id = T2.district_id INNER JOIN Bank_Loans AS T3 ON T2.account_id = T3.account_id WHERE T1.client_id = 992","['Bank_Loans', 'Bank_Accounts', 'Bank_Clients']","SELECT T2.loan_amount, T2.loan_status FROM workload_updated_cluster4_Bank_Clients_join_Bank_Districts AS T1 INNER JOIN workload_updated_cluster44_Bank_Accounts_join_Bank_Districts_join_Bank_Loans AS T2 ON T1.district_id = T2.Bank_Districts_district_id WHERE T1.client_id = 992"
177,financial,"What is the sum that client number 4's account has following transaction 851? Who owns this account, a man or a woman?",,"SELECT T3.balance, T1.gender FROM client AS T1 INNER JOIN account AS T2 ON T1.district_id = T2.district_id INNER JOIN trans AS T3 ON T2.account_id = T3.account_id WHERE T1.client_id = 4 AND T3.trans_id = 851",simple,"['trans', 'account', 'client']","SELECT T3.balance, T4.gender FROM cluster4_client_join_district AS T4 INNER JOIN account AS T2 ON T4.client_district_id = T2.district_id INNER JOIN trans AS T3 ON T2.account_id = T3.account_id WHERE T4.client_id = 4 AND T3.trans_id = 851","SELECT T3.balance_after_trans, T1.gender FROM Bank_Clients AS T1 INNER JOIN Bank_Accounts AS T2 ON T1.district_id = T2.district_id INNER JOIN Bank_Transactions AS T3 ON T2.account_id = T3.account_id WHERE T1.client_id = 4 AND T3.transaction_id = 851","['Bank_Accounts', 'Bank_Clients', 'Bank_Transactions']","SELECT T2.balance_after_trans, T1.gender FROM workload_updated_cluster4_Bank_Clients_join_Bank_Districts AS T1 INNER JOIN workload_updated_cluster45_Bank_Accounts_join_Bank_Transactions AS T2 ON T1.district_id = T2.district_id WHERE T1.client_id = 4 AND T2.transaction_id = 851"
180,financial,"Please provide a list of clients who were born between 1983 and 1987 and whose account branch is in East Bohemia, along with their IDs.",,"SELECT T1.client_id, T3.account_id FROM client AS T1 INNER JOIN district AS T2 ON T1.district_id = T2.district_id INNER JOIN account AS T3 ON T2.district_id = T3.district_id WHERE T2.A3 = 'east Bohemia' AND STRFTIME('%Y', T1.birth_date) BETWEEN '1983' AND '1987'",moderate,"['account', 'client', 'district']","SELECT T4.client_id, T_acc.account_id FROM cluster4_client_join_district AS T4 INNER JOIN account AS T_acc ON T4.district_district_id = T_acc.district_id WHERE T4.A3 = 'east Bohemia' AND STRFTIME('%Y', T4.birth_date) BETWEEN '1983' AND '1987'","SELECT T1.client_id, T3.account_id FROM Bank_Clients AS T1 INNER JOIN Bank_Districts AS T2 ON T1.district_id = T2.district_id INNER JOIN Bank_Accounts AS T3 ON T2.district_id = T3.district_id WHERE T2.region_name = 'east Bohemia' AND STRFTIME('%Y', T1.birth_date) BETWEEN '1983' AND '1987'","['Bank_Accounts', 'Bank_Districts', 'Bank_Clients']","SELECT T1.client_id, T2.account_id FROM workload_updated_cluster4_Bank_Clients_join_Bank_Districts AS T1 INNER JOIN workload_updated_cluster3_Bank_Accounts_join_Bank_Districts AS T2 ON T1.district_id = T2.Bank_Districts_district_id WHERE T1.region_name = 'east Bohemia' AND STRFTIME('%Y', T1.birth_date) BETWEEN '1983' AND '1987'"
181,financial,Please provide the IDs of the 3 female clients with the largest loans.,Female refers to gender = 'F',SELECT T1.client_id FROM client AS T1 INNER JOIN account AS T2 ON T1.district_id = T2.district_id INNER JOIN loan AS T3 ON T2.account_id = T3.account_id WHERE T1.gender = 'F' ORDER BY T3.amount DESC LIMIT 3,simple,"['account', 'client', 'loan']",SELECT client_id FROM cluster47_account_join_client_join_order AS T1 INNER JOIN loan AS T3 ON T1.account_account_id = T3.account_id WHERE gender = 'F' ORDER BY T3.amount DESC LIMIT 3,SELECT T1.client_id FROM Bank_Clients AS T1 INNER JOIN Bank_Accounts AS T2 ON T1.district_id = T2.district_id INNER JOIN Bank_Loans AS T3 ON T2.account_id = T3.account_id WHERE T1.gender = 'F' ORDER BY T3.loan_amount DESC LIMIT 3,"['Bank_Loans', 'Bank_Accounts', 'Bank_Clients']",SELECT T1.client_id FROM workload_updated_cluster4_Bank_Clients_join_Bank_Districts AS T1 INNER JOIN workload_updated_cluster44_Bank_Accounts_join_Bank_Districts_join_Bank_Loans AS T2 ON T1.district_id = T2.Bank_Districts_district_id WHERE T1.gender = 'F' ORDER BY T2.loan_amount DESC LIMIT 3
185,financial,What proportion of customers who have accounts at the Prague branch are female?,Female refers to gender = 'F'; Percentage of female clients in Prague branch = count[female clients with accounts in Prague branch / count(clients with accounts in Prague branch)] * 100%; A3 may contain information about Prague,SELECT CAST(SUM(T2.gender = 'F') AS REAL) / COUNT(T2.client_id) * 100 FROM district AS T1 INNER JOIN client AS T2 ON T1.district_id = T2.district_id WHERE T1.A3 = 'Prague',moderate,"['client', 'district']",SELECT CAST(SUM(gender = 'F') AS REAL) / COUNT(client_id) * 100 FROM cluster4_client_join_district WHERE A3 = 'Prague',SELECT CAST(SUM(T2.gender = 'F') AS REAL) / COUNT(T2.client_id) * 100 FROM Bank_Districts AS T1 INNER JOIN Bank_Clients AS T2 ON T1.district_id = T2.district_id WHERE T1.region_name = 'Prague',"['Bank_Districts', 'Bank_Clients']",SELECT CAST(SUM(gender = 'F') AS REAL) / COUNT(client_id) * 100 FROM workload_updated_cluster4_Bank_Clients_join_Bank_Districts WHERE region_name = 'Prague'
186,financial,What percentage of male clients request for weekly statements to be issued?,Percentage of male clients = [count(male clients who requested weekly statements / count(clients who requested weekly statements)] * 100%; Male means gender = 'M'; 'POPLATEK TYDNE' stands for weekly issuance,SELECT CAST(SUM(T1.gender = 'M') AS REAL) * 100 / COUNT(T1.client_id) FROM client AS T1 INNER JOIN account AS T2 ON T1.district_id = T2.district_id WHERE T2.frequency = 'POPLATEK TYDNE',moderate,"['account', 'client']",SELECT CAST(SUM(gender = 'M') AS REAL) * 100 / COUNT(client_id) FROM cluster4_client_join_district AS T1 INNER JOIN account AS T2 ON T1.client_district_id = T2.district_id WHERE T2.frequency = 'POPLATEK TYDNE',SELECT CAST(SUM(T1.gender = 'M') AS REAL) * 100 / COUNT(T1.client_id) FROM Bank_Clients AS T1 INNER JOIN Bank_Accounts AS T2 ON T1.district_id = T2.district_id WHERE T2.statement_frequency = 'POPLATEK TYDNE',"['Bank_Accounts', 'Bank_Clients']",SELECT CAST(SUM(T1.gender = 'M') AS REAL) * 100 / COUNT(T1.client_id) FROM workload_updated_cluster4_Bank_Clients_join_Bank_Districts AS T1 INNER JOIN workload_updated_cluster3_Bank_Accounts_join_Bank_Districts AS T2 ON T1.district_id = T2.Bank_Districts_district_id WHERE T2.statement_frequency = 'POPLATEK TYDNE'
187,financial,How many clients who choose statement of weekly issuance are User?,Frequency = 'POPLATEK TYDNE' refers to weekly issuance,SELECT COUNT(T2.account_id) FROM account AS T1 INNER JOIN disp AS T2 ON T2.account_id = T1.account_id WHERE T1.frequency = 'POPLATEK TYDNE' AND T2.type = 'USER',simple,"['disp', 'account']",SELECT COUNT(account_account_id) FROM cluster45_account_join_trans AS T1 INNER JOIN disp AS T2 ON T2.account_id = T1.account_account_id WHERE T1.frequency = 'POPLATEK TYDNE' AND T2.type = 'USER',SELECT COUNT(T2.account_id) FROM Bank_Accounts AS T1 INNER JOIN Bank_Dispositions AS T2 ON T2.account_id = T1.account_id WHERE T1.statement_frequency = 'POPLATEK TYDNE' AND T2.disposition_type = 'USER',"['Bank_Accounts', 'Bank_Dispositions']",SELECT COUNT(T1.account_id) FROM workload_updated_cluster3_Bank_Accounts_join_Bank_Districts AS T1 INNER JOIN workload_updated_cluster46_Bank_Cards_join_Bank_Clients_join_Bank_Dispositions AS T2 ON T2.account_id = T1.account_id WHERE T1.statement_frequency = 'POPLATEK TYDNE' AND T2.disposition_type = 'USER'
189,financial,Name the account numbers of female clients who are oldest and have lowest average salary?,Female refers to 'F' in the gender; A11 contains information about average salary,"SELECT T3.account_id FROM client AS T1 INNER JOIN district AS T2 ON T1.district_id = T2.district_id INNER JOIN account AS T3 ON T2.district_id = T3.district_id WHERE T1.gender = 'F' ORDER BY T1.birth_date ASC, T2.A11 ASC LIMIT 1",moderate,"['account', 'client', 'district']","SELECT account_account_id FROM cluster47_account_join_client_join_order WHERE gender = 'F' ORDER BY birth_date ASC, account_account_id ASC LIMIT 1","SELECT T3.account_id FROM Bank_Clients AS T1 INNER JOIN Bank_Districts AS T2 ON T1.district_id = T2.district_id INNER JOIN Bank_Accounts AS T3 ON T2.district_id = T3.district_id WHERE T1.gender = 'F' ORDER BY T1.birth_date ASC, T2.average_salary ASC LIMIT 1","['Bank_Accounts', 'Bank_Districts', 'Bank_Clients']","SELECT T2.account_id FROM workload_updated_cluster4_Bank_Clients_join_Bank_Districts AS T1 INNER JOIN workload_updated_cluster3_Bank_Accounts_join_Bank_Districts AS T2 ON T1.district_id = T2.Bank_Districts_district_id WHERE T1.gender = 'F' ORDER BY T1.birth_date ASC, T1.average_salary ASC LIMIT 1"
190,financial,How many clients who were born in 1920 stay in east Bohemia?,"East Bohemia appears in the column A3, which refers to the region.","SELECT COUNT(T1.client_id) FROM client AS T1 INNER JOIN district AS T2 ON T1.district_id = T2.district_id WHERE STRFTIME('%Y', T1.birth_date) = '1920' AND T2.A3 = 'east Bohemia'",simple,"['client', 'district']","SELECT COUNT(client_id) FROM cluster4_client_join_district WHERE STRFTIME('%Y', birth_date) = '1920' AND A3 = 'east Bohemia'","SELECT COUNT(T1.client_id) FROM Bank_Clients AS T1 INNER JOIN Bank_Districts AS T2 ON T1.district_id = T2.district_id WHERE STRFTIME('%Y', T1.birth_date) = '1920' AND T2.region_name = 'east Bohemia'","['Bank_Districts', 'Bank_Clients']","SELECT COUNT(client_id) FROM workload_updated_cluster4_Bank_Clients_join_Bank_Districts WHERE STRFTIME('%Y', birth_date) = '1920' AND region_name = 'east Bohemia'"
191,financial,How many loan accounts are for pre-payment of duration of 24 months with weekly issuance of statement.,Frequency = 'POPLATEK TYDNE' referes to weekly statement,SELECT COUNT(T2.account_id) FROM account AS T1 INNER JOIN loan AS T2 ON T1.account_id = T2.account_id WHERE T2.duration = 24 AND T1.frequency = 'POPLATEK TYDNE',simple,"['account', 'loan']",SELECT COUNT(account_account_id) FROM cluster44_account_join_district_join_loan WHERE duration = 24 AND frequency = 'POPLATEK TYDNE',SELECT COUNT(T2.account_id) FROM Bank_Accounts AS T1 INNER JOIN Bank_Loans AS T2 ON T1.account_id = T2.account_id WHERE T2.loan_duration_months = 24 AND T1.statement_frequency = 'POPLATEK TYDNE',"['Bank_Accounts', 'Bank_Loans']",SELECT COUNT(account_id) FROM workload_updated_cluster44_Bank_Accounts_join_Bank_Districts_join_Bank_Loans WHERE loan_duration_months = 24 AND statement_frequency = 'POPLATEK TYDNE'
193,financial,List all ID and district for clients that can only have the right to issue permanent orders or apply for loans.,Only the owner accounts have the right to issue permanent orders or apply for loans,"SELECT T3.client_id, T2.district_id, T2.A2 FROM account AS T1 INNER JOIN district AS T2 ON T1.district_id = T2.district_id INNER JOIN disp AS T3 ON T1.account_id = T3.account_id WHERE T3.type = 'OWNER'",moderate,"['disp', 'account', 'district']","SELECT client_id, district_district_id, A2 FROM cluster3_account_join_district AS T3 INNER JOIN disp AS T_disp ON T3.account_id = T_disp.account_id WHERE T_disp.type = 'OWNER'","SELECT T3.client_id, T2.district_id, T2.district_name FROM Bank_Accounts AS T1 INNER JOIN Bank_Districts AS T2 ON T1.district_id = T2.district_id INNER JOIN Bank_Dispositions AS T3 ON T1.account_id = T3.account_id WHERE T3.disposition_type = 'OWNER'","['Bank_Accounts', 'Bank_Districts', 'Bank_Dispositions']","SELECT T3.client_id, T2.district_id, T2.district_name FROM Bank_Accounts AS T1 INNER JOIN Bank_Districts AS T2 ON T1.district_id = T2.district_id INNER JOIN Bank_Dispositions AS T3 ON T1.account_id = T3.account_id WHERE T3.disposition_type = 'OWNER'"
197,toxicology,Calculate the average number of oxygen atoms in single-bonded molecules.,single-bonded molecules refers to bond_type = '-' ; average number of oxygen atom = AVG(element = 'o'),"SELECT AVG(oxygen_count) FROM (SELECT T1.molecule_id, COUNT(T1.element) AS oxygen_count FROM atom AS T1 INNER JOIN bond AS T2 ON T1.molecule_id = T2.molecule_id  WHERE T2.bond_type = '-' AND T1.element = 'o'  GROUP BY T1.molecule_id) AS oxygen_counts",moderate,"['atom', 'bond']","SELECT AVG(oxygen_count) FROM (SELECT atom_molecule_id, COUNT(element) AS oxygen_count FROM cluster5_atom_join_bond WHERE bond_type = '-' AND element = 'o' GROUP BY atom_molecule_id) AS oxygen_counts","SELECT AVG(oxygen_count) FROM (SELECT T1.molecule_id, COUNT(T1.element_symbol) AS oxygen_count FROM Chem_Atoms AS T1 INNER JOIN Chem_Bonds AS T2 ON T1.molecule_id = T2.molecule_id WHERE T2.bond_symbol = '-' AND T1.element_symbol = 'o' GROUP BY T1.molecule_id) AS oxygen_counts","['Chem_Atoms', 'Chem_Bonds']","SELECT AVG(oxygen_count) FROM (SELECT molecule_id, COUNT(element_symbol) AS oxygen_count FROM workload_updated_cluster5_Chem_Atoms_join_Chem_Bonds WHERE bond_symbol = '-' AND element_symbol = 'o' GROUP BY molecule_id) AS oxygen_counts"
200,toxicology,Find the triple-bonded molecules which are carcinogenic.,triple-bonded molecules refers to bond_type = '#'; carcinogenic refers to label = '+',SELECT DISTINCT T2.molecule_id FROM bond AS T1 INNER JOIN molecule AS T2 ON T1.molecule_id = T2.molecule_id WHERE T1.bond_type = '#' AND T2.label = '+',simple,"['molecule', 'bond']",SELECT DISTINCT bond_molecule_id FROM cluster6_bond_join_molecule WHERE bond_type = '#' AND label = '+',SELECT DISTINCT T2.molecule_id FROM Chem_Bonds AS T1 INNER JOIN Chem_Molecules AS T2 ON T1.molecule_id = T2.molecule_id WHERE T1.bond_symbol = '#' AND T2.carcinogenic_flag = '+',"['Chem_Molecules', 'Chem_Bonds']",SELECT DISTINCT Chem_Molecules_molecule_id FROM workload_updated_cluster6_Chem_Bonds_join_Chem_Molecules WHERE bond_symbol = '#' AND carcinogenic_flag = '+'
201,toxicology,What is the percentage of carbon in double-bond molecules?,"carbon refers to element = 'c'; double-bond molecules refers to bond_type = ' = '; percentage = DIVIDE(SUM(element = 'c'), COUNT(atom_id))",SELECT CAST(COUNT(DISTINCT CASE WHEN T1.element = 'c' THEN T1.atom_id ELSE NULL END) AS REAL) * 100 / COUNT(DISTINCT T1.atom_id) FROM atom AS T1 INNER JOIN bond AS T2 ON T1.molecule_id = T2.molecule_id WHERE T2.bond_type = '=',moderate,"['atom', 'bond']",SELECT CAST(COUNT(DISTINCT CASE WHEN element = 'c' THEN atom_id ELSE NULL END) AS REAL) * 100 / COUNT(DISTINCT atom_id) FROM cluster5_atom_join_bond WHERE bond_type = '=',SELECT CAST(COUNT(DISTINCT CASE WHEN T1.element_symbol = 'c' THEN T1.atom_id ELSE NULL END) AS REAL) * 100 / COUNT(DISTINCT T1.atom_id) FROM Chem_Atoms AS T1 INNER JOIN Chem_Bonds AS T2 ON T1.molecule_id = T2.molecule_id WHERE T2.bond_symbol = '=',"['Chem_Atoms', 'Chem_Bonds']",SELECT CAST(COUNT(DISTINCT CASE WHEN element_symbol = 'c' THEN atom_id ELSE NULL END) AS REAL) * 100 / COUNT(DISTINCT atom_id) FROM workload_updated_cluster5_Chem_Atoms_join_Chem_Bonds WHERE bond_symbol = '='
202,toxicology,How many triple type bonds are there?,triple type bonds refers to bond_type = '#',SELECT COUNT(T.bond_id) FROM bond AS T WHERE T.bond_type = '#',simple,['bond'],"SELECT COUNT(bond_id) FROM bond WHERE bond_type = ""#""",SELECT COUNT(T.bond_id) FROM Chem_Bonds AS T WHERE T.bond_symbol = '#',['Chem_Bonds'],SELECT COUNT(T.bond_id) FROM Chem_Bonds AS T WHERE T.bond_symbol = '#'
205,toxicology,Identify by their ID the molecules in which there is silicon.,silicon refers to element = 'si';,SELECT T.atom_id FROM atom AS T WHERE T.element = 'si',simple,['atom'],"SELECT atom_id FROM atom WHERE element = ""si""",SELECT T.atom_id FROM Chem_Atoms AS T WHERE T.element_symbol = 'si',['Chem_Atoms'],SELECT T.atom_id FROM Chem_Atoms AS T WHERE T.element_symbol = 'si'
206,toxicology,What elements are in the TR004_8_9 bond atoms?,"TR004_8_9 bond atoms refers to bond_id = 'TR004_8_9'; element = 'cl' means Chlorine; element = 'c' means Carbon; element = 'h' means Hydrogen; element = 'o' means Oxygen, element = 's' means Sulfur; element = 'n' means Nitrogen, element = 'p' means Phosphorus, element = 'na' means Sodium, element = 'br' means Bromine, element = 'f' means Fluorine; element = 'i' means Iodine; element = 'sn' means Tin; element = 'pb' means Lead; element = 'te' means Tellurium; element = 'ca' means Calcium",SELECT DISTINCT T1.element FROM atom AS T1 INNER JOIN connected AS T2 ON T1.atom_id = T2.atom_id WHERE T2.bond_id = 'TR004_8_9',challenging,"['atom', 'connected']",SELECT DISTINCT element FROM cluster7_atom_join_connected WHERE bond_id = 'TR004_8_9',SELECT DISTINCT T1.element_symbol FROM Chem_Atoms AS T1 INNER JOIN Chem_Links AS T2 ON T1.atom_id = T2.atom_id_1 WHERE T2.bond_id = 'TR004_8_9',"['Chem_Atoms', 'Chem_Links']",SELECT DISTINCT element_symbol FROM workload_updated_cluster7_Chem_Atoms_join_Chem_Links WHERE bond_id = 'TR004_8_9'
207,toxicology,What elements are in a double type bond?,"double type bond refers to bond_type = ' = '; element = 'cl' means Chlorine; element = 'c' means Carbon; element = 'h' means Hydrogen; element = 'o' means Oxygen, element = 's' means Sulfur; element = 'n' means Nitrogen, element = 'p' means Phosphorus, element = 'na' means Sodium, element = 'br' means Bromine, element = 'f' means Fluorine; element = 'i' means Iodine; element = 'sn' means Tin; element = 'pb' means Lead; element = 'te' means Tellurium; element = 'ca' means Calcium",SELECT DISTINCT T1.element FROM atom AS T1 INNER JOIN bond AS T2 ON T1.molecule_id = T2.molecule_id INNER JOIN connected AS T3 ON T1.atom_id = T3.atom_id WHERE T2.bond_type = '=',challenging,"['atom', 'connected', 'bond']",SELECT DISTINCT T1.element FROM atom AS T1 INNER JOIN bond AS T2 ON T1.molecule_id = T2.molecule_id INNER JOIN connected AS T3 ON T1.atom_id = T3.atom_id WHERE T2.bond_type = '=',SELECT DISTINCT T1.element_symbol FROM Chem_Atoms AS T1 INNER JOIN Chem_Bonds AS T2 ON T1.molecule_id = T2.molecule_id INNER JOIN Chem_Links AS T3 ON T1.atom_id = T3.atom_id_1 WHERE T2.bond_symbol = '=',"['Chem_Atoms', 'Chem_Links', 'Chem_Bonds']",SELECT DISTINCT T1.element_symbol FROM workload_updated_cluster5_Chem_Atoms_join_Chem_Bonds AS T1 INNER JOIN workload_updated_cluster7_Chem_Atoms_join_Chem_Links AS T2 ON T1.atom_id = T2.atom_id WHERE T1.bond_symbol = '='
212,toxicology,Which element is the least numerous in non-carcinogenic molecules?,"label = '-' means molecules are non-carcinogenic; element = 'cl' means Chlorine; element = 'c' means Carbon; element = 'h' means Hydrogen; element = 'o' means Oxygen, element = 's' means Sulfur; element = 'n' means Nitrogen, element = 'p' means Phosphorus, element = 'na' means Sodium, element = 'br' means Bromine, element = 'f' means Fluorine; element = 'i' means Iodine; element = 'sn' means Tin; element = 'pb' means Lead; element = 'te' means Tellurium; element = 'ca' means Calcium","SELECT T.element FROM ( SELECT T1.element, COUNT(DISTINCT T1.molecule_id) FROM atom AS T1 INNER JOIN molecule AS T2 ON T1.molecule_id = T2.molecule_id WHERE T2.label = '-' GROUP BY T1.element ORDER BY COUNT(DISTINCT T1.molecule_id) ASC LIMIT 4 ) t",challenging,"['atom', 'molecule']","SELECT element FROM ( SELECT element, COUNT(DISTINCT atom_molecule_id) FROM cluster8_atom_join_molecule WHERE label = '-' GROUP BY element ORDER BY COUNT(DISTINCT atom_molecule_id) ASC LIMIT 4 ) t","SELECT T.element_symbol FROM ( SELECT T1.element_symbol, COUNT(DISTINCT T1.molecule_id) FROM Chem_Atoms AS T1 INNER JOIN Chem_Molecules AS T2 ON T1.molecule_id = T2.molecule_id WHERE T2.carcinogenic_flag = '-' GROUP BY T1.element_symbol ORDER BY COUNT(DISTINCT T1.molecule_id) ASC LIMIT 4 ) t","['Chem_Atoms', 'Chem_Molecules']","SELECT element_symbol FROM ( SELECT element_symbol, COUNT(DISTINCT Chem_Molecules_molecule_id) FROM workload_updated_cluster8_Chem_Atoms_join_Chem_Molecules WHERE carcinogenic_flag = '-' GROUP BY element_symbol ORDER BY COUNT(DISTINCT Chem_Molecules_molecule_id) ASC LIMIT 4 ) t"
214,toxicology,What type of label is not on molecules with atoms with tin?,tin refers to element ! = 'sn'; label = '+' mean molecules are carcinogenic; label = '-' means molecules are non-carcinogenic,SELECT DISTINCT T2.label FROM atom AS T1 INNER JOIN molecule AS T2 ON T1.molecule_id = T2.molecule_id WHERE T1.element != 'sn',simple,"['atom', 'molecule']",SELECT DISTINCT label FROM cluster8_atom_join_molecule WHERE element != 'sn',SELECT DISTINCT T2.carcinogenic_flag FROM Chem_Atoms AS T1 INNER JOIN Chem_Molecules AS T2 ON T1.molecule_id = T2.molecule_id WHERE T1.element_symbol != 'sn',"['Chem_Atoms', 'Chem_Molecules']",SELECT DISTINCT carcinogenic_flag FROM workload_updated_cluster8_Chem_Atoms_join_Chem_Molecules WHERE element_symbol != 'sn'
216,toxicology,Identify all connected atoms with a triple bond.,triple bond refers to bond_type = '#';,"SELECT T2.atom_id, T2.atom_id2 FROM bond AS T1 INNER JOIN connected AS T2 ON T1.bond_id = T2.bond_id WHERE T1.bond_type = '#'",simple,"['connected', 'bond']","SELECT atom_id, atom_id2 FROM cluster9_bond_join_connected WHERE bond_type = '#'","SELECT T2.atom_id_1, T2.atom_id_2 FROM Chem_Bonds AS T1 INNER JOIN Chem_Links AS T2 ON T1.bond_id = T2.bond_id WHERE T1.bond_symbol = '#'","['Chem_Links', 'Chem_Bonds']","SELECT atom_id_1, atom_id_2 FROM workload_updated_cluster9_Chem_Bonds_join_Chem_Links WHERE bond_symbol = '#'"
217,toxicology,Identify all the atoms that are connected to the atoms of the TR181 molecule.,TR181 molecule refers to molecule_id = 'TR181',"SELECT T2.atom_id, T2.atom_id2 FROM atom AS T1 INNER JOIN connected AS T2 ON T2.atom_id = T1.atom_id WHERE T1.molecule_id = 'TR181'",simple,"['atom', 'connected']","SELECT atom_atom_id, atom_id2 FROM cluster7_atom_join_connected WHERE molecule_id = 'TR181'","SELECT T2.atom_id_1, T2.atom_id_2 FROM Chem_Atoms AS T1 INNER JOIN Chem_Links AS T2 ON T2.atom_id_1 = T1.atom_id WHERE T1.molecule_id = 'TR181'","['Chem_Atoms', 'Chem_Links']","SELECT atom_id_1, atom_id_2 FROM workload_updated_cluster7_Chem_Atoms_join_Chem_Links WHERE molecule_id = 'TR181'"
219,toxicology,What is the percentage of carcinogenic molecules in triple type bonds?,"label = '+' mean molecules are carcinogenic; triple bond refers to bond_type = '#'; percentage = DIVIDE(SUM(bond_type = '#'), COUNT(bond_id)) as percent where label = '+'",SELECT CAST(COUNT(DISTINCT CASE WHEN T2.label = '+' THEN T2.molecule_id ELSE NULL END) AS REAL) * 100 / COUNT(DISTINCT T2.molecule_id) FROM atom AS T1 INNER JOIN molecule AS T2 ON T1.molecule_id = T2.molecule_id INNER JOIN bond AS T3 ON T2.molecule_id = T3.molecule_id WHERE T3.bond_type = '#',challenging,"['atom', 'molecule', 'bond']",SELECT CAST(COUNT(DISTINCT CASE WHEN label = '+' THEN atom_molecule_id ELSE NULL END) AS REAL) * 100 / COUNT(DISTINCT atom_molecule_id) FROM cluster10_atom_join_bond_join_molecule WHERE bond_type = '#',SELECT CAST(COUNT(DISTINCT CASE WHEN T2.carcinogenic_flag = '+' THEN T2.molecule_id ELSE NULL END) AS REAL) * 100 / COUNT(DISTINCT T2.molecule_id) FROM Chem_Atoms AS T1 INNER JOIN Chem_Molecules AS T2 ON T1.molecule_id = T2.molecule_id INNER JOIN Chem_Bonds AS T3 ON T2.molecule_id = T3.molecule_id WHERE T3.bond_symbol = '#',"['Chem_Atoms', 'Chem_Molecules', 'Chem_Bonds']",SELECT CAST(COUNT(DISTINCT CASE WHEN carcinogenic_flag = '+' THEN Chem_Molecules_molecule_id ELSE NULL END) AS REAL) * 100 / COUNT(DISTINCT Chem_Molecules_molecule_id) FROM workload_updated_cluster10_Chem_Atoms_join_Chem_Bonds_join_Chem_Molecules WHERE bond_symbol = '#'
222,toxicology,What is the difference between the number of molecules that are carcinogenic and those that are not?,"label = '+' means molecules are carcinogenic; label = '-' means molecules are non-carcinogenic; difference = SUBTRACT(SUM(label = '+'), SUM(label = '-'))",SELECT COUNT(CASE WHEN T.label = '+' THEN T.molecule_id ELSE NULL END) - COUNT(CASE WHEN T.label = '-' THEN T.molecule_id ELSE NULL END) AS diff_car_notcar FROM molecule t,moderate,['molecule'],"SELECT COUNT(CASE WHEN label = ""+"" THEN molecule_id ELSE NULL END) - COUNT(CASE WHEN label = ""-"" THEN molecule_id ELSE NULL END) AS diff_car_notcar FROM molecule",SELECT COUNT(CASE WHEN T.carcinogenic_flag = '+' THEN T.molecule_id ELSE NULL END) - COUNT(CASE WHEN T.carcinogenic_flag = '-' THEN T.molecule_id ELSE NULL END) AS diff_car_notcar FROM Chem_Molecules t,['Chem_Molecules'],SELECT COUNT(CASE WHEN T.carcinogenic_flag = '+' THEN T.molecule_id ELSE NULL END) - COUNT(CASE WHEN T.carcinogenic_flag = '-' THEN T.molecule_id ELSE NULL END) AS diff_car_notcar FROM Chem_Molecules t
223,toxicology,What are the atom IDs of the bond TR_000_2_5?,TR_000_2_5 is the bond id,SELECT T.atom_id FROM connected AS T WHERE T.bond_id = 'TR000_2_5',simple,['connected'],SELECT atom_id FROM cluster9_bond_join_connected WHERE connected_bond_id = 'TR000_2_5',SELECT T.atom_id_1 FROM Chem_Links AS T WHERE T.bond_id = 'TR000_2_5',['Chem_Links'],SELECT T.atom_id_1 FROM Chem_Links AS T WHERE T.bond_id = 'TR000_2_5'
225,toxicology,Please list top five molecules that have double bonds in alphabetical order.,double bond refers to bond_type = ' = ';,SELECT DISTINCT T.molecule_id FROM bond AS T WHERE T.bond_type = '=' ORDER BY T.molecule_id LIMIT 5,simple,['bond'],SELECT DISTINCT molecule_id FROM bond WHERE bond_type = '=' ORDER BY molecule_id LIMIT 5,SELECT DISTINCT T.molecule_id FROM Chem_Bonds AS T WHERE T.bond_symbol = '=' ORDER BY T.molecule_id LIMIT 5,['Chem_Bonds'],SELECT DISTINCT molecule_id FROM Chem_Bonds WHERE bond_symbol = '=' ORDER BY molecule_id LIMIT 5
226,toxicology,What is the percentage of double bonds in the molecule TR008?,"double bond refers to bond_type = ' = '; TR008 is the molecule id; percentage = DIVIDE(SUM(bond_type = ' = '), COUNT(bond_id)) as percent where molecule_id = 'TR008'",SELECT CAST(COUNT(CASE WHEN T.bond_type = '=' THEN T.bond_id ELSE NULL END) AS REAL) * 100 / COUNT(T.bond_id) FROM bond AS T WHERE T.molecule_id = 'TR008',moderate,['bond'],SELECT CAST(COUNT(CASE WHEN bond_type = '=' THEN bond_id ELSE NULL END) AS REAL) * 100 / COUNT(bond_id) FROM cluster6_bond_join_molecule WHERE bond_molecule_id = 'TR008',SELECT CAST(COUNT(CASE WHEN T.bond_symbol = '=' THEN T.bond_id ELSE NULL END) AS REAL) * 100 / COUNT(T.bond_id) FROM Chem_Bonds AS T WHERE T.molecule_id = 'TR008',['Chem_Bonds'],SELECT CAST(COUNT(CASE WHEN bond_symbol = '=' THEN bond_id ELSE NULL END) AS REAL) * 100 / COUNT(bond_id) FROM Chem_Bonds WHERE molecule_id = 'TR008'
228,toxicology,How much of the hydrogen in molecule TR206 is accounted for? Please provide your answer in percentage.,"hydrogen refers to element = 'h'; TR206 is the molecule id; percentage = DIVIDE(SUM(element = 'h'), COUNT(atom_id)) as percent where molecule_id = 'TR206'",SELECT CAST(COUNT(CASE WHEN T.element = 'h' THEN T.atom_id ELSE NULL END) AS REAL) * 100 / COUNT(T.atom_id) FROM atom AS T WHERE T.molecule_id = 'TR206',moderate,['atom'],SELECT CAST(COUNT(CASE WHEN element = 'h' THEN atom_id ELSE NULL END) AS REAL) * 100 / COUNT(atom_id) FROM cluster8_atom_join_molecule WHERE atom_molecule_id = 'TR206',SELECT CAST(COUNT(CASE WHEN T.element_symbol = 'h' THEN T.atom_id ELSE NULL END) AS REAL) * 100 / COUNT(T.atom_id) FROM Chem_Atoms AS T WHERE T.molecule_id = 'TR206',['Chem_Atoms'],SELECT CAST(COUNT(CASE WHEN element_symbol = 'h' THEN atom_id ELSE NULL END) AS REAL) * 100 / COUNT(atom_id) FROM Chem_Atoms WHERE molecule_id = 'TR206'
229,toxicology,What is the type of bond that molecule TR000 has when involved in any bonds?,type of bond refers to bond_type; TR000 is the molecule id,SELECT DISTINCT T.bond_type FROM bond AS T WHERE T.molecule_id = 'TR000',simple,['bond'],SELECT DISTINCT bond_type FROM cluster6_bond_join_molecule WHERE bond_molecule_id = 'TR000',SELECT DISTINCT T.bond_symbol FROM Chem_Bonds AS T WHERE T.molecule_id = 'TR000',['Chem_Bonds'],SELECT DISTINCT bond_symbol FROM Chem_Bonds WHERE molecule_id = 'TR000'
230,toxicology,What are the elements of the toxicology and label of molecule TR060?,"TR060 is the molecule id; label = '+' mean molecules are carcinogenic; label = '-' means molecules are non-carcinogenic; element = 'cl' means Chlorine; element = 'c' means Carbon; element = 'h' means Hydrogen; element = 'o' means Oxygen, element = 's' means Sulfur; element = 'n' means Nitrogen, element = 'p' means Phosphorus, element = 'na' means Sodium, element = 'br' means Bromine, element = 'f' means Fluorine; element = 'i' means Iodine; element = 'sn' means Tin; element = 'pb' means Lead; element = 'te' means Tellurium; element = 'ca' means Calcium","SELECT DISTINCT T1.element, T2.label FROM atom AS T1 INNER JOIN molecule AS T2 ON T1.molecule_id = T2.molecule_id WHERE T2.molecule_id = 'TR060'",challenging,"['atom', 'molecule']","SELECT DISTINCT element, label FROM cluster8_atom_join_molecule WHERE atom_molecule_id = 'TR060'","SELECT DISTINCT T1.element_symbol, T2.carcinogenic_flag FROM Chem_Atoms AS T1 INNER JOIN Chem_Molecules AS T2 ON T1.molecule_id = T2.molecule_id WHERE T2.molecule_id = 'TR060'","['Chem_Atoms', 'Chem_Molecules']","SELECT DISTINCT element_symbol, carcinogenic_flag FROM workload_updated_cluster8_Chem_Atoms_join_Chem_Molecules WHERE Chem_Molecules_molecule_id = 'TR060'"
232,toxicology,Please list top three molecules that have single bonds between two atoms and are not carcinogenic in alphabetical order.,label = '-' means molecules are not carcinogenic; single type bond refers to bond_type = '-',SELECT DISTINCT T2.molecule_id FROM bond AS T1 INNER JOIN molecule AS T2 ON T1.molecule_id = T2.molecule_id WHERE T1.bond_type = '-' AND T2.label = '-' ORDER BY T2.molecule_id LIMIT 3,moderate,"['molecule', 'bond']",SELECT DISTINCT bond_molecule_id FROM cluster6_bond_join_molecule WHERE bond_type = '-' AND label = '-' ORDER BY bond_molecule_id LIMIT 3,SELECT DISTINCT T2.molecule_id FROM Chem_Bonds AS T1 INNER JOIN Chem_Molecules AS T2 ON T1.molecule_id = T2.molecule_id WHERE T1.bond_symbol = '-' AND T2.carcinogenic_flag = '-' ORDER BY T2.molecule_id LIMIT 3,"['Chem_Molecules', 'Chem_Bonds']",SELECT DISTINCT Chem_Molecules_molecule_id FROM workload_updated_cluster6_Chem_Bonds_join_Chem_Molecules WHERE bond_symbol = '-' AND carcinogenic_flag = '-' ORDER BY Chem_Molecules_molecule_id LIMIT 3
234,toxicology,How many bonds which involved atom 12 does molecule TR009 have?,TR009 is the molecule id; molecule_id = 'TR009' means the bond_id LIKE 'TR009_%'; involved atom 12 refers to atom_id = 'TR009_12' or atom_id2 = 'TR009_12',SELECT COUNT(T2.bond_id) FROM bond AS T1 INNER JOIN connected AS T2 ON T1.bond_id = T2.bond_id WHERE T1.molecule_id = 'TR009' AND T2.atom_id = T1.molecule_id || '_1' AND T2.atom_id2 = T1.molecule_id || '_2',moderate,"['connected', 'bond']",SELECT COUNT(connected_bond_id) FROM cluster9_bond_join_connected WHERE molecule_id = 'TR009' AND atom_id = 'TR009_1' AND atom_id2 = 'TR009_2',SELECT COUNT(T2.bond_id) FROM Chem_Bonds AS T1 INNER JOIN Chem_Links AS T2 ON T1.bond_id = T2.bond_id WHERE T1.molecule_id = 'TR009' AND T2.atom_id_1 = T1.molecule_id || '_1' AND T2.atom_id_2 = T1.molecule_id || '_2',"['Chem_Links', 'Chem_Bonds']",SELECT COUNT(bond_id) FROM workload_updated_cluster9_Chem_Bonds_join_Chem_Links WHERE molecule_id = 'TR009' AND atom_id_1 = molecule_id || '_1' AND atom_id_2 = molecule_id || '_2'
235,toxicology,How many molecules are carcinogenic and have the bromine element?,label = '+' mean molecules are carcinogenic; have bromine element refers to element = 'br',SELECT COUNT(DISTINCT T2.molecule_id) FROM atom AS T1 INNER JOIN molecule AS T2 ON T1.molecule_id = T2.molecule_id WHERE T2.label = '+' AND T1.element = 'br',simple,"['atom', 'molecule']",SELECT COUNT(DISTINCT atom_molecule_id) FROM cluster8_atom_join_molecule WHERE label = '+' AND element = 'br',SELECT COUNT(DISTINCT T2.molecule_id) FROM Chem_Atoms AS T1 INNER JOIN Chem_Molecules AS T2 ON T1.molecule_id = T2.molecule_id WHERE T2.carcinogenic_flag = '+' AND T1.element_symbol = 'br',"['Chem_Atoms', 'Chem_Molecules']",SELECT COUNT(DISTINCT Chem_Molecules_molecule_id) FROM workload_updated_cluster8_Chem_Atoms_join_Chem_Molecules WHERE carcinogenic_flag = '+' AND element_symbol = 'br'
238,toxicology,How many molecules have a triple bond type?,triple bond refers to bond_type = '#';,SELECT COUNT(DISTINCT T.molecule_id) FROM bond AS T WHERE T.bond_type = '#',simple,['bond'],SELECT COUNT(DISTINCT molecule_id) FROM bond WHERE bond_type = '#',SELECT COUNT(DISTINCT T.molecule_id) FROM Chem_Bonds AS T WHERE T.bond_symbol = '#',['Chem_Bonds'],SELECT COUNT(DISTINCT T.molecule_id) FROM Chem_Bonds AS T WHERE T.bond_symbol = '#'
241,toxicology,How many of the molecules are not carcinogenic?,label = '-' means molecules are non-carcinogenic,SELECT COUNT(T.molecule_id) FROM molecule AS T WHERE T.label = '-',simple,['molecule'],"SELECT COUNT(molecule_id) FROM molecule WHERE label = ""-""",SELECT COUNT(T.molecule_id) FROM Chem_Molecules AS T WHERE T.carcinogenic_flag = '-',['Chem_Molecules'],SELECT COUNT(T.molecule_id) FROM Chem_Molecules AS T WHERE T.carcinogenic_flag = '-'
245,toxicology,What is the average number of bonds the atoms with the element iodine have?,"atoms with the element iodine refers to element = 'i'; average = DIVIDE(COUND(bond_id), COUNT(atom_id)) where element = 'i'",SELECT CAST(COUNT(T2.bond_id) AS REAL) / COUNT(T1.atom_id) FROM atom AS T1 INNER JOIN connected AS T2 ON T1.atom_id = T2.atom_id WHERE T1.element = 'i',moderate,"['atom', 'connected']",SELECT CAST(COUNT(bond_id) AS REAL) / COUNT(atom_atom_id) FROM cluster7_atom_join_connected WHERE element = 'i',SELECT CAST(COUNT(T2.bond_id) AS REAL) / COUNT(T1.atom_id) FROM Chem_Atoms AS T1 INNER JOIN Chem_Links AS T2 ON T1.atom_id = T2.atom_id_1 WHERE T1.element_symbol = 'i',"['Chem_Atoms', 'Chem_Links']",SELECT CAST(COUNT(bond_id) AS REAL) / COUNT(atom_id) FROM workload_updated_cluster7_Chem_Atoms_join_Chem_Links WHERE element_symbol = 'i'
246,toxicology,List the bond type and the bond ID of the atom 45.,"bond ID of atom 45 refers to SUBSTR(atom_id, 7, 2) + 0 = 45; double bond refers to bond_type = ' = '; single bond refers to bond_type = '-'; triple bond refers to bond_type = '#';","SELECT T1.bond_type, T1.bond_id FROM bond AS T1 INNER JOIN connected AS T2 ON T1.bond_id = T2.bond_id WHERE SUBSTR(T2.atom_id, 7, 2) = '45'",moderate,"['connected', 'bond']","SELECT bond_type, bond_bond_id FROM cluster9_bond_join_connected WHERE SUBSTR(atom_id, 7, 2) = '45'","SELECT T1.bond_symbol, T1.bond_id FROM Chem_Bonds AS T1 INNER JOIN Chem_Links AS T2 ON T1.bond_id = T2.bond_id WHERE SUBSTR(T2.atom_id_1, 7, 2) = '45'","['Chem_Links', 'Chem_Bonds']","SELECT bond_symbol, bond_id FROM workload_updated_cluster9_Chem_Bonds_join_Chem_Links WHERE SUBSTR(atom_id_1, 7, 2) = '45'"
249,toxicology,What are the elements of the atoms of TR144_8_19?,"TR144_8_19 is the bond id; element = 'cl' means Chlorine; element = 'c' means Carbon; element = 'h' means Hydrogen; element = 'o' means Oxygen, element = 's' means Sulfur; element = 'n' means Nitrogen, element = 'p' means Phosphorus, element = 'na' means Sodium, element = 'br' means Bromine, element = 'f' means Fluorine; element = 'i' means Iodine; element = 'sn' means Tin; element = 'pb' means Lead; element = 'te' means Tellurium; element = 'ca' means Calcium",SELECT T2.element FROM connected AS T1 INNER JOIN atom AS T2 ON T1.atom_id = T2.atom_id WHERE T1.bond_id = 'TR144_8_19',challenging,"['atom', 'connected']",SELECT element FROM cluster7_atom_join_connected WHERE bond_id = 'TR144_8_19',SELECT T2.element_symbol FROM Chem_Links AS T1 INNER JOIN Chem_Atoms AS T2 ON T1.atom_id_1 = T2.atom_id WHERE T1.bond_id = 'TR144_8_19',"['Chem_Atoms', 'Chem_Links']",SELECT element_symbol FROM workload_updated_cluster7_Chem_Atoms_join_Chem_Links WHERE bond_id = 'TR144_8_19'
250,toxicology,"Of all the carcinogenic molecules, which one has the most double bonds?",label = '+' mean molecules are carcinogenic; double bond refers to bond_type = ' = ';,"SELECT T.molecule_id FROM ( SELECT T3.molecule_id, COUNT(T1.bond_type) FROM bond AS T1 INNER JOIN molecule AS T3 ON T1.molecule_id = T3.molecule_id WHERE T3.label = '+' AND T1.bond_type = '=' GROUP BY T3.molecule_id ORDER BY COUNT(T1.bond_type) DESC LIMIT 1 ) AS T",moderate,"['molecule', 'bond']","SELECT bond_molecule_id FROM ( SELECT bond_molecule_id, COUNT(bond_type) FROM cluster6_bond_join_molecule WHERE label = '+' AND bond_type = '=' GROUP BY bond_molecule_id ORDER BY COUNT(bond_type) DESC LIMIT 1 )","SELECT T.molecule_id FROM ( SELECT T3.molecule_id, COUNT(T1.bond_symbol) FROM Chem_Bonds AS T1 INNER JOIN Chem_Molecules AS T3 ON T1.molecule_id = T3.molecule_id WHERE T3.carcinogenic_flag = '+' AND T1.bond_symbol = '=' GROUP BY T3.molecule_id ORDER BY COUNT(T1.bond_symbol) DESC LIMIT 1 ) AS T","['Chem_Molecules', 'Chem_Bonds']","SELECT Chem_Molecules_molecule_id FROM ( SELECT Chem_Molecules_molecule_id, COUNT(bond_symbol) FROM workload_updated_cluster6_Chem_Bonds_join_Chem_Molecules WHERE carcinogenic_flag = '+' AND bond_symbol = '=' GROUP BY Chem_Molecules_molecule_id ORDER BY COUNT(bond_symbol) DESC LIMIT 1 ) AS T"
251,toxicology,What is the least common element of all carcinogenic molecules?,label = '+' mean molecules are carcinogenic,"SELECT T.element FROM ( SELECT T2.element, COUNT(DISTINCT T2.molecule_id) FROM molecule AS T1 INNER JOIN atom AS T2 ON T1.molecule_id = T2.molecule_id WHERE T1.label = '+' GROUP BY T2.element ORDER BY COUNT(DISTINCT T2.molecule_id) LIMIT 1 ) t",moderate,"['atom', 'molecule']","SELECT element FROM ( SELECT element, COUNT(DISTINCT atom_molecule_id) FROM cluster8_atom_join_molecule WHERE label = '+' GROUP BY element ORDER BY COUNT(DISTINCT atom_molecule_id) LIMIT 1 )","SELECT T.element_symbol FROM ( SELECT T2.element_symbol, COUNT(DISTINCT T2.molecule_id) FROM Chem_Molecules AS T1 INNER JOIN Chem_Atoms AS T2 ON T1.molecule_id = T2.molecule_id WHERE T1.carcinogenic_flag = '+' GROUP BY T2.element_symbol ORDER BY COUNT(DISTINCT T2.molecule_id) LIMIT 1 ) t","['Chem_Atoms', 'Chem_Molecules']","SELECT element_symbol FROM ( SELECT element_symbol, COUNT(DISTINCT Chem_Molecules_molecule_id) FROM workload_updated_cluster8_Chem_Atoms_join_Chem_Molecules WHERE carcinogenic_flag = '+' GROUP BY element_symbol ORDER BY COUNT(DISTINCT Chem_Molecules_molecule_id) LIMIT 1 ) t"
252,toxicology,What are the atoms that can bond with the atom that has the element lead?,atom that has the element lead refers to atom_id where element = 'pb',"SELECT T2.atom_id, T2.atom_id2 FROM atom AS T1 INNER JOIN connected AS T2 ON T1.atom_id = T2.atom_id WHERE T1.element = 'pb'",simple,"['atom', 'connected']","SELECT atom_atom_id, atom_id2 FROM cluster7_atom_join_connected WHERE element = 'pb'","SELECT T2.atom_id_1, T2.atom_id_2 FROM Chem_Atoms AS T1 INNER JOIN Chem_Links AS T2 ON T1.atom_id = T2.atom_id_1 WHERE T1.element_symbol = 'pb'","['Chem_Atoms', 'Chem_Links']","SELECT atom_id_1, atom_id_2 FROM workload_updated_cluster7_Chem_Atoms_join_Chem_Links WHERE element_symbol = 'pb'"
253,toxicology,List the elements of all the triple bonds.,"triple bond refers to bond_type = '#'; element = 'cl' means Chlorine; element = 'c' means Carbon; element = 'h' means Hydrogen; element = 'o' means Oxygen, element = 's' means Sulfur; element = 'n' means Nitrogen, element = 'p' means Phosphorus, element = 'na' means Sodium, element = 'br' means Bromine, element = 'f' means Fluorine; element = 'i' means Iodine; element = 'sn' means Tin; element = 'pb' means Lead; element = 'te' means Tellurium; element = 'ca' means Calcium",SELECT DISTINCT T3.element FROM bond AS T1 INNER JOIN connected AS T2 ON T1.bond_id = T2.bond_id INNER JOIN atom AS T3 ON T2.atom_id = T3.atom_id WHERE T1.bond_type = '#',challenging,"['atom', 'connected', 'bond']",SELECT DISTINCT element FROM cluster9_bond_join_connected AS T9 INNER JOIN atom AS T_atom ON T9.atom_id = T_atom.atom_id WHERE T9.bond_type = '#',SELECT DISTINCT T3.element_symbol FROM Chem_Bonds AS T1 INNER JOIN Chem_Links AS T2 ON T1.bond_id = T2.bond_id INNER JOIN Chem_Atoms AS T3 ON T2.atom_id_1 = T3.atom_id WHERE T1.bond_symbol = '#',"['Chem_Atoms', 'Chem_Links', 'Chem_Bonds']",SELECT DISTINCT T2.element_symbol FROM workload_updated_cluster9_Chem_Bonds_join_Chem_Links AS T1 INNER JOIN workload_updated_cluster7_Chem_Atoms_join_Chem_Links AS T2 ON T1.atom_id_1 = T2.atom_id WHERE T1.bond_symbol = '#'
255,toxicology,What proportion of single bonds are carcinogenic?,"single bond refers to bond_type = '-'; label = '+' mean molecules are carcinogenic; proportion = DIVIDE(SUM(label = '+'), COUNT(bond_id)) where bond_type = '-'",SELECT CAST(COUNT(CASE WHEN T2.label = '+' THEN T1.bond_id ELSE NULL END) AS REAL) * 100 / COUNT(T1.bond_id) FROM bond AS T1 INNER JOIN molecule AS T2 ON T1.molecule_id = T2.molecule_id WHERE T1.bond_type = '-',moderate,"['molecule', 'bond']",SELECT CAST(COUNT(CASE WHEN label = '+' THEN bond_id ELSE NULL END) AS REAL) * 100 / COUNT(bond_id) FROM cluster6_bond_join_molecule WHERE bond_type = '-',SELECT CAST(COUNT(CASE WHEN T2.carcinogenic_flag = '+' THEN T1.bond_id ELSE NULL END) AS REAL) * 100 / COUNT(T1.bond_id) FROM Chem_Bonds AS T1 INNER JOIN Chem_Molecules AS T2 ON T1.molecule_id = T2.molecule_id WHERE T1.bond_symbol = '-',"['Chem_Molecules', 'Chem_Bonds']",SELECT CAST(COUNT(CASE WHEN carcinogenic_flag = '+' THEN bond_id ELSE NULL END) AS REAL) * 100 / COUNT(bond_id) FROM workload_updated_cluster6_Chem_Bonds_join_Chem_Molecules WHERE bond_symbol = '-'
257,toxicology,List down atom id2 for atoms with element sulfur.,element sulfur refers to element = 's',SELECT DISTINCT T2.atom_id2 FROM atom AS T1 INNER JOIN connected AS T2 ON T1.atom_id = T2.atom_id WHERE T1.element = 's',simple,"['atom', 'connected']",SELECT DISTINCT atom_id2 FROM cluster7_atom_join_connected WHERE element = 's',SELECT DISTINCT T2.atom_id_2 FROM Chem_Atoms AS T1 INNER JOIN Chem_Links AS T2 ON T1.atom_id = T2.atom_id_1 WHERE T1.element_symbol = 's',"['Chem_Atoms', 'Chem_Links']",SELECT DISTINCT atom_id_2 FROM workload_updated_cluster7_Chem_Atoms_join_Chem_Links WHERE element_symbol = 's'
258,toxicology,What are the bond type for atoms with element Tin?,element Tin refers to element = 'sn'; double bond refers to bond_type = ' = '; single bond refers to bond_type = '-'; triple bond refers to bond_type = '#',SELECT DISTINCT T3.bond_type FROM atom AS T1 INNER JOIN connected AS T2 ON T1.atom_id = T2.atom_id INNER JOIN bond AS T3 ON T3.bond_id = T2.bond_id WHERE T1.element = 'sn',moderate,"['atom', 'connected', 'bond']",SELECT DISTINCT T3.bond_type FROM cluster7_atom_join_connected AS T2 INNER JOIN bond AS T3 ON T3.bond_id = T2.bond_id WHERE T2.element = 'sn',SELECT DISTINCT T3.bond_symbol FROM Chem_Atoms AS T1 INNER JOIN Chem_Links AS T2 ON T1.atom_id = T2.atom_id_1 INNER JOIN Chem_Bonds AS T3 ON T3.bond_id = T2.bond_id WHERE T1.element_symbol = 'sn',"['Chem_Atoms', 'Chem_Bonds', 'Chem_Links']",SELECT DISTINCT T2.bond_symbol FROM workload_updated_cluster7_Chem_Atoms_join_Chem_Links AS T1 INNER JOIN Chem_Bonds AS T2 ON T1.bond_id = T2.bond_id WHERE T1.element_symbol = 'sn'
262,toxicology,"Among the single bond molecule id, which molecules are not carcinogenic?",label = '-' means molecules are non-carcinogenic; single bond refers to bond_type = '-';,SELECT DISTINCT T1.molecule_id FROM bond AS T1 INNER JOIN molecule AS T2 ON T1.molecule_id = T2.molecule_id WHERE T2.label = '-' AND T1.bond_type = '-',simple,"['molecule', 'bond']",SELECT DISTINCT bond_molecule_id FROM cluster6_bond_join_molecule WHERE label = '-' AND bond_type = '-',SELECT DISTINCT T1.molecule_id FROM Chem_Bonds AS T1 INNER JOIN Chem_Molecules AS T2 ON T1.molecule_id = T2.molecule_id WHERE T2.carcinogenic_flag = '-' AND T1.bond_symbol = '-',"['Chem_Molecules', 'Chem_Bonds']",SELECT DISTINCT Chem_Molecules_molecule_id FROM workload_updated_cluster6_Chem_Bonds_join_Chem_Molecules WHERE carcinogenic_flag = '-' AND bond_symbol = '-'
263,toxicology,What is the composition of element chlorine in percentage among the single bond molecules?,"element chlorine refers to element = 'cl'; single bond refers to bond_type = '-'; percentage = DIVIDE(SUM(element = 'cl'), COUNT(atom_id)) as percent where bond_type = '-'","SELECT CAST(COUNT(CASE WHEN T.element = 'cl' THEN T.atom_id ELSE NULL END) AS REAL) * 100 / COUNT(T.atom_id) FROM ( SELECT T1.atom_id, T1.element FROM atom AS T1 INNER JOIN molecule AS T2 ON T1.molecule_id = T2.molecule_id INNER JOIN bond AS T3 ON T2.molecule_id = T3.molecule_id WHERE T3.bond_type = '-' ) AS T",challenging,"['atom', 'molecule', 'bond']",SELECT CAST(COUNT(CASE WHEN element = 'cl' THEN atom_id ELSE NULL END) AS REAL) * 100 / COUNT(atom_id) FROM cluster10_atom_join_bond_join_molecule WHERE bond_type = '-',"SELECT CAST(COUNT(CASE WHEN T.element_symbol = 'cl' THEN T.atom_id ELSE NULL END) AS REAL) * 100 / COUNT(T.atom_id) FROM ( SELECT T1.atom_id, T1.element_symbol FROM Chem_Atoms AS T1 INNER JOIN Chem_Molecules AS T2 ON T1.molecule_id = T2.molecule_id INNER JOIN Chem_Bonds AS T3 ON T2.molecule_id = T3.molecule_id WHERE T3.bond_symbol = '-' ) AS T","['Chem_Atoms', 'Chem_Molecules', 'Chem_Bonds']",SELECT CAST(COUNT(CASE WHEN element_symbol = 'cl' THEN atom_id ELSE NULL END) AS REAL) * 100 / COUNT(atom_id) FROM workload_updated_cluster10_Chem_Atoms_join_Chem_Bonds_join_Chem_Molecules WHERE bond_symbol = '-'
264,toxicology,"What are the labels for TR000, TR001 and TR002?","TR000, TR001 and TR002 are molecule id; label = '+' mean molecules are carcinogenic; label = '-' means molecules are non-carcinogenic","SELECT molecule_id, T.label FROM molecule AS T WHERE T.molecule_id IN ('TR000', 'TR001', 'TR002')",simple,['molecule'],"SELECT molecule_id, label FROM molecule WHERE molecule_id IN (""TR000"", ""TR001"", ""TR002"")","SELECT molecule_id, T.carcinogenic_flag FROM Chem_Molecules AS T WHERE T.molecule_id IN ('TR000', 'TR001', 'TR002')",['Chem_Molecules'],"SELECT molecule_id, T.carcinogenic_flag FROM Chem_Molecules AS T WHERE T.molecule_id IN ('TR000', 'TR001', 'TR002')"
267,toxicology,List down the bond type for molecules from molecule id TR000 to TR050.,double bond refers to bond_type = ' = '; single bond refers to bond_type = '-'; triple bond refers to bond_type = '#';,"SELECT T2.molecule_id, T2.bond_type FROM molecule AS T1 INNER JOIN bond AS T2 ON T1.molecule_id = T2.molecule_id WHERE T1.molecule_id BETWEEN 'TR000' AND 'TR050'",moderate,"['molecule', 'bond']","SELECT bond_molecule_id, bond_type FROM cluster6_bond_join_molecule WHERE bond_molecule_id BETWEEN 'TR000' AND 'TR050'","SELECT T2.molecule_id, T2.bond_symbol FROM Chem_Molecules AS T1 INNER JOIN Chem_Bonds AS T2 ON T1.molecule_id = T2.molecule_id WHERE T1.molecule_id BETWEEN 'TR000' AND 'TR050'","['Chem_Molecules', 'Chem_Bonds']","SELECT Chem_Molecules_molecule_id, bond_symbol FROM workload_updated_cluster6_Chem_Bonds_join_Chem_Molecules WHERE Chem_Molecules_molecule_id BETWEEN 'TR000' AND 'TR050'"
268,toxicology,What are the elements for bond id TR001_10_11?,"element = 'cl' means Chlorine; element = 'c' means Carbon; element = 'h' means Hydrogen; element = 'o' means Oxygen, element = 's' means Sulfur; element = 'n' means Nitrogen, element = 'p' means Phosphorus, element = 'na' means Sodium, element = 'br' means Bromine, element = 'f' means Fluorine; element = 'i' means Iodine; element = 'sn' means Tin; element = 'pb' means Lead; element = 'te' means Tellurium; element = 'ca' means Calcium",SELECT T2.element FROM connected AS T1 INNER JOIN atom AS T2 ON T1.atom_id = T2.atom_id WHERE T1.bond_id = 'TR001_10_11',challenging,"['atom', 'connected']",SELECT element FROM cluster7_atom_join_connected WHERE bond_id = 'TR001_10_11',SELECT T2.element_symbol FROM Chem_Links AS T1 INNER JOIN Chem_Atoms AS T2 ON T1.atom_id_1 = T2.atom_id WHERE T1.bond_id = 'TR001_10_11',"['Chem_Atoms', 'Chem_Links']",SELECT element_symbol FROM workload_updated_cluster7_Chem_Atoms_join_Chem_Links WHERE bond_id = 'TR001_10_11'
269,toxicology,How many bond id have element iodine?,iodine refers to element = 'i',SELECT COUNT(T3.bond_id) FROM atom AS T1 INNER JOIN molecule AS T2 ON T1.molecule_id = T2.molecule_id INNER JOIN bond AS T3 ON T2.molecule_id = T3.molecule_id WHERE T1.element = 'i',simple,"['atom', 'molecule', 'bond']",SELECT COUNT(bond_id) FROM cluster10_atom_join_bond_join_molecule WHERE element = 'i',SELECT COUNT(T3.bond_id) FROM Chem_Atoms AS T1 INNER JOIN Chem_Molecules AS T2 ON T1.molecule_id = T2.molecule_id INNER JOIN Chem_Bonds AS T3 ON T2.molecule_id = T3.molecule_id WHERE T1.element_symbol = 'i',"['Chem_Atoms', 'Chem_Molecules', 'Chem_Bonds']",SELECT COUNT(bond_id) FROM workload_updated_cluster10_Chem_Atoms_join_Chem_Bonds_join_Chem_Molecules WHERE element_symbol = 'i'
276,toxicology,Write down the atom IDs of the first and second atoms of triple bond type molecules.,first atom refers to atom_id; second atom refers to atom_id2; triple bond refers to bond_type = '#';,"SELECT T2.atom_id, T2.atom_id2 FROM bond AS T1 INNER JOIN connected AS T2 ON T1.bond_id = T2.bond_id WHERE T1.bond_type = '#'",simple,"['connected', 'bond']","SELECT atom_id, atom_id2 FROM cluster9_bond_join_connected WHERE bond_type = '#'","SELECT T2.atom_id_1, T2.atom_id_2 FROM Chem_Bonds AS T1 INNER JOIN Chem_Links AS T2 ON T1.bond_id = T2.bond_id WHERE T1.bond_symbol = '#'","['Chem_Links', 'Chem_Bonds']","SELECT atom_id_1, atom_id_2 FROM workload_updated_cluster9_Chem_Bonds_join_Chem_Links WHERE bond_symbol = '#'"
278,toxicology,How many of the single bond type molecules are non-carcinogenic?,label = '-' means molecules are non-carcinogenic; single bond refers to bond_type = '-';,SELECT COUNT(DISTINCT T2.molecule_id) FROM bond AS T1 INNER JOIN molecule AS T2 ON T1.molecule_id = T2.molecule_id WHERE T2.label = '-' AND T1.bond_type = '-',simple,"['molecule', 'bond']",SELECT COUNT(DISTINCT bond_molecule_id) FROM cluster6_bond_join_molecule WHERE label = '-' AND bond_type = '-',SELECT COUNT(DISTINCT T2.molecule_id) FROM Chem_Bonds AS T1 INNER JOIN Chem_Molecules AS T2 ON T1.molecule_id = T2.molecule_id WHERE T2.carcinogenic_flag = '-' AND T1.bond_symbol = '-',"['Chem_Molecules', 'Chem_Bonds']",SELECT COUNT(DISTINCT Chem_Molecules_molecule_id) FROM workload_updated_cluster6_Chem_Bonds_join_Chem_Molecules WHERE carcinogenic_flag = '-' AND bond_symbol = '-'
279,toxicology,What is the label for bond ID TR001_10_11?,label = '+' mean molecules are carcinogenic; label = '-' means molecules are non-carcinogenic,SELECT T2.label FROM bond AS T1 INNER JOIN molecule AS T2 ON T1.molecule_id = T2.molecule_id WHERE T1.bond_id = 'TR001_10_11',simple,"['molecule', 'bond']",SELECT label FROM cluster6_bond_join_molecule WHERE bond_id = 'TR001_10_11',SELECT T2.carcinogenic_flag FROM Chem_Bonds AS T1 INNER JOIN Chem_Molecules AS T2 ON T1.molecule_id = T2.molecule_id WHERE T1.bond_id = 'TR001_10_11',"['Chem_Molecules', 'Chem_Bonds']",SELECT carcinogenic_flag FROM workload_updated_cluster6_Chem_Bonds_join_Chem_Molecules WHERE bond_id = 'TR001_10_11'
281,toxicology,Tally the toxicology element of the 4th atom of each molecule that was carcinogenic.,"label = '+' means molecules are carcinogenic; 4th atom of each molecule refers to substr(atom_id, 7, 1) = 4; element = 'cl' means Chlorine; element = 'c' means Carbon; element = 'h' means Hydrogen; element = 'o' means Oxygen, element = 's' means Sulfur; element = 'n' means Nitrogen, element = 'p' means Phosphorus, element = 'na' means Sodium, element = 'br' means Bromine, element = 'f' means Fluorine; element = 'i' means Iodine; element = 'sn' means Tin; element = 'pb' means Lead; element = 'te' means Tellurium; element = 'ca' means Calcium","SELECT DISTINCT T1.element FROM atom AS T1 INNER JOIN molecule AS T2 ON T1.molecule_id = T2.molecule_id WHERE T2.label = '+' AND SUBSTR(T1.atom_id, -1) = '4' AND LENGTH(T1.atom_id) = 7",challenging,"['atom', 'molecule']","SELECT DISTINCT element FROM cluster8_atom_join_molecule WHERE label = '+' AND SUBSTR(atom_id, -1) = '4' AND LENGTH(atom_id) = 7","SELECT DISTINCT T1.element_symbol FROM Chem_Atoms AS T1 INNER JOIN Chem_Molecules AS T2 ON T1.molecule_id = T2.molecule_id WHERE T2.carcinogenic_flag = '+' AND SUBSTR(T1.atom_id, -1) = '4' AND LENGTH(T1.atom_id) = 7","['Chem_Atoms', 'Chem_Molecules']","SELECT DISTINCT element_symbol FROM workload_updated_cluster8_Chem_Atoms_join_Chem_Molecules WHERE carcinogenic_flag = '+' AND SUBSTR(atom_id, -1) = '4' AND LENGTH(atom_id) = 7"
283,toxicology,Identify whether the chemical compound that contains Calcium is carcinogenic.,calcium refers to element = 'ca'; label = '+' mean molecules are carcinogenic; label = '-' means molecules are non-carcinogenic;,SELECT T2.label AS flag_carcinogenic FROM atom AS T1 INNER JOIN molecule AS T2 ON T1.molecule_id = T2.molecule_id WHERE T1.element = 'ca',moderate,"['atom', 'molecule']",SELECT label FROM cluster8_atom_join_molecule WHERE element = 'ca',SELECT T2.carcinogenic_flag AS flag_carcinogenic FROM Chem_Atoms AS T1 INNER JOIN Chem_Molecules AS T2 ON T1.molecule_id = T2.molecule_id WHERE T1.element_symbol = 'ca',"['Chem_Atoms', 'Chem_Molecules']",SELECT carcinogenic_flag AS flag_carcinogenic FROM workload_updated_cluster8_Chem_Atoms_join_Chem_Molecules WHERE element_symbol = 'ca'
284,toxicology,Determine the bond type that is formed in the chemical compound containing element Tellurium.,Tellurium refers to element = 'te'; double bond refers to bond_type = ' = '; single bond refers to bond_type = '-'; triple bond refers to bond_type = '#';,SELECT DISTINCT T2.bond_type FROM atom AS T1 INNER JOIN bond AS T2 ON T1.molecule_id = T2.molecule_id WHERE T1.element = 'te',moderate,"['atom', 'bond']",SELECT DISTINCT bond_type FROM cluster5_atom_join_bond WHERE element = 'te',SELECT DISTINCT T2.bond_symbol FROM Chem_Atoms AS T1 INNER JOIN Chem_Bonds AS T2 ON T1.molecule_id = T2.molecule_id WHERE T1.element_symbol = 'te',"['Chem_Atoms', 'Chem_Bonds']",SELECT DISTINCT bond_symbol FROM workload_updated_cluster5_Chem_Atoms_join_Chem_Bonds WHERE element_symbol = 'te'
288,toxicology,Identify whether the molecule that contains atom TR001_1 is carcinogenic.,label = '+' mean molecules are carcinogenic;,SELECT T2.label AS flag_carcinogenic FROM atom AS T1 INNER JOIN molecule AS T2 ON T1.molecule_id = T2.molecule_id WHERE T1.atom_id = 'TR001_1',simple,"['atom', 'molecule']",SELECT label FROM cluster8_atom_join_molecule WHERE atom_id = 'TR001_1',SELECT T2.carcinogenic_flag AS flag_carcinogenic FROM Chem_Atoms AS T1 INNER JOIN Chem_Molecules AS T2 ON T1.molecule_id = T2.molecule_id WHERE T1.atom_id = 'TR001_1',"['Chem_Atoms', 'Chem_Molecules']",SELECT carcinogenic_flag AS flag_carcinogenic FROM workload_updated_cluster8_Chem_Atoms_join_Chem_Molecules WHERE atom_id = 'TR001_1'
293,toxicology,How many atoms belong to the molecule labeled with carcinogenic compounds?,label = '+' mean molecules are carcinogenic;,SELECT COUNT(T1.atom_id) FROM atom AS T1 INNER JOIN molecule AS T2 ON T1.molecule_id = T2.molecule_id WHERE T2.label = '+',simple,"['atom', 'molecule']",SELECT COUNT(atom_id) FROM cluster8_atom_join_molecule WHERE label = '+',SELECT COUNT(T1.atom_id) FROM Chem_Atoms AS T1 INNER JOIN Chem_Molecules AS T2 ON T1.molecule_id = T2.molecule_id WHERE T2.carcinogenic_flag = '+',"['Chem_Atoms', 'Chem_Molecules']",SELECT COUNT(atom_id) FROM workload_updated_cluster8_Chem_Atoms_join_Chem_Molecules WHERE carcinogenic_flag = '+'
295,toxicology,How many atoms belong to the molecule that element is hydrogen and labeled with carcinogenic compound?,label = '+' mean molecules are carcinogenic; hydrogen refers to element = h',SELECT COUNT(T1.atom_id) AS atomnums_h FROM atom AS T1 INNER JOIN molecule AS T2 ON T1.molecule_id = T2.molecule_id WHERE T2.label = '+' AND T1.element = 'h',simple,"['atom', 'molecule']",SELECT COUNT(atom_id) AS atomnums_h FROM cluster8_atom_join_molecule WHERE label = '+' AND element = 'h',SELECT COUNT(T1.atom_id) AS atomnums_h FROM Chem_Atoms AS T1 INNER JOIN Chem_Molecules AS T2 ON T1.molecule_id = T2.molecule_id WHERE T2.carcinogenic_flag = '+' AND T1.element_symbol = 'h',"['Chem_Atoms', 'Chem_Molecules']",SELECT COUNT(atom_id) AS atomnums_h FROM workload_updated_cluster8_Chem_Atoms_join_Chem_Molecules WHERE carcinogenic_flag = '+' AND element_symbol = 'h'
300,toxicology,What atoms comprise TR186?,TR186 is a molecule id,SELECT T.atom_id FROM atom AS T WHERE T.molecule_id = 'TR186',simple,['atom'],"SELECT atom_id FROM atom WHERE molecule_id = ""TR186""",SELECT T.atom_id FROM Chem_Atoms AS T WHERE T.molecule_id = 'TR186',['Chem_Atoms'],SELECT T.atom_id FROM Chem_Atoms AS T WHERE T.molecule_id = 'TR186'
301,toxicology,What is the bond type of TR007_4_19?,double bond refers to bond_type = ' = '; single bond refers to bond_type = '-'; triple bond refers to bond_type = '#';,SELECT T.bond_type FROM bond AS T WHERE T.bond_id = 'TR007_4_19',simple,['bond'],SELECT bond_type FROM cluster6_bond_join_molecule WHERE bond_id = 'TR007_4_19',SELECT T.bond_symbol FROM Chem_Bonds AS T WHERE T.bond_id = 'TR007_4_19',['Chem_Bonds'],SELECT T.bond_symbol FROM Chem_Bonds AS T WHERE T.bond_id = 'TR007_4_19'
302,toxicology,Name the elements that comprise the atoms of bond TR001_2_4.,"element = 'cl' means Chlorine; element = 'c' means Carbon; element = 'h' means Hydrogen; element = 'o' means Oxygen, element = 's' means Sulfur; element = 'n' means Nitrogen, element = 'p' means Phosphorus, element = 'na' means Sodium, element = 'br' means Bromine, element = 'f' means Fluorine; element = 'i' means Iodine; element = 'sn' means Tin; element = 'pb' means Lead; element = 'te' means Tellurium; element = 'ca' means Calcium",SELECT DISTINCT T1.element FROM atom AS T1 INNER JOIN connected AS T2 ON T1.atom_id = T2.atom_id WHERE T2.bond_id = 'TR001_2_4',challenging,"['atom', 'connected']",SELECT DISTINCT element FROM cluster7_atom_join_connected WHERE bond_id = 'TR001_2_4',SELECT DISTINCT T1.element_symbol FROM Chem_Atoms AS T1 INNER JOIN Chem_Links AS T2 ON T1.atom_id = T2.atom_id_1 WHERE T2.bond_id = 'TR001_2_4',"['Chem_Atoms', 'Chem_Links']",SELECT DISTINCT element_symbol FROM workload_updated_cluster7_Chem_Atoms_join_Chem_Links WHERE bond_id = 'TR001_2_4'
304,toxicology,List all carcinogenic molecules and their elements.,"label = '+' mean molecules are carcinogenic; element = 'cl' means Chlorine; element = 'c' means Carbon; element = 'h' means Hydrogen; element = 'o' means Oxygen, element = 's' means Sulfur; element = 'n' means Nitrogen, element = 'p' means Phosphorus, element = 'na' means Sodium, element = 'br' means Bromine, element = 'f' means Fluorine; element = 'i' means Iodine; element = 'sn' means Tin; element = 'pb' means Lead; element = 'te' means Tellurium; element = 'ca' means Calcium","SELECT DISTINCT T2.molecule_id, T1.element FROM atom AS T1 INNER JOIN molecule AS T2 ON T1.molecule_id = T2.molecule_id WHERE T2.label = '+'",challenging,"['atom', 'molecule']","SELECT DISTINCT atom_molecule_id, element FROM cluster8_atom_join_molecule WHERE label = '+'","SELECT DISTINCT T2.molecule_id, T1.element_symbol FROM Chem_Atoms AS T1 INNER JOIN Chem_Molecules AS T2 ON T1.molecule_id = T2.molecule_id WHERE T2.carcinogenic_flag = '+'","['Chem_Atoms', 'Chem_Molecules']","SELECT DISTINCT Chem_Molecules_molecule_id, element_symbol FROM workload_updated_cluster8_Chem_Atoms_join_Chem_Molecules WHERE carcinogenic_flag = '+'"
305,toxicology,Name all bonds with single bond types and what atoms are connected to the molecules.,single bond refers to bond_type = '-';,"SELECT T1.bond_id, T2.atom_id, T2.atom_id2 FROM bond AS T1 INNER JOIN connected AS T2 ON T1.bond_id = T2.bond_id WHERE T1.bond_type = '-'",simple,"['connected', 'bond']","SELECT bond_bond_id, atom_id, atom_id2 FROM cluster9_bond_join_connected WHERE bond_type = '-'","SELECT T1.bond_id, T2.atom_id_1, T2.atom_id_2 FROM Chem_Bonds AS T1 INNER JOIN Chem_Links AS T2 ON T1.bond_id = T2.bond_id WHERE T1.bond_symbol = '-'","['Chem_Links', 'Chem_Bonds']","SELECT bond_id, atom_id_1, atom_id_2 FROM workload_updated_cluster9_Chem_Bonds_join_Chem_Links WHERE bond_symbol = '-'"
313,toxicology,How many atoms belong to molecule id TR005?,,SELECT COUNT(T.atom_id) FROM atom AS T WHERE T.molecule_id = 'TR005',simple,['atom'],SELECT COUNT(atom_id) FROM atom WHERE molecule_id = 'TR005',SELECT COUNT(T.atom_id) FROM Chem_Atoms AS T WHERE T.molecule_id = 'TR005',['Chem_Atoms'],SELECT COUNT(T.atom_id) FROM Chem_Atoms AS T WHERE T.molecule_id = 'TR005'
315,toxicology,"Among the molecules which contain ""cl"" element, which of them are carcinogenic?",label = '+' mean molecules are carcinogenic;,SELECT DISTINCT T1.molecule_id FROM atom AS T1 INNER JOIN molecule AS T2 ON T1.molecule_id = T2.molecule_id WHERE T1.element = 'cl' AND T2.label = '+',simple,"['atom', 'molecule']",SELECT DISTINCT atom_molecule_id FROM cluster8_atom_join_molecule WHERE element = 'cl' AND label = '+',SELECT DISTINCT T1.molecule_id FROM Chem_Atoms AS T1 INNER JOIN Chem_Molecules AS T2 ON T1.molecule_id = T2.molecule_id WHERE T1.element_symbol = 'cl' AND T2.carcinogenic_flag = '+',"['Chem_Atoms', 'Chem_Molecules']",SELECT DISTINCT Chem_Molecules_molecule_id FROM workload_updated_cluster8_Chem_Atoms_join_Chem_Molecules WHERE element_symbol = 'cl' AND carcinogenic_flag = '+'
317,toxicology,Calculate the percentage of carcinogenic molecules which contain the Chlorine element.,"label = '+' mean molecules are carcinogenic; percentage = DIVIDE(SUM(label = '+' and element = 'cl'), COUNT(molecule_id)) as percentage",SELECT COUNT(CASE WHEN T2.label = '+' AND T1.element = 'cl' THEN T2.molecule_id ELSE NULL END) * 100 / COUNT(T2.molecule_id) FROM atom AS T1 INNER JOIN molecule AS T2 ON T1.molecule_id = T2.molecule_id,moderate,"['atom', 'molecule']",SELECT COUNT(CASE WHEN label = '+' AND element = 'cl' THEN atom_molecule_id ELSE NULL END) * 100 / COUNT(atom_molecule_id) FROM cluster8_atom_join_molecule,SELECT COUNT(CASE WHEN T2.carcinogenic_flag = '+' AND T1.element_symbol = 'cl' THEN T2.molecule_id ELSE NULL END) * 100 / COUNT(T2.molecule_id) FROM Chem_Atoms AS T1 INNER JOIN Chem_Molecules AS T2 ON T1.molecule_id = T2.molecule_id,"['Chem_Atoms', 'Chem_Molecules']",SELECT COUNT(CASE WHEN carcinogenic_flag = '+' AND element_symbol = 'cl' THEN Chem_Molecules_molecule_id ELSE NULL END) * 100 / COUNT(Chem_Molecules_molecule_id) FROM workload_updated_cluster8_Chem_Atoms_join_Chem_Molecules
320,toxicology,What is the type of the bond which is presenting the connection between two atoms TR000_1 and TR000_2?,type of bond refers to bond_type; double bond refers to bond_type = ' = '; single bond refers to bond_type = '-'; triple bond refers to bond_type = '#';,SELECT T1.bond_type FROM bond AS T1 INNER JOIN connected AS T2 ON T1.bond_id = T2.bond_id WHERE T2.atom_id = 'TR000_1' AND T2.atom_id2 = 'TR000_2',moderate,"['connected', 'bond']",SELECT bond_type FROM cluster9_bond_join_connected WHERE atom_id = 'TR000_1' AND atom_id2 = 'TR000_2',SELECT T1.bond_symbol FROM Chem_Bonds AS T1 INNER JOIN Chem_Links AS T2 ON T1.bond_id = T2.bond_id WHERE T2.atom_id_1 = 'TR000_1' AND T2.atom_id_2 = 'TR000_2',"['Chem_Links', 'Chem_Bonds']",SELECT bond_symbol FROM workload_updated_cluster9_Chem_Bonds_join_Chem_Links WHERE atom_id_1 = 'TR000_1' AND atom_id_2 = 'TR000_2'
326,toxicology,Which molecule consisted of Sulphur atom with double bond?,sulphur refers to element - 's'; double bond refers to bond_type = ' = ';,SELECT DISTINCT T1.molecule_id FROM atom AS T1 INNER JOIN bond AS T2 ON T1.molecule_id = T2.molecule_id WHERE T1.element = 's' AND T2.bond_type = '=',simple,"['atom', 'bond']",SELECT DISTINCT atom_molecule_id FROM cluster5_atom_join_bond WHERE element = 's' AND bond_type = '=',SELECT DISTINCT T1.molecule_id FROM Chem_Atoms AS T1 INNER JOIN Chem_Bonds AS T2 ON T1.molecule_id = T2.molecule_id WHERE T1.element_symbol = 's' AND T2.bond_symbol = '=',"['Chem_Atoms', 'Chem_Bonds']",SELECT DISTINCT Chem_Bonds_molecule_id FROM workload_updated_cluster5_Chem_Atoms_join_Chem_Bonds WHERE element_symbol = 's' AND bond_symbol = '='
329,toxicology,Which carcinogenic molecule have the highest number of atoms consisted in it?,label = '+' mean molecules are carcinogenic; molecule that have the highest number of atoms consisted in in refers to MAX(COUNT(atom.molecule_id)),"SELECT T.molecule_id FROM ( SELECT T2.molecule_id, COUNT(T1.atom_id) FROM atom AS T1 INNER JOIN molecule AS T2 ON T1.molecule_id = T2.molecule_id WHERE T2.label = '+' GROUP BY T2.molecule_id ORDER BY COUNT(T1.atom_id) DESC LIMIT 1 ) t",moderate,"['atom', 'molecule']","SELECT atom_molecule_id FROM ( SELECT atom_molecule_id, COUNT(atom_id) FROM cluster8_atom_join_molecule WHERE label = '+' GROUP BY atom_molecule_id ORDER BY COUNT(atom_id) DESC LIMIT 1 ) t","SELECT T.molecule_id FROM ( SELECT T2.molecule_id, COUNT(T1.atom_id) FROM Chem_Atoms AS T1 INNER JOIN Chem_Molecules AS T2 ON T1.molecule_id = T2.molecule_id WHERE T2.carcinogenic_flag = '+' GROUP BY T2.molecule_id ORDER BY COUNT(T1.atom_id) DESC LIMIT 1 ) t","['Chem_Atoms', 'Chem_Molecules']","SELECT Chem_Molecules_molecule_id FROM ( SELECT Chem_Molecules_molecule_id, COUNT(atom_id) FROM workload_updated_cluster8_Chem_Atoms_join_Chem_Molecules WHERE carcinogenic_flag = '+' GROUP BY Chem_Molecules_molecule_id ORDER BY COUNT(atom_id) DESC LIMIT 1 ) t"
330,toxicology,Calculate the percentage of carcinogenic molecules with triple bonded Hidrogen atoms.,"hydrogen refers to element = 'h'; label = '+' mean molecules are carcinogenic; triple bond refers to bond_type = '#'; percentage = DIVIDE(SUM(label = '+'), COUNT(molecule_id)) * 100.0 where element = 'h' AND bond_type = '#';",SELECT CAST(SUM(CASE WHEN T1.label = '+' THEN 1 ELSE 0 END) AS REAL) * 100 / COUNT(DISTINCT T1.molecule_id) FROM molecule AS T1 INNER JOIN atom AS T2 ON T1.molecule_id = T2.molecule_id INNER JOIN bond AS T3 ON T1.molecule_id = T3.molecule_id WHERE T3.bond_type = '#' AND T2.element = 'h',challenging,"['atom', 'molecule', 'bond']",SELECT CAST(SUM(CASE WHEN label = '+' THEN 1 ELSE 0 END) AS REAL) * 100 / COUNT(DISTINCT atom_molecule_id) FROM cluster10_atom_join_bond_join_molecule WHERE bond_type = '#' AND element = 'h',SELECT CAST(SUM(CASE WHEN T1.carcinogenic_flag = '+' THEN 1 ELSE 0 END) AS REAL) * 100 / COUNT(DISTINCT T1.molecule_id) FROM Chem_Molecules AS T1 INNER JOIN Chem_Atoms AS T2 ON T1.molecule_id = T2.molecule_id INNER JOIN Chem_Bonds AS T3 ON T1.molecule_id = T3.molecule_id WHERE T3.bond_symbol = '#' AND T2.element_symbol = 'h',"['Chem_Atoms', 'Chem_Molecules', 'Chem_Bonds']",SELECT CAST(SUM(CASE WHEN carcinogenic_flag = '+' THEN 1 ELSE 0 END) AS REAL) * 100 / COUNT(DISTINCT Chem_Molecules_molecule_id) FROM workload_updated_cluster10_Chem_Atoms_join_Chem_Bonds_join_Chem_Molecules WHERE bond_symbol = '#' AND element_symbol = 'h'
335,toxicology,What is the total number of molecules with double bonded oxygen?,oxygen refers to element = 'o'; double bond refers to bond_type = ' = ';,SELECT COUNT(DISTINCT T1.molecule_id) FROM atom AS T1 INNER JOIN bond AS T2 ON T1.molecule_id = T2.molecule_id WHERE T2.bond_type = '=' AND T1.element = 'o',simple,"['atom', 'bond']",SELECT COUNT(DISTINCT atom_molecule_id) FROM cluster5_atom_join_bond WHERE bond_type = '=' AND element = 'o',SELECT COUNT(DISTINCT T1.molecule_id) FROM Chem_Atoms AS T1 INNER JOIN Chem_Bonds AS T2 ON T1.molecule_id = T2.molecule_id WHERE T2.bond_symbol = '=' AND T1.element_symbol = 'o',"['Chem_Atoms', 'Chem_Bonds']",SELECT COUNT(DISTINCT Chem_Bonds_molecule_id) FROM workload_updated_cluster5_Chem_Atoms_join_Chem_Bonds WHERE bond_symbol = '=' AND element_symbol = 'o'
337,toxicology,List the element and bond type included in the molecule with molecule ID of TR016.,"element = 'cl' means Chlorine; element = 'c' means Carbon; element = 'h' means Hydrogen; element = 'o' means Oxygen, element = 's' means Sulfur; element = 'n' means Nitrogen, element = 'p' means Phosphorus, element = 'na' means Sodium, element = 'br' means Bromine, element = 'f' means Fluorine; element = 'i' means Iodine; element = 'sn' means Tin; element = 'pb' means Lead; element = 'te' means Tellurium; element = 'ca' means Calcium; double bond refers to bond_type = ' = '; single bond refers to bond_type = '-'; triple bond refers to bond_type = '#';","SELECT DISTINCT T1.element, T2.bond_type FROM atom AS T1 INNER JOIN bond AS T2 ON T1.molecule_id = T2.molecule_id WHERE T1.molecule_id = 'TR016'",challenging,"['atom', 'bond']","SELECT DISTINCT element, bond_type FROM cluster5_atom_join_bond WHERE atom_molecule_id = 'TR016'","SELECT DISTINCT T1.element_symbol, T2.bond_symbol FROM Chem_Atoms AS T1 INNER JOIN Chem_Bonds AS T2 ON T1.molecule_id = T2.molecule_id WHERE T1.molecule_id = 'TR016'","['Chem_Atoms', 'Chem_Bonds']","SELECT DISTINCT element_symbol, bond_symbol FROM workload_updated_cluster5_Chem_Atoms_join_Chem_Bonds WHERE Chem_Bonds_molecule_id = 'TR016'"
338,toxicology,What is the atom ID of double bonded carbon in TR012 molecule?,carbon refers to element = 'c'; double bond refers to bond_type = ' = ';,SELECT T1.atom_id FROM atom AS T1 INNER JOIN molecule AS T2 ON T1.molecule_id = T2.molecule_id INNER JOIN bond AS T3 ON T2.molecule_id = T3.molecule_id WHERE T2.molecule_id = 'TR012' AND T3.bond_type = '=' AND T1.element = 'c',moderate,"['atom', 'molecule', 'bond']",SELECT atom_id FROM cluster10_atom_join_bond_join_molecule WHERE atom_molecule_id = 'TR012' AND bond_type = '=' AND element = 'c',SELECT T1.atom_id FROM Chem_Atoms AS T1 INNER JOIN Chem_Molecules AS T2 ON T1.molecule_id = T2.molecule_id INNER JOIN Chem_Bonds AS T3 ON T2.molecule_id = T3.molecule_id WHERE T2.molecule_id = 'TR012' AND T3.bond_symbol = '=' AND T1.element_symbol = 'c',"['Chem_Atoms', 'Chem_Molecules', 'Chem_Bonds']",SELECT atom_id FROM workload_updated_cluster10_Chem_Atoms_join_Chem_Bonds_join_Chem_Molecules WHERE Chem_Molecules_molecule_id = 'TR012' AND bond_symbol = '=' AND element_symbol = 'c'
340,card_games,Which are the cards that have incredibly powerful foils.,poweful foils refers to cardKingdomFoilId = cardKingdomId AND cardKingdomId is not null,SELECT id FROM cards WHERE cardKingdomFoilId IS NOT NULL AND cardKingdomId IS NOT NULL,simple,['cards'],SELECT id FROM cards WHERE cardKingdomFoilId IS NOT NULL AND cardKingdomId IS NOT NULL,SELECT card_id FROM MTG_Cards WHERE cardKingdomFoilId IS NOT NULL AND cardKingdomId IS NOT NULL,['MTG_Cards'],SELECT card_id FROM MTG_Cards WHERE cardKingdomFoilId IS NOT NULL AND cardKingdomId IS NOT NULL
341,card_games,What are the borderless cards available without powerful foils?,borderless' refers to borderColor; poweful foils refers to cardKingdomFoilId paired with cardKingdomId AND cardKingdomId is not null,SELECT id FROM cards WHERE borderColor = 'borderless' AND (cardKingdomId IS NULL OR cardKingdomId IS NULL),simple,['cards'],SELECT id FROM cards WHERE borderColor = 'borderless' AND cardKingdomId IS NULL,SELECT card_id FROM MTG_Cards WHERE border_color = 'borderless' AND (cardKingdomId IS NULL OR cardKingdomId IS NULL),['MTG_Cards'],SELECT card_id FROM MTG_Cards WHERE border_color = 'borderless' AND (cardKingdomId IS NULL OR cardKingdomId IS NULL)
343,card_games,Name all cards with 2015 frame style ranking below 100 on EDHRec.,below 100 on EDHRec refers to EDHRec <100; with 2015 frame style refers to frameVersion = 2015;,SELECT id FROM cards WHERE edhrecRank < 100 AND frameVersion = 2015,simple,['cards'],SELECT id FROM cards WHERE edhrecRank < 100 AND frameVersion = 2015,SELECT card_id FROM MTG_Cards WHERE edhrec_rank < 100 AND frameVersion = 2015,['MTG_Cards'],SELECT card_id FROM MTG_Cards WHERE edhrec_rank < 100 AND frameVersion = 2015
345,card_games,"For artifact type of cards that do not have multiple faces on the same card, state its legalities for vintage play format.",Artifact type of cards refers to types = 'Artifact'; card does not have multiple faces on the same card refers to side is NULL'; vintage play format refers to format = 'vintage';,SELECT DISTINCT T2.status FROM cards AS T1 INNER JOIN legalities AS T2 ON T1.uuid = T2.uuid WHERE T1.type = 'Artifact' AND T2.format = 'vintage' AND T1.side IS NULL,moderate,"['cards', 'legalities']",SELECT DISTINCT status FROM cluster11_cards_join_legalities WHERE type = 'Artifact' AND format = 'vintage' AND side IS NULL,SELECT DISTINCT T2.legality_status FROM MTG_Cards AS T1 INNER JOIN MTG_Legality AS T2 ON T1.card_uuid = T2.uuid WHERE T1.original_type_line = 'Artifact' AND T2.format = 'vintage' AND T1.side IS NULL,"['MTG_Cards', 'MTG_Legality']",SELECT DISTINCT legality_status FROM workload_updated_cluster11_MTG_Cards_join_MTG_Legality WHERE original_type_line = 'Artifact' AND format = 'vintage' AND side IS NULL
347,card_games,Find all cards illustrated by Stephen Daniel and describe the text of the ruling of these cards. State if these cards have missing or degraded properties and values.,cards have missing or degraded properties and value refers to hasContentWarning = 1; 'Stephen Daniele' is artist;,"SELECT T1.id, T2.text, T1.hasContentWarning FROM cards AS T1 INNER JOIN rulings AS T2 ON T1.uuid = T2.uuid WHERE T1.artist = 'Stephen Daniele'",moderate,"['cards', 'rulings']","SELECT cards_id, rulings_text, hasContentWarning FROM cluster12_cards_join_rulings WHERE artist = 'Stephen Daniele'","SELECT T1.card_id, T2.ruling_text, T1.hasContentWarning FROM MTG_Cards AS T1 INNER JOIN MTG_Rulings AS T2 ON T1.card_uuid = T2.uuid WHERE T1.illustrator_name = 'Stephen Daniele'","['MTG_Rulings', 'MTG_Cards']","SELECT card_id, ruling_text, hasContentWarning FROM workload_updated_cluster12_MTG_Cards_join_MTG_Rulings WHERE illustrator_name = 'Stephen Daniele'"
356,card_games,How many cards have infinite power?,infinite power refers to power = '*';,SELECT COUNT(*) FROM cards WHERE power = '*',simple,['cards'],"SELECT COUNT(*) FROM cards WHERE power = ""*""",SELECT COUNT(*) FROM MTG_Cards WHERE power = '*',['MTG_Cards'],SELECT COUNT(*) FROM MTG_Cards WHERE power = '*'
357,card_games,What type of promotion is of card 'Duress'?,card Duress refers to name = 'Duress'; type of promotion refers to promoTypes;,SELECT promoTypes FROM cards WHERE name = 'Duress' AND promoTypes IS NOT NULL,simple,['cards'],"SELECT promoTypes FROM cards WHERE name = ""Duress"" AND promoTypes IS NOT NULL",SELECT promo_type FROM MTG_Cards WHERE card_name = 'Duress' AND promo_type IS NOT NULL,['MTG_Cards'],SELECT promo_type FROM MTG_Cards WHERE card_name = 'Duress' AND promo_type IS NOT NULL
360,card_games,"cards are not directly linked to language but through table 'set'. you need to add set in covered table & rephrase your question
What are the languages available for the set that card 'Angel of Mercy' is in?",Angel of Mercy' is the name of card;,SELECT language FROM set_translations WHERE id IN ( SELECT id FROM cards WHERE name = 'Angel of Mercy' ),moderate,"['cards', 'set_translations']",SELECT language FROM set_translations WHERE id IN ( SELECT id FROM cards WHERE name = 'Angel of Mercy' ),SELECT language FROM MTG_Set_Translations WHERE translation_id IN ( SELECT card_id FROM MTG_Cards WHERE card_name = 'Angel of Mercy' ),"['MTG_Cards', 'MTG_Set_Translations']",SELECT language FROM MTG_Set_Translations WHERE translation_id IN ( SELECT card_id FROM MTG_Cards WHERE card_name = 'Angel of Mercy' )
364,card_games,"What is the status of card ""Cloudchaser Eagle""?",Cloudchaser Eagle is the name of card;,SELECT DISTINCT T2.status FROM cards AS T1 INNER JOIN legalities AS T2 ON T1.uuid = T2.uuid WHERE T1.name = 'Cloudchaser Eagle',simple,"['cards', 'legalities']",SELECT DISTINCT status FROM cluster11_cards_join_legalities WHERE name = 'Cloudchaser Eagle',SELECT DISTINCT T2.legality_status FROM MTG_Cards AS T1 INNER JOIN MTG_Legality AS T2 ON T1.card_uuid = T2.uuid WHERE T1.card_name = 'Cloudchaser Eagle',"['MTG_Cards', 'MTG_Legality']",SELECT DISTINCT legality_status FROM workload_updated_cluster11_MTG_Cards_join_MTG_Legality WHERE card_name = 'Cloudchaser Eagle'
368,card_games,What is the percentage of borderless cards?,"borderless card refers to borderColor = 'borderless'; percentage = Divide(Count (id) where borderColor = 'borderless', Count(id)) *100",SELECT CAST(SUM(CASE WHEN borderColor = 'borderless' THEN 1 ELSE 0 END) AS REAL) * 100 / COUNT(id) FROM cards,simple,['cards'],SELECT CAST(SUM(CASE WHEN borderColor = 'borderless' THEN 1 ELSE 0 END) AS REAL) * 100 / COUNT(id) FROM cards,SELECT CAST(SUM(CASE WHEN border_color = 'borderless' THEN 1 ELSE 0 END) AS REAL) * 100 / COUNT(card_id) FROM MTG_Cards,['MTG_Cards'],SELECT CAST(SUM(CASE WHEN border_color = 'borderless' THEN 1 ELSE 0 END) AS REAL) * 100 / COUNT(card_id) FROM MTG_Cards
369,card_games,How many cards that illusrtated in German have been reprinted?,German' is the language; reprinted refers to isReprint = 1;,SELECT COUNT(T1.id) FROM cards AS T1 INNER JOIN foreign_data AS T2 ON T1.uuid = T2.uuid WHERE T2.language = 'German' AND T1.isReprint = 1,simple,"['cards', 'foreign_data']",SELECT COUNT(cards_id) FROM cluster14_cards_join_foreign_data WHERE language = 'German' AND isReprint = 1,SELECT COUNT(T1.card_id) FROM MTG_Cards AS T1 INNER JOIN MTG_Card_Foreign_Data AS T2 ON T1.card_uuid = T2.uuid WHERE T2.language = 'German' AND T1.is_reprint = 1,"['MTG_Card_Foreign_Data', 'MTG_Cards']",SELECT COUNT(card_id) FROM workload_updated_cluster14_MTG_Card_Foreign_Data_join_MTG_Cards WHERE language = 'German' AND is_reprint = 1
372,card_games,How many cards are there with toughness of 99?,,SELECT COUNT(id) FROM cards WHERE toughness = 99,simple,['cards'],SELECT COUNT(id) FROM cards WHERE toughness = 99,SELECT COUNT(card_id) FROM MTG_Cards WHERE toughness = 99,['MTG_Cards'],SELECT COUNT(card_id) FROM MTG_Cards WHERE toughness = 99
373,card_games,Name the cards that were illustrated by Aaron Boyd.,Aaron Boyd' is artist;,SELECT DISTINCT name FROM cards WHERE artist = 'Aaron Boyd',simple,['cards'],SELECT DISTINCT name FROM cards WHERE artist = 'Aaron Boyd',SELECT DISTINCT card_name FROM MTG_Cards WHERE illustrator_name = 'Aaron Boyd',['MTG_Cards'],SELECT DISTINCT card_name FROM MTG_Cards WHERE illustrator_name = 'Aaron Boyd'
378,card_games,What are the foiled cards that are incredibly powerful when paired with non foiled cards? List the IDs.,Incredibly powerful refers to both cardKingdomFoilId and cardKingdomId IS NOT Null;,SELECT id FROM cards WHERE cardKingdomId IS NOT NULL AND cardKingdomFoilId IS NOT NULL,simple,['cards'],SELECT id FROM cards WHERE cardKingdomId IS NOT NULL AND cardKingdomFoilId IS NOT NULL,SELECT card_id FROM MTG_Cards WHERE cardKingdomId IS NOT NULL AND cardKingdomFoilId IS NOT NULL,['MTG_Cards'],SELECT card_id FROM MTG_Cards WHERE cardKingdomId IS NOT NULL AND cardKingdomFoilId IS NOT NULL
379,card_games,What are the cards belong to duel deck a? List the ID.,duel deck a refers to duelDeck = a;,SELECT id FROM cards WHERE duelDeck = 'a',simple,['cards'],SELECT id FROM cards WHERE duelDeck = 'a',SELECT card_id FROM MTG_Cards WHERE duel_deck_id = 'a',['MTG_Cards'],SELECT card_id FROM MTG_Cards WHERE duel_deck_id = 'a'
384,card_games,List down the uuid for legacy cards and the foreign language of these cards.,legacy card refers to format = 'legacy'; foreign language refers to language in foreign_data,"SELECT T1.uuid, T3.language FROM cards AS T1 INNER JOIN legalities AS T2 ON T1.uuid = T2.uuid INNER JOIN foreign_data AS T3 ON T1.uuid = T3.uuid WHERE T2.format = 'legacy'",simple,"['cards', 'foreign_data', 'legalities']","SELECT cards_uuid, language FROM cluster14_cards_join_foreign_data AS T14 INNER JOIN legalities AS T_leg ON T14.cards_uuid = T_leg.uuid WHERE T_leg.format = 'legacy'","SELECT T1.card_uuid, T3.language FROM MTG_Cards AS T1 INNER JOIN MTG_Legality AS T2 ON T1.card_uuid = T2.uuid INNER JOIN MTG_Card_Foreign_Data AS T3 ON T1.card_uuid = T3.uuid WHERE T2.format = 'legacy'","['MTG_Card_Foreign_Data', 'MTG_Cards', 'MTG_Legality']","SELECT T1.card_uuid, T2.language FROM workload_updated_cluster11_MTG_Cards_join_MTG_Legality AS T1 INNER JOIN workload_updated_cluster14_MTG_Card_Foreign_Data_join_MTG_Cards AS T2 ON T1.card_uuid = T2.card_uuid WHERE T1.format = 'legacy'"
385,card_games,Write down the ruling of Beacon of Immortality.,Beacon of Immortality' is the name of card;,SELECT T2.text FROM cards AS T1 INNER JOIN rulings AS T2 ON T1.uuid = T2.uuid WHERE T1.name = 'Beacon of Immortality',simple,"['cards', 'rulings']",SELECT rulings_text FROM cluster12_cards_join_rulings WHERE name = 'Beacon of Immortality',SELECT T2.ruling_text FROM MTG_Cards AS T1 INNER JOIN MTG_Rulings AS T2 ON T1.card_uuid = T2.uuid WHERE T1.card_name = 'Beacon of Immortality',"['MTG_Rulings', 'MTG_Cards']",SELECT ruling_text FROM workload_updated_cluster12_MTG_Cards_join_MTG_Rulings WHERE card_name = 'Beacon of Immortality'
386,card_games,How many cards are having future frame version and what are the legality status of these cards?,future frame version refers to frameVersion = 'future'; legility status refers to status = 'legal';,SELECT COUNT(T1.id) FROM cards AS T1 INNER JOIN legalities AS T2 ON T1.uuid = T2.uuid WHERE T1.frameVersion = 'future',simple,"['cards', 'legalities']",SELECT COUNT(cards_id) FROM cluster11_cards_join_legalities WHERE frameVersion = 'future',SELECT COUNT(T1.card_id) FROM MTG_Cards AS T1 INNER JOIN MTG_Legality AS T2 ON T1.card_uuid = T2.uuid WHERE T1.frameVersion = 'future',"['MTG_Cards', 'MTG_Legality']",SELECT COUNT(card_id) FROM workload_updated_cluster11_MTG_Cards_join_MTG_Legality WHERE frameVersion = 'future'
387,card_games,What are the cards for set OGW? State the colour for these cards.,set OGW refers to setCode = 'OGW';,"SELECT id, colors FROM cards WHERE id IN ( SELECT id FROM set_translations WHERE setCode = 'OGW' )",simple,"['cards', 'set_translations']","SELECT id, colors FROM cards WHERE id IN ( SELECT id FROM set_translations WHERE setCode = 'OGW' )","SELECT card_id, colors FROM MTG_Cards WHERE card_id IN ( SELECT translation_id FROM MTG_Set_Translations WHERE set_code = 'OGW' )","['MTG_Cards', 'MTG_Set_Translations']","SELECT card_id, colors FROM MTG_Cards WHERE card_id IN ( SELECT translation_id FROM MTG_Set_Translations WHERE set_code = 'OGW' )"
388,card_games,What are the cards in set 10E with converted mana of 5 have translation and what are the languages?,set 10E refers to setCode = '10E'; converted mana of 5 refers to convertedManaCost = 5;,"SELECT id, language FROM set_translations WHERE id = ( SELECT id FROM cards WHERE convertedManaCost = 5 ) AND setCode = '10E'",simple,"['cards', 'set_translations']","SELECT id, language FROM set_translations WHERE id = ( SELECT id FROM cards WHERE convertedManaCost = 5 ) AND setCode = '10E'","SELECT translation_id, language FROM MTG_Set_Translations WHERE translation_id = ( SELECT card_id FROM MTG_Cards WHERE mana_cost = 5 ) AND set_code = '10E'","['MTG_Cards', 'MTG_Set_Translations']","SELECT translation_id, language FROM MTG_Set_Translations WHERE translation_id = ( SELECT card_id FROM MTG_Cards WHERE mana_cost = 5 ) AND set_code = '10E'"
389,card_games,List down the name of cards with original types of Creature - Elf and the date of rulings for these cards.,Creature - Elf is the originalType;,"SELECT T1.id, T2.date FROM cards AS T1 INNER JOIN rulings AS T2 ON T1.uuid = T2.uuid WHERE T1.originalType = 'Creature - Elf'",simple,"['cards', 'rulings']","SELECT cards_id, date FROM cluster12_cards_join_rulings WHERE originalType = 'Creature - Elf'","SELECT T1.card_id, T2.ruling_date FROM MTG_Cards AS T1 INNER JOIN MTG_Rulings AS T2 ON T1.card_uuid = T2.uuid WHERE T1.original_type_line = 'Creature - Elf'","['MTG_Rulings', 'MTG_Cards']","SELECT card_id, ruling_date FROM workload_updated_cluster12_MTG_Cards_join_MTG_Rulings WHERE original_type_line = 'Creature - Elf'"
391,card_games,"Among the Artifact cards, which are black color and comes with foreign languague translation?",Artifact card refers to originalType = 'Artifact'; black color refers to colors = 'B'; foreign language refers to language in foreign_data,SELECT DISTINCT T1.name FROM cards AS T1 INNER JOIN foreign_data AS T2 ON T1.uuid = T2.uuid WHERE T1.originalType = 'Artifact' AND T1.colors = 'B',moderate,"['cards', 'foreign_data']",SELECT DISTINCT cards_name FROM cluster14_cards_join_foreign_data WHERE originalType = 'Artifact' AND colors = 'B',SELECT DISTINCT T1.card_name FROM MTG_Cards AS T1 INNER JOIN MTG_Card_Foreign_Data AS T2 ON T1.card_uuid = T2.uuid WHERE T1.original_type_line = 'Artifact' AND T1.colors = 'B',"['MTG_Card_Foreign_Data', 'MTG_Cards']",SELECT DISTINCT T1.card_name FROM MTG_Cards AS T1 INNER JOIN MTG_Card_Foreign_Data AS T2 ON T1.card_uuid = T2.uuid WHERE T1.original_type_line = 'Artifact' AND T1.colors = 'B'
392,card_games,"Pick 3 cards with rarity of uncommon, list down name these cards according to ascending order of it's ruling date.",uncommon refers to rarity = 'uncommon';,SELECT DISTINCT T1.name FROM cards AS T1 INNER JOIN rulings AS T2 ON T1.uuid = T2.uuid WHERE T1.rarity = 'uncommon' ORDER BY T2.date ASC LIMIT 3,simple,"['cards', 'rulings']",SELECT DISTINCT name FROM cluster12_cards_join_rulings WHERE rarity = 'uncommon' ORDER BY date ASC LIMIT 3,SELECT DISTINCT T1.card_name FROM MTG_Cards AS T1 INNER JOIN MTG_Rulings AS T2 ON T1.card_uuid = T2.uuid WHERE T1.rarity = 'uncommon' ORDER BY T2.ruling_date ASC LIMIT 3,"['MTG_Rulings', 'MTG_Cards']",SELECT DISTINCT card_name FROM workload_updated_cluster12_MTG_Cards_join_MTG_Rulings WHERE rarity = 'uncommon' ORDER BY ruling_date ASC LIMIT 3
395,card_games,How many cards designed by UDON and available in mtgo print type has a starting maximum hand size of -1?,UDON refer to artist; availabe in mtgo refers to availability = 'mtgo'; starting maximum hand size of -1 refers to hand = -1,SELECT COUNT(id) FROM cards WHERE hAND = '-1' AND artist = 'UDON' AND Availability = 'print' AND type = 'mtgo',simple,['cards'],SELECT COUNT(id) FROM cards WHERE hand = '-1' AND artist = 'UDON' AND Availability = 'print' AND type = 'mtgo',SELECT COUNT(card_id) FROM MTG_Cards WHERE hand_modifier = '-1' AND illustrator_name = 'UDON' AND availability = 'print' AND full_type_line = 'mtgo',['MTG_Cards'],SELECT COUNT(card_id) FROM MTG_Cards WHERE hand_modifier = '-1' AND illustrator_name = 'UDON' AND availability = 'print' AND full_type_line = 'mtgo'
396,card_games,How many cards with a 1993 frame version and available on paper have a sensitive content warning?,sensitive content warning refer to hasContentWarning = 1; available on paper refer to availability = 'paper' 1993 refer to frameVersion,SELECT COUNT(id) FROM cards WHERE frameVersion = 1993 AND availability = 'paper' AND hasContentWarning = 1,simple,['cards'],SELECT COUNT(id) FROM cards WHERE frameVersion = 1993 AND availability = 'paper' AND hasContentWarning = 1,SELECT COUNT(card_id) FROM MTG_Cards WHERE frameVersion = 1993 AND availability = 'paper' AND hasContentWarning = 1,['MTG_Cards'],SELECT COUNT(card_id) FROM MTG_Cards WHERE frameVersion = 1993 AND availability = 'paper' AND hasContentWarning = 1
397,card_games,"What is the mana cost of cards with a normal layout, a 2003 frame version, with a black border color, and available in paper and mtgo?","available in paper refers to availability = 'paper'; available in mtgo refers to availability = 'mtgo; frameVersion = 2003;borderColor = 'black'
","SELECT manaCost FROM cards WHERE availability = 'mtgo,paper' AND borderColor = 'black' AND frameVersion = 2003 AND layout = 'normal'",moderate,['cards'],"SELECT manaCost FROM cards WHERE availability = 'mtgo,paper' AND borderColor = 'black' AND frameVersion = 2003 AND layout = 'normal'","SELECT mana_cost_code FROM MTG_Cards WHERE availability = 'mtgo,paper' AND border_color = 'black' AND frameVersion = 2003 AND layout = 'normal'",['MTG_Cards'],"SELECT mana_cost_code FROM MTG_Cards WHERE availability = 'mtgo,paper' AND border_color = 'black' AND frameVersion = 2003 AND layout = 'normal'"
399,card_games,Lists all types of cards available in arena.,"all types refer to subtypes and supertypes

availble in arena refers to availability = 'arena'","SELECT DISTINCT subtypes, supertypes FROM cards WHERE availability = 'arena' AND subtypes IS NOT NULL AND supertypes IS NOT NULL",simple,['cards'],"SELECT DISTINCT subtypes, supertypes FROM cards WHERE availability = 'arena' AND subtypes IS NOT NULL AND supertypes IS NOT NULL","SELECT DISTINCT subtypes, supertypes FROM MTG_Cards WHERE availability = 'arena' AND subtypes IS NOT NULL AND supertypes IS NOT NULL",['MTG_Cards'],"SELECT DISTINCT subtypes, supertypes FROM MTG_Cards WHERE availability = 'arena' AND subtypes IS NOT NULL AND supertypes IS NOT NULL"
400,card_games,Lists the set code of all cards translated into Spanish.,Spanish refer to language; set code refers to setCode,SELECT setCode FROM set_translations WHERE language = 'Spanish',simple,['set_translations'],SELECT setCode FROM set_translations WHERE language = 'Spanish',SELECT set_code FROM MTG_Set_Translations WHERE language = 'Spanish',['MTG_Set_Translations'],SELECT set_code FROM MTG_Set_Translations WHERE language = 'Spanish'
401,card_games,"What percentage of legendary frame effect cards have a maximum starting maximun hand
size of +3?","maximun hand size of +3 refer to hand = +3; legendary frame effect cards refer to frameEffects = 'legendary'; percentage refer to DIVIDE(COUNT(hand = '+3'), COUNT(id)) from cards where frameEffects = 'legendary'",SELECT SUM(CASE WHEN hAND = '+3' THEN 1.0 ELSE 0 END) / COUNT(id) * 100 FROM cards WHERE frameEffects = 'legendary',moderate,['cards'],SELECT SUM(CASE WHEN hand = '+3' THEN 1.0 ELSE 0 END) / COUNT(id) * 100 FROM cards WHERE frameEffects = 'legendary',SELECT SUM(CASE WHEN hand_modifier = '+3' THEN 1.0 ELSE 0 END) / COUNT(card_id) * 100 FROM MTG_Cards WHERE frameEffects = 'legendary',['MTG_Cards'],SELECT SUM(CASE WHEN hand_modifier = '+3' THEN 1.0 ELSE 0 END) / COUNT(card_id) * 100 FROM MTG_Cards WHERE frameEffects = 'legendary'
402,card_games,What is the percentage of Story Spotlight cards that also have a text box? List them by their ID.,"Story Spotlight cards that do not have a text box refers to isStorylight = 1 and isTextless = 1; Percentage refer to DIVIDE(SUM(count(id) where isStorylight = 1), SUM(count(id))) * 100

",SELECT CAST(SUM(CASE WHEN isTextless = 0 THEN 1 ELSE 0 END) AS REAL) * 100 / COUNT(id) FROM cards WHERE isStorySpotlight = 1,moderate,['cards'],SELECT CAST(SUM(CASE WHEN isTextless = 0 THEN 1 ELSE 0 END) AS REAL) * 100 / COUNT(id) FROM cards WHERE isStorySpotlight = 1,SELECT CAST(SUM(CASE WHEN is_textless = 0 THEN 1 ELSE 0 END) AS REAL) * 100 / COUNT(card_id) FROM MTG_Cards WHERE is_story_spotlight = 1,['MTG_Cards'],SELECT CAST(SUM(CASE WHEN is_textless = 0 THEN 1 ELSE 0 END) AS REAL) * 100 / COUNT(card_id) FROM MTG_Cards WHERE is_story_spotlight = 1
403,card_games,Calculate the percentage of cards in Spanish. List them by name.,"Spanish refer to language; Percentage refer to DIVIDE(SUM(ID where language = 'Spanish'), COUNT(id))*100","SELECT ( SELECT CAST(SUM(CASE WHEN language = 'Spanish' THEN 1 ELSE 0 END) AS REAL) * 100 / COUNT(*) FROM foreign_data ), name FROM foreign_data WHERE language = 'Spanish'",simple,['foreign_data'],"SELECT (SELECT CAST(SUM(CASE WHEN language = 'Spanish' THEN 1 ELSE 0 END) AS REAL) * 100 / COUNT(*) FROM foreign_data), name FROM foreign_data WHERE language = 'Spanish'","SELECT ( SELECT CAST(SUM(CASE WHEN language = 'Spanish' THEN 1 ELSE 0 END) AS REAL) * 100 / COUNT(*) FROM MTG_Card_Foreign_Data ), card_name FROM MTG_Card_Foreign_Data WHERE language = 'Spanish'",['MTG_Card_Foreign_Data'],"SELECT ( SELECT CAST(SUM(CASE WHEN language = 'Spanish' THEN 1 ELSE 0 END) AS REAL) * 100 / COUNT(*) FROM MTG_Card_Foreign_Data ), card_name FROM MTG_Card_Foreign_Data WHERE language = 'Spanish'"
404,card_games,Indicates the name of all the languages into which the set whose number of cards is 309 is translated.,"set refer to setCode; number of cards refers to baseSetSize; baseSetsize = 309

",SELECT T2.language FROM sets AS T1 INNER JOIN set_translations AS T2 ON T1.code = T2.setCode WHERE T1.baseSetSize = 309,simple,"['set_translations', 'sets']",SELECT language FROM cluster15_set_translations_join_sets WHERE baseSetSize = 309,SELECT T2.language FROM MTG_Sets AS T1 INNER JOIN MTG_Set_Translations AS T2 ON T1.set_code = T2.set_code WHERE T1.base_set_size = 309,"['MTG_Sets', 'MTG_Set_Translations']",SELECT language FROM workload_updated_cluster15_MTG_Set_Translations_join_MTG_Sets WHERE base_set_size = 309
406,card_games,Lists by ID all Creature-type cards with legal status.,legal status refer to status = 'legal'; Goblin-type cards refer to types = 'Creature';,SELECT T1.id FROM cards AS T1 INNER JOIN rulings AS T2 ON T1.uuid = T2.uuid INNER JOIN legalities AS T3 ON T1.uuid = T3.uuid WHERE T3.status = 'Legal' AND T1.types = 'Creature',simple,"['cards', 'rulings', 'legalities']",SELECT cards_id FROM cluster12_cards_join_rulings AS T12 INNER JOIN legalities AS T3 ON T12.cards_uuid = T3.uuid WHERE T3.status = 'Legal' AND T12.types = 'Creature',SELECT T1.card_id FROM MTG_Cards AS T1 INNER JOIN MTG_Rulings AS T2 ON T1.card_uuid = T2.uuid INNER JOIN MTG_Legality AS T3 ON T1.card_uuid = T3.uuid WHERE T3.legality_status = 'Legal' AND T1.main_type = 'Creature',"['MTG_Rulings', 'MTG_Cards', 'MTG_Legality']",SELECT T1.card_id FROM workload_updated_cluster12_MTG_Cards_join_MTG_Rulings AS T1 INNER JOIN workload_updated_cluster11_MTG_Cards_join_MTG_Legality AS T2 ON T1.card_uuid = T2.card_uuid WHERE T2.legality_status = 'Legal' AND T1.main_type = 'Creature'
407,card_games,Lists all types of cards in German.,German refer to language; all types refer to the union of subtypes and supertypes where subtypes is not null AND supertypes is not null,"SELECT T1.subtypes, T1.supertypes FROM cards AS T1 INNER JOIN foreign_data AS T2 ON T1.uuid = T2.uuid WHERE T2.language = 'German' AND T1.subtypes IS NOT NULL AND T1.supertypes IS NOT NULL",moderate,"['cards', 'foreign_data']","SELECT subtypes, supertypes FROM cluster14_cards_join_foreign_data WHERE language = 'German' AND subtypes IS NOT NULL AND supertypes IS NOT NULL","SELECT T1.subtypes, T1.supertypes FROM MTG_Cards AS T1 INNER JOIN MTG_Card_Foreign_Data AS T2 ON T1.card_uuid = T2.uuid WHERE T2.language = 'German' AND T1.subtypes IS NOT NULL AND T1.supertypes IS NOT NULL","['MTG_Card_Foreign_Data', 'MTG_Cards']","SELECT subtypes, supertypes FROM workload_updated_cluster14_MTG_Card_Foreign_Data_join_MTG_Cards WHERE language = 'German' AND subtypes IS NOT NULL AND supertypes IS NOT NULL"
408,card_games,How many null power cards contain info about the triggered ability,null power cards refers to power is NULL; unknown power cards refers to power is null or power = '*',SELECT T2.text FROM cards AS T1 INNER JOIN rulings AS T2 ON T1.uuid = T2.uuid WHERE (T1.power IS NULL OR T1.power LIKE '%*%') AND T2.text LIKE '%triggered ability%',moderate,"['cards', 'rulings']",SELECT rulings_text FROM cluster12_cards_join_rulings WHERE (power IS NULL OR power LIKE '%*%') AND rulings_text LIKE '%triggered ability%',SELECT T2.ruling_text FROM MTG_Cards AS T1 INNER JOIN MTG_Rulings AS T2 ON T1.card_uuid = T2.uuid WHERE (T1.power IS NULL OR T1.power LIKE '%*%') AND T2.ruling_text LIKE '%triggered ability%',"['MTG_Rulings', 'MTG_Cards']",SELECT ruling_text FROM workload_updated_cluster12_MTG_Cards_join_MTG_Rulings WHERE (power IS NULL OR power LIKE '%*%') AND ruling_text LIKE '%triggered ability%'
412,card_games,"What is the foreign name of the card in French of type Creature, normal layout and black border color, by artist Matthew D. Wilson?",in French refers to language = 'French'; black border color refers to borderColor = 'black',SELECT name FROM foreign_data WHERE uuid IN ( SELECT uuid FROM cards WHERE types = 'Creature' AND layout = 'normal' AND borderColor = 'black' AND artist = 'Matthew D. Wilson' ) AND language = 'French',moderate,"['cards', 'foreign_data']",SELECT foreign_data_name FROM cluster14_cards_join_foreign_data WHERE types = 'Creature' AND layout = 'normal' AND borderColor = 'black' AND artist = 'Matthew D. Wilson' AND language = 'French',SELECT card_name FROM MTG_Card_Foreign_Data WHERE uuid IN ( SELECT card_uuid FROM MTG_Cards WHERE main_type = 'Creature' AND layout = 'normal' AND border_color = 'black' AND illustrator_name = 'Matthew D. Wilson' ) AND language = 'French',"['MTG_Card_Foreign_Data', 'MTG_Cards']",SELECT card_name FROM workload_updated_cluster14_MTG_Card_Foreign_Data_join_MTG_Cards WHERE main_type = 'Creature' AND layout = 'normal' AND border_color = 'black' AND illustrator_name = 'Matthew D. Wilson' AND language = 'French'
414,card_games,What language is the set of 180 cards that belongs to the Ravnica block translated into?,set of 180 cards refers to baseSetSize = 180,SELECT T2.language FROM sets AS T1 INNER JOIN set_translations AS T2 ON T1.code = T2.setCode WHERE T1.block = 'Ravnica' AND T1.baseSetSize = 180,simple,"['set_translations', 'sets']",SELECT language FROM cluster15_set_translations_join_sets WHERE block = 'Ravnica' AND baseSetSize = 180,SELECT T2.language FROM MTG_Sets AS T1 INNER JOIN MTG_Set_Translations AS T2 ON T1.set_code = T2.set_code WHERE T1.block = 'Ravnica' AND T1.base_set_size = 180,"['MTG_Sets', 'MTG_Set_Translations']",SELECT language FROM workload_updated_cluster15_MTG_Set_Translations_join_MTG_Sets WHERE block = 'Ravnica' AND base_set_size = 180
417,card_games,What percentage of Japanese translated sets are expansion sets?,"Japanese translated refers to language = 'Japanese'; expansion sets refers to type = 'expansion'; percentage = DIVIDE(COUNT(language = 'Japanese'),COUNT(language))*100",SELECT CAST(SUM(CASE WHEN T2.language = 'Japanese' THEN 1 ELSE 0 END) AS REAL) * 100 / COUNT(T1.id) FROM sets AS T1 INNER JOIN set_translations AS T2 ON T1.code = T2.setCode WHERE T1.type = 'expansion',moderate,"['set_translations', 'sets']",SELECT CAST(SUM(CASE WHEN language = 'Japanese' THEN 1 ELSE 0 END) AS REAL) * 100 / COUNT(set_translations_id) FROM cluster15_set_translations_join_sets WHERE type = 'expansion',SELECT CAST(SUM(CASE WHEN T2.language = 'Japanese' THEN 1 ELSE 0 END) AS REAL) * 100 / COUNT(T1.set_id) FROM MTG_Sets AS T1 INNER JOIN MTG_Set_Translations AS T2 ON T1.set_code = T2.set_code WHERE T1.set_type = 'expansion',"['MTG_Sets', 'MTG_Set_Translations']",SELECT CAST(SUM(CASE WHEN language = 'Japanese' THEN 1 ELSE 0 END) AS REAL) * 100 / COUNT(set_id) FROM workload_updated_cluster15_MTG_Set_Translations_join_MTG_Sets WHERE set_type = 'expansion'
418,card_games,What kind of printing is on the card that Daren Bader created?,kind of printing refers to availability; Daren Bader created refers to artist = 'Daren Bader',SELECT DISTINCT availability FROM cards WHERE artist = 'Daren Bader',simple,['cards'],SELECT DISTINCT availability FROM cards WHERE artist = 'Daren Bader',SELECT DISTINCT availability FROM MTG_Cards WHERE illustrator_name = 'Daren Bader',['MTG_Cards'],SELECT DISTINCT availability FROM MTG_Cards WHERE illustrator_name = 'Daren Bader'
421,card_games,Please list top three unknown power cards that have promotional types for arena league in alphabetical order.,unknown power cards refers to power is null or power = '*'; promotional types for arena league refers to promoTypes = 'arenaleague',SELECT name FROM cards WHERE (power IS NULL OR power LIKE '%*%') AND promoTypes = 'arenaleague' ORDER BY name LIMIT 3,simple,['cards'],SELECT name FROM cards WHERE (power IS NULL OR power LIKE '%*%') AND promoTypes = 'arenaleague' ORDER BY name LIMIT 3,SELECT card_name FROM MTG_Cards WHERE (power IS NULL OR power LIKE '%*%') AND promo_type = 'arenaleague' ORDER BY card_name LIMIT 3,['MTG_Cards'],SELECT card_name FROM MTG_Cards WHERE (power IS NULL OR power LIKE '%*%') AND promo_type = 'arenaleague' ORDER BY card_name LIMIT 3
431,card_games,Which set is not available outside of the United States and has foil cards with Japanese writing on them? Please include the set ID in your response.,available outside of the United States refers to isForeignOnly = 1; has foil cards refers to isFoilOnly = 1; with Japanese writing on them refers to language = 'Japanese',"SELECT T1.name, T1.id FROM sets AS T1 INNER JOIN set_translations AS T2 ON T1.code = T2.setCode WHERE T2.language = 'Japanese' AND T1.isFoilOnly = 1 AND T1.isForeignOnly = 0",challenging,"['set_translations', 'sets']","SELECT name, sets_id FROM cluster15_set_translations_join_sets WHERE language = 'Japanese' AND isFoilOnly = 1 AND isForeignOnly = 0","SELECT T1.set_name, T1.set_id FROM MTG_Sets AS T1 INNER JOIN MTG_Set_Translations AS T2 ON T1.set_code = T2.set_code WHERE T2.language = 'Japanese' AND T1.is_foil_only = 1 AND T1.is_foreign_only = 0","['MTG_Sets', 'MTG_Set_Translations']","SELECT set_name, set_id FROM workload_updated_cluster15_MTG_Set_Translations_join_MTG_Sets WHERE language = 'Japanese' AND is_foil_only = 1 AND is_foreign_only = 0"
434,card_games,How many sets are available just in Japanese and not in Magic: The Gathering Online?,Japanese refers to language = 'Japanese'; not in Magic: The Gathering Online refers to mtgoCode is null or mtgoCode = '',SELECT COUNT(T1.id) FROM sets AS T1 INNER JOIN set_translations AS T2 ON T2.setCode = T1.code WHERE T2.language = 'Japanese'  AND (T1.mtgoCode IS NULL OR T1.mtgoCode = ''),moderate,"['set_translations', 'sets']",SELECT COUNT(sets_id) FROM cluster15_set_translations_join_sets WHERE language = 'Japanese' AND (mtgoCode IS NULL OR mtgoCode = ''),SELECT COUNT(T1.set_id) FROM MTG_Sets AS T1 INNER JOIN MTG_Set_Translations AS T2 ON T2.set_code = T1.set_code WHERE T2.language = 'Japanese' AND (T1.mtgo_code IS NULL OR T1.mtgo_code = ''),"['MTG_Sets', 'MTG_Set_Translations']",SELECT COUNT(set_id) FROM workload_updated_cluster15_MTG_Set_Translations_join_MTG_Sets WHERE language = 'Japanese' AND (mtgo_code IS NULL OR mtgo_code = '')
436,card_games,How many cards have frame effect as extendedart? List out the id of those cards.,"
frame effect as extendedart refers to frameEffects = 'extendedart'
",SELECT id FROM cards WHERE frameEffects = 'extendedart' GROUP BY id,simple,['cards'],SELECT id FROM cards WHERE frameEffects = 'extendedart' GROUP BY id,SELECT card_id FROM MTG_Cards WHERE frameEffects = 'extendedart' GROUP BY card_id,['MTG_Cards'],SELECT card_id FROM MTG_Cards WHERE frameEffects = 'extendedart' GROUP BY card_id
437,card_games,"Among black card borders, which card has full artwork?",white card borders refers to borderColor = 'white'; has full artwork refers to isFullArt = 1,SELECT id FROM cards WHERE borderColor = 'black' AND isFullArt = 1,simple,['cards'],SELECT id FROM cards WHERE borderColor = 'black' AND isFullArt = 1,SELECT card_id FROM MTG_Cards WHERE border_color = 'black' AND is_full_art = 1,['MTG_Cards'],SELECT card_id FROM MTG_Cards WHERE border_color = 'black' AND is_full_art = 1
440,card_games,"Which foreign language used by ""A Pedra Fellwar""?","""A Pedra Fellwar"" refers to name = 'A Pedra Fellwar'",SELECT DISTINCT language FROM foreign_data WHERE name = 'A Pedra Fellwar',simple,['foreign_data'],SELECT DISTINCT language FROM foreign_data WHERE name = 'A Pedra Fellwar',SELECT DISTINCT language FROM MTG_Card_Foreign_Data WHERE card_name = 'A Pedra Fellwar',['MTG_Card_Foreign_Data'],SELECT DISTINCT language FROM MTG_Card_Foreign_Data WHERE card_name = 'A Pedra Fellwar'
441,card_games,State the set code of the set with release date of 07/13/2007?,,SELECT T2.setCode FROM sets AS T1 INNER JOIN set_translations AS T2 ON T2.setCode = T1.code WHERE T1.releaseDate = '2007-07-13',simple,"['set_translations', 'sets']",SELECT set_translations_setCode FROM cluster15_set_translations_join_sets WHERE releaseDate = '2007-07-13',SELECT T2.set_code FROM MTG_Sets AS T1 INNER JOIN MTG_Set_Translations AS T2 ON T2.set_code = T1.set_code WHERE T1.release_date = '2007-07-13',"['MTG_Sets', 'MTG_Set_Translations']",SELECT MTG_Sets_set_code FROM workload_updated_cluster15_MTG_Set_Translations_join_MTG_Sets WHERE release_date = '2007-07-13'
443,card_games,Give the code of sets have expansion type of 'expansion'?,code of sets refers to setCode,SELECT T2.setCode FROM sets AS T1 INNER JOIN set_translations AS T2 ON T2.setCode = T1.code WHERE T1.type = 'expansion' GROUP BY T2.setCode,simple,"['set_translations', 'sets']",SELECT set_translations_setCode FROM cluster15_set_translations_join_sets WHERE type = 'expansion' GROUP BY set_translations_setCode,SELECT T2.set_code FROM MTG_Sets AS T1 INNER JOIN MTG_Set_Translations AS T2 ON T2.set_code = T1.set_code WHERE T1.set_type = 'expansion' GROUP BY T2.set_code,"['MTG_Sets', 'MTG_Set_Translations']",SELECT MTG_Sets_set_code FROM workload_updated_cluster15_MTG_Set_Translations_join_MTG_Sets WHERE set_type = 'expansion' GROUP BY MTG_Sets_set_code
444,card_games,Name the foreign name of the card that has boros watermark? List out the type of this card.,,"SELECT DISTINCT T1.name, T1.type FROM cards AS T1 INNER JOIN foreign_data AS T2 ON T2.uuid = T1.uuid WHERE T1.watermark = 'boros'",simple,"['cards', 'foreign_data']","SELECT DISTINCT cards_name, cards_type FROM cluster14_cards_join_foreign_data WHERE watermark = 'boros'","SELECT DISTINCT T1.card_name, T1.full_type_line FROM MTG_Cards AS T1 INNER JOIN MTG_Card_Foreign_Data AS T2 ON T2.uuid = T1.card_uuid WHERE T1.watermark = 'boros'","['MTG_Card_Foreign_Data', 'MTG_Cards']","SELECT DISTINCT T1.card_name, T1.full_type_line FROM MTG_Cards AS T1 INNER JOIN MTG_Card_Foreign_Data AS T2 ON T2.uuid = T1.card_uuid WHERE T1.watermark = 'boros'"
445,card_games,What is the language and flavor text of the card that has colorpie watermark? List out the type of this card.,,"SELECT DISTINCT T2.language, T2.flavorText FROM cards AS T1 INNER JOIN foreign_data AS T2 ON T2.uuid = T1.uuid WHERE T1.watermark = 'colorpie'",simple,"['cards', 'foreign_data']","SELECT DISTINCT language, foreign_data_flavorText FROM cluster14_cards_join_foreign_data WHERE watermark = 'colorpie'","SELECT DISTINCT T2.language, T2.flavor_text FROM MTG_Cards AS T1 INNER JOIN MTG_Card_Foreign_Data AS T2 ON T2.uuid = T1.card_uuid WHERE T1.watermark = 'colorpie'","['MTG_Card_Foreign_Data', 'MTG_Cards']","SELECT DISTINCT language, flavor_text FROM workload_updated_cluster14_MTG_Card_Foreign_Data_join_MTG_Cards WHERE watermark = 'colorpie'"
448,card_games,Name the foreign name of the card that has abzan watermark? List out the type of this card.,,"SELECT DISTINCT T1.name, T1.type FROM cards AS T1 INNER JOIN foreign_data AS T2 ON T2.uuid = T1.uuid WHERE T1.watermark = 'abzan'",simple,"['cards', 'foreign_data']","SELECT DISTINCT cards_name, cards_type FROM cluster14_cards_join_foreign_data WHERE watermark = 'abzan'","SELECT DISTINCT T1.card_name, T1.full_type_line FROM MTG_Cards AS T1 INNER JOIN MTG_Card_Foreign_Data AS T2 ON T2.uuid = T1.card_uuid WHERE T1.watermark = 'abzan'","['MTG_Card_Foreign_Data', 'MTG_Cards']","SELECT DISTINCT T1.card_name, T1.full_type_line FROM MTG_Cards AS T1 INNER JOIN MTG_Card_Foreign_Data AS T2 ON T2.uuid = T1.card_uuid WHERE T1.watermark = 'abzan'"
449,card_games,What is the language of the card that has azorius watermark? List out the type of this card.,,"SELECT DISTINCT T2.language, T1.type FROM cards AS T1 INNER JOIN foreign_data AS T2 ON T2.uuid = T1.uuid WHERE T1.watermark = 'azorius'",simple,"['cards', 'foreign_data']","SELECT DISTINCT language, cards_type FROM cluster14_cards_join_foreign_data WHERE watermark = 'azorius'","SELECT DISTINCT T2.language, T1.full_type_line FROM MTG_Cards AS T1 INNER JOIN MTG_Card_Foreign_Data AS T2 ON T2.uuid = T1.card_uuid WHERE T1.watermark = 'azorius'","['MTG_Card_Foreign_Data', 'MTG_Cards']","SELECT DISTINCT language, full_type_line FROM workload_updated_cluster14_MTG_Card_Foreign_Data_join_MTG_Cards WHERE watermark = 'azorius'"
450,card_games,"Of all the cards that are designed by Aaron Miller, how many of them are incredibly powerful?",designed by Aaron Miller refers to artist = 'Aaron Miller'; are icredibily powerful refers to cardKingdomFoilId = cardKingdomId AND cardKingdomId is not null,SELECT SUM(CASE WHEN artist = 'Aaron Miller' AND cardKingdomFoilId IS NOT NULL AND cardKingdomId IS NOT NULL THEN 1 ELSE 0 END) FROM cards,moderate,['cards'],SELECT SUM(CASE WHEN artist = 'Aaron Miller' AND cardKingdomFoilId IS NOT NULL AND cardKingdomId IS NOT NULL THEN 1 ELSE 0 END) FROM cards,SELECT SUM(CASE WHEN illustrator_name = 'Aaron Miller' AND cardKingdomFoilId IS NOT NULL AND cardKingdomId IS NOT NULL THEN 1 ELSE 0 END) FROM MTG_Cards,['MTG_Cards'],SELECT SUM(CASE WHEN illustrator_name = 'Aaron Miller' AND cardKingdomFoilId IS NOT NULL AND cardKingdomId IS NOT NULL THEN 1 ELSE 0 END) FROM MTG_Cards
452,card_games,Please list the names of the cards that have a text box.,have a text box refers to isTextless = 0,SELECT DISTINCT name FROM cards WHERE isTextless = 0,simple,['cards'],SELECT DISTINCT name FROM cards WHERE isTextless = 0,SELECT DISTINCT card_name FROM MTG_Cards WHERE is_textless = 0,['MTG_Cards'],SELECT DISTINCT card_name FROM MTG_Cards WHERE is_textless = 0
454,card_games,"Among the cards with a white border color, how many of them have unknown power?",unknown power refers to power = '*' or power is null,SELECT SUM(CASE WHEN power LIKE '%*%' OR power IS NULL THEN 1 ELSE 0 END) FROM cards WHERE borderColor = 'white',simple,['cards'],SELECT SUM(CASE WHEN power LIKE '%*%' OR power IS NULL THEN 1 ELSE 0 END) FROM cards WHERE borderColor = 'white',SELECT SUM(CASE WHEN power LIKE '%*%' OR power IS NULL THEN 1 ELSE 0 END) FROM MTG_Cards WHERE border_color = 'white',['MTG_Cards'],SELECT SUM(CASE WHEN power LIKE '%*%' OR power IS NULL THEN 1 ELSE 0 END) FROM MTG_Cards WHERE border_color = 'white'
455,card_games,Which of the cards that are a promotional painting have multiple faces on the same card? Please list their names.,are a promotional painting refers to isPromo = 1; have multiple faces on the same card refers to side is not Null,SELECT DISTINCT name FROM cards WHERE isPromo = 1 AND side IS NOT NULL,simple,['cards'],SELECT DISTINCT name FROM cards WHERE isPromo = 1 AND side IS NOT NULL,SELECT DISTINCT card_name FROM MTG_Cards WHERE is_promo = 1 AND side IS NOT NULL,['MTG_Cards'],SELECT DISTINCT card_name FROM MTG_Cards WHERE is_promo = 1 AND side IS NOT NULL
456,card_games,"What's the list of all types for the card ""Molimo, Maro-Sorcerer""?","card ""Molimo, Maro-Sorcerer"" refers to name = 'Molimo, Maro-Sorcerer'; list of all types refers to subtypes,supertypes","SELECT DISTINCT subtypes, supertypes FROM cards WHERE name = 'Molimo, Maro-Sorcerer'",simple,['cards'],"SELECT DISTINCT subtypes, supertypes FROM cards WHERE name = 'Molimo, Maro-Sorcerer'","SELECT DISTINCT subtypes, supertypes FROM MTG_Cards WHERE card_name = 'Molimo, Maro-Sorcerer'",['MTG_Cards'],"SELECT DISTINCT subtypes, supertypes FROM MTG_Cards WHERE card_name = 'Molimo, Maro-Sorcerer'"
457,card_games,"Please list the websites where I can purchase the cards that have the promotional type of ""bundle"".","promotional type of ""bundle"" refers to promoTypes = 'bundle'; websites refers to purchaseUrls",SELECT DISTINCT purchaseUrls FROM cards WHERE promoTypes = 'bundle',simple,['cards'],SELECT DISTINCT purchaseUrls FROM cards WHERE promoTypes = 'bundle',SELECT DISTINCT purchaseUrls FROM MTG_Cards WHERE promo_type = 'bundle',['MTG_Cards'],SELECT DISTINCT purchaseUrls FROM MTG_Cards WHERE promo_type = 'bundle'
459,card_games,"Which card costs more converted mana, ""Serra Angel"" or ""Shrine Keeper""?","""Serra Angel"" refers to name = 'Serra Angel'; ""Shrine Keeper"" refers to name = 'Shrine Keeper'; 
card costs more converted mana when the value of convertedManaCost is greater","SELECT name FROM cards WHERE name IN ('Serra Angel', 'Shrine Keeper') ORDER BY convertedManaCost DESC LIMIT 1",moderate,['cards'],"SELECT name FROM cards WHERE name IN ('Serra Angel', 'Shrine Keeper') ORDER BY convertedManaCost DESC LIMIT 1","SELECT card_name FROM MTG_Cards WHERE card_name IN ('Serra Angel', 'Shrine Keeper') ORDER BY mana_cost DESC LIMIT 1",['MTG_Cards'],"SELECT card_name FROM MTG_Cards WHERE card_name IN ('Serra Angel', 'Shrine Keeper') ORDER BY mana_cost DESC LIMIT 1"
460,card_games,"Which artist designed the card whose promotional name is ""Battra, Dark Destroyer""?","promotional name is ""Battra, Dark Destroyer"" refers to flavorName = 'Battra, Dark Destroyer'","SELECT artist FROM cards WHERE flavorName = 'Battra, Dark Destroyer'",simple,['cards'],"SELECT artist FROM cards WHERE flavorName = 'Battra, Dark Destroyer'","SELECT illustrator_name FROM MTG_Cards WHERE flavorName = 'Battra, Dark Destroyer'",['MTG_Cards'],"SELECT illustrator_name FROM MTG_Cards WHERE flavorName = 'Battra, Dark Destroyer'"
463,card_games,"How many translations are there for the set of cards with ""Angel of Mercy"" in it?","set of cards with ""Angel of Mercy"" in it refers to name = 'Angel of Mercy'",SELECT COUNT(DISTINCT translation) FROM set_translations WHERE setCode IN ( SELECT setCode FROM cards WHERE name = 'Angel of Mercy' ) AND translation IS NOT NULL,simple,"['cards', 'set_translations']",SELECT COUNT(DISTINCT translation) FROM set_translations WHERE setCode IN ( SELECT setCode FROM cards WHERE name = 'Angel of Mercy' ) AND translation IS NOT NULL,SELECT COUNT(DISTINCT translation) FROM MTG_Set_Translations WHERE set_code IN ( SELECT set_code FROM MTG_Cards WHERE card_name = 'Angel of Mercy' ) AND translation IS NOT NULL,"['MTG_Cards', 'MTG_Set_Translations']",SELECT COUNT(DISTINCT translation) FROM MTG_Set_Translations WHERE set_code IN ( SELECT set_code FROM MTG_Cards WHERE card_name = 'Angel of Mercy' ) AND translation IS NOT NULL
466,card_games,"Among the cards in the set ""Hauptset Zehnte Edition"", how many of them are designed by Adam Rex?","card set ""Hauptset Zehnte Edition"" refers to translation = 'Hauptset Zehnte Edition'; designed by Adam refers to artist = 'Adam Rex'",SELECT COUNT(T1.id) FROM cards AS T1 INNER JOIN set_translations AS T2 ON T2.setCode = T1.setCode WHERE T2.translation = 'Hauptset Zehnte Edition' AND T1.artist = 'Adam Rex',moderate,"['cards', 'set_translations']",SELECT COUNT(cards_id) FROM cluster13_cards_join_set_translations WHERE translation = 'Hauptset Zehnte Edition' AND artist = 'Adam Rex',SELECT COUNT(T1.card_id) FROM MTG_Cards AS T1 INNER JOIN MTG_Set_Translations AS T2 ON T2.set_code = T1.set_code WHERE T2.translation = 'Hauptset Zehnte Edition' AND T1.illustrator_name = 'Adam Rex',"['MTG_Cards', 'MTG_Set_Translations']",SELECT COUNT(card_id) FROM workload_updated_cluster13_MTG_Cards_join_MTG_Set_Translations WHERE translation = 'Hauptset Zehnte Edition' AND illustrator_name = 'Adam Rex'
468,card_games,"What is the Simplified Chinese translation of the name of the set ""Eighth Edition""?",Eighth Edition is the name of card set which refers to name = 'Eighth Edition'; Simplified Chinese is the language; translation of the name refers to translation,SELECT T2.translation FROM sets AS T1 INNER JOIN set_translations AS T2 ON T2.setCode = T1.code WHERE T1.name = 'Eighth Edition' AND T2.language = 'Chinese Simplified',moderate,"['set_translations', 'sets']",SELECT translation FROM cluster15_set_translations_join_sets WHERE name = 'Eighth Edition' AND language = 'Chinese Simplified',SELECT T2.translation FROM MTG_Sets AS T1 INNER JOIN MTG_Set_Translations AS T2 ON T1.set_code = T2.set_code WHERE T1.set_name = 'Eighth Edition' AND T2.language = 'Chinese Simplified',"['MTG_Sets', 'MTG_Set_Translations']",SELECT translation FROM workload_updated_cluster15_MTG_Set_Translations_join_MTG_Sets WHERE set_name = 'Eighth Edition' AND language = 'Chinese Simplified'
469,card_games,"Did the set of cards with ""Angel of Mercy"" appear on Magic: The Gathering Online?","card set ""Angel of Mercy"" refers to name = 'Angel of Mercy'; appear on Magic: The Gathering Online refers to mtgoCode is NOT NULL and vice versa","SELECT IIF(T2.mtgoCode IS NOT NULL, 'YES', 'NO') FROM cards AS T1 INNER JOIN sets AS T2 ON T2.code = T1.setCode WHERE T1.name = 'Angel of Mercy'",moderate,"['cards', 'sets']","SELECT IIF(mtgoCode IS NOT NULL, 'YES', 'NO') FROM cluster16_cards_join_sets WHERE cards_name = 'Angel of Mercy'","SELECT IIF(T2.mtgo_code IS NOT NULL, 'YES', 'NO') FROM MTG_Cards AS T1 INNER JOIN MTG_Sets AS T2 ON T2.set_code = T1.set_code WHERE T1.card_name = 'Angel of Mercy'","['MTG_Sets', 'MTG_Cards']","SELECT IIF(mtgo_code IS NOT NULL, 'YES', 'NO') FROM workload_updated_cluster16_MTG_Cards_join_MTG_Sets WHERE card_name = 'Angel of Mercy'"
470,card_games,"When was the set of cards with ""Ancestor's Chosen"" released?","card set ""Ancestor's Chosen"" refers to name = 'Ancestor''s Chosen'; when released refers to releaseDate",SELECT DISTINCT T2.releaseDate FROM cards AS T1 INNER JOIN sets AS T2 ON T2.code = T1.setCode WHERE T1.name = 'Ancestor''s Chosen',simple,"['cards', 'sets']",SELECT DISTINCT releaseDate FROM cluster16_cards_join_sets WHERE cards_name = 'Ancestor''s Chosen',SELECT DISTINCT T2.release_date FROM MTG_Cards AS T1 INNER JOIN MTG_Sets AS T2 ON T2.set_code = T1.set_code WHERE T1.card_name = 'Ancestor''s Chosen',"['MTG_Sets', 'MTG_Cards']",SELECT DISTINCT MTG_Sets_release_date FROM workload_updated_cluster16_MTG_Cards_join_MTG_Sets WHERE card_name = 'Ancestor''s Chosen'
472,card_games,"Among the sets in the block ""Ice Age"", how many of them have an Italian translation?","sets in the block ""Ice Age"" refers to block = 'Ice Age'; Italian translation refers to language = 'Italian'",SELECT COUNT(DISTINCT T1.id) FROM sets AS T1 INNER JOIN set_translations AS T2 ON T2.setCode = T1.code WHERE T1.block = 'Ice Age' AND T2.language = 'Italian' AND T2.translation IS NOT NULL,moderate,"['set_translations', 'sets']",SELECT COUNT(DISTINCT sets_id) FROM cluster15_set_translations_join_sets WHERE block = 'Ice Age' AND language = 'Italian' AND translation IS NOT NULL,SELECT COUNT(DISTINCT T1.set_id) FROM MTG_Sets AS T1 INNER JOIN MTG_Set_Translations AS T2 ON T1.set_code = T2.set_code WHERE T1.block = 'Ice Age' AND T2.language = 'Italian' AND T2.translation IS NOT NULL,"['MTG_Sets', 'MTG_Set_Translations']",SELECT COUNT(DISTINCT set_id) FROM workload_updated_cluster15_MTG_Set_Translations_join_MTG_Sets WHERE block = 'Ice Age' AND language = 'Italian' AND translation IS NOT NULL
473,card_games,Is the set of cards with Adarkar Valkyrie only available outside the United States?,card set Adarkar Valkyrie refers to name = 'Adarkar Valkyrie'; isForeignOnly = 1 means only available outside the United States;,"SELECT IIF(isForeignOnly = 1, 'YES', 'NO') FROM cards AS T1 INNER JOIN sets AS T2 ON T2.code = T1.setCode WHERE T1.name = 'Adarkar Valkyrie'",moderate,"['cards', 'sets']","SELECT IIF(isForeignOnly = 1, 'YES', 'NO') FROM cluster16_cards_join_sets WHERE cards_name = 'Adarkar Valkyrie'","SELECT IIF(is_foreign_only = 1, 'YES', 'NO') FROM MTG_Cards AS T1 INNER JOIN MTG_Sets AS T2 ON T2.set_code = T1.set_code WHERE T1.card_name = 'Adarkar Valkyrie'","['MTG_Sets', 'MTG_Cards']","SELECT IIF(is_foreign_only = 1, 'YES', 'NO') FROM workload_updated_cluster16_MTG_Cards_join_MTG_Sets WHERE card_name = 'Adarkar Valkyrie'"
474,card_games,"Among the sets of cards that have an Italian translation, how many of them have a base set number of under 10?",Italian translation refers to language = 'Italian'; have a translation means translation is not null; base set number of under 10 refers to baseSetSize < 10,SELECT COUNT(T1.id) FROM sets AS T1 INNER JOIN set_translations AS T2 ON T2.setCode = T1.code WHERE T2.translation IS NOT NULL AND T1.baseSetSize < 10 AND T2.language = 'Italian',moderate,"['set_translations', 'sets']",SELECT COUNT(sets_id) FROM cluster15_set_translations_join_sets WHERE translation IS NOT NULL AND baseSetSize < 10 AND language = 'Italian',SELECT COUNT(T1.set_id) FROM MTG_Sets AS T1 INNER JOIN MTG_Set_Translations AS T2 ON T1.set_code = T2.set_code WHERE T2.translation IS NOT NULL AND T1.base_set_size < 10 AND T2.language = 'Italian',"['MTG_Sets', 'MTG_Set_Translations']",SELECT COUNT(set_id) FROM workload_updated_cluster15_MTG_Set_Translations_join_MTG_Sets WHERE translation IS NOT NULL AND base_set_size < 10 AND language = 'Italian'
475,card_games,How many cards in the set Coldsnap have a black border color?,card set Coldsnap refers to name = 'Coldsnap'; black border color refers to borderColor = 'black',SELECT SUM(CASE WHEN T1.borderColor = 'black' THEN 1 ELSE 0 END) FROM cards AS T1 INNER JOIN sets AS T2 ON T2.code = T1.setCode WHERE T2.name = 'Coldsnap',simple,"['cards', 'sets']",SELECT SUM(CASE WHEN borderColor = 'black' THEN 1 ELSE 0 END) FROM cluster16_cards_join_sets WHERE sets_name = 'Coldsnap',SELECT SUM(CASE WHEN T1.border_color = 'black' THEN 1 ELSE 0 END) FROM MTG_Cards AS T1 INNER JOIN MTG_Sets AS T2 ON T2.set_code = T1.set_code WHERE T2.set_name = 'Coldsnap',"['MTG_Sets', 'MTG_Cards']",SELECT SUM(CASE WHEN border_color = 'black' THEN 1 ELSE 0 END) FROM workload_updated_cluster16_MTG_Cards_join_MTG_Sets WHERE set_name = 'Coldsnap'
476,card_games,Please list the name of the cards in the set Coldsnap with the highest converted mana cost.,card set Coldsnap refers to name = 'Coldsnap',SELECT T1.name FROM cards AS T1 INNER JOIN sets AS T2 ON T2.code = T1.setCode WHERE T2.name = 'Coldsnap' ORDER BY T1.convertedManaCost DESC LIMIT 1,simple,"['cards', 'sets']",SELECT cards_name FROM cluster16_cards_join_sets WHERE sets_name = 'Coldsnap' ORDER BY convertedManaCost DESC LIMIT 1,SELECT T1.card_name FROM MTG_Cards AS T1 INNER JOIN MTG_Sets AS T2 ON T2.set_code = T1.set_code WHERE T2.set_name = 'Coldsnap' ORDER BY T1.mana_cost DESC LIMIT 1,"['MTG_Sets', 'MTG_Cards']",SELECT card_name FROM workload_updated_cluster16_MTG_Cards_join_MTG_Sets WHERE set_name = 'Coldsnap' ORDER BY mana_cost DESC LIMIT 1
483,card_games,Please list the Italian text ruling of all the cards in the set Coldsnap.,card set Coldsnap refers to name = 'Coldsnap'; Italian refers to language = 'Italian',SELECT DISTINCT T1.text FROM foreign_data AS T1 INNER JOIN cards AS T2 ON T2.uuid = T1.uuid INNER JOIN sets AS T3 ON T3.code = T2.setCode WHERE T3.name = 'Coldsnap' AND T1.language = 'Italian',moderate,"['cards', 'foreign_data', 'sets']",SELECT DISTINCT T1.text FROM foreign_data AS T1 INNER JOIN cluster16_cards_join_sets AS T2 ON T2.uuid = T1.uuid WHERE T2.sets_name = 'Coldsnap' AND T1.language = 'Italian',SELECT DISTINCT T1.rules_text FROM MTG_Card_Foreign_Data AS T1 INNER JOIN MTG_Cards AS T2 ON T2.card_uuid = T1.uuid INNER JOIN MTG_Sets AS T3 ON T3.set_code = T2.set_code WHERE T3.set_name = 'Coldsnap' AND T1.language = 'Italian',"['MTG_Sets', 'MTG_Card_Foreign_Data', 'MTG_Cards']",SELECT DISTINCT T1.rules_text FROM workload_updated_cluster14_MTG_Card_Foreign_Data_join_MTG_Cards AS T1 INNER JOIN workload_updated_cluster16_MTG_Cards_join_MTG_Sets AS T2 ON T1.card_uuid = T2.card_uuid WHERE T2.set_name = 'Coldsnap' AND T1.language = 'Italian'
484,card_games,Please list the Italian names of the cards in the set Coldsnap with the highest converted mana cost.,card set Coldsnap refers to name = 'Coldsnap'; Italian refers to language = 'Italian',SELECT T2.name FROM foreign_data AS T1 INNER JOIN cards AS T2 ON T2.uuid = T1.uuid INNER JOIN sets AS T3 ON T3.code = T2.setCode WHERE T3.name = 'Coldsnap' AND T1.language = 'Italian' ORDER BY T2.convertedManaCost DESC LIMIT 1,moderate,"['cards', 'foreign_data', 'sets']",SELECT cards_name FROM foreign_data AS T1 INNER JOIN cluster16_cards_join_sets AS T2 ON T2.uuid = T1.uuid WHERE T2.sets_name = 'Coldsnap' AND T1.language = 'Italian' ORDER BY T2.convertedManaCost DESC LIMIT 1,SELECT T2.card_name FROM MTG_Card_Foreign_Data AS T1 INNER JOIN MTG_Cards AS T2 ON T2.card_uuid = T1.uuid INNER JOIN MTG_Sets AS T3 ON T3.set_code = T2.set_code WHERE T3.set_name = 'Coldsnap' AND T1.language = 'Italian' ORDER BY T2.mana_cost DESC LIMIT 1,"['MTG_Sets', 'MTG_Card_Foreign_Data', 'MTG_Cards']",SELECT T2.card_name FROM MTG_Card_Foreign_Data AS T1 INNER JOIN MTG_Cards AS T2 ON T2.card_uuid = T1.uuid INNER JOIN MTG_Sets AS T3 ON T3.set_code = T2.set_code WHERE T3.set_name = 'Coldsnap' AND T1.language = 'Italian' ORDER BY T2.mana_cost DESC LIMIT 1
487,card_games,What is the percentage of incredibly powerful cards in the set Coldsnap?,"card set Coldsnap refers to name = 'Coldsnap'; foil is incredibly powerful refers to cardKingdomFoilId = cardKingdomId AND cardKingdomId is not null; the percentage of incredibly powerful cards in the set refers to DIVIDE(SUM(incredibly powerful), SUM(name = 'Coldsnap'))*100

",SELECT CAST(SUM(CASE WHEN T1.cardKingdomFoilId IS NOT NULL AND T1.cardKingdomId IS NOT NULL THEN 1 ELSE 0 END) AS REAL) * 100 / COUNT(T1.id) FROM cards AS T1 INNER JOIN sets AS T2 ON T2.code = T1.setCode WHERE T2.name = 'Coldsnap',challenging,"['cards', 'sets']",SELECT CAST(SUM(CASE WHEN cardKingdomFoilId IS NOT NULL AND cardKingdomId IS NOT NULL THEN 1 ELSE 0 END) AS REAL) * 100 / COUNT(cards_id) FROM cluster16_cards_join_sets WHERE sets_name = 'Coldsnap',SELECT CAST(SUM(CASE WHEN T1.cardKingdomFoilId IS NOT NULL AND T1.cardKingdomId IS NOT NULL THEN 1 ELSE 0 END) AS REAL) * 100 / COUNT(T1.card_id) FROM MTG_Cards AS T1 INNER JOIN MTG_Sets AS T2 ON T2.set_code = T1.set_code WHERE T2.set_name = 'Coldsnap',"['MTG_Sets', 'MTG_Cards']",SELECT CAST(SUM(CASE WHEN cardKingdomFoilId IS NOT NULL AND cardKingdomId IS NOT NULL THEN 1 ELSE 0 END) AS REAL) * 100 / COUNT(card_id) FROM workload_updated_cluster16_MTG_Cards_join_MTG_Sets WHERE set_name = 'Coldsnap'
488,card_games,What's the code for the set which was released on 2017/7/14?,released on 2017/7/14 refers to releaseDate = '2017-07-14',"SELECT code FROM sets WHERE releaseDate = '2017-07-14' GROUP BY releaseDate, code",simple,['sets'],"SELECT code FROM sets WHERE releaseDate = '2017-07-14' GROUP BY releaseDate, code","SELECT set_code FROM MTG_Sets WHERE release_date = '2017-07-14' GROUP BY release_date, set_code",['MTG_Sets'],"SELECT set_code FROM MTG_Sets WHERE release_date = '2017-07-14' GROUP BY release_date, set_code"
489,card_games,List the keyrune code for the set whose code is 'PKHC'.,keyrune code refers to keyruneCode,SELECT keyruneCode FROM sets WHERE code = 'PKHC',simple,['sets'],SELECT keyruneCode FROM sets WHERE code = 'PKHC',SELECT keyrune_code FROM MTG_Sets WHERE set_code = 'PKHC',['MTG_Sets'],SELECT keyrune_code FROM MTG_Sets WHERE set_code = 'PKHC'
491,card_games,What's the magic card market name for the set which was released on 2017/6/9?,magic card market name refers to mcmName,SELECT mcmName FROM sets WHERE releaseDate = '2017-06-09',simple,['sets'],SELECT mcmName FROM sets WHERE releaseDate = '2017-06-09',SELECT mcm_name FROM MTG_Sets WHERE release_date = '2017-06-09',['MTG_Sets'],SELECT mcm_name FROM MTG_Sets WHERE release_date = '2017-06-09'
492,card_games,"For the set ""From the Vault: Lore"", what is its expansion type?","set ""From the Vault refers to name which contains 'From the Vault: Lore'; expansion type refers to type",SELECT type FROM sets WHERE name LIKE '%FROM the Vault: Lore%',simple,['sets'],SELECT type FROM sets WHERE name LIKE '%FROM the Vault: Lore%',SELECT set_type FROM MTG_Sets WHERE set_name LIKE '%FROM the Vault: Lore%',['MTG_Sets'],SELECT set_type FROM MTG_Sets WHERE set_name LIKE '%FROM the Vault: Lore%'
495,card_games,"What was the release date for the set which card ""Evacuation"" in it?","""Evacuation"" refers to name = 'Evacuation'; release date refers to releaseDate",SELECT T2.releaseDate FROM cards AS T1 INNER JOIN sets AS T2 ON T2.code = T1.setCode WHERE T1.name = 'Evacuation',simple,"['cards', 'sets']",SELECT releaseDate FROM cluster16_cards_join_sets WHERE cards_name = 'Evacuation',SELECT T2.release_date FROM MTG_Cards AS T1 INNER JOIN MTG_Sets AS T2 ON T2.set_code = T1.set_code WHERE T1.card_name = 'Evacuation',"['MTG_Sets', 'MTG_Cards']",SELECT MTG_Sets_release_date FROM workload_updated_cluster16_MTG_Cards_join_MTG_Sets WHERE card_name = 'Evacuation'
496,card_games,"What is the number of cards are there in the set of ""Rinascita di Alara""?","number of cards refers to baseSetSize; set of ""Rinascita di Alara"" refers to translation = 'Rinascita di Alara'",SELECT T1.baseSetSize FROM sets AS T1 INNER JOIN set_translations AS T2 ON T2.setCode = T1.code WHERE T2.translation = 'Rinascita di Alara',simple,"['set_translations', 'sets']",SELECT baseSetSize FROM cluster15_set_translations_join_sets WHERE translation = 'Rinascita di Alara',SELECT T1.base_set_size FROM MTG_Sets AS T1 INNER JOIN MTG_Set_Translations AS T2 ON T2.set_code = T1.set_code WHERE T2.translation = 'Rinascita di Alara',"['MTG_Sets', 'MTG_Set_Translations']",SELECT base_set_size FROM workload_updated_cluster15_MTG_Set_Translations_join_MTG_Sets WHERE translation = 'Rinascita di Alara'
498,card_games,"What's the French name of the set of cards with ""Tendo Ice Bridge"" is in?","French refers to language = 'French'; ""Tendo Ice Bridge"" is a translated name of a card; translated name refers to translation",SELECT T2.translation FROM cards AS T1 INNER JOIN set_translations AS T2 ON T2.setCode = T1.setCode WHERE T1.name = 'Tendo Ice Bridge' AND T2.language = 'French' AND T2.translation IS NOT NULL,moderate,"['cards', 'set_translations']",SELECT translation FROM cluster13_cards_join_set_translations WHERE name = 'Tendo Ice Bridge' AND language = 'French' AND translation IS NOT NULL,SELECT T2.translation FROM MTG_Cards AS T1 INNER JOIN MTG_Set_Translations AS T2 ON T1.set_code = T2.set_code WHERE T1.card_name = 'Tendo Ice Bridge' AND T2.language = 'French' AND T2.translation IS NOT NULL,"['MTG_Cards', 'MTG_Set_Translations']",SELECT translation FROM workload_updated_cluster13_MTG_Cards_join_MTG_Set_Translations WHERE card_name = 'Tendo Ice Bridge' AND language = 'French' AND translation IS NOT NULL
499,card_games,"How many translations of the name of the set ""Salvat 2011""?","translations of the name refers to translation; translation is not NULL; set ""Salvat 2011"" refers to name = 'Salvat 2011'",SELECT COUNT(DISTINCT T2.translation) FROM sets AS T1 INNER JOIN set_translations AS T2 ON T2.setCode = T1.code WHERE T1.name = 'Salvat 2011' AND T2.translation IS NOT NULL,moderate,"['set_translations', 'sets']",SELECT COUNT(DISTINCT translation) FROM cluster15_set_translations_join_sets WHERE name = 'Salvat 2011' AND translation IS NOT NULL,SELECT COUNT(DISTINCT T2.translation) FROM MTG_Sets AS T1 INNER JOIN MTG_Set_Translations AS T2 ON T2.set_code = T1.set_code WHERE T1.set_name = 'Salvat 2011' AND T2.translation IS NOT NULL,"['MTG_Sets', 'MTG_Set_Translations']",SELECT COUNT(DISTINCT translation) FROM workload_updated_cluster15_MTG_Set_Translations_join_MTG_Sets WHERE set_name = 'Salvat 2011' AND translation IS NOT NULL
501,card_games,Which card name in the set 'Journey into Nyx Hero's Path' has the highest converted mana cost.,set 'Journey into Nyx Hero's Path' refers to name = 'Journey into Nyx Hero''s Path',SELECT T1.name FROM cards AS T1 INNER JOIN sets AS T2 ON T2.code = T1.setCode WHERE T2.name = 'Journey into Nyx Hero''s Path' ORDER BY T1.convertedManaCost DESC LIMIT 1,moderate,"['cards', 'sets']",SELECT cards_name FROM cluster16_cards_join_sets WHERE sets_name = 'Journey into Nyx Hero''s Path' ORDER BY convertedManaCost DESC LIMIT 1,SELECT T1.card_name FROM MTG_Cards AS T1 INNER JOIN MTG_Sets AS T2 ON T2.set_code = T1.set_code WHERE T2.set_name = 'Journey into Nyx Hero''s Path' ORDER BY T1.mana_cost DESC LIMIT 1,"['MTG_Sets', 'MTG_Cards']",SELECT card_name FROM workload_updated_cluster16_MTG_Cards_join_MTG_Sets WHERE set_name = 'Journey into Nyx Hero''s Path' ORDER BY mana_cost DESC LIMIT 1
502,card_games,"What is the release date for the set ""Ola de frío""?","release date is the date of card set being released; set ""Ola de frío"" refers to translation = 'Ola de frío'",SELECT T1.releaseDate FROM sets AS T1 INNER JOIN set_translations AS T2 ON T2.setCode = T1.code WHERE T2.translation = 'Ola de frío',simple,"['set_translations', 'sets']",SELECT releaseDate FROM cluster15_set_translations_join_sets WHERE translation = 'Ola de frío',SELECT T1.release_date FROM MTG_Sets AS T1 INNER JOIN MTG_Set_Translations AS T2 ON T2.set_code = T1.set_code WHERE T2.translation = 'Ola de frío',"['MTG_Sets', 'MTG_Set_Translations']",SELECT release_date FROM workload_updated_cluster15_MTG_Set_Translations_join_MTG_Sets WHERE translation = 'Ola de frío'
504,card_games,How many cards are there in the set 'World Championship Decks 2004' with the converted mana cost as '3'.,the set 'World Championship Decks 2004' refers to name = 'World Championship Decks 2004',SELECT COUNT(id) FROM cards WHERE setCode IN ( SELECT code FROM sets WHERE name = 'World Championship Decks 2004' ) AND convertedManaCost = 3,simple,"['cards', 'sets']",SELECT COUNT(cards_id) FROM cluster16_cards_join_sets WHERE sets_name = 'World Championship Decks 2004' AND convertedManaCost = 3,SELECT COUNT(card_id) FROM MTG_Cards WHERE set_code IN ( SELECT set_code FROM MTG_Sets WHERE set_name = 'World Championship Decks 2004' ) AND mana_cost = 3,"['MTG_Sets', 'MTG_Cards']",SELECT COUNT(card_id) FROM MTG_Cards WHERE set_code IN ( SELECT set_code FROM MTG_Sets WHERE set_name = 'World Championship Decks 2004' ) AND mana_cost = 3
507,card_games,"For all the set of cards that has Brazil Portuguese translation, what is the percentage of them are only available online?","Brazil Portuguese translation refers to language = 'Portuguese (Brazil)'; only available online refers to isOnlineOnly = 1; percentage of online only Brazil Portuguese in all Brazil Portuguese cards refers to DIVIDE(SUM(isOnlineOnly = 1), SUM(language = 'Portuguese (Brazil)))*100",SELECT CAST(SUM(CASE WHEN isOnlineOnly = 1 THEN 1 ELSE 0 END) AS REAL) * 100 / COUNT(id) FROM sets WHERE code IN ( SELECT setCode FROM set_translations WHERE language = 'Portuguese (Brazil)' ),challenging,"['set_translations', 'sets']",SELECT CAST(SUM(CASE WHEN isOnlineOnly = 1 THEN 1 ELSE 0 END) AS REAL) * 100 / COUNT(sets_id) FROM cluster15_set_translations_join_sets WHERE language = 'Portuguese (Brazil)',SELECT CAST(SUM(CASE WHEN is_online_only = 1 THEN 1 ELSE 0 END) AS REAL) * 100 / COUNT(set_id) FROM MTG_Sets WHERE set_code IN ( SELECT set_code FROM MTG_Set_Translations WHERE language = 'Portuguese (Brazil)' ),"['MTG_Sets', 'MTG_Set_Translations']",SELECT CAST(SUM(CASE WHEN is_online_only = 1 THEN 1 ELSE 0 END) AS REAL) * 100 / COUNT(set_id) FROM workload_updated_cluster15_MTG_Set_Translations_join_MTG_Sets WHERE language = 'Portuguese (Brazil)'
508,card_games,What are the available printing types of the cards that doesn't have a text box created by Aleksi Briclot?,created by Aleksi Briclot refers to artist = 'Aleksi Briclot'; doesn't have a text box refers to isTextless = 1; available printing types refers to availability,SELECT DISTINCT availability FROM cards WHERE artist = 'Aleksi Briclot' AND isTextless = 1,moderate,['cards'],SELECT DISTINCT availability FROM cluster11_cards_join_legalities WHERE artist = 'Aleksi Briclot' AND isTextless = 1,SELECT DISTINCT availability FROM MTG_Cards WHERE illustrator_name = 'Aleksi Briclot' AND is_textless = 1,['MTG_Cards'],SELECT DISTINCT availability FROM MTG_Cards WHERE illustrator_name = 'Aleksi Briclot' AND is_textless = 1
509,card_games,What is the unique id of the set that has the highest number of cards?,the highest number of cards refers to MAX(baseSetSize); unique id refers to id,SELECT id FROM sets ORDER BY baseSetSize DESC LIMIT 1,simple,['sets'],SELECT id FROM sets ORDER BY baseSetSize DESC LIMIT 1,SELECT set_id FROM MTG_Sets ORDER BY base_set_size DESC LIMIT 1,['MTG_Sets'],SELECT set_id FROM MTG_Sets ORDER BY base_set_size DESC LIMIT 1
510,card_games,"Among the cards that doesn't have multiple faces on the same card, who is the illustrator of the card art that has the highest cost of converted mana?",doesn't have multiple faces refers to side IS NULL; illustrator refers to artist,SELECT artist FROM cards WHERE side IS NULL ORDER BY convertedManaCost DESC LIMIT 1,simple,['cards'],SELECT artist FROM cards WHERE side IS NULL ORDER BY convertedManaCost DESC LIMIT 1,SELECT illustrator_name FROM MTG_Cards WHERE side IS NULL ORDER BY mana_cost DESC LIMIT 1,['MTG_Cards'],SELECT illustrator_name FROM MTG_Cards WHERE side IS NULL ORDER BY mana_cost DESC LIMIT 1
511,card_games,What is the most common visual frame effects among the incredibly powerful foils?,"when both cardKingdomFoilId and cardKingdomId are not null, this foil is incredibly powerful; most common visual frame effects refers to MAX(frameEffects)",SELECT frameEffects FROM cards WHERE cardKingdomFoilId IS NOT NULL AND cardKingdomId IS NOT NULL GROUP BY frameEffects ORDER BY COUNT(frameEffects) DESC LIMIT 1,moderate,['cards'],SELECT frameEffects FROM cards WHERE cardKingdomFoilId IS NOT NULL AND cardKingdomId IS NOT NULL GROUP BY frameEffects ORDER BY COUNT(frameEffects) DESC LIMIT 1,SELECT frameEffects FROM MTG_Cards WHERE cardKingdomFoilId IS NOT NULL AND cardKingdomId IS NOT NULL GROUP BY frameEffects ORDER BY COUNT(frameEffects) DESC LIMIT 1,['MTG_Cards'],SELECT frameEffects FROM MTG_Cards WHERE cardKingdomFoilId IS NOT NULL AND cardKingdomId IS NOT NULL GROUP BY frameEffects ORDER BY COUNT(frameEffects) DESC LIMIT 1
512,card_games,How many cards with unknown power that can't be found in foil is in duel deck A?,unknown power refers to power IS NULL or power = '*'; can't be found in foil refers to hasFoil = 0; duel deck A refers to duelDeck = 'a',SELECT SUM(CASE WHEN power LIKE '%*%' OR power IS NULL THEN 1 ELSE 0 END) FROM cards WHERE hasFoil = 0 AND duelDeck = 'a',simple,['cards'],SELECT SUM(CASE WHEN power LIKE '%*%' OR power IS NULL THEN 1 ELSE 0 END) FROM cards WHERE hasFoil = 0 AND duelDeck = 'a',SELECT SUM(CASE WHEN power LIKE '%*%' OR power IS NULL THEN 1 ELSE 0 END) FROM MTG_Cards WHERE is_foil = 0 AND duel_deck_id = 'a',['MTG_Cards'],SELECT SUM(CASE WHEN power LIKE '%*%' OR power IS NULL THEN 1 ELSE 0 END) FROM MTG_Cards WHERE is_foil = 0 AND duel_deck_id = 'a'
515,card_games,When was the oldest mythic card released and what are its legal play formats?,the oldest card refers to MIN(originalReleaseDate); mythic card refers to rarity = 'mythic'; legal play refers to status = 'legal'; play format refers to format,"SELECT T1.originalReleaseDate, T2.format FROM cards AS T1 INNER JOIN legalities AS T2 ON T1.uuid = T2.uuid WHERE T1.rarity = 'mythic' AND T1.originalReleaseDate IS NOT NULL AND T2.status = 'Legal' ORDER BY T1.originalReleaseDate LIMIT 1",moderate,"['cards', 'legalities']","SELECT originalReleaseDate, format FROM cluster11_cards_join_legalities WHERE rarity = 'mythic' AND originalReleaseDate IS NOT NULL AND status = 'Legal' ORDER BY originalReleaseDate LIMIT 1","SELECT T1.release_date, T2.format FROM MTG_Cards AS T1 INNER JOIN MTG_Legality AS T2 ON T1.card_uuid = T2.uuid WHERE T1.rarity = 'mythic' AND T1.release_date IS NOT NULL AND T2.legality_status = 'Legal' ORDER BY T1.release_date LIMIT 1","['MTG_Cards', 'MTG_Legality']","SELECT release_date, format FROM workload_updated_cluster11_MTG_Cards_join_MTG_Legality WHERE rarity = 'mythic' AND release_date IS NOT NULL AND legality_status = 'Legal' ORDER BY release_date LIMIT 1"
516,card_games,How many cards did Volkan BaÇµa illustrated whose foreign language is in French?,Volkan BaÇµa refers to artist = 'Volkan Baga'; foreign language is in French refers to language = 'French',SELECT COUNT(T3.id) FROM ( SELECT T1.id FROM cards AS T1 INNER JOIN foreign_data AS T2 ON T2.uuid = T1.uuid WHERE T1.artist = 'Volkan Baǵa' AND T2.language = 'French' GROUP BY T1.id ) AS T3,moderate,"['cards', 'foreign_data']",SELECT COUNT(T3.cards_id) FROM ( SELECT cards_id FROM cluster14_cards_join_foreign_data WHERE artist = 'Volkan Baǵa' AND language = 'French' GROUP BY cards_id ) AS T3,SELECT COUNT(T3.card_id) FROM ( SELECT T1.card_id FROM MTG_Cards AS T1 INNER JOIN MTG_Card_Foreign_Data AS T2 ON T2.uuid = T1.card_uuid WHERE T1.illustrator_name = 'Volkan Baǵa' AND T2.language = 'French' GROUP BY T1.card_id ) AS T3,"['MTG_Card_Foreign_Data', 'MTG_Cards']",SELECT COUNT(T3.card_id) FROM ( SELECT card_id FROM workload_updated_cluster14_MTG_Card_Foreign_Data_join_MTG_Cards WHERE illustrator_name = 'Volkan Baǵa' AND language = 'French' GROUP BY card_id ) AS T3
517,card_games,How many rare enchantment Abundance cards are there whose play format status are all legal?,rare refers to rarity = 'rare'; enchantment card refers to types = 'Enchantment'; Abundance cards refers to name = 'Abundance'; format status are all legal refers to status = 'Legal',SELECT COUNT(T1.id) FROM cards AS T1 INNER JOIN legalities AS T2 ON T2.uuid = T1.uuid WHERE T1.rarity = 'rare' AND T1.types = 'Enchantment' AND T1.name = 'Abundance' AND T2.status = 'Legal',moderate,"['cards', 'legalities']",SELECT COUNT(cards_id) FROM cluster11_cards_join_legalities WHERE rarity = 'rare' AND type = 'Enchantment' AND name = 'Abundance' AND status = 'Legal',SELECT COUNT(T1.card_id) FROM MTG_Cards AS T1 INNER JOIN MTG_Legality AS T2 ON T1.card_uuid = T2.uuid WHERE T1.rarity = 'rare' AND T1.main_type = 'Enchantment' AND T1.card_name = 'Abundance' AND T2.legality_status = 'Legal',"['MTG_Cards', 'MTG_Legality']",SELECT COUNT(card_id) FROM workload_updated_cluster11_MTG_Cards_join_MTG_Legality WHERE rarity = 'rare' AND main_type = 'Enchantment' AND card_name = 'Abundance' AND legality_status = 'Legal'
518,card_games,Which of the play formats has the highest number of banned status? Indicate the play format and the name of the card.,play format refers to format uuid; banned status refers to status = 'banned'; the highest number of banned status refers to MAX(status = 'banned'),"SELECT T2.format, T1.name FROM cards AS T1 INNER JOIN legalities AS T2 ON T2.uuid = T1.uuid WHERE T2.status = 'Banned' GROUP BY T2.format ORDER BY COUNT(T2.status) DESC LIMIT 1",moderate,"['cards', 'legalities']","SELECT format, name FROM cluster11_cards_join_legalities WHERE status = 'Banned' GROUP BY format ORDER BY COUNT(status) DESC LIMIT 1","SELECT T2.format, T1.card_name FROM MTG_Cards AS T1 INNER JOIN MTG_Legality AS T2 ON T1.card_uuid = T2.uuid WHERE T2.legality_status = 'Banned' GROUP BY T2.format ORDER BY COUNT(T2.legality_status) DESC LIMIT 1","['MTG_Cards', 'MTG_Legality']","SELECT format, card_name FROM workload_updated_cluster11_MTG_Cards_join_MTG_Legality WHERE legality_status = 'Banned' GROUP BY format ORDER BY COUNT(legality_status) DESC LIMIT 1"
520,card_games,Who is the illustrator that illustrated the least amount of cards? List the format of play of the cards that he/she illustrated.,format of the cards refers to format; illustrator refers to artist; the least amount of cards refers to MIN(artist),"SELECT T1.artist, T2.format FROM cards AS T1 INNER JOIN legalities AS T2 ON T2.uuid = T1.uuid GROUP BY T1.artist ORDER BY COUNT(T1.id) ASC LIMIT 1",moderate,"['cards', 'legalities']","SELECT artist, format FROM cluster11_cards_join_legalities GROUP BY artist ORDER BY COUNT(cards_id) ASC LIMIT 1","SELECT T1.illustrator_name, T2.format FROM MTG_Cards AS T1 INNER JOIN MTG_Legality AS T2 ON T1.card_uuid = T2.uuid GROUP BY T1.illustrator_name ORDER BY COUNT(T1.card_id) ASC LIMIT 1","['MTG_Cards', 'MTG_Legality']","SELECT illustrator_name, format FROM workload_updated_cluster11_MTG_Cards_join_MTG_Legality GROUP BY illustrator_name ORDER BY COUNT(card_id) ASC LIMIT 1"
521,card_games,"Among the cards whose version of frame style is 1997, what is the status of the card illustrated by D. Alexander Gregory in legacy play format that has sensitive content or Wizards of the Coast?",version of frame style is 1997 refers to frameVersion = '1997'; illustrated by D. Alexander Gregory refers to artist = 'D. Alexander Gregory'; sensitive content refers to hasContentWarning = 1; legacy play format refers to format = 'legacy'; status of the card refers to status,SELECT DISTINCT T2.status FROM cards AS T1 INNER JOIN legalities AS T2 ON T2.uuid = T1.uuid WHERE T1.frameVersion = 1997 AND T1.hasContentWarning = 1 AND T1.artist = 'D. Alexander Gregory' AND T2.format = 'legacy',challenging,"['cards', 'legalities']",SELECT DISTINCT status FROM cluster11_cards_join_legalities WHERE frameVersion = 1997 AND hasContentWarning = 1 AND artist = 'D. Alexander Gregory' AND format = 'legacy',SELECT DISTINCT T2.legality_status FROM MTG_Cards AS T1 INNER JOIN MTG_Legality AS T2 ON T1.card_uuid = T2.uuid WHERE T1.frameVersion = 1997 AND T1.hasContentWarning = 1 AND T1.illustrator_name = 'D. Alexander Gregory' AND T2.format = 'legacy',"['MTG_Cards', 'MTG_Legality']",SELECT DISTINCT legality_status FROM workload_updated_cluster11_MTG_Cards_join_MTG_Legality WHERE frameVersion = 1997 AND hasContentWarning = 1 AND illustrator_name = 'D. Alexander Gregory' AND format = 'legacy'
524,card_games,List the artists who illustrated cards with black borders which are available only in arena.,black borders refers to BorderColor = 'black'; available only in arena refers to availability = 'arena',SELECT DISTINCT artist FROM cards WHERE availability = 'arena' AND BorderColor = 'black',simple,['cards'],SELECT DISTINCT artist FROM cards WHERE availability = 'arena' AND BorderColor = 'black',SELECT DISTINCT illustrator_name FROM MTG_Cards WHERE availability = 'arena' AND border_color = 'black',['MTG_Cards'],SELECT DISTINCT illustrator_name FROM MTG_Cards WHERE availability = 'arena' AND border_color = 'black'
525,card_games,Find the uuid of cards in which the old school format is restricted or banned.,old school format refers to format = 'oldschool'; restricted or banned refers to status = 'banned' or 'restricted',SELECT uuid FROM legalities WHERE format = 'oldschool' AND (status = 'Banned' OR status = 'Restricted'),simple,['legalities'],"SELECT uuid FROM legalities WHERE format = ""oldschool"" AND (status = ""Banned"" OR status = ""Restricted"")",SELECT uuid FROM MTG_Legality WHERE format = 'oldschool' AND (legality_status = 'Banned' OR legality_status = 'Restricted'),['MTG_Legality'],SELECT uuid FROM MTG_Legality WHERE format = 'oldschool' AND (legality_status = 'Banned' OR legality_status = 'Restricted')
530,card_games,List all the frame styles and cards Allen Williams worked on and find any banned cards if there are any.,frame styles refers to frameVersion; cards Allen Williams worked on refers to artist = 'Allen Williams'; banned cards refers to status = 'banned',"SELECT DISTINCT T1.frameVersion, T1.name , IIF(T2.status = 'Banned', T1.name, 'NO') FROM cards AS T1 INNER JOIN legalities AS T2 ON T1.uuid = T2.uuid WHERE T1.artist = 'Allen Williams'",moderate,"['cards', 'legalities']","SELECT DISTINCT frameVersion, name , IIF(status = 'Banned', name, 'NO') FROM cluster11_cards_join_legalities WHERE artist = 'Allen Williams'","SELECT DISTINCT T1.frameVersion, T1.card_name , IIF(T2.legality_status = 'Banned', T1.card_name, 'NO') FROM MTG_Cards AS T1 INNER JOIN MTG_Legality AS T2 ON T1.card_uuid = T2.uuid WHERE T1.illustrator_name = 'Allen Williams'","['MTG_Cards', 'MTG_Legality']","SELECT DISTINCT frameVersion, card_name , IIF(legality_status = 'Banned', card_name, 'NO') FROM workload_updated_cluster11_MTG_Cards_join_MTG_Legality WHERE illustrator_name = 'Allen Williams'"
531,codebase_community,"Which user has a higher reputation, Harlan or Jarrod Dixon?","""Harlan"" and ""Jarrod Dixon"" are both DisplayName; highest reputation refers to Max(Reputation)","SELECT DisplayName FROM users WHERE DisplayName IN ('Harlan', 'Jarrod Dixon') AND Reputation = ( SELECT MAX(Reputation) FROM users WHERE DisplayName IN ('Harlan', 'Jarrod Dixon') )",simple,['users'],"SELECT DisplayName FROM users WHERE DisplayName IN (""Harlan"", ""Jarrod Dixon"") AND Reputation = (SELECT MAX(Reputation) FROM users WHERE DisplayName IN (""Harlan"", ""Jarrod Dixon""))","SELECT display_name FROM Forum_Users WHERE display_name IN ('Harlan', 'Jarrod Dixon') AND reputation_score = ( SELECT MAX(reputation_score) FROM Forum_Users WHERE display_name IN ('Harlan', 'Jarrod Dixon') )",['Forum_Users'],"SELECT display_name FROM Forum_Users WHERE display_name IN ('Harlan', 'Jarrod Dixon') AND reputation_score = ( SELECT MAX(reputation_score) FROM Forum_Users WHERE display_name IN ('Harlan', 'Jarrod Dixon') )"
537,codebase_community,How many posts does the user csgillespie own?,"""csgillespie"" is the DisplayName of user",SELECT COUNT(T1.id) FROM posts AS T1 INNER JOIN users AS T2 ON T1.OwnerUserId = T2.Id WHERE T2.DisplayName = 'csgillespie',simple,"['posts', 'users']",SELECT COUNT(posts_id) FROM cluster17_posts_join_users WHERE DisplayName = 'csgillespie',SELECT COUNT(T1.post_id) FROM Forum_Posts AS T1 INNER JOIN Forum_Users AS T2 ON T1.user_id = T2.user_id WHERE T2.display_name = 'csgillespie',"['Forum_Users', 'Forum_Posts']",SELECT COUNT(post_id) FROM workload_updated_cluster17_Forum_Posts_join_Forum_Users WHERE display_name = 'csgillespie'
539,codebase_community,"Who is the owner of the post ""Eliciting priors from experts""?","""Eliciting priors from experts"" is the Title of post; owner refers to DisplayName",SELECT T2.DisplayName FROM posts AS T1 INNER JOIN users AS T2 ON T1.OwnerUserId = T2.Id WHERE T1.Title = 'Eliciting priors from experts',simple,"['posts', 'users']",SELECT DisplayName FROM cluster17_posts_join_users WHERE Title = 'Eliciting priors from experts',SELECT T2.display_name FROM Forum_Posts AS T1 INNER JOIN Forum_Users AS T2 ON T1.user_id = T2.user_id WHERE T1.post_title = 'Eliciting priors from experts',"['Forum_Users', 'Forum_Posts']",SELECT display_name FROM workload_updated_cluster17_Forum_Posts_join_Forum_Users WHERE post_title = 'Eliciting priors from experts'
540,codebase_community,What is the title of the post that is owned by csgillespie and has the highest popularity?,"""csgillespie"" is the DisplayName of user; highest popularity refers to Max(ViewCount)",SELECT T1.Title FROM posts AS T1 INNER JOIN users AS T2 ON T1.OwnerUserId = T2.Id WHERE T2.DisplayName = 'csgillespie' ORDER BY T1.ViewCount DESC LIMIT 1,simple,"['posts', 'users']",SELECT Title FROM cluster17_posts_join_users WHERE DisplayName = 'csgillespie' ORDER BY ViewCount DESC LIMIT 1,SELECT T1.post_title FROM Forum_Posts AS T1 INNER JOIN Forum_Users AS T2 ON T1.user_id = T2.user_id WHERE T2.display_name = 'csgillespie' ORDER BY T1.view_count DESC LIMIT 1,"['Forum_Users', 'Forum_Posts']",SELECT post_title FROM workload_updated_cluster17_Forum_Posts_join_Forum_Users WHERE display_name = 'csgillespie' ORDER BY view_count DESC LIMIT 1
546,codebase_community,Please list the display names of all the users who owns a post that is well-finished.,the post that is well-finished refers to ClosedDate IS NOT Null,SELECT T2.DisplayName FROM posts AS T1 INNER JOIN users AS T2 ON T1.OwnerUserId = T2.Id WHERE T1.ClosedDate IS NOT NULL,simple,"['posts', 'users']",SELECT DisplayName FROM cluster17_posts_join_users WHERE ClosedDate IS NOT NULL,SELECT T2.display_name FROM Forum_Posts AS T1 INNER JOIN Forum_Users AS T2 ON T1.user_id = T2.user_id WHERE T1.closed_at IS NOT NULL,"['Forum_Users', 'Forum_Posts']",SELECT display_name FROM workload_updated_cluster17_Forum_Posts_join_Forum_Users WHERE closed_at IS NOT NULL
550,codebase_community,From which post is the most popular tag excerpted from? Please give the body of the post.,most popular tag refers to Max(Count); excerpt from refer to ExcerptPostId,SELECT Body FROM posts WHERE id = ( SELECT ExcerptPostId FROM tags ORDER BY Count DESC LIMIT 1 ),simple,"['tags', 'posts']",SELECT Body FROM posts WHERE id = (SELECT ExcerptPostId FROM tags ORDER BY Count DESC LIMIT 1),SELECT post_content FROM Forum_Posts WHERE post_id = ( SELECT excerpt_post_id FROM Forum_Tags ORDER BY post_count DESC LIMIT 1 ),"['Forum_Posts', 'Forum_Tags']",SELECT post_content FROM Forum_Posts WHERE post_id = ( SELECT excerpt_post_id FROM Forum_Tags ORDER BY post_count DESC LIMIT 1 )
555,codebase_community,What is the average score of the posts owned by the user csgillespie?,"""csgillespie"" is the DisplayName of user; average score refers to AVG(Score)",SELECT AVG(T1.Score) FROM posts AS T1 INNER JOIN users AS T2 ON T1.OwnerUserId = T2.Id WHERE T2.DisplayName = 'csgillespie',simple,"['posts', 'users']",SELECT AVG(Score) FROM cluster17_posts_join_users WHERE DisplayName = 'csgillespie',SELECT AVG(T1.post_score) FROM Forum_Posts AS T1 INNER JOIN Forum_Users AS T2 ON T1.user_id = T2.user_id WHERE T2.display_name = 'csgillespie',"['Forum_Users', 'Forum_Posts']",SELECT AVG(post_score) FROM workload_updated_cluster17_Forum_Posts_join_Forum_Users WHERE display_name = 'csgillespie'
556,codebase_community,What is the average number of badges obtained by a user with over 200 views?,"user with over 200 views refers to Views > 200; average number of badges = Divide (Count(Id), Count(DisplayName))",SELECT CAST(COUNT(T1.Id) AS REAL) / COUNT(DISTINCT T2.DisplayName) FROM badges AS T1 INNER JOIN users AS T2 ON T1.UserId = T2.Id WHERE T2.Views > 200,simple,"['badges', 'users']",SELECT CAST(COUNT(badges_id) AS REAL) / COUNT(DISTINCT DisplayName) FROM cluster18_badges_join_users WHERE Views > 200,SELECT CAST(COUNT(T1.badge_id) AS REAL) / COUNT(DISTINCT T2.display_name) FROM Forum_Badges AS T1 INNER JOIN Forum_Users AS T2 ON T1.user_id = T2.user_id WHERE T2.profile_views > 200,"['Forum_Users', 'Forum_Badges']",SELECT CAST(COUNT(badge_id) AS REAL) / COUNT(DISTINCT display_name) FROM workload_updated_cluster18_Forum_Badges_join_Forum_Users WHERE profile_views > 200
557,codebase_community,"Among the posts with a score of over 20, what is the percentage of them being owned by an elder user?","score of over 20 refers to Score > 20; elder user refers to Age > 65; percentage = Divide (Count(Id where Age>65), Count(Id)) * 100","SELECT CAST(SUM(IIF(T2.Age > 65, 1, 0)) AS REAL) * 100 / COUNT(T1.Id) FROM posts AS T1 INNER JOIN users AS T2 ON T1.OwnerUserId = T2.Id WHERE T1.Score > 20",moderate,"['posts', 'users']","SELECT CAST(SUM(IIF(Age > 65, 1, 0)) AS REAL) * 100 / COUNT(posts_id) FROM cluster17_posts_join_users WHERE Score > 20","SELECT CAST(SUM(IIF(T2.user_age > 65, 1, 0)) AS REAL) * 100 / COUNT(T1.post_id) FROM Forum_Posts AS T1 INNER JOIN Forum_Users AS T2 ON T1.user_id = T2.user_id WHERE T1.post_score > 20","['Forum_Users', 'Forum_Posts']","SELECT CAST(SUM(IIF(user_age > 65, 1, 0)) AS REAL) * 100 / COUNT(post_id) FROM workload_updated_cluster17_Forum_Posts_join_Forum_Users WHERE post_score > 20"
559,codebase_community,Indicate the creation date of the maximum number of votes.,the creation date of the maximum number of votes refers to CreationDate where Max(Count(Id)),SELECT CreationDate FROM votes GROUP BY CreationDate ORDER BY COUNT(Id) DESC LIMIT 1,simple,['votes'],SELECT CreationDate FROM votes GROUP BY CreationDate ORDER BY COUNT(Id) DESC LIMIT 1,SELECT vote_date FROM Forum_Votes GROUP BY vote_date ORDER BY COUNT(vote_id) DESC LIMIT 1,['Forum_Votes'],SELECT vote_date FROM Forum_Votes GROUP BY vote_date ORDER BY COUNT(vote_id) DESC LIMIT 1
562,codebase_community,"For the post which got 1910 view counts, how many comments does it get?",,SELECT COUNT(T1.Id) FROM posts AS T1 INNER JOIN comments AS T2 ON T1.Id = T2.PostId WHERE T1.ViewCount = 1910,simple,"['posts', 'comments']",SELECT COUNT(posts_id) FROM cluster19_comments_join_posts WHERE ViewCount = 1910,SELECT COUNT(T1.post_id) FROM Forum_Posts AS T1 INNER JOIN Forum_Comments AS T2 ON T1.post_id = T2.post_id WHERE T1.view_count = 1910,"['Forum_Comments', 'Forum_Posts']",SELECT COUNT(Forum_Posts_post_id) FROM workload_updated_cluster19_Forum_Comments_join_Forum_Posts WHERE view_count = 1910
563,codebase_community,"User No.3025 gave a comment at 20:29:39 on 2014/4/23 to a post, how many favorite counts did that post get?",user no. 3025 refers to UserId = '3025'; comment at 20:29:39 on 2014/4/23 refers to CreationDate = '2014/4/23 20:29:39.0',SELECT T1.FavoriteCount FROM posts AS T1 INNER JOIN comments AS T2 ON T1.Id = T2.PostId WHERE T2.CreationDate = '2014-04-23 20:29:39.0' AND T2.UserId = 3025,moderate,"['posts', 'comments']",SELECT FavoriteCount FROM cluster19_comments_join_posts WHERE comments_CreationDate = '2014-04-23 20:29:39.0' AND UserId = 3025,SELECT T1.favorite_count FROM Forum_Posts AS T1 INNER JOIN Forum_Comments AS T2 ON T1.post_id = T2.post_id WHERE T2.created_at = '2014-04-23 20:29:39.0' AND T2.user_id = 3025,"['Forum_Comments', 'Forum_Posts']",SELECT favorite_count FROM workload_updated_cluster19_Forum_Comments_join_Forum_Posts WHERE created_at = '2014-04-23 20:29:39.0' AND user_id = 3025
564,codebase_community,Give the only one comment text of the post with parent id 107829.,one comment refers to CommentCount = '1',SELECT T2.Text FROM posts AS T1 INNER JOIN comments AS T2 ON T1.Id = T2.PostId WHERE T1.ParentId = 107829 AND T1.CommentCount = 1,simple,"['posts', 'comments']",SELECT Text FROM cluster19_comments_join_posts WHERE ParentId = 107829 AND CommentCount = 1,SELECT T2.comment_text FROM Forum_Posts AS T1 INNER JOIN Forum_Comments AS T2 ON T1.post_id = T2.post_id WHERE T1.parent_post_id = 107829 AND T1.comment_count = 1,"['Forum_Comments', 'Forum_Posts']",SELECT comment_text FROM workload_updated_cluster19_Forum_Comments_join_Forum_Posts WHERE parent_post_id = 107829 AND Forum_Posts_comment_count = 1
565,codebase_community,"User No.23853 gave a comment to a post at 9:08:18 on 2013/7/12, was that post well-finished?",user no. 23853 refers to UserId = '23853'; at 9:08:18 on 2013/7/12 refers to CreationDate = '2013-07-12 09:08:18.0'; not well-finished refers to ClosedDate IS NULL and vice versa,"SELECT IIF(T2.ClosedDate IS NULL, 'NOT well-finished', 'well-finished') AS resylt FROM comments AS T1 INNER JOIN posts AS T2 ON T1.PostId = T2.Id WHERE T1.UserId = 23853 AND T1.CreationDate = '2013-07-12 09:08:18.0'",moderate,"['posts', 'comments']","SELECT IIF(ClosedDate IS NULL, 'NOT well-finished', 'well-finished') AS resylt FROM cluster19_comments_join_posts WHERE UserId = 23853 AND comments_CreationDate = '2013-07-12 09:08:18.0'","SELECT IIF(T2.closed_at IS NULL, 'NOT well-finished', 'well-finished') AS resylt FROM Forum_Comments AS T1 INNER JOIN Forum_Posts AS T2 ON T1.post_id = T2.post_id WHERE T1.user_id = 23853 AND T1.created_at = '2013-07-12 09:08:18.0'","['Forum_Comments', 'Forum_Posts']","SELECT IIF(closed_at IS NULL, 'NOT well-finished', 'well-finished') AS resylt FROM workload_updated_cluster19_Forum_Comments_join_Forum_Posts WHERE user_id = 23853 AND created_at = '2013-07-12 09:08:18.0'"
568,codebase_community,Provide the display name of the user who made the vote No.6347.,vote no. 381800 refers to Id = '6347',SELECT T1.DisplayName FROM users AS T1 INNER JOIN votes AS T2 ON T1.Id = T2.UserId WHERE T2.Id = 6347,simple,"['votes', 'users']",SELECT DisplayName FROM cluster18_badges_join_users AS T18 INNER JOIN votes AS T_votes ON T18.users_id = T_votes.UserId WHERE T_votes.Id = 6347,SELECT T1.display_name FROM Forum_Users AS T1 INNER JOIN Forum_Votes AS T2 ON T1.user_id = T2.user_id WHERE T2.vote_id = 6347,"['Forum_Users', 'Forum_Votes']",SELECT T1.display_name FROM Forum_Users AS T1 INNER JOIN workload_updated_cluster49_Forum_Votes AS T2 ON T1.user_id = T2.user_id WHERE T2.vote_id = 6347
569,codebase_community,Give the number of votes for the post about data visualization.,About data visualization is the Title that contains 'data visualization';,SELECT COUNT(T1.Id) FROM posts AS T1 INNER JOIN votes AS T2 ON T1.Id = T2.PostId WHERE T1.Title LIKE '%data visualization%',simple,"['votes', 'posts']",SELECT COUNT(T1.Id) FROM posts AS T1 INNER JOIN votes AS T2 ON T1.Id = T2.PostId WHERE T1.Title LIKE '%data visualization%',SELECT COUNT(T1.post_id) FROM Forum_Posts AS T1 INNER JOIN Forum_Votes AS T2 ON T1.post_id = T2.post_id WHERE T1.post_title LIKE '%data visualization%',"['Forum_Votes', 'Forum_Posts']",SELECT COUNT(T1.post_id) FROM workload_updated_cluster17_Forum_Posts_join_Forum_Users AS T1 INNER JOIN workload_updated_cluster49_Forum_Votes AS T2 ON T1.post_id = T2.post_id WHERE T1.post_title LIKE '%data visualization%'
574,codebase_community,Which user has the website URL listed at 'http://stackoverflow.com',"""http://stackoverflow.com"" is the WebsiteUrl; user refers to DisplayName",SELECT DisplayName FROM users WHERE WebsiteUrl = 'http://stackoverflow.com',simple,['users'],"SELECT DisplayName FROM users WHERE WebsiteUrl = ""http://stackoverflow.com""",SELECT display_name FROM Forum_Users WHERE website_url = 'http://stackoverflow.com',['Forum_Users'],SELECT display_name FROM Forum_Users WHERE website_url = 'http://stackoverflow.com'
577,codebase_community,Write all comments made by user 'A Lion.',"""A Lion"" is the DisplayName of user; comment refers to Text",SELECT T2.Text FROM users AS T1 INNER JOIN comments AS T2 ON T1.Id = T2.UserId WHERE T1.DisplayName = 'A Lion',simple,"['comments', 'users']",SELECT Text FROM cluster19_comments_join_posts AS T19 INNER JOIN users AS T_users ON T19.UserId = T_users.Id WHERE T_users.DisplayName = 'A Lion',SELECT T2.comment_text FROM Forum_Users AS T1 INNER JOIN Forum_Comments AS T2 ON T1.user_id = T2.user_id WHERE T1.display_name = 'A Lion',"['Forum_Users', 'Forum_Comments']",SELECT T2.comment_text FROM Forum_Users AS T1 INNER JOIN Forum_Comments AS T2 ON T1.user_id = T2.user_id WHERE T1.display_name = 'A Lion'
580,codebase_community,Name 10 users with the badge name 'Necromancer.',"""Necromancer"" is the Name of badge; users refers to DisplayName",SELECT T1.DisplayName FROM users AS T1 INNER JOIN badges AS T2 ON T1.Id = T2.UserId WHERE T2.Name = 'Necromancer' LIMIT 10,simple,"['badges', 'users']",SELECT DisplayName FROM cluster18_badges_join_users WHERE Name = 'Necromancer' LIMIT 10,SELECT T1.display_name FROM Forum_Users AS T1 INNER JOIN Forum_Badges AS T2 ON T1.user_id = T2.user_id WHERE T2.badge_name = 'Necromancer' LIMIT 10,"['Forum_Users', 'Forum_Badges']",SELECT display_name FROM workload_updated_cluster18_Forum_Badges_join_Forum_Users WHERE badge_name = 'Necromancer' LIMIT 10
586,codebase_community,Which user added a bounty amount of 50 to the post title mentioning variance?,"""bounty amount of 50 refers to BountyAmount = 50; user refers to DisplayName","SELECT T3.DisplayName, T1.Title FROM posts AS T1 INNER JOIN votes AS T2 ON T1.Id = T2.PostId INNER JOIN users AS T3 ON T3.Id = T2.UserId WHERE T2.BountyAmount = 50 AND T1.Title LIKE '%variance%'",challenging,"['votes', 'posts', 'users']","SELECT T3.DisplayName, T1.Title FROM posts AS T1 INNER JOIN votes AS T2 ON T1.Id = T2.PostId INNER JOIN users AS T3 ON T3.Id = T2.UserId WHERE T2.BountyAmount = 50 AND T1.Title LIKE '%variance%'","SELECT T3.display_name, T1.post_title FROM Forum_Posts AS T1 INNER JOIN Forum_Votes AS T2 ON T1.post_id = T2.post_id INNER JOIN Forum_Users AS T3 ON T3.user_id = T2.user_id WHERE T2.bounty_amount = 50 AND T1.post_title LIKE '%variance%'","['Forum_Users', 'Forum_Votes', 'Forum_Posts']","SELECT T3.display_name, T1.post_title FROM Forum_Posts AS T1 INNER JOIN workload_updated_cluster49_Forum_Votes AS T2 ON T1.post_id = T2.post_id INNER JOIN Forum_Users AS T3 ON T3.user_id = T2.user_id WHERE T2.bounty_amount = 50 AND T1.post_title LIKE '%variance%'"
587,codebase_community,Calculate the average view count of posts tagged as 'humor' and write the title and the comments of the posts alongside their scores if applicable.,"""humor"" is the Tags; comment of the post refers to Text; average view count = AVG(ViewCount)","SELECT AVG(T2.ViewCount), T2.Title, T1.Text FROM comments AS T1 INNER JOIN posts AS T2 ON T1.Id = T1.PostId WHERE T2.Tags = '<humor>'",moderate,"['posts', 'comments']","SELECT AVG(T2.ViewCount), T2.Title, T1.Text FROM comments AS T1 INNER JOIN posts AS T2 ON T1.Id = T1.PostId WHERE T2.Tags = '<humor>'","SELECT AVG(T2.view_count), T2.post_title, T1.comment_text FROM Forum_Comments AS T1 INNER JOIN Forum_Posts AS T2 ON T1.comment_id = T1.post_id WHERE T2.post_tags = '<humor>'","['Forum_Comments', 'Forum_Posts']","SELECT AVG(T2.view_count), T2.post_title, T1.comment_text FROM Forum_Comments AS T1 INNER JOIN Forum_Posts AS T2 ON T1.comment_id = T1.post_id WHERE T2.post_tags = '<humor>'"
592,codebase_community,How many users are awarded with more than 5 badges?,more than 5 badges refers to Count (Name) > 5; user refers to UserId,"SELECT UserId FROM ( SELECT UserId, COUNT(Name) AS num FROM badges GROUP BY UserId ) T WHERE T.num > 5",simple,['badges'],"SELECT UserId FROM (SELECT UserId, COUNT(Name) AS num FROM badges GROUP BY UserId) T WHERE T.num > 5","SELECT user_id FROM ( SELECT user_id, COUNT(badge_name) AS num FROM Forum_Badges GROUP BY user_id ) T WHERE T.num > 5",['Forum_Badges'],"SELECT user_id FROM ( SELECT user_id, COUNT(badge_name) AS num FROM Forum_Badges GROUP BY user_id ) T WHERE T.num > 5"
593,codebase_community,How many users from New York have a teacher and supporter badge?,"""Supporter"" and ""Teachers"" are both Name of badge; 'New York' is the Location; user refers to UserId","SELECT COUNT(DISTINCT T1.Id) FROM badges AS T1 INNER JOIN users AS T2 ON T1.UserId = T2.Id WHERE T1.Name IN ('Supporter', 'Teacher') AND T2.Location = 'New York'",simple,"['badges', 'users']","SELECT COUNT(DISTINCT badges_id) FROM cluster18_badges_join_users WHERE Name IN ('Supporter', 'Teacher') AND Location = 'New York'","SELECT COUNT(DISTINCT T1.badge_id) FROM Forum_Badges AS T1 INNER JOIN Forum_Users AS T2 ON T1.user_id = T2.user_id WHERE T1.badge_name IN ('Supporter', 'Teacher') AND T2.user_location = 'New York'","['Forum_Users', 'Forum_Badges']","SELECT COUNT(DISTINCT badge_id) FROM workload_updated_cluster18_Forum_Badges_join_Forum_Users WHERE badge_name IN ('Supporter', 'Teacher') AND user_location = 'New York'"
595,codebase_community,Which user have only one post history per post and having at least 1000 views?,having at least 1000 view refers to Views > = 1000; user refers to UserId,SELECT T2.UserId FROM users AS T1 INNER JOIN postHistory AS T2 ON T1.Id = T2.UserId INNER JOIN posts AS T3 ON T2.PostId = T3.Id WHERE T3.ViewCount >= 1000 GROUP BY T2.UserId HAVING COUNT(DISTINCT T2.PostHistoryTypeId) = 1,moderate,"['posts', 'users', 'postHistory']",SELECT UserId FROM users AS T_users INNER JOIN postHistory AS T_hist ON T_users.Id = T_hist.UserId INNER JOIN posts AS T_posts ON T_hist.PostId = T_posts.Id WHERE T_posts.ViewCount >= 1000 GROUP BY UserId HAVING COUNT(DISTINCT T_hist.PostHistoryTypeId) = 1,SELECT T2.user_id FROM Forum_Users AS T1 INNER JOIN Forum_History AS T2 ON T1.user_id = T2.user_id INNER JOIN Forum_Posts AS T3 ON T2.post_id = T3.post_id WHERE T3.view_count >= 1000 GROUP BY T2.user_id HAVING COUNT(DISTINCT T2.history_type_id) = 1,"['Forum_Users', 'Forum_History', 'Forum_Posts']",SELECT Forum_Users_user_id FROM workload_updated_cluster20_Forum_History_join_Forum_Posts_join_Forum_Users WHERE view_count >= 1000 GROUP BY Forum_Users_user_id HAVING COUNT(DISTINCT history_type_id) = 1
600,codebase_community,List out all post that are related to post ID 61217 and what is the popularity of this post?,post related refers to RelatedPostId; popularity refers to ViewCount,SELECT T1.ViewCount FROM posts AS T1 INNER JOIN postLinks AS T2 ON T1.Id = T2.PostId WHERE T2.PostId = 61217,simple,"['posts', 'postLinks']",SELECT ViewCount FROM cluster50_postlinks_join_posts WHERE postLinks_PostId = 61217,SELECT T1.view_count FROM Forum_Posts AS T1 INNER JOIN Forum_Links AS T2 ON T1.post_id = T2.post_id WHERE T2.post_id = 61217,"['Forum_Posts', 'Forum_Links']",SELECT view_count FROM workload_updated_cluster50_Forum_Links_join_Forum_Posts WHERE post_id = 61217
604,codebase_community,What is the average of the up votes and the average user age for users creating more than 10 posts?,"creating more than 10 post refers to Count (UserId) > 10; up votes average = Divide (Sum(UpVotes), Count (UserId)); average age = Divide (Sum(Age), Count(UserId))","SELECT AVG(T1.UpVotes), AVG(T1.Age) FROM users AS T1 INNER JOIN ( SELECT OwnerUserId, COUNT(*) AS post_count FROM posts GROUP BY OwnerUserId HAVING post_count > 10) AS T2 ON T1.Id = T2.OwnerUserId",moderate,"['posts', 'users']","SELECT AVG(T1.UpVotes), AVG(T1.Age) FROM users AS T1 INNER JOIN ( SELECT OwnerUserId, COUNT(*) AS post_count FROM posts GROUP BY OwnerUserId HAVING post_count > 10) AS T2 ON T1.Id = T2.OwnerUserId","SELECT AVG(T1.total_up_votes), AVG(T1.user_age) FROM Forum_Users AS T1 INNER JOIN ( SELECT user_id, COUNT(*) AS post_count FROM Forum_Posts GROUP BY user_id HAVING post_count > 10) AS T2 ON T1.user_id = T2.user_id","['Forum_Users', 'Forum_Posts']","SELECT AVG(T1.total_up_votes), AVG(T1.user_age) FROM Forum_Users AS T1 INNER JOIN ( SELECT user_id, COUNT(*) AS post_count FROM Forum_Posts GROUP BY user_id HAVING post_count > 10) AS T2 ON T1.user_id = T2.user_id"
606,codebase_community,List out the name of badges that users obtained on 7/19/2010 7:39:08 PM.,on 7/19/2010 7:39:08 PM refers to Date = '2010-07-19 19:39:08',SELECT Name FROM badges WHERE Date = '2010-07-19 19:39:08.0',simple,['badges'],"SELECT Name FROM badges WHERE Date = ""2010-07-19 19:39:08.0""",SELECT badge_name FROM Forum_Badges WHERE awarded_at = '2010-07-19 19:39:08.0',['Forum_Badges'],SELECT badge_name FROM Forum_Badges WHERE awarded_at = '2010-07-19 19:39:08.0'
608,codebase_community,State the detailed content of the comment which was created on 7/19/2010 7:25:47 PM.,detailed content of the comment refers to Text; created on 7/19/2010 7:16:14 PM refers to CreationDate = '2010-07-19 19:16:14.0',SELECT Text FROM comments WHERE CreationDate = '2010-07-19 19:16:14.0',simple,['comments'],"SELECT Text FROM comments WHERE CreationDate = ""2010-07-19 19:16:14.0""",SELECT comment_text FROM Forum_Comments WHERE created_at = '2010-07-19 19:16:14.0',['Forum_Comments'],SELECT comment_text FROM Forum_Comments WHERE created_at = '2010-07-19 19:16:14.0'
609,codebase_community,How many posts have a score of 10 on the list?,score of 10 refers to Score = 10; post refers to Id,SELECT COUNT(id) FROM posts WHERE Score = 10,simple,['posts'],SELECT COUNT(id) FROM posts WHERE Score = 10,SELECT COUNT(post_id) FROM Forum_Posts WHERE post_score = 10,['Forum_Posts'],SELECT COUNT(post_id) FROM Forum_Posts WHERE post_score = 10
612,codebase_community,"What is the name of badge that the user whose display name is ""Pierre"" obtained?",,SELECT T2.Name FROM users AS T1 INNER JOIN badges AS T2 ON T1.Id = T2.UserId WHERE T1.DisplayName = 'Pierre',simple,"['badges', 'users']",SELECT Name FROM cluster18_badges_join_users WHERE DisplayName = 'Pierre',SELECT T2.badge_name FROM Forum_Users AS T1 INNER JOIN Forum_Badges AS T2 ON T1.user_id = T2.user_id WHERE T1.display_name = 'Pierre',"['Forum_Users', 'Forum_Badges']",SELECT badge_name FROM workload_updated_cluster18_Forum_Badges_join_Forum_Users WHERE display_name = 'Pierre'
616,codebase_community,What is the comment's rating score of the post which was created on 7/19/2010 7:19:56 PM,created on 7/19/2010 7:19:56 PM refers to CreationDate = '2010-07-19 19:19:56.0',SELECT T1.Score FROM comments AS T1 INNER JOIN posts AS T2 ON T1.PostId = T2.Id WHERE T1.CreationDate = '2010-07-19 19:19:56.0',simple,"['posts', 'comments']","SELECT comments_score FROM cluster19_comments_join_posts WHERE comments_creationdate = ""2010-07-19 19:19:56.0""",SELECT T1.comment_score FROM Forum_Comments AS T1 INNER JOIN Forum_Posts AS T2 ON T1.post_id = T2.post_id WHERE T1.created_at = '2010-07-19 19:19:56.0',"['Forum_Comments', 'Forum_Posts']",SELECT comment_score FROM workload_updated_cluster19_Forum_Comments_join_Forum_Posts WHERE created_at = '2010-07-19 19:19:56.0'
623,codebase_community,"How many elders obtained the ""Supporter"" badge?","""Supporter"" is the Name of badge;  elders refers to Age > 65",SELECT COUNT(T1.Id) FROM users AS T1 INNER JOIN badges AS T2 ON T1.Id = T2.UserId WHERE T1.Age > 65 AND T2.Name = 'Supporter',simple,"['badges', 'users']",SELECT COUNT(users_id) FROM cluster18_badges_join_users WHERE Age > 65 AND Name = 'Supporter',SELECT COUNT(T1.user_id) FROM Forum_Users AS T1 INNER JOIN Forum_Badges AS T2 ON T1.user_id = T2.user_id WHERE T1.user_age > 65 AND T2.badge_name = 'Supporter',"['Forum_Users', 'Forum_Badges']",SELECT COUNT(Forum_Users_user_id) FROM workload_updated_cluster18_Forum_Badges_join_Forum_Users WHERE user_age > 65 AND badge_name = 'Supporter'
625,codebase_community,How many users were from New York?,New York refers to Location;,SELECT COUNT(Id) FROM users WHERE Location = 'New York',simple,['users'],"SELECT COUNT(Id) FROM users WHERE Location = ""New York""",SELECT COUNT(user_id) FROM Forum_Users WHERE user_location = 'New York',['Forum_Users'],SELECT COUNT(user_id) FROM Forum_Users WHERE user_location = 'New York'
627,codebase_community,How many users were adult?,adult refers to user where Age BETWEEN 19 and 65;,SELECT COUNT(id) FROM users WHERE Age BETWEEN 19 AND 65,simple,['users'],SELECT COUNT(id) FROM users WHERE Age BETWEEN 19 AND 65,SELECT COUNT(user_id) FROM Forum_Users WHERE user_age BETWEEN 19 AND 65,['Forum_Users'],SELECT COUNT(user_id) FROM Forum_Users WHERE user_age BETWEEN 19 AND 65
632,codebase_community,How many votes were made by Harlan?,DisplayName = 'Harlan';,SELECT COUNT(T1.Id) FROM users AS T1 INNER JOIN postHistory AS T2 ON T1.Id = T2.UserId INNER JOIN votes AS T3 ON T3.PostId = T2.PostId WHERE T1.DisplayName = 'Harlan',simple,"['votes', 'users', 'postHistory']",SELECT COUNT(T1.Id) FROM users AS T1 INNER JOIN postHistory AS T2 ON T1.Id = T2.UserId INNER JOIN votes AS T3 ON T3.PostId = T2.PostId WHERE T1.DisplayName = 'Harlan',SELECT COUNT(T1.user_id) FROM Forum_Users AS T1 INNER JOIN Forum_History AS T2 ON T1.user_id = T2.user_id INNER JOIN Forum_Votes AS T3 ON T3.post_id = T2.post_id WHERE T1.display_name = 'Harlan',"['Forum_Users', 'Forum_History', 'Forum_Votes']",SELECT COUNT(Forum_Users_user_id) FROM workload_updated_cluster20_Forum_History_join_Forum_Posts_join_Forum_Users AS T1 INNER JOIN workload_updated_cluster49_Forum_Votes AS T2 ON T1.Forum_Posts_post_id = T2.post_id WHERE display_name = 'Harlan'
633,codebase_community,Which post by slashnick has the most answers count? State the post ID.,most answers count refers to MAX(AnswerCount); DisplayName = 'slashnick';,SELECT T2.PostId FROM users AS T1 INNER JOIN postHistory AS T2 ON T1.Id = T2.UserId INNER JOIN posts AS T3 ON T2.PostId = T3.Id WHERE T1.DisplayName = 'slashnick' ORDER BY T3.AnswerCount DESC LIMIT 1,moderate,"['posts', 'users', 'postHistory']",SELECT postHistory_PostId FROM cluster20_posthistory_join_posts_join_users WHERE DisplayName = 'slashnick' ORDER BY AnswerCount DESC LIMIT 1,SELECT T2.post_id FROM Forum_Users AS T1 INNER JOIN Forum_History AS T2 ON T1.user_id = T2.user_id INNER JOIN Forum_Posts AS T3 ON T2.post_id = T3.post_id WHERE T1.display_name = 'slashnick' ORDER BY T3.answer_count DESC LIMIT 1,"['Forum_Users', 'Forum_History', 'Forum_Posts']",SELECT Forum_Posts_post_id FROM workload_updated_cluster20_Forum_History_join_Forum_Posts_join_Forum_Users WHERE display_name = 'slashnick' ORDER BY answer_count DESC LIMIT 1
635,codebase_community,How many posts by Matt Parker have more than 4 votes?,more than 4 votes refer to PostId > 4; DisplayName = 'Matt Parker';,"SELECT COUNT(T1.Id) FROM users AS T1 INNER JOIN postHistory AS T2 ON T1.Id = T2.UserId INNER JOIN posts AS T3 ON T2.PostId = T3.Id INNER JOIN votes AS T4 ON T4.PostId = T3.Id WHERE T1.DisplayName = 'Matt Parker' GROUP BY T2.PostId, T4.Id HAVING COUNT(T4.Id) > 4",moderate,"['votes', 'posts', 'users', 'postHistory']","SELECT COUNT(postHistory_Id) FROM cluster20_posthistory_join_posts_join_users AS T20 INNER JOIN votes AS T_votes ON T20.posts_Id = T_votes.PostId WHERE T20.DisplayName = 'Matt Parker' GROUP BY postHistory_PostId, T_votes.Id HAVING COUNT(T_votes.Id) > 4","SELECT COUNT(T1.user_id) FROM Forum_Users AS T1 INNER JOIN Forum_History AS T2 ON T1.user_id = T2.user_id INNER JOIN Forum_Posts AS T3 ON T2.post_id = T3.post_id INNER JOIN Forum_Votes AS T4 ON T4.post_id = T3.post_id WHERE T1.display_name = 'Matt Parker' GROUP BY T2.post_id, T4.vote_id HAVING COUNT(T4.vote_id) > 4","['Forum_Votes', 'Forum_Users', 'Forum_History', 'Forum_Posts']","SELECT COUNT(Forum_Users_user_id) FROM workload_updated_cluster20_Forum_History_join_Forum_Posts_join_Forum_Users AS T1 INNER JOIN workload_updated_cluster49_Forum_Votes AS T2 ON T1.Forum_Posts_post_id = T2.post_id WHERE display_name = 'Matt Parker' GROUP BY T1.Forum_Posts_post_id, T2.vote_id HAVING COUNT(T2.vote_id) > 4"
637,codebase_community,State all the tags used by Mark Meckes in his posts that doesn't have comments.,DisplayName = 'Mark Meckes';,SELECT T3.Tags FROM users AS T1 INNER JOIN postHistory AS T2 ON T1.Id = T2.UserId INNER JOIN posts AS T3 ON T3.Id = T2.PostId WHERE T1.DisplayName = 'Mark Meckes' AND T3.CommentCount = 0,moderate,"['posts', 'users', 'postHistory']",SELECT Tags FROM cluster20_posthistory_join_posts_join_users WHERE DisplayName = 'Mark Meckes' AND CommentCount = 0,SELECT T3.post_tags FROM Forum_Users AS T1 INNER JOIN Forum_History AS T2 ON T1.user_id = T2.user_id INNER JOIN Forum_Posts AS T3 ON T3.post_id = T2.post_id WHERE T1.display_name = 'Mark Meckes' AND T3.comment_count = 0,"['Forum_Users', 'Forum_History', 'Forum_Posts']",SELECT post_tags FROM workload_updated_cluster20_Forum_History_join_Forum_Posts_join_Forum_Users WHERE display_name = 'Mark Meckes' AND comment_count = 0
639,codebase_community,"Based on posts posted by Community, calculate the percentage of posts that use the R language.","DIVIDE(COUNT(PostId WHERE TagName = R language)), (COUNT(PostId WHERE DisplayName = 'Community')) as percentage; R language refers to tagname = 'r'","SELECT CAST(SUM(IIF(T3.TagName = 'r', 1, 0)) AS REAL) * 100 / COUNT(T1.Id) FROM users AS T1 INNER JOIN postHistory AS T2 ON T1.Id = T2.UserId INNER JOIN tags AS T3 ON T3.ExcerptPostId = T2.PostId WHERE T1.DisplayName = 'Community'",challenging,"['tags', 'users', 'postHistory']","SELECT CAST(SUM(IIF(T3.TagName = 'r', 1, 0)) AS REAL) * 100 / COUNT(T1.Id) FROM users AS T1 INNER JOIN postHistory AS T2 ON T1.Id = T2.UserId INNER JOIN tags AS T3 ON T3.ExcerptPostId = T2.PostId WHERE T1.DisplayName = 'Community'","SELECT CAST(SUM(IIF(T3.tag_name = 'r', 1, 0)) AS REAL) * 100 / COUNT(T1.user_id) FROM Forum_Users AS T1 INNER JOIN Forum_History AS T2 ON T1.user_id = T2.user_id INNER JOIN Forum_Tags AS T3 ON T3.excerpt_post_id = T2.post_id WHERE T1.display_name = 'Community'","['Forum_Users', 'Forum_History', 'Forum_Tags']","SELECT CAST(SUM(IIF(T3.tag_name = 'r', 1, 0)) AS REAL) * 100 / COUNT(T1.user_id) FROM Forum_Users AS T1 INNER JOIN Forum_History AS T2 ON T1.user_id = T2.user_id INNER JOIN Forum_Tags AS T3 ON T3.excerpt_post_id = T2.post_id WHERE T1.display_name = 'Community'"
640,codebase_community,Calculate the difference in view count from post posted by mornington and view count from posts posted by Amos.,"SUBTRACT(SUM(ViewCount where DisplayName = 'Mornington'), SUM(ViewCount where DisplayName = 'Amos'));","SELECT SUM(IIF(T1.DisplayName = 'Mornington', T3.ViewCount, 0)) - SUM(IIF(T1.DisplayName = 'Amos', T3.ViewCount, 0)) AS diff FROM users AS T1 INNER JOIN postHistory AS T2 ON T1.Id = T2.UserId INNER JOIN posts AS T3 ON T3.Id = T2.PostId",moderate,"['posts', 'users', 'postHistory']","SELECT SUM(IIF(DisplayName = 'Mornington', ViewCount, 0)) - SUM(IIF(DisplayName = 'Amos', ViewCount, 0)) AS diff FROM cluster20_posthistory_join_posts_join_users","SELECT SUM(IIF(T1.display_name = 'Mornington', T3.view_count, 0)) - SUM(IIF(T1.display_name = 'Amos', T3.view_count, 0)) AS diff FROM Forum_Users AS T1 INNER JOIN Forum_History AS T2 ON T1.user_id = T2.user_id INNER JOIN Forum_Posts AS T3 ON T3.post_id = T2.post_id","['Forum_Users', 'Forum_History', 'Forum_Posts']","SELECT SUM(IIF(display_name = 'Mornington', view_count, 0)) - SUM(IIF(display_name = 'Amos', view_count, 0)) AS diff FROM workload_updated_cluster20_Forum_History_join_Forum_Posts_join_Forum_Users"
641,codebase_community,How many users received commentator badges in 2014?,commentator is the name of the badge; year(Date) = 2014;,"SELECT COUNT(Id) FROM badges WHERE Name = 'Commentator' AND STRFTIME('%Y', Date) = '2014'",simple,['badges'],"SELECT COUNT(badges_id) FROM cluster18_badges_join_users WHERE Name = 'Commentator' AND STRFTIME('%Y', Date) = '2014'","SELECT COUNT(badge_id) FROM Forum_Badges WHERE badge_name = 'Commentator' AND STRFTIME('%Y', awarded_at) = '2014'",['Forum_Badges'],"SELECT COUNT(badge_id) FROM Forum_Badges WHERE badge_name = 'Commentator' AND STRFTIME('%Y', awarded_at) = '2014'"
642,codebase_community,"How many posts were created on 21st July, 2010?","created on 21st July, 2010 refers to CreationDate BETWEEN '2010-07-21 00:00:00' and '2012-07-21 23:59:59';",SELECT COUNT(id) FROM postHistory WHERE date(CreationDate) = '2010-07-21',simple,['postHistory'],SELECT COUNT(id) FROM postHistory WHERE date(CreationDate) = '2010-07-21',SELECT COUNT(history_id) FROM Forum_History WHERE date(created_at) = '2010-07-21',['Forum_History'],SELECT COUNT(history_id) FROM Forum_History WHERE date(created_at) = '2010-07-21'
644,codebase_community,"Provide the last edit date and last edit user ID for the post ""Detecting a given face in a database of facial images"".",Title = 'Detecting a given face in a database of facial images';,"SELECT LastEditDate, LastEditorUserId FROM posts WHERE Title = 'Detecting a given face in a database of facial images'",simple,['posts'],"SELECT LastEditDate, LastEditorUserId FROM posts WHERE Title = 'Detecting a given face in a database of facial images'","SELECT last_edit_date, last_editor_id FROM Forum_Posts WHERE post_title = 'Detecting a given face in a database of facial images'",['Forum_Posts'],"SELECT last_edit_date, last_editor_id FROM Forum_Posts WHERE post_title = 'Detecting a given face in a database of facial images'"
645,codebase_community,How many negative comments were given by user ID 13?,negative comments refer to Score < 60;,SELECT COUNT(Id) FROM comments WHERE UserId = 13 AND Score < 60,simple,['comments'],SELECT COUNT(Id) FROM comments WHERE UserId = 13 AND Score < 60,SELECT COUNT(comment_id) FROM Forum_Comments WHERE user_id = 13 AND comment_score < 60,['Forum_Comments'],SELECT COUNT(comment_id) FROM Forum_Comments WHERE user_id = 13 AND comment_score < 60
646,codebase_community,Describe the post title which got positive comments and display names of the users who posted those comments.,positive comments refer to Score > 60;,"SELECT T1.Title, T2.UserDisplayName FROM posts AS T1 INNER JOIN comments AS T2 ON T2.PostId = T2.Id WHERE T1.Score > 60",simple,"['posts', 'comments']","SELECT T1.Title, T2.UserDisplayName FROM posts AS T1 INNER JOIN comments AS T2 ON T2.PostId = T2.Id WHERE T1.Score > 60","SELECT T1.post_title, T2.user_name FROM Forum_Posts AS T1 INNER JOIN Forum_Comments AS T2 ON T2.post_id = T2.comment_id WHERE T1.post_score > 60","['Forum_Comments', 'Forum_Posts']","SELECT T1.post_title, T2.user_name FROM Forum_Posts AS T1 INNER JOIN Forum_Comments AS T2 ON T2.post_id = T2.comment_id WHERE T1.post_score > 60"
647,codebase_community,Provide the badge names received in 2011 for the user whose location is in the North Pole.,received in 2011 refers to year(Date) = 2011;,"SELECT T2.Name FROM users AS T1 INNER JOIN badges AS T2 ON T1.Id = T2.UserId WHERE STRFTIME('%Y', T2.Date) = '2011' AND T1.Location = 'North Pole'",simple,"['badges', 'users']","SELECT Name FROM cluster18_badges_join_users WHERE STRFTIME('%Y', Date) = '2011' AND Location = 'North Pole'","SELECT T2.badge_name FROM Forum_Users AS T1 INNER JOIN Forum_Badges AS T2 ON T1.user_id = T2.user_id WHERE STRFTIME('%Y', T2.awarded_at) = '2011' AND T1.user_location = 'North Pole'","['Forum_Users', 'Forum_Badges']","SELECT badge_name FROM workload_updated_cluster18_Forum_Badges_join_Forum_Users WHERE STRFTIME('%Y', awarded_at) = '2011' AND user_location = 'North Pole'"
648,codebase_community,Provide the users' display names and available website URLs of the post with favorite count of more than 150.,favorite count of more than 150 refers to FavoriteCount > 150;,"SELECT T1.DisplayName, T1.WebsiteUrl FROM users AS T1 INNER JOIN posts AS T2 ON T1.Id = T2.OwnerUserId WHERE T2.FavoriteCount > 150",simple,"['posts', 'users']","SELECT DisplayName, WebsiteUrl FROM cluster17_posts_join_users WHERE FavoriteCount > 150","SELECT T1.display_name, T1.website_url FROM Forum_Users AS T1 INNER JOIN Forum_Posts AS T2 ON T1.user_id = T2.user_id WHERE T2.favorite_count > 150","['Forum_Users', 'Forum_Posts']","SELECT display_name, website_url FROM workload_updated_cluster17_Forum_Posts_join_Forum_Users WHERE favorite_count > 150"
652,codebase_community,List the post IDs and badge names of the user Samuel in 2013.,Samuel refers to UserDisplayName; YEAR(CreationDate) = 2013 relates to PostId; YEAR(Date) = 2013 relates to the badge;,"SELECT T1.PostId, T2.Name FROM postHistory AS T1 INNER JOIN badges AS T2 ON T1.UserId = T2.UserId WHERE T1.UserDisplayName = 'Samuel' AND STRFTIME('%Y', T1.CreationDate) = '2013' AND STRFTIME('%Y', T2.Date) = '2013'",moderate,"['badges', 'postHistory']","SELECT postHistory_PostId, Name FROM cluster20_posthistory_join_posts_join_users AS T20 INNER JOIN badges AS T2 ON T20.users_Id = T2.UserId WHERE postHistory_UserDisplayName = 'Samuel' AND STRFTIME('%Y', postHistory_CreationDate) = '2013' AND STRFTIME('%Y', Date) = '2013'","SELECT T1.post_id, T2.badge_name FROM Forum_History AS T1 INNER JOIN Forum_Badges AS T2 ON T1.user_id = T2.user_id WHERE T1.user_name = 'Samuel' AND STRFTIME('%Y', T1.created_at) = '2013' AND STRFTIME('%Y', T2.awarded_at) = '2013'","['Forum_History', 'Forum_Badges']","SELECT T1.Forum_Posts_post_id, T2.badge_name FROM workload_updated_cluster20_Forum_History_join_Forum_Posts_join_Forum_Users AS T1 INNER JOIN workload_updated_cluster18_Forum_Badges_join_Forum_Users AS T2 ON T1.Forum_Users_user_id = T2.Forum_Users_user_id WHERE T1.user_name = 'Samuel' AND STRFTIME('%Y', T1.created_at) = '2013' AND STRFTIME('%Y', T2.awarded_at) = '2013'"
653,codebase_community,What is the owner's display name of the most popular post?,Higher view count means the post has higher popularity; the most popular post refers to MAX(ViewCount);,SELECT DisplayName FROM users WHERE Id = ( SELECT OwnerUserId FROM posts ORDER BY ViewCount DESC LIMIT 1 ),simple,"['posts', 'users']",SELECT DisplayName FROM cluster17_posts_join_users ORDER BY ViewCount DESC LIMIT 1,SELECT display_name FROM Forum_Users WHERE user_id = ( SELECT user_id FROM Forum_Posts ORDER BY view_count DESC LIMIT 1 ),"['Forum_Users', 'Forum_Posts']",SELECT display_name FROM Forum_Users WHERE user_id = ( SELECT user_id FROM Forum_Posts ORDER BY view_count DESC LIMIT 1 )
655,codebase_community,"Write down the related posts titles and link type IDs of the post ""What are principal component scores?"".",Title = 'What are principal component scores?';,"SELECT T3.Title, T2.LinkTypeId FROM posts AS T1 INNER JOIN postLinks AS T2 ON T1.Id = T2.PostId INNER JOIN posts AS T3 ON T2.RelatedPostId = T3.Id WHERE T1.Title = 'What are principal component scores?'",simple,"['posts', 'postLinks']","SELECT T3.Title, T2.LinkTypeId FROM cluster50_postlinks_join_posts AS T2 INNER JOIN posts AS T3 ON T2.RelatedPostId = T3.Id WHERE T2.Title = 'What are principal component scores?'","SELECT T3.post_title, T2.link_type_id FROM Forum_Posts AS T1 INNER JOIN Forum_Links AS T2 ON T1.post_id = T2.post_id INNER JOIN Forum_Posts AS T3 ON T2.related_post_id = T3.post_id WHERE T1.post_title = 'What are principal component scores?'","['Forum_Posts', 'Forum_Links']","SELECT T2.post_title, T1.link_type_id FROM workload_updated_cluster50_Forum_Links_join_Forum_Posts AS T1 INNER JOIN Forum_Posts AS T2 ON T1.related_post_id = T2.post_id WHERE T1.post_title = 'What are principal component scores?'"
656,codebase_community,Describe the display name of the parent ID for child post with the highest score.,"If the parent id is not null, the post is the child post; the highest score refers to MAX(Score);",SELECT DisplayName FROM users WHERE Id = ( SELECT OwnerUserId FROM posts WHERE ParentId IS NOT NULL ORDER BY Score DESC LIMIT 1 ),simple,"['posts', 'users']",SELECT DisplayName FROM cluster17_posts_join_users WHERE ParentId IS NOT NULL ORDER BY Score DESC LIMIT 1,SELECT display_name FROM Forum_Users WHERE user_id = ( SELECT user_id FROM Forum_Posts WHERE parent_post_id IS NOT NULL ORDER BY post_score DESC LIMIT 1 ),"['Forum_Users', 'Forum_Posts']",SELECT display_name FROM Forum_Users WHERE user_id = ( SELECT user_id FROM Forum_Posts WHERE parent_post_id IS NOT NULL ORDER BY post_score DESC LIMIT 1 )
657,codebase_community,"Under the vote type of 8, provide the display names and websites URLs of the user who got the highest bounty amount.",vote type of 8 refers to VoteTypeId = 8; the highest bounty amount refers to MAX(BountyAmount);,"SELECT DisplayName, WebsiteUrl FROM users WHERE Id = ( SELECT UserId FROM votes WHERE VoteTypeId = 8 ORDER BY BountyAmount DESC LIMIT 1 )",moderate,"['votes', 'users']","SELECT DisplayName, WebsiteUrl FROM cluster17_posts_join_users AS T17 INNER JOIN votes AS T2 ON T17.users_Id = T2.UserId WHERE T2.VoteTypeId = 8 ORDER BY BountyAmount DESC LIMIT 1","SELECT display_name, website_url FROM Forum_Users WHERE user_id = ( SELECT user_id FROM Forum_Votes WHERE vote_type_id = 8 ORDER BY bounty_amount DESC LIMIT 1 )","['Forum_Users', 'Forum_Votes']","SELECT display_name, website_url FROM Forum_Users WHERE user_id = ( SELECT user_id FROM workload_updated_cluster49_Forum_Votes WHERE vote_type_id = 8 ORDER BY bounty_amount DESC LIMIT 1 )"
658,codebase_community,What are the titles of the top 5 posts with the highest popularity?,Higher view count means the post has higher popularity; the highest popularity refers to MAX(ViewCount);,SELECT Title FROM posts ORDER BY ViewCount DESC LIMIT 5,simple,['posts'],SELECT Title FROM posts ORDER BY ViewCount DESC LIMIT 5,SELECT post_title FROM Forum_Posts ORDER BY view_count DESC LIMIT 5,['Forum_Posts'],SELECT post_title FROM Forum_Posts ORDER BY view_count DESC LIMIT 5
659,codebase_community,"How many tags have post count between 5,000 to 7,000?","post count between 5,000 to 7,000 refers to Count BETWEEN 5000 and 7000;",SELECT COUNT(Id) FROM tags WHERE Count BETWEEN 5000 AND 7000,simple,['tags'],SELECT COUNT(Id) FROM tags WHERE Count BETWEEN 5000 AND 7000,SELECT COUNT(tag_id) FROM Forum_Tags WHERE post_count BETWEEN 5000 AND 7000,['Forum_Tags'],SELECT COUNT(tag_id) FROM Forum_Tags WHERE post_count BETWEEN 5000 AND 7000
662,codebase_community,How many posts with votes that were created in 2011 have a bounty of 50?,created in 2012 refers YEAR(CreationDate) = 2011; BountyAmount = 50;,"SELECT COUNT(T1.Id) FROM posts AS T1 INNER JOIN votes AS T2 ON T1.Id = T2.PostId WHERE T2.BountyAmount = 50 AND STRFTIME('%Y', T2.CreationDate) = '2011'",simple,"['votes', 'posts']","SELECT COUNT(posts_Id) FROM cluster17_posts_join_users AS T17 INNER JOIN votes AS T2 ON T17.posts_Id = T2.PostId WHERE T2.BountyAmount = 50 AND STRFTIME('%Y', T2.CreationDate) = '2011'","SELECT COUNT(T1.post_id) FROM Forum_Posts AS T1 INNER JOIN Forum_Votes AS T2 ON T1.post_id = T2.post_id WHERE T2.bounty_amount = 50 AND STRFTIME('%Y', T2.vote_date) = '2011'","['Forum_Votes', 'Forum_Posts']","SELECT COUNT(T1.post_id) FROM workload_updated_cluster17_Forum_Posts_join_Forum_Users AS T1 INNER JOIN workload_updated_cluster49_Forum_Votes AS T2 ON T1.post_id = T2.post_id WHERE T2.bounty_amount = 50 AND STRFTIME('%Y', T2.vote_date) = '2011'"
663,codebase_community,What is the id of the youngest user?,the youngest user refers to MIN(Age);,SELECT Id FROM users WHERE Age = ( SELECT MIN(Age) FROM users ),simple,['users'],SELECT users_id FROM cluster18_badges_join_users WHERE Age = (SELECT MIN(Age) FROM users),SELECT user_id FROM Forum_Users WHERE user_age = ( SELECT MIN(user_age) FROM Forum_Users ),['Forum_Users'],SELECT user_id FROM Forum_Users WHERE user_age = ( SELECT MIN(user_age) FROM Forum_Users )
667,codebase_community,What is the title of the post with the oldest post link?,the oldest post link refers to MIN(CreaionDate);,SELECT T1.Title FROM posts AS T1 INNER JOIN postLinks AS T2 ON T2.PostId = T1.Id ORDER BY T1.CreaionDate LIMIT 1,simple,"['posts', 'postLinks']",SELECT Title FROM cluster50_postlinks_join_posts ORDER BY posts_CreaionDate LIMIT 1,SELECT T1.post_title FROM Forum_Posts AS T1 INNER JOIN Forum_Links AS T2 ON T2.post_id = T1.post_id ORDER BY T1.created_at LIMIT 1,"['Forum_Posts', 'Forum_Links']",SELECT T1.post_title FROM Forum_Posts AS T1 INNER JOIN Forum_Links AS T2 ON T2.post_id = T1.post_id ORDER BY T1.created_at LIMIT 1
671,codebase_community,What is the display name of the user who acquired the first Autobiographer badge?,Autobiographer is the name of the badge; acquired the first refers to MIN(Date);,SELECT T1.DisplayName FROM users AS T1 INNER JOIN badges AS T2 ON T1.Id = T2.UserId WHERE T2.`Name` = 'Autobiographer' ORDER BY T2.Date LIMIT 1,simple,"['badges', 'users']",SELECT DisplayName FROM cluster18_badges_join_users WHERE Name = 'Autobiographer' ORDER BY Date LIMIT 1,SELECT T1.display_name FROM Forum_Users AS T1 INNER JOIN Forum_Badges AS T2 ON T1.user_id = T2.user_id WHERE T2.badge_name = 'Autobiographer' ORDER BY T2.awarded_at LIMIT 1,"['Forum_Users', 'Forum_Badges']",SELECT display_name FROM workload_updated_cluster18_Forum_Badges_join_Forum_Users WHERE badge_name = 'Autobiographer' ORDER BY awarded_at LIMIT 1
673,codebase_community,What is the average number of posts voted by the oldest users?,average number of posts voted refers to AVG(PostId) FROM votes; the oldest users refer to MAX(Age);,SELECT AVG(PostId) FROM votes WHERE UserId IN ( SELECT Id FROM users WHERE Age = ( SELECT MAX(Age) FROM users ) ),simple,"['votes', 'users']",SELECT AVG(PostId) FROM votes WHERE UserId IN ( SELECT Id FROM users WHERE Age = ( SELECT MAX(Age) FROM users ) ),SELECT AVG(post_id) FROM Forum_Votes WHERE user_id IN ( SELECT user_id FROM Forum_Users WHERE user_age = ( SELECT MAX(user_age) FROM Forum_Users ) ),"['Forum_Users', 'Forum_Votes']",SELECT AVG(post_id) FROM Forum_Votes WHERE user_id IN ( SELECT user_id FROM Forum_Users WHERE user_age = ( SELECT MAX(user_age) FROM Forum_Users ) )
675,codebase_community,How many users whose reputations are higher than 2000 and the number of views is higher than 1000?,reputations are higher than 2000 refer to Reputation > 2000; number of views is higher than 1000 refers to Views > 1000;,SELECT COUNT(id) FROM users WHERE Reputation > 2000 AND Views > 1000,simple,['users'],SELECT COUNT(Id) FROM users WHERE Reputation > 2000 AND Views > 1000,SELECT COUNT(user_id) FROM Forum_Users WHERE reputation_score > 2000 AND profile_views > 1000,['Forum_Users'],SELECT COUNT(user_id) FROM Forum_Users WHERE reputation_score > 2000 AND profile_views > 1000
676,codebase_community,Please list all display names of users who are adults.,adults refer to users where Age BETWEEN 19 and 65;,SELECT DisplayName FROM users WHERE Age BETWEEN 19 AND 65,simple,['users'],SELECT DisplayName FROM users WHERE Age BETWEEN 19 AND 65,SELECT display_name FROM Forum_Users WHERE user_age BETWEEN 19 AND 65,['Forum_Users'],SELECT display_name FROM Forum_Users WHERE user_age BETWEEN 19 AND 65
681,codebase_community,Please list the users' display names whose posts had over 20000 views in 2011.,had over 20000 views in 2011 refers to ViewCount > 20000 where YEAR(CreationDate) = 2011;,"SELECT T1.DisplayName FROM users AS T1 INNER JOIN posts AS T2 ON T1.Id = T2.OwnerUserId WHERE STRFTIME('%Y', T2.CreaionDate) = '2011' AND T2.ViewCount > 20000",simple,"['posts', 'users']","SELECT DisplayName FROM cluster17_posts_join_users WHERE STRFTIME('%Y', posts_CreaionDate) = '2011' AND ViewCount > 20000","SELECT T1.display_name FROM Forum_Users AS T1 INNER JOIN Forum_Posts AS T2 ON T1.user_id = T2.user_id WHERE STRFTIME('%Y', T2.created_at) = '2011' AND T2.view_count > 20000","['Forum_Users', 'Forum_Posts']","SELECT display_name FROM workload_updated_cluster17_Forum_Posts_join_Forum_Users WHERE STRFTIME('%Y', created_at) = '2011' AND view_count > 20000"
683,codebase_community,What is the percentage of posts whose owners had a reputation of over 1000 in 2011?,"DIVIDE(COUNT(Id where CreationDate = 2011 and Reputation > 1000), COUNT(Id) ) * 100 as percentage;","SELECT CAST(SUM(IIF(STRFTIME('%Y', T2.CreaionDate) = '2011' AND T1.Reputation > 1000, 1, 0)) AS REAL) * 100 / COUNT(T1.Id) FROM users AS T1 INNER JOIN posts AS T2 ON T1.Id = T2.OwnerUserId",moderate,"['posts', 'users']","SELECT CAST(SUM(IIF(STRFTIME('%Y', posts_CreaionDate) = '2011' AND Reputation > 1000, 1, 0)) AS REAL) * 100 / COUNT(users_id) FROM cluster17_posts_join_users","SELECT CAST(SUM(IIF(STRFTIME('%Y', T2.created_at) = '2011' AND T1.reputation_score > 1000, 1, 0)) AS REAL) * 100 / COUNT(T1.user_id) FROM Forum_Users AS T1 INNER JOIN Forum_Posts AS T2 ON T1.user_id = T2.user_id","['Forum_Users', 'Forum_Posts']","SELECT CAST(SUM(IIF(STRFTIME('%Y', created_at) = '2011' AND reputation_score > 1000, 1, 0)) AS REAL) * 100 / COUNT(Forum_Users_user_id) FROM workload_updated_cluster17_Forum_Posts_join_Forum_Users"
684,codebase_community,Identify the percentage of teenage users.,"DIVIDE(COUNT(Id where Age BETWEEN 13 and 18), COUNT(Id)) as percentage;","SELECT CAST(SUM(IIF(Age BETWEEN 13 AND 18, 1, 0)) AS REAL) * 100 / COUNT(Id) FROM users",simple,['users'],"SELECT CAST(SUM(IIF(Age BETWEEN 13 AND 18, 1, 0)) AS REAL) * 100 / COUNT(Id) FROM users","SELECT CAST(SUM(IIF(user_age BETWEEN 13 AND 18, 1, 0)) AS REAL) * 100 / COUNT(user_id) FROM Forum_Users",['Forum_Users'],"SELECT CAST(SUM(IIF(user_age BETWEEN 13 AND 18, 1, 0)) AS REAL) * 100 / COUNT(user_id) FROM Forum_Users"
685,codebase_community,Identify the total views on the post 'Computer Game Datasets'. Name the user who posted it last time.,views refer to ViewCount; Name the user refers to DisplayName; Text = 'Computer Game Datasets';,"SELECT T2.ViewCount, T3.DisplayName FROM postHistory AS T1 INNER JOIN posts AS T2 ON T1.PostId = T2.Id INNER JOIN users AS T3 ON T2.LastEditorUserId = T3.Id WHERE T1.Text = 'Computer Game Datasets'",moderate,"['posts', 'postHistory', 'users']","SELECT T2.ViewCount, T3.DisplayName FROM postHistory AS T1 INNER JOIN posts AS T2 ON T1.PostId = T2.Id INNER JOIN users AS T3 ON T2.LastEditorUserId = T3.Id WHERE T1.Text = 'Computer Game Datasets'","SELECT T2.view_count, T3.display_name FROM Forum_History AS T1 INNER JOIN Forum_Posts AS T2 ON T1.post_id = T2.post_id INNER JOIN Forum_Users AS T3 ON T2.last_editor_id = T3.user_id WHERE T1.content_text = 'Computer Game Datasets'","['Forum_Users', 'Forum_History', 'Forum_Posts']","SELECT T1.view_count, T2.display_name FROM workload_updated_cluster20_Forum_History_join_Forum_Posts_join_Forum_Users AS T1 INNER JOIN Forum_Users AS T2 ON T1.last_editor_id = T2.user_id WHERE T1.content_text = 'Computer Game Datasets'"
686,codebase_community,Identify the total number of posts with views above average.,views above average refer to ViewCount > AVG(ViewCount);,SELECT Id FROM posts WHERE ViewCount > ( SELECT AVG(ViewCount) FROM posts ),simple,['posts'],SELECT Id FROM posts WHERE ViewCount > ( SELECT AVG(ViewCount) FROM posts ),SELECT post_id FROM Forum_Posts WHERE view_count > ( SELECT AVG(view_count) FROM Forum_Posts ),['Forum_Posts'],SELECT post_id FROM Forum_Posts WHERE view_count > ( SELECT AVG(view_count) FROM Forum_Posts )
687,codebase_community,How many comments were added to the post with the highest score?,the highest score refers to MAX(Score);,SELECT COUNT(T2.Id) FROM posts AS T1 INNER JOIN comments AS T2 ON T1.Id = T2.PostId GROUP BY T1.Id ORDER BY SUM(T1.Score) DESC LIMIT 1,simple,"['posts', 'comments']",SELECT COUNT(comments_id) FROM cluster19_comments_join_posts GROUP BY posts_id ORDER BY SUM(posts_score) DESC LIMIT 1,SELECT COUNT(T2.comment_id) FROM Forum_Posts AS T1 INNER JOIN Forum_Comments AS T2 ON T1.post_id = T2.post_id GROUP BY T1.post_id ORDER BY SUM(T1.post_score) DESC LIMIT 1,"['Forum_Comments', 'Forum_Posts']",SELECT COUNT(comment_id) FROM workload_updated_cluster19_Forum_Comments_join_Forum_Posts GROUP BY Forum_Posts_post_id ORDER BY SUM(post_score) DESC LIMIT 1
688,codebase_community,Identify the number of posts that have been viewed over 35000 times but have received no comments from other users.,have been viewed over 35000 times refers to ViewCount > 35000; received no comments refers to CommentCount = 0;,SELECT COUNT(Id) FROM posts WHERE ViewCount > 35000 AND CommentCount = 0,simple,['posts'],SELECT COUNT(posts_Id) FROM cluster17_posts_join_users WHERE ViewCount > 35000 AND CommentCount = 0,SELECT COUNT(post_id) FROM Forum_Posts WHERE view_count > 35000 AND comment_count = 0,['Forum_Posts'],SELECT COUNT(post_id) FROM Forum_Posts WHERE view_count > 35000 AND comment_count = 0
689,codebase_community,"Identify the display name and location of the user, who was the last to edit the post with ID 183.",last to edit refers to MAX(LastEditDate);,"SELECT T2.DisplayName, T2.Location FROM posts AS T1 INNER JOIN users AS T2 ON T1.OwnerUserId = T2.Id WHERE T2.Id = 183 ORDER BY T1.LastEditDate DESC LIMIT 1",simple,"['posts', 'users']","SELECT DisplayName, Location FROM cluster17_posts_join_users WHERE users_Id = 183 ORDER BY LastEditDate DESC LIMIT 1","SELECT T2.display_name, T2.user_location FROM Forum_Posts AS T1 INNER JOIN Forum_Users AS T2 ON T1.user_id = T2.user_id WHERE T2.user_id = 183 ORDER BY T1.last_edit_date DESC LIMIT 1","['Forum_Users', 'Forum_Posts']","SELECT display_name, user_location FROM workload_updated_cluster17_Forum_Posts_join_Forum_Users WHERE Forum_Users_user_id = 183 ORDER BY last_edit_date DESC LIMIT 1"
690,codebase_community,Identify the latest badge awarded to the user with the display name Emmett.,the latest badge refers to Name FROM badges where MAX(Date);,SELECT T1.Name FROM badges AS T1 INNER JOIN users AS T2 ON T1.UserId = T2.Id WHERE T2.DisplayName = 'Emmett' ORDER BY T1.Date DESC LIMIT 1,simple,"['badges', 'users']",SELECT Name FROM cluster18_badges_join_users WHERE DisplayName = 'Emmett' ORDER BY Date DESC LIMIT 1,SELECT T1.badge_name FROM Forum_Badges AS T1 INNER JOIN Forum_Users AS T2 ON T1.user_id = T2.user_id WHERE T2.display_name = 'Emmett' ORDER BY T1.awarded_at DESC LIMIT 1,"['Forum_Users', 'Forum_Badges']",SELECT badge_name FROM workload_updated_cluster18_Forum_Badges_join_Forum_Users WHERE display_name = 'Emmett' ORDER BY awarded_at DESC LIMIT 1
692,codebase_community,"How long did it take the user, known by his or her display name 'Zolomon' to get the badge? Count from the date the user's account was created.","SUBTRACT(Date from stats_badges, CreationDate) where DisplayName = 'Zolomon';",SELECT T1.Date - T2.CreationDate FROM badges AS T1 INNER JOIN users AS T2 ON T1.UserId = T2.Id WHERE T2.DisplayName = 'Zolomon',moderate,"['badges', 'users']",SELECT Date - CreationDate FROM cluster18_badges_join_users WHERE DisplayName = 'Zolomon',SELECT T1.awarded_at - T2.account_created_at FROM Forum_Badges AS T1 INNER JOIN Forum_Users AS T2 ON T1.user_id = T2.user_id WHERE T2.display_name = 'Zolomon',"['Forum_Users', 'Forum_Badges']",SELECT awarded_at - account_created_at FROM workload_updated_cluster18_Forum_Badges_join_Forum_Users WHERE display_name = 'Zolomon'
696,codebase_community,Count the number of posts with a tag specified as 'careers'.,tag specified as 'careers' refers to TagName = 'careers';,SELECT COUNT(Id) FROM tags WHERE TagName = 'careers',simple,['tags'],SELECT COUNT(Id) FROM tags WHERE TagName = 'careers',SELECT COUNT(tag_id) FROM Forum_Tags WHERE tag_name = 'careers',['Forum_Tags'],SELECT COUNT(tag_id) FROM Forum_Tags WHERE tag_name = 'careers'
697,codebase_community,"What is the reputation and view count of the user, who is known by his or her display name 'Jarrod Dixon'?",,"SELECT Reputation, Views FROM users WHERE DisplayName = 'Jarrod Dixon'",simple,['users'],"SELECT Reputation, Views FROM users WHERE DisplayName = 'Jarrod Dixon'","SELECT reputation_score, profile_views FROM Forum_Users WHERE display_name = 'Jarrod Dixon'",['Forum_Users'],"SELECT reputation_score, profile_views FROM Forum_Users WHERE display_name = 'Jarrod Dixon'"
698,codebase_community,How many comments and answers were left by the users on the post with the title 'Clustering 1D data'?,,"SELECT CommentCount, AnswerCount FROM posts WHERE Title = 'Clustering 1D data'",simple,['posts'],"SELECT CommentCount, AnswerCount FROM cluster17_posts_join_users WHERE Title = 'Clustering 1D data'","SELECT comment_count, answer_count FROM Forum_Posts WHERE post_title = 'Clustering 1D data'",['Forum_Posts'],"SELECT comment_count, answer_count FROM Forum_Posts WHERE post_title = 'Clustering 1D data'"
699,codebase_community,When did the user known as 'IrishStat' create his or her account?,DisplayName = 'IrishStat'; when create his or her account refers to CreationDate;,SELECT CreationDate FROM users WHERE DisplayName = 'IrishStat',simple,['users'],SELECT users_CreationDate FROM cluster17_posts_join_users WHERE DisplayName = 'IrishStat',SELECT account_created_at FROM Forum_Users WHERE display_name = 'IrishStat',['Forum_Users'],SELECT account_created_at FROM Forum_Users WHERE display_name = 'IrishStat'
702,codebase_community,How many posts have a score less than 20?,score less than 20 refers to Score < 20;,SELECT COUNT(id) FROM posts WHERE Score < 20,simple,['posts'],SELECT COUNT(id) FROM posts WHERE Score < 20,SELECT COUNT(post_id) FROM Forum_Posts WHERE post_score < 20,['Forum_Posts'],SELECT COUNT(post_id) FROM Forum_Posts WHERE post_score < 20
703,codebase_community,"Among the tags with tag ID below 15, how many of them have 20 count of posts and below?",ID below 15 refers to Id < 15; have 20 count of posts and below refers to Count < = 20;,SELECT COUNT(id) FROM tags WHERE Count <= 20 AND Id < 15,simple,['tags'],SELECT COUNT(Id) FROM tags WHERE Count <= 20 AND Id < 15,SELECT COUNT(tag_id) FROM Forum_Tags WHERE post_count <= 20 AND tag_id < 15,['Forum_Tags'],SELECT COUNT(tag_id) FROM Forum_Tags WHERE post_count <= 20 AND tag_id < 15
708,codebase_community,List the creation date and age of the user that commented with webiste.,commented with webiste refers to the value contains 'http://',"SELECT T2.CreationDate, T2.Age FROM comments AS T1 INNER JOIN users AS T2 ON T1.UserId = T2.Id WHERE T1.text LIKE '%http://%'",moderate,"['comments', 'users']","SELECT CreationDate, Age FROM cluster19_comments_join_posts AS T19 INNER JOIN users AS T_users ON T19.UserId = T_users.Id WHERE T19.Text LIKE '%http://%'","SELECT T2.account_created_at, T2.user_age FROM Forum_Comments AS T1 INNER JOIN Forum_Users AS T2 ON T1.user_id = T2.user_id WHERE T1.comment_text LIKE '%http://%'","['Forum_Users', 'Forum_Comments']","SELECT T2.account_created_at, T2.user_age FROM Forum_Comments AS T1 INNER JOIN Forum_Users AS T2 ON T1.user_id = T2.user_id WHERE T1.comment_text LIKE '%http://%'"
709,codebase_community,"In comments with 0 score, how many of the posts have view count lower than 5?",view count lower than 5 refers to ViewCount < 5;,SELECT COUNT(T1.Id) FROM comments AS T1 INNER JOIN posts AS T2 ON T1.PostId = T2.Id WHERE T2.ViewCount < 5 AND T2.Score = 0,simple,"['posts', 'comments']",SELECT COUNT(comments_Id) FROM cluster19_comments_join_posts WHERE ViewCount < 5 AND posts_Score = 0,SELECT COUNT(T1.comment_id) FROM Forum_Comments AS T1 INNER JOIN Forum_Posts AS T2 ON T1.post_id = T2.post_id WHERE T2.view_count < 5 AND T2.post_score = 0,"['Forum_Comments', 'Forum_Posts']",SELECT COUNT(comment_id) FROM workload_updated_cluster19_Forum_Comments_join_Forum_Posts WHERE view_count < 5 AND post_score = 0
713,codebase_community,"What is the up vote number of the user that commented ""R is also lazy evaluated.""?","commented ""R is also lazy evaluated."" refers to Text of the comment;",SELECT T2.UpVotes FROM comments AS T1 INNER JOIN users AS T2 ON T1.UserId = T2.Id WHERE T1.Text = 'R is also lazy evaluated.',simple,"['comments', 'users']",SELECT UpVotes FROM cluster19_comments_join_posts AS T19 INNER JOIN users AS T2 ON T19.UserId = T2.Id WHERE T19.Text = 'R is also lazy evaluated.',SELECT T2.total_up_votes FROM Forum_Comments AS T1 INNER JOIN Forum_Users AS T2 ON T1.user_id = T2.user_id WHERE T1.comment_text = 'R is also lazy evaluated.',"['Forum_Users', 'Forum_Comments']",SELECT T2.total_up_votes FROM Forum_Comments AS T1 INNER JOIN Forum_Users AS T2 ON T1.user_id = T2.user_id WHERE T1.comment_text = 'R is also lazy evaluated.'
716,codebase_community,"Among the comments with scores between 5 to 10, what is the percentage of the users with 0 up votes?","DIVIDE(COUNT(UserId where UpVotes = 0 and Score BETWEEN 5 and 10)), (COUNT(UserId where Score BETWEEN 5 and 10)) as percentage;","SELECT CAST(SUM(IIF(T1.UpVotes = 0, 1, 0)) AS REAL) / COUNT(T1.Id) AS per FROM users AS T1 INNER JOIN comments AS T2 ON T1.Id = T2.UserId WHERE T2.Score BETWEEN 5 AND 10",moderate,"['comments', 'users']","SELECT CAST(SUM(IIF(T1.UpVotes = 0, 1, 0)) AS REAL) / COUNT(T1.Id) AS per FROM users AS T1 INNER JOIN comments AS T2 ON T1.Id = T2.UserId WHERE T2.Score BETWEEN 5 AND 10","SELECT CAST(SUM(IIF(T1.total_up_votes = 0, 1, 0)) AS REAL) / COUNT(T1.user_id) AS per FROM Forum_Users AS T1 INNER JOIN Forum_Comments AS T2 ON T1.user_id = T2.user_id WHERE T2.comment_score BETWEEN 5 AND 10","['Forum_Users', 'Forum_Comments']","SELECT CAST(SUM(IIF(T1.total_up_votes = 0, 1, 0)) AS REAL) / COUNT(T1.user_id) AS per FROM Forum_Users AS T1 INNER JOIN Forum_Comments AS T2 ON T1.user_id = T2.user_id WHERE T2.comment_score BETWEEN 5 AND 10"
717,superhero,Please list all the superpowers of 3-D Man.,3-D Man refers to superhero_name = '3-D Man'; superpowers refers to power_name,SELECT T3.power_name FROM superhero AS T1 INNER JOIN hero_power AS T2 ON T1.id = T2.hero_id INNER JOIN superpower AS T3 ON T2.power_id = T3.id WHERE T1.superhero_name = '3-D Man',simple,"['superpower', 'hero_power', 'superhero']",SELECT power_name FROM cluster21_hero_power_join_superhero_join_superpower WHERE superhero_name = '3-D Man',SELECT T3.power_name FROM Hero_Profiles AS T1 INNER JOIN Hero_Power_Map AS T2 ON T1.hero_id = T2.hero_id INNER JOIN Hero_Superpowers AS T3 ON T2.power_id = T3.superpower_id WHERE T1.superhero_name = '3-D Man',"['Hero_Power_Map', 'Hero_Profiles', 'Hero_Superpowers']",SELECT power_name FROM workload_updated_cluster21_Hero_Power_Map_join_Hero_Profiles_join_Hero_Superpowers WHERE superhero_name = '3-D Man'
719,superhero,"Among the superheroes with the super power of ""Super Strength"", how many of them have a height of over 200cm?","super power of ""Super Strength"" refers to power_name = 'Super Strength'; a height of over 200cm refers to height_cm > 200",SELECT COUNT(T1.id) FROM superhero AS T1 INNER JOIN hero_power AS T2 ON T1.id = T2.hero_id INNER JOIN superpower AS T3 ON T2.power_id = T3.id WHERE T3.power_name = 'Super Strength' AND T1.height_cm > 200,moderate,"['superpower', 'hero_power', 'superhero']",SELECT COUNT(superhero_id) FROM cluster21_hero_power_join_superhero_join_superpower WHERE power_name = 'Super Strength' AND height_cm > 200,SELECT COUNT(T1.hero_id) FROM Hero_Profiles AS T1 INNER JOIN Hero_Power_Map AS T2 ON T1.hero_id = T2.hero_id INNER JOIN Hero_Superpowers AS T3 ON T2.power_id = T3.superpower_id WHERE T3.power_name = 'Super Strength' AND T1.height_cm > 200,"['Hero_Power_Map', 'Hero_Profiles', 'Hero_Superpowers']",SELECT COUNT(Hero_Profiles_hero_id) FROM workload_updated_cluster21_Hero_Power_Map_join_Hero_Profiles_join_Hero_Superpowers WHERE power_name = 'Super Strength' AND height_cm > 200
723,superhero,"Among the superheroes with blue eyes, how many of them have the super power of ""Agility""?","blue eyes refers to colour = 'Blue' and eye_colour_id = colour.id; super power of ""Agility"" refers to power_name = 'Agility'",SELECT COUNT(T1.id) FROM superhero AS T1 INNER JOIN hero_power AS T2 ON T1.id = T2.hero_id INNER JOIN superpower AS T3 ON T2.power_id = T3.id INNER JOIN colour AS T4 ON T1.eye_colour_id = T4.id WHERE T3.power_name = 'Agility' AND T4.colour = 'Blue',moderate,"['superpower', 'hero_power', 'colour', 'superhero']",SELECT COUNT(superhero_id) FROM cluster21_hero_power_join_superhero_join_superpower AS T21 INNER JOIN colour AS T_col ON T21.eye_colour_id = T_col.id WHERE T21.power_name = 'Agility' AND T_col.colour = 'Blue',SELECT COUNT(T1.hero_id) FROM Hero_Profiles AS T1 INNER JOIN Hero_Power_Map AS T2 ON T1.hero_id = T2.hero_id INNER JOIN Hero_Superpowers AS T3 ON T2.power_id = T3.superpower_id INNER JOIN Hero_Colors AS T4 ON T1.eye_colour_id = T4.colour_id WHERE T3.power_name = 'Agility' AND T4.colour = 'Blue',"['Hero_Power_Map', 'Hero_Profiles', 'Hero_Colors', 'Hero_Superpowers']",SELECT COUNT(T1.Hero_Profiles_hero_id) FROM workload_updated_cluster21_Hero_Power_Map_join_Hero_Profiles_join_Hero_Superpowers AS T1 INNER JOIN workload_updated_cluster23_Hero_Colors_join_Hero_Profiles AS T2 ON T1.Hero_Profiles_hero_id = T2.hero_id WHERE T1.power_name = 'Agility' AND T2.colour = 'Blue'
725,superhero,How many superheroes are published by Marvel Comics?,published by Marvel Comics refers to publisher_name = 'Marvel Comics',SELECT COUNT(T1.id) FROM superhero AS T1 INNER JOIN publisher AS T2 ON T1.publisher_id = T2.id WHERE T2.publisher_name = 'Marvel Comics',simple,"['publisher', 'superhero']",SELECT COUNT(superhero_id) FROM cluster22_publisher_join_superhero WHERE publisher_name = 'Marvel Comics',SELECT COUNT(T1.hero_id) FROM Hero_Profiles AS T1 INNER JOIN Hero_Publishers AS T2 ON T1.publisher_id = T2.publisher_id WHERE T2.publisher_name = 'Marvel Comics',"['Hero_Profiles', 'Hero_Publishers']",SELECT COUNT(hero_id) FROM workload_updated_cluster22_Hero_Profiles_join_Hero_Publishers WHERE publisher_name = 'Marvel Comics'
726,superhero,Please give the full name of the tallest hero published by Marvel Comics.,the tallest hero refers to MAX(height_cm); published by Marvel Comics refers to publisher_name = 'Marvel Comics',SELECT T1.full_name FROM superhero AS T1 INNER JOIN publisher AS T2 ON T1.publisher_id = T2.id WHERE T2.publisher_name = 'Marvel Comics' ORDER BY T1.height_cm DESC LIMIT 1,moderate,"['publisher', 'superhero']",SELECT full_name FROM cluster22_publisher_join_superhero WHERE publisher_name = 'Marvel Comics' ORDER BY height_cm DESC LIMIT 1,SELECT T1.full_name FROM Hero_Profiles AS T1 INNER JOIN Hero_Publishers AS T2 ON T1.publisher_id = T2.publisher_id WHERE T2.publisher_name = 'Marvel Comics' ORDER BY T1.height_cm DESC LIMIT 1,"['Hero_Profiles', 'Hero_Publishers']",SELECT full_name FROM workload_updated_cluster22_Hero_Profiles_join_Hero_Publishers WHERE publisher_name = 'Marvel Comics' ORDER BY height_cm DESC LIMIT 1
728,superhero,"Among the superheroes from Marvel Comics, how many of them have blue eyes?",the superheroes from Marvel Comics refers to publisher_name = 'Marvel Comics'; blue eyes refers to colour = 'Blue' and eye_colour_id = colour.id,SELECT COUNT(T1.id) FROM superhero AS T1 INNER JOIN publisher AS T2 ON T1.publisher_id = T2.id INNER JOIN colour AS T3 ON T1.eye_colour_id = T3.id WHERE T2.publisher_name = 'Marvel Comics' AND T3.colour = 'Blue',moderate,"['colour', 'publisher', 'superhero']",SELECT COUNT(superhero_id) FROM cluster22_publisher_join_superhero AS T22 INNER JOIN colour AS T_col ON T22.eye_colour_id = T_col.id WHERE T22.publisher_name = 'Marvel Comics' AND T_col.colour = 'Blue',SELECT COUNT(T1.hero_id) FROM Hero_Profiles AS T1 INNER JOIN Hero_Publishers AS T2 ON T1.publisher_id = T2.publisher_id INNER JOIN Hero_Colors AS T3 ON T1.eye_colour_id = T3.colour_id WHERE T2.publisher_name = 'Marvel Comics' AND T3.colour = 'Blue',"['Hero_Profiles', 'Hero_Colors', 'Hero_Publishers']",SELECT COUNT(T1.hero_id) FROM workload_updated_cluster22_Hero_Profiles_join_Hero_Publishers AS T1 INNER JOIN workload_updated_cluster23_Hero_Colors_join_Hero_Profiles AS T2 ON T1.hero_id = T2.hero_id WHERE T1.publisher_name = 'Marvel Comics' AND T2.colour = 'Blue'
729,superhero,What is the average height of the superheroes from Marvel Comics?,superheroes from Marvel Comics refers to publisher_name = 'Marvel Comics'; average height of the superheroes refers to AVG(height_cm),SELECT AVG(T1.height_cm) FROM superhero AS T1 INNER JOIN publisher AS T2 ON T1.publisher_id = T2.id WHERE T2.publisher_name = 'Marvel Comics',simple,"['publisher', 'superhero']",SELECT AVG(height_cm) FROM cluster22_publisher_join_superhero WHERE publisher_name = 'Marvel Comics',SELECT AVG(T1.height_cm) FROM Hero_Profiles AS T1 INNER JOIN Hero_Publishers AS T2 ON T1.publisher_id = T2.publisher_id WHERE T2.publisher_name = 'Marvel Comics',"['Hero_Profiles', 'Hero_Publishers']",SELECT AVG(height_cm) FROM workload_updated_cluster22_Hero_Profiles_join_Hero_Publishers WHERE publisher_name = 'Marvel Comics'
731,superhero,How many superheroes did DC Comics publish?,superheroes that DC Comics published refers to publisher_name = 'DC Comics',SELECT COUNT(T1.id) FROM superhero AS T1 INNER JOIN publisher AS T2 ON T1.publisher_id = T2.id WHERE T2.publisher_name = 'DC Comics',simple,"['publisher', 'superhero']",SELECT COUNT(superhero_id) FROM cluster22_publisher_join_superhero WHERE publisher_name = 'DC Comics',SELECT COUNT(T1.hero_id) FROM Hero_Profiles AS T1 INNER JOIN Hero_Publishers AS T2 ON T1.publisher_id = T2.publisher_id WHERE T2.publisher_name = 'DC Comics',"['Hero_Profiles', 'Hero_Publishers']",SELECT COUNT(hero_id) FROM workload_updated_cluster22_Hero_Profiles_join_Hero_Publishers WHERE publisher_name = 'DC Comics'
732,superhero,Which publisher published the slowest superhero?,the slowest superhero refers to attribute_name = 'Speed' where MIN(attribute_value); publisher refers to publisher_name,SELECT T2.publisher_name FROM superhero AS T1 INNER JOIN publisher AS T2 ON T1.publisher_id = T2.id INNER JOIN hero_attribute AS T3 ON T1.id = T3.hero_id INNER JOIN attribute AS T4 ON T3.attribute_id = T4.id WHERE T4.attribute_name = 'Speed' ORDER BY T3.attribute_value LIMIT 1,moderate,"['attribute', 'publisher', 'superhero', 'hero_attribute']",SELECT T2.publisher_name FROM superhero AS T1 INNER JOIN publisher AS T2 ON T1.publisher_id = T2.id INNER JOIN hero_attribute AS T3 ON T1.id = T3.hero_id INNER JOIN attribute AS T4 ON T3.attribute_id = T4.id WHERE T4.attribute_name = 'Speed' ORDER BY T3.attribute_value LIMIT 1,SELECT T2.publisher_name FROM Hero_Profiles AS T1 INNER JOIN Hero_Publishers AS T2 ON T1.publisher_id = T2.publisher_id INNER JOIN Hero_Attributes AS T3 ON T1.hero_id = T3.hero_id INNER JOIN Hero_Attribute_Types AS T4 ON T3.attribute_id = T4.attribute_id WHERE T4.attribute_name = 'Speed' ORDER BY T3.attribute_value LIMIT 1,"['Hero_Profiles', 'Hero_Attributes', 'Hero_Attribute_Types', 'Hero_Publishers']",SELECT publisher_name FROM workload_updated_cluster51_Hero_Attribute_Types_join_Hero_Attributes_join_Hero_Profiles_join_Hero_Publishers WHERE attribute_name = 'Speed' ORDER BY attribute_value LIMIT 1
733,superhero,How many gold-eyed superheroes did Marvel Comics publish?,gold-eyed refers to colour = 'Gold' where eye_colour_id = colour.id; superheroes that Marvel Comics published refers to publisher_name = 'Marvel Comics',SELECT COUNT(T1.id) FROM superhero AS T1 INNER JOIN publisher AS T2 ON T1.publisher_id = T2.id INNER JOIN colour AS T3 ON T1.eye_colour_id = T3.id WHERE T2.publisher_name = 'Marvel Comics' AND T3.colour = 'Gold',moderate,"['colour', 'publisher', 'superhero']",SELECT COUNT(superhero_id) FROM cluster22_publisher_join_superhero AS T22 INNER JOIN colour AS T_col ON T22.eye_colour_id = T_col.id WHERE T22.publisher_name = 'Marvel Comics' AND T_col.colour = 'Gold',SELECT COUNT(T1.hero_id) FROM Hero_Profiles AS T1 INNER JOIN Hero_Publishers AS T2 ON T1.publisher_id = T2.publisher_id INNER JOIN Hero_Colors AS T3 ON T1.eye_colour_id = T3.colour_id WHERE T2.publisher_name = 'Marvel Comics' AND T3.colour = 'Gold',"['Hero_Profiles', 'Hero_Colors', 'Hero_Publishers']",SELECT COUNT(T1.hero_id) FROM workload_updated_cluster22_Hero_Profiles_join_Hero_Publishers AS T1 INNER JOIN workload_updated_cluster23_Hero_Colors_join_Hero_Profiles AS T2 ON T1.hero_id = T2.hero_id WHERE T1.publisher_name = 'Marvel Comics' AND T2.colour = 'Gold'
734,superhero,What is the publisher's name of Blue Beetle II?,Blue Beetle II refers to superhero_name = 'Blue Beetle II',SELECT T2.publisher_name FROM superhero AS T1 INNER JOIN publisher AS T2 ON T1.publisher_id = T2.id WHERE T1.superhero_name = 'Blue Beetle II',simple,"['publisher', 'superhero']",SELECT publisher_name FROM cluster22_publisher_join_superhero WHERE superhero_name = 'Blue Beetle II',SELECT T2.publisher_name FROM Hero_Profiles AS T1 INNER JOIN Hero_Publishers AS T2 ON T1.publisher_id = T2.publisher_id WHERE T1.superhero_name = 'Blue Beetle II',"['Hero_Profiles', 'Hero_Publishers']",SELECT publisher_name FROM workload_updated_cluster22_Hero_Profiles_join_Hero_Publishers WHERE superhero_name = 'Blue Beetle II'
735,superhero,How many superheroes with blonde hair are there?,superheroes with blonde hair refers to colour = 'Blond' where hair_colour_id = colour.id,SELECT COUNT(T1.id) FROM superhero AS T1 INNER JOIN colour AS T2 ON T1.hair_colour_id = T2.id WHERE T2.colour = 'Blond',simple,"['colour', 'superhero']",SELECT COUNT(T1.id) FROM superhero AS T1 INNER JOIN colour AS T2 ON T1.hair_colour_id = T2.id WHERE T2.colour = 'Blond',SELECT COUNT(T1.hero_id) FROM Hero_Profiles AS T1 INNER JOIN Hero_Colors AS T2 ON T1.hair_colour_id = T2.colour_id WHERE T2.colour = 'Blond',"['Hero_Profiles', 'Hero_Colors']",SELECT COUNT(hero_id) FROM Hero_Profiles AS T1 INNER JOIN Hero_Colors AS T2 ON T1.hair_colour_id = T2.colour_id WHERE T2.colour = 'Blond'
737,superhero,What is Copycat's race?,Copycat is the superhero_name;,SELECT T2.race FROM superhero AS T1 INNER JOIN race AS T2 ON T1.race_id = T2.id WHERE T1.superhero_name = 'Copycat',simple,"['race', 'superhero']",SELECT race FROM cluster24_race_join_superhero WHERE superhero_name = 'Copycat',SELECT T2.race FROM Hero_Profiles AS T1 INNER JOIN Hero_Races AS T2 ON T1.race_id = T2.race_id WHERE T1.superhero_name = 'Copycat',"['Hero_Races', 'Hero_Profiles']",SELECT race FROM workload_updated_cluster24_Hero_Profiles_join_Hero_Races WHERE superhero_name = 'Copycat'
738,superhero,How many superheroes have durability of less than 50?,durability of less than 50 refers to attribute_name = 'Durability' AND attribute_value < 50,SELECT COUNT(T1.hero_id) FROM hero_attribute AS T1 INNER JOIN attribute AS T2 ON T1.attribute_id = T2.id WHERE T2.attribute_name = 'Durability' AND T1.attribute_value < 50,simple,"['attribute', 'hero_attribute']",SELECT COUNT(hero_attribute_hero_id) FROM cluster51_attribute_join_hero_attribute_join_publisher_join_superhero WHERE attribute_name = 'Durability' AND attribute_value < 50,SELECT COUNT(T1.hero_id) FROM Hero_Attributes AS T1 INNER JOIN Hero_Attribute_Types AS T2 ON T1.attribute_id = T2.attribute_id WHERE T2.attribute_name = 'Durability' AND T1.attribute_value < 50,"['Hero_Attributes', 'Hero_Attribute_Types']",SELECT COUNT(hero_id) FROM workload_updated_cluster51_Hero_Attribute_Types_join_Hero_Attributes_join_Hero_Profiles_join_Hero_Publishers WHERE attribute_name = 'Durability' AND attribute_value < 50
739,superhero,What are the names of the superheroes with the power of death touch?,name of superheroes refers to refers to superhero_name; the power of death touch refers to power_name = 'Death Touch',SELECT T1.superhero_name FROM superhero AS T1 INNER JOIN hero_power AS T2 ON T1.id = T2.hero_id INNER JOIN superpower AS T3 ON T2.power_id = T3.id WHERE T3.power_name = 'Death Touch',moderate,"['superpower', 'hero_power', 'superhero']",SELECT superhero_name FROM cluster21_hero_power_join_superhero_join_superpower WHERE power_name = 'Death Touch',SELECT T1.superhero_name FROM Hero_Profiles AS T1 INNER JOIN Hero_Power_Map AS T2 ON T1.hero_id = T2.hero_id INNER JOIN Hero_Superpowers AS T3 ON T2.power_id = T3.superpower_id WHERE T3.power_name = 'Death Touch',"['Hero_Power_Map', 'Hero_Profiles', 'Hero_Superpowers']",SELECT superhero_name FROM workload_updated_cluster21_Hero_Power_Map_join_Hero_Profiles_join_Hero_Superpowers WHERE power_name = 'Death Touch'
740,superhero,How many female superheroes have a strength value of 100?,female refers to gender = 'Female'; strength value of 100 refers to attribute_name = 'Strength' AND attribute_value = 100,SELECT COUNT(T1.id) FROM superhero AS T1 INNER JOIN hero_attribute AS T2 ON T1.id = T2.hero_id INNER JOIN attribute AS T3 ON T2.attribute_id = T3.id INNER JOIN gender AS T4 ON T1.gender_id = T4.id WHERE T3.attribute_name = 'Strength' AND T2.attribute_value = 100 AND T4.gender = 'Female',moderate,"['attribute', 'gender', 'superhero', 'hero_attribute']",SELECT COUNT(T1.id) FROM superhero AS T1 INNER JOIN hero_attribute AS T2 ON T1.id = T2.hero_id INNER JOIN attribute AS T3 ON T2.attribute_id = T3.id INNER JOIN gender AS T4 ON T1.gender_id = T4.id WHERE T3.attribute_name = 'Strength' AND T2.attribute_value = 100 AND T4.gender = 'Female',SELECT COUNT(T1.hero_id) FROM Hero_Profiles AS T1 INNER JOIN Hero_Attributes AS T2 ON T1.hero_id = T2.hero_id INNER JOIN Hero_Attribute_Types AS T3 ON T2.attribute_id = T3.attribute_id INNER JOIN Hero_Genders AS T4 ON T1.gender_id = T4.gender_id WHERE T3.attribute_name = 'Strength' AND T2.attribute_value = 100 AND T4.gender = 'Female',"['Hero_Profiles', 'Hero_Attributes', 'Hero_Attribute_Types', 'Hero_Genders']",SELECT COUNT(Hero_Profiles_hero_id) FROM workload_updated_cluster52_Hero_Attribute_Types_join_Hero_Attributes_join_Hero_Genders_join_Hero_Profiles WHERE attribute_name = 'Strength' AND attribute_value = 100 AND gender = 'Female'
742,superhero,How many vampire superheroes are there?,vampire superheroes refers to race = 'Vampire',SELECT COUNT(T1.superhero_name) FROM superhero AS T1 INNER JOIN race AS T2 ON T1.race_id = T2.id WHERE T2.race = 'Vampire',simple,"['race', 'superhero']",SELECT COUNT(superhero_name) FROM cluster24_race_join_superhero WHERE race = 'Vampire',SELECT COUNT(T1.superhero_name) FROM Hero_Profiles AS T1 INNER JOIN Hero_Races AS T2 ON T1.race_id = T2.race_id WHERE T2.race = 'Vampire',"['Hero_Races', 'Hero_Profiles']",SELECT COUNT(superhero_name) FROM workload_updated_cluster24_Hero_Profiles_join_Hero_Races WHERE race = 'Vampire'
747,superhero,What is the total number of superheroes without full name?,superheroes without full name refers to full_name IS NULL,SELECT COUNT(id) FROM superhero WHERE full_name IS NULL,simple,['superhero'],SELECT COUNT(id) FROM superhero WHERE full_name IS NULL,SELECT COUNT(hero_id) FROM Hero_Profiles WHERE full_name IS NULL,['Hero_Profiles'],SELECT COUNT(hero_id) FROM Hero_Profiles WHERE full_name IS NULL
748,superhero,What is the eye colour of superhero with superhero ID 75?,eye colour refers to colour where eye_colour_id = colour.id;,SELECT T2.colour FROM superhero AS T1 INNER JOIN colour AS T2 ON T1.eye_colour_id = T2.id WHERE T1.id = 75,simple,"['colour', 'superhero']",SELECT colour FROM cluster23_colour_join_superhero WHERE superhero_id = 75,SELECT T2.colour FROM Hero_Profiles AS T1 INNER JOIN Hero_Colors AS T2 ON T1.eye_colour_id = T2.colour_id WHERE T1.hero_id = 75,"['Hero_Profiles', 'Hero_Colors']",SELECT colour FROM workload_updated_cluster23_Hero_Colors_join_Hero_Profiles WHERE hero_id = 75
749,superhero,Provide the superpowers of the superhero called Deathlok.,superpowers refers to power_name; Deathlok refers to superhero_name = 'Deathlok',SELECT T3.power_name FROM superhero AS T1 INNER JOIN hero_power AS T2 ON T1.id = T2.hero_id INNER JOIN superpower AS T3 ON T2.power_id = T3.id WHERE T1.superhero_name = 'Deathlok',simple,"['superpower', 'hero_power', 'superhero']",SELECT power_name FROM cluster21_hero_power_join_superhero_join_superpower WHERE superhero_name = 'Deathlok',SELECT T3.power_name FROM Hero_Profiles AS T1 INNER JOIN Hero_Power_Map AS T2 ON T1.hero_id = T2.hero_id INNER JOIN Hero_Superpowers AS T3 ON T2.power_id = T3.superpower_id WHERE T1.superhero_name = 'Deathlok',"['Hero_Power_Map', 'Hero_Profiles', 'Hero_Superpowers']",SELECT power_name FROM workload_updated_cluster21_Hero_Power_Map_join_Hero_Profiles_join_Hero_Superpowers WHERE superhero_name = 'Deathlok'
750,superhero,What is the average weight of all female superheroes?,female refers to gender_id = 2; average weight refers to AVG(weight_kg),SELECT AVG(T1.weight_kg) FROM superhero AS T1 INNER JOIN gender AS T2 ON T1.gender_id = T2.id WHERE T2.gender = 'Female',simple,"['gender', 'superhero']",SELECT AVG(T1.weight_kg) FROM superhero AS T1 INNER JOIN gender AS T2 ON T1.gender_id = T2.id WHERE T2.gender = 'Female',SELECT AVG(T1.weight_kg) FROM Hero_Profiles AS T1 INNER JOIN Hero_Genders AS T2 ON T1.gender_id = T2.gender_id WHERE T2.gender = 'Female',"['Hero_Profiles', 'Hero_Genders']",SELECT AVG(T1.weight_kg) FROM Hero_Profiles AS T1 INNER JOIN Hero_Genders AS T2 ON T1.gender_id = T2.gender_id WHERE T2.gender = 'Female'
751,superhero,List down at least five superpowers of male superheroes.,male refers to gender = 'Male'; superpowers refers to power_name;,SELECT T3.power_name FROM superhero AS T1 INNER JOIN hero_power AS T2 ON T1.id = T2.hero_id INNER JOIN superpower AS T3 ON T3.id = T2.power_id INNER JOIN gender AS T4 ON T4.id = T1.gender_id WHERE T4.gender = 'Male' LIMIT 5,moderate,"['superpower', 'hero_power', 'gender', 'superhero']",SELECT power_name FROM cluster21_hero_power_join_superhero_join_superpower AS T21 INNER JOIN gender AS T_gen ON T_gen.id = T21.gender_id WHERE T_gen.gender = 'Male' LIMIT 5,SELECT T3.power_name FROM Hero_Profiles AS T1 INNER JOIN Hero_Power_Map AS T2 ON T1.hero_id = T2.hero_id INNER JOIN Hero_Superpowers AS T3 ON T3.superpower_id = T2.power_id INNER JOIN Hero_Genders AS T4 ON T4.gender_id = T1.gender_id WHERE T4.gender = 'Male' LIMIT 5,"['Hero_Power_Map', 'Hero_Profiles', 'Hero_Superpowers', 'Hero_Genders']",SELECT T3.power_name FROM Hero_Profiles AS T1 INNER JOIN Hero_Power_Map AS T2 ON T1.hero_id = T2.hero_id INNER JOIN Hero_Superpowers AS T3 ON T3.superpower_id = T2.power_id INNER JOIN Hero_Genders AS T4 ON T4.gender_id = T1.gender_id WHERE T4.gender = 'Male' LIMIT 5
753,superhero,"Among the superheroes with height from 170 to 190, list the names of the superheroes with no eye color.",height from 170 to 190 refers to height_cm BETWEEN 170 AND 190; no eye color refers to eye_colour_id = 1,SELECT DISTINCT T1.superhero_name FROM superhero AS T1 INNER JOIN colour AS T2 ON T1.eye_colour_id = T2.id WHERE T1.height_cm BETWEEN 170 AND 190 AND T2.colour LIKE 'No Colour',moderate,"['colour', 'superhero']",SELECT DISTINCT superhero_name FROM cluster23_colour_join_superhero WHERE height_cm BETWEEN 170 AND 190 AND colour LIKE 'No Colour',SELECT DISTINCT T1.superhero_name FROM Hero_Profiles AS T1 INNER JOIN Hero_Colors AS T2 ON T1.eye_colour_id = T2.colour_id WHERE T1.height_cm BETWEEN 170 AND 190 AND T2.colour LIKE 'No Colour',"['Hero_Profiles', 'Hero_Colors']",SELECT DISTINCT superhero_name FROM workload_updated_cluster23_Hero_Colors_join_Hero_Profiles WHERE height_cm BETWEEN 170 AND 190 AND colour LIKE 'No Colour'
758,superhero,Provide the hair colour of the human superhero who is 185 cm tall.,185 cm tall refers to height_cm = 185; human superhero refers to race = 'human'; hair colour refers to colour where hair_colour_id = colour.id;,SELECT DISTINCT T3.colour FROM superhero AS T1 INNER JOIN race AS T2 ON T1.race_id = T2.id INNER JOIN colour AS T3 ON T1.hair_colour_id = T3.id WHERE T1.height_cm = 185 AND T2.race = 'Human',moderate,"['race', 'colour', 'superhero']",SELECT DISTINCT T3.colour FROM cluster24_race_join_superhero AS T24 INNER JOIN colour AS T3 ON T24.hair_colour_id = T3.id WHERE T24.height_cm = 185 AND T24.race = 'Human',SELECT DISTINCT T3.colour FROM Hero_Profiles AS T1 INNER JOIN Hero_Races AS T2 ON T1.race_id = T2.race_id INNER JOIN Hero_Colors AS T3 ON T1.hair_colour_id = T3.colour_id WHERE T1.height_cm = 185 AND T2.race = 'Human',"['Hero_Races', 'Hero_Profiles', 'Hero_Colors']",SELECT DISTINCT T3.colour FROM Hero_Profiles AS T1 INNER JOIN Hero_Races AS T2 ON T1.race_id = T2.race_id INNER JOIN Hero_Colors AS T3 ON T1.hair_colour_id = T3.colour_id WHERE T1.height_cm = 185 AND T2.race = 'Human'
760,superhero,"In superheroes with height between 150 to 180, what is the percentage of heroes published by Marvel Comics?","height between 150 to 180 refers to height_cm BETWEEN 150 AND 180; heroes published by Marvel Comics refers to publisher_id = 13; calculation = MULTIPLY(DIVIDE(SUM(publisher.id = 13)), COUNT(publisher.id), 100)",SELECT CAST(COUNT(CASE WHEN T2.publisher_name = 'Marvel Comics' THEN 1 ELSE NULL END) AS REAL) * 100 / COUNT(T1.id) FROM superhero AS T1 INNER JOIN publisher AS T2 ON T1.publisher_id = T2.id WHERE T1.height_cm BETWEEN 150 AND 180,challenging,"['publisher', 'superhero']",SELECT CAST(COUNT(CASE WHEN publisher_name = 'Marvel Comics' THEN 1 ELSE NULL END) AS REAL) * 100 / COUNT(superhero_id) FROM cluster22_publisher_join_superhero WHERE height_cm BETWEEN 150 AND 180,SELECT CAST(COUNT(CASE WHEN T2.publisher_name = 'Marvel Comics' THEN 1 ELSE NULL END) AS REAL) * 100 / COUNT(T1.hero_id) FROM Hero_Profiles AS T1 INNER JOIN Hero_Publishers AS T2 ON T1.publisher_id = T2.publisher_id WHERE T1.height_cm BETWEEN 150 AND 180,"['Hero_Profiles', 'Hero_Publishers']",SELECT CAST(COUNT(CASE WHEN publisher_name = 'Marvel Comics' THEN 1 ELSE NULL END) AS REAL) * 100 / COUNT(hero_id) FROM workload_updated_cluster22_Hero_Profiles_join_Hero_Publishers WHERE height_cm BETWEEN 150 AND 180
761,superhero,"Among the male superheroes, list the full names of superheroes with weight greater than the 79% average weight of all superheroes.","Calculation = weight_kg > MULTIPLY(AVG(weight_kg), 0.79)",SELECT T1.full_name FROM superhero AS T1 INNER JOIN gender AS T2 ON T1.gender_id = T2.id WHERE T2.gender = 'Male' AND T1.weight_kg * 100 > ( SELECT AVG(weight_kg) FROM superhero ) * 79,moderate,"['gender', 'superhero']",SELECT full_name FROM cluster22_publisher_join_superhero AS T22 INNER JOIN gender AS T_gen ON T22.gender_id = T_gen.id WHERE T_gen.gender = 'Male' AND T22.weight_kg * 100 > (SELECT AVG(weight_kg) FROM cluster22_publisher_join_superhero) * 79,SELECT T1.full_name FROM Hero_Profiles AS T1 INNER JOIN Hero_Genders AS T2 ON T1.gender_id = T2.gender_id WHERE T2.gender = 'Male' AND T1.weight_kg * 100 > ( SELECT AVG(weight_kg) FROM Hero_Profiles ) * 79,"['Hero_Profiles', 'Hero_Genders']",SELECT full_name FROM workload_updated_cluster52_Hero_Attribute_Types_join_Hero_Attributes_join_Hero_Genders_join_Hero_Profiles WHERE gender = 'Male' AND weight_kg * 100 > ( SELECT AVG(weight_kg) FROM Hero_Profiles ) * 79
762,superhero,Which power do superheroes have the most of?,power that superheroes have the most refers to MAX(COUNT(power_name)),SELECT T2.power_name FROM hero_power AS T1 INNER JOIN superpower AS T2 ON T1.power_id = T2.id GROUP BY T2.power_name ORDER BY COUNT(T1.hero_id) DESC LIMIT 1,simple,"['superpower', 'hero_power']",SELECT power_name FROM cluster21_hero_power_join_superhero_join_superpower GROUP BY power_name ORDER BY COUNT(hero_power_hero_id) DESC LIMIT 1,SELECT T2.power_name FROM Hero_Power_Map AS T1 INNER JOIN Hero_Superpowers AS T2 ON T1.power_id = T2.superpower_id GROUP BY T2.power_name ORDER BY COUNT(T1.hero_id) DESC LIMIT 1,"['Hero_Power_Map', 'Hero_Superpowers']",SELECT power_name FROM workload_updated_cluster21_Hero_Power_Map_join_Hero_Profiles_join_Hero_Superpowers GROUP BY power_name ORDER BY COUNT(Hero_Profiles_hero_id) DESC LIMIT 1
763,superhero,Indicate the attribute value of superhero Abomination.,Abomination refers to superhero_name = 'Abomination';,SELECT T2.attribute_value FROM superhero AS T1 INNER JOIN hero_attribute AS T2 ON T1.id = T2.hero_id WHERE T1.superhero_name = 'Abomination',simple,"['superhero', 'hero_attribute']",SELECT T2.attribute_value FROM superhero AS T1 INNER JOIN hero_attribute AS T2 ON T1.id = T2.hero_id WHERE T1.superhero_name = 'Abomination',SELECT T2.attribute_value FROM Hero_Profiles AS T1 INNER JOIN Hero_Attributes AS T2 ON T1.hero_id = T2.hero_id WHERE T1.superhero_name = 'Abomination',"['Hero_Profiles', 'Hero_Attributes']",SELECT attribute_value FROM workload_updated_cluster51_Hero_Attribute_Types_join_Hero_Attributes_join_Hero_Profiles_join_Hero_Publishers WHERE superhero_name = 'Abomination'
766,superhero,What is the hero's full name with the highest attribute in strength?,highest attribute in strength refers to MAX(attribute_value) WHERE attribute_name = 'strength';,SELECT T1.full_name FROM superhero AS T1 INNER JOIN hero_attribute AS T2 ON T1.id = T2.hero_id INNER JOIN attribute AS T3 ON T2.attribute_id = T3.id WHERE T3.attribute_name = 'Strength' ORDER BY T2.attribute_value DESC LIMIT 1,moderate,"['attribute', 'superhero', 'hero_attribute']",SELECT full_name FROM cluster51_attribute_join_hero_attribute_join_publisher_join_superhero WHERE attribute_name = 'Strength' ORDER BY attribute_value DESC LIMIT 1,SELECT T1.full_name FROM Hero_Profiles AS T1 INNER JOIN Hero_Attributes AS T2 ON T1.hero_id = T2.hero_id INNER JOIN Hero_Attribute_Types AS T3 ON T2.attribute_id = T3.attribute_id WHERE T3.attribute_name = 'Strength' ORDER BY T2.attribute_value DESC LIMIT 1,"['Hero_Profiles', 'Hero_Attributes', 'Hero_Attribute_Types']",SELECT full_name FROM workload_updated_cluster51_Hero_Attribute_Types_join_Hero_Attributes_join_Hero_Profiles_join_Hero_Publishers WHERE attribute_name = 'Strength' ORDER BY attribute_value DESC LIMIT 1
768,superhero,How many superheroes were published by Dark Horse Comics?,published by Dark Horse Comics refers to publisher_name = 'Dark Horse Comics';,SELECT COUNT(T1.id) FROM superhero AS T1 INNER JOIN publisher AS T2 ON T1.publisher_id = T2.id WHERE T2.publisher_name = 'Dark Horse Comics',simple,"['publisher', 'superhero']",SELECT COUNT(superhero_id) FROM cluster22_publisher_join_superhero WHERE publisher_name = 'Dark Horse Comics',SELECT COUNT(T1.hero_id) FROM Hero_Profiles AS T1 INNER JOIN Hero_Publishers AS T2 ON T1.publisher_id = T2.publisher_id WHERE T2.publisher_name = 'Dark Horse Comics',"['Hero_Profiles', 'Hero_Publishers']",SELECT COUNT(hero_id) FROM workload_updated_cluster22_Hero_Profiles_join_Hero_Publishers WHERE publisher_name = 'Dark Horse Comics'
769,superhero,Which superhero has the most durability published by Dark Horse Comics?,which superhero refers to superhero_name; most durability refers to MAX(attribute_value) WHERE attribute_name = 'durability'; published by Dark Horse Comics refers to publisher_name = 'Dark Horse Comics';,SELECT T1.superhero_name FROM superhero AS T1 INNER JOIN hero_attribute AS T2 ON T1.id = T2.hero_id INNER JOIN attribute AS T3 ON T3.id = T2.attribute_id INNER JOIN publisher AS T4 ON T4.id = T1.publisher_id WHERE T4.publisher_name = 'Dark Horse Comics' AND T3.attribute_name = 'Durability' ORDER BY T2.attribute_value DESC LIMIT 1,challenging,"['attribute', 'publisher', 'superhero', 'hero_attribute']",SELECT T1.superhero_name FROM superhero AS T1 INNER JOIN hero_attribute AS T2 ON T1.id = T2.hero_id INNER JOIN attribute AS T3 ON T3.id = T2.attribute_id INNER JOIN publisher AS T4 ON T4.id = T1.publisher_id WHERE T4.publisher_name = 'Dark Horse Comics' AND T3.attribute_name = 'Durability' ORDER BY T2.attribute_value DESC LIMIT 1,SELECT T1.superhero_name FROM Hero_Profiles AS T1 INNER JOIN Hero_Attributes AS T2 ON T1.hero_id = T2.hero_id INNER JOIN Hero_Attribute_Types AS T3 ON T3.attribute_id = T2.attribute_id INNER JOIN Hero_Publishers AS T4 ON T4.publisher_id = T1.publisher_id WHERE T4.publisher_name = 'Dark Horse Comics' AND T3.attribute_name = 'Durability' ORDER BY T2.attribute_value DESC LIMIT 1,"['Hero_Profiles', 'Hero_Attributes', 'Hero_Attribute_Types', 'Hero_Publishers']",SELECT superhero_name FROM workload_updated_cluster51_Hero_Attribute_Types_join_Hero_Attributes_join_Hero_Profiles_join_Hero_Publishers WHERE publisher_name = 'Dark Horse Comics' AND attribute_name = 'Durability' ORDER BY attribute_value DESC LIMIT 1
770,superhero,What is the eyes colour of Abraham Sapien?,eye colour refers to colour.colour where eye_colour_id = colour.id; Abraham Sapien is the full name of superhero;,SELECT T2.colour FROM superhero AS T1 INNER JOIN colour AS T2 ON T1.eye_colour_id = T2.id WHERE T1.full_name = 'Abraham Sapien',simple,"['colour', 'superhero']",SELECT colour FROM cluster23_colour_join_superhero WHERE full_name = 'Abraham Sapien',SELECT T2.colour FROM Hero_Profiles AS T1 INNER JOIN Hero_Colors AS T2 ON T1.eye_colour_id = T2.colour_id WHERE T1.full_name = 'Abraham Sapien',"['Hero_Profiles', 'Hero_Colors']",SELECT colour FROM workload_updated_cluster23_Hero_Colors_join_Hero_Profiles WHERE full_name = 'Abraham Sapien'
771,superhero,List the name of superheroes with flight power.,name of superheroes refers to superhero_name; flight power refers to power_name = 'Flight';,SELECT T1.superhero_name FROM superhero AS T1 INNER JOIN hero_power AS T2 ON T1.id = T2.hero_id INNER JOIN superpower AS T3 ON T2.power_id = T3.id WHERE T3.power_name = 'Flight',simple,"['superpower', 'hero_power', 'superhero']",SELECT superhero_name FROM cluster21_hero_power_join_superhero_join_superpower WHERE power_name = 'Flight',SELECT T1.superhero_name FROM Hero_Profiles AS T1 INNER JOIN Hero_Power_Map AS T2 ON T1.hero_id = T2.hero_id INNER JOIN Hero_Superpowers AS T3 ON T2.power_id = T3.superpower_id WHERE T3.power_name = 'Flight',"['Hero_Power_Map', 'Hero_Profiles', 'Hero_Superpowers']",SELECT superhero_name FROM workload_updated_cluster21_Hero_Power_Map_join_Hero_Profiles_join_Hero_Superpowers WHERE power_name = 'Flight'
773,superhero,"Which superhero has the same eyes, hair and skin colour? Indicate the publisher of the superhero.","which superhero refers to superhero_name; the same eyes, hair and skin colour refers to hair_colour_id = skin_colour_id AND hair_colour_id = eye_colour_id; publisher refers to publisher_name;","SELECT T1.superhero_name, T2.publisher_name FROM superhero AS T1 INNER JOIN publisher AS T2 ON T1.publisher_id = T2.id WHERE T1.eye_colour_id = T1.hair_colour_id AND T1.eye_colour_id = T1.skin_colour_id",challenging,"['publisher', 'superhero']","SELECT superhero_name, publisher_name FROM cluster22_publisher_join_superhero WHERE eye_colour_id = hair_colour_id AND eye_colour_id = skin_colour_id","SELECT T1.superhero_name, T2.publisher_name FROM Hero_Profiles AS T1 INNER JOIN Hero_Publishers AS T2 ON T1.publisher_id = T2.publisher_id WHERE T1.eye_colour_id = T1.hair_colour_id AND T1.eye_colour_id = T1.skin_colour_id","['Hero_Profiles', 'Hero_Publishers']","SELECT superhero_name, publisher_name FROM workload_updated_cluster22_Hero_Profiles_join_Hero_Publishers WHERE eye_colour_id = hair_colour_id AND eye_colour_id = skin_colour_id"
775,superhero,What is the percentage of blue female superheroes among all female superheroes?,"percentage = MULTIPLY(DIVIDE(SUM(colour = 'Blue' WHERE gender = 'Female'), COUNT(gender = 'Female')), 100); blue refers to the color; female refers to gender = 'Female';",SELECT CAST(COUNT(CASE WHEN T3.colour = 'Blue' THEN T1.id ELSE NULL END) AS REAL) * 100 / COUNT(T1.id) FROM superhero AS T1 INNER JOIN gender AS T2 ON T1.gender_id = T2.id INNER JOIN colour AS T3 ON T1.skin_colour_id = T3.id WHERE T2.gender = 'Female',challenging,"['colour', 'gender', 'superhero']",SELECT CAST(COUNT(CASE WHEN T3.colour = 'Blue' THEN T1.id ELSE NULL END) AS REAL) * 100 / COUNT(T1.id) FROM superhero AS T1 INNER JOIN gender AS T2 ON T1.gender_id = T2.id INNER JOIN colour AS T3 ON T1.skin_colour_id = T3.id WHERE T2.gender = 'Female',SELECT CAST(COUNT(CASE WHEN T3.colour = 'Blue' THEN T1.hero_id ELSE NULL END) AS REAL) * 100 / COUNT(T1.hero_id) FROM Hero_Profiles AS T1 INNER JOIN Hero_Genders AS T2 ON T1.gender_id = T2.gender_id INNER JOIN Hero_Colors AS T3 ON T1.skin_colour_id = T3.colour_id WHERE T2.gender = 'Female',"['Hero_Profiles', 'Hero_Colors', 'Hero_Genders']",SELECT CAST(COUNT(CASE WHEN T3.colour = 'Blue' THEN T1.hero_id ELSE NULL END) AS REAL) * 100 / COUNT(T1.hero_id) FROM Hero_Profiles AS T1 INNER JOIN Hero_Genders AS T2 ON T1.gender_id = T2.gender_id INNER JOIN Hero_Colors AS T3 ON T1.skin_colour_id = T3.colour_id WHERE T2.gender = 'Female'
776,superhero,Provide the hero name and race of Charles Chandler.,hero name refers to superhero_name; Charles Chandler is the full name of superhero;,"SELECT T1.superhero_name, T2.race FROM superhero AS T1 INNER JOIN race AS T2 ON T1.race_id = T2.id WHERE T1.full_name = 'Charles Chandler'",simple,"['race', 'superhero']","SELECT superhero_name, race FROM cluster24_race_join_superhero WHERE full_name = 'Charles Chandler'","SELECT T1.superhero_name, T2.race FROM Hero_Profiles AS T1 INNER JOIN Hero_Races AS T2 ON T1.race_id = T2.race_id WHERE T1.full_name = 'Charles Chandler'","['Hero_Races', 'Hero_Profiles']","SELECT superhero_name, race FROM workload_updated_cluster24_Hero_Profiles_join_Hero_Races WHERE full_name = 'Charles Chandler'"
778,superhero,Provide superheroes' names who have the adaptation power.,adaptation power refers to power_name = 'Adaptation';,SELECT T1.superhero_name FROM superhero AS T1 INNER JOIN hero_power AS T2 ON T1.id = T2.hero_id INNER JOIN superpower AS T3 ON T2.power_id = T3.id WHERE T3.power_name = 'Adaptation',simple,"['superpower', 'hero_power', 'superhero']",SELECT superhero_name FROM cluster21_hero_power_join_superhero_join_superpower WHERE power_name = 'Adaptation',SELECT T1.superhero_name FROM Hero_Profiles AS T1 INNER JOIN Hero_Power_Map AS T2 ON T1.hero_id = T2.hero_id INNER JOIN Hero_Superpowers AS T3 ON T2.power_id = T3.superpower_id WHERE T3.power_name = 'Adaptation',"['Hero_Power_Map', 'Hero_Profiles', 'Hero_Superpowers']",SELECT superhero_name FROM workload_updated_cluster21_Hero_Power_Map_join_Hero_Profiles_join_Hero_Superpowers WHERE power_name = 'Adaptation'
779,superhero,How many powers does Amazo hero have?,Amazo hero refers to superhero_name = 'Amazo';,SELECT COUNT(T1.power_id) FROM hero_power AS T1 INNER JOIN superhero AS T2 ON T1.hero_id = T2.id WHERE T2.superhero_name = 'Amazo',simple,"['hero_power', 'superhero']",SELECT COUNT(hero_power_power_id) FROM cluster21_hero_power_join_superhero_join_superpower WHERE superhero_name = 'Amazo',SELECT COUNT(T1.power_id) FROM Hero_Power_Map AS T1 INNER JOIN Hero_Profiles AS T2 ON T1.hero_id = T2.hero_id WHERE T2.superhero_name = 'Amazo',"['Hero_Power_Map', 'Hero_Profiles']",SELECT COUNT(power_id) FROM workload_updated_cluster21_Hero_Power_Map_join_Hero_Profiles_join_Hero_Superpowers WHERE superhero_name = 'Amazo'
783,superhero,Provide the eye colours of the heroes whose skin colours are gold.,skin colours are gold refers to colour.colour = 'Gold' WHERE skin_colour_id = colour.id;,SELECT T2.colour FROM superhero AS T1 INNER JOIN colour AS T2 ON T1.eye_colour_id = T2.id INNER JOIN colour AS T3 ON T1.skin_colour_id = T3.id WHERE T3.colour = 'Gold',simple,"['colour', 'superhero']",SELECT T2.colour FROM superhero AS T1 INNER JOIN colour AS T2 ON T1.eye_colour_id = T2.id INNER JOIN colour AS T3 ON T1.skin_colour_id = T3.id WHERE T3.colour = 'Gold',SELECT T2.colour FROM Hero_Profiles AS T1 INNER JOIN Hero_Colors AS T2 ON T1.eye_colour_id = T2.colour_id INNER JOIN Hero_Colors AS T3 ON T1.skin_colour_id = T3.colour_id WHERE T3.colour = 'Gold',"['Hero_Profiles', 'Hero_Colors']",SELECT T2.colour FROM Hero_Profiles AS T1 INNER JOIN Hero_Colors AS T2 ON T1.eye_colour_id = T2.colour_id INNER JOIN Hero_Colors AS T3 ON T1.skin_colour_id = T3.colour_id WHERE T3.colour = 'Gold'
784,superhero,Provide the full names of vampire heroes.,vampire heroes refers to race = 'Vampire';,SELECT T1.full_name FROM superhero AS T1 INNER JOIN race AS T2 ON T1.race_id = T2.id WHERE T2.race = 'Vampire',simple,"['race', 'superhero']",SELECT full_name FROM cluster24_race_join_superhero WHERE race = 'Vampire',SELECT T1.full_name FROM Hero_Profiles AS T1 INNER JOIN Hero_Races AS T2 ON T1.race_id = T2.race_id WHERE T2.race = 'Vampire',"['Hero_Races', 'Hero_Profiles']",SELECT full_name FROM workload_updated_cluster24_Hero_Profiles_join_Hero_Races WHERE race = 'Vampire'
786,superhero,How many heroes have the highest attribute value in strength?,highest attribute value in strength refers to MAX(attribute_value) WHERE attribute_name = 'Strength';,SELECT COUNT(T1.hero_id) FROM hero_attribute AS T1 INNER JOIN attribute AS T2 ON T1.attribute_id = T2.id WHERE T2.attribute_name = 'Strength' AND T1.attribute_value = ( SELECT MAX(attribute_value) FROM hero_attribute ),moderate,"['attribute', 'hero_attribute']",SELECT COUNT(hero_attribute_hero_id) FROM cluster51_attribute_join_hero_attribute_join_publisher_join_superhero WHERE attribute_name = 'Strength' AND attribute_value = (SELECT MAX(attribute_value) FROM hero_attribute),SELECT COUNT(T1.hero_id) FROM Hero_Attributes AS T1 INNER JOIN Hero_Attribute_Types AS T2 ON T1.attribute_id = T2.attribute_id WHERE T2.attribute_name = 'Strength' AND T1.attribute_value = ( SELECT MAX(attribute_value) FROM Hero_Attributes ),"['Hero_Attributes', 'Hero_Attribute_Types']",SELECT COUNT(hero_id) FROM workload_updated_cluster51_Hero_Attribute_Types_join_Hero_Attributes_join_Hero_Profiles_join_Hero_Publishers WHERE attribute_name = 'Strength' AND attribute_value = (SELECT MAX(attribute_value) FROM Hero_Attributes)
789,superhero,Find the average weight of the heroes who are aliens.,average = AVG(weight_kg); aliens refers to race = 'Alien';,SELECT CAST(SUM(T1.weight_kg) AS REAL) / COUNT(T1.id) FROM superhero AS T1 INNER JOIN race AS T2 ON T1.race_id = T2.id WHERE T2.race = 'Alien',simple,"['race', 'superhero']",SELECT CAST(SUM(weight_kg) AS REAL) / COUNT(superhero_id) FROM cluster24_race_join_superhero WHERE race = 'Alien',SELECT CAST(SUM(T1.weight_kg) AS REAL) / COUNT(T1.hero_id) FROM Hero_Profiles AS T1 INNER JOIN Hero_Races AS T2 ON T1.race_id = T2.race_id WHERE T2.race = 'Alien',"['Hero_Races', 'Hero_Profiles']",SELECT CAST(SUM(weight_kg) AS REAL) / COUNT(hero_id) FROM workload_updated_cluster24_Hero_Profiles_join_Hero_Races WHERE race = 'Alien'
790,superhero,Calculate the difference between Emil Blonsky's weight and Charles Chandler's weight.,"difference = SUBTRACT(SUM(weight_kg WHERE full_name = 'Emil Blonsky'), SUM(weight_kg WHERE full_name = 'Charles Chandler')); Emil Blonsky is the full name of superhero; Charles Chandler is the full name of superhero;",SELECT ( SELECT weight_kg FROM superhero WHERE full_name LIKE 'Emil Blonsky' ) - ( SELECT weight_kg FROM superhero WHERE full_name LIKE 'Charles Chandler' ) AS CALCULATE,moderate,['superhero'],SELECT (SELECT weight_kg FROM superhero WHERE full_name LIKE 'Emil Blonsky') - (SELECT weight_kg FROM superhero WHERE full_name LIKE 'Charles Chandler') AS CALCULATE,SELECT ( SELECT weight_kg FROM Hero_Profiles WHERE full_name LIKE 'Emil Blonsky' ) - ( SELECT weight_kg FROM Hero_Profiles WHERE full_name LIKE 'Charles Chandler' ) AS CALCULATE,['Hero_Profiles'],SELECT ( SELECT weight_kg FROM Hero_Profiles WHERE full_name LIKE 'Emil Blonsky' ) - ( SELECT weight_kg FROM Hero_Profiles WHERE full_name LIKE 'Charles Chandler' ) AS CALCULATE
791,superhero,Calculate the average height for each superhero.,"average = DIVIDE(SUM(height_cm), COUNT(all heros));",SELECT CAST(SUM(height_cm) AS REAL) / COUNT(id) FROM superhero,simple,['superhero'],SELECT CAST(SUM(height_cm) AS REAL) / COUNT(id) FROM superhero,SELECT CAST(SUM(height_cm) AS REAL) / COUNT(hero_id) FROM Hero_Profiles,['Hero_Profiles'],SELECT CAST(SUM(height_cm) AS REAL) / COUNT(hero_id) FROM Hero_Profiles
794,superhero,Which hero was the fastest?,which hero refers to superhero_name; fastest refers to MAX(attribute_value) WHERE attribute_name = 'Speed';,SELECT T1.superhero_name FROM superhero AS T1 INNER JOIN hero_attribute AS T2 ON T1.id = T2.hero_id INNER JOIN attribute AS T3 ON T2.attribute_id = T3.id WHERE T3.attribute_name = 'Speed' ORDER BY T2.attribute_value DESC LIMIT 1,moderate,"['attribute', 'superhero', 'hero_attribute']",SELECT T1.superhero_name FROM superhero AS T1 INNER JOIN hero_attribute AS T2 ON T1.id = T2.hero_id INNER JOIN attribute AS T3 ON T2.attribute_id = T3.id WHERE T3.attribute_name = 'Speed' ORDER BY T2.attribute_value DESC LIMIT 1,SELECT T1.superhero_name FROM Hero_Profiles AS T1 INNER JOIN Hero_Attributes AS T2 ON T1.hero_id = T2.hero_id INNER JOIN Hero_Attribute_Types AS T3 ON T2.attribute_id = T3.attribute_id WHERE T3.attribute_name = 'Speed' ORDER BY T2.attribute_value DESC LIMIT 1,"['Hero_Profiles', 'Hero_Attributes', 'Hero_Attribute_Types']",SELECT superhero_name FROM workload_updated_cluster51_Hero_Attribute_Types_join_Hero_Attributes_join_Hero_Profiles_join_Hero_Publishers WHERE attribute_name = 'Speed' ORDER BY attribute_value DESC LIMIT 1
795,superhero,How many superheroes have a neutral alignment?,neutral alignment refers to alignment_id = 3;,SELECT COUNT(T1.id) FROM superhero AS T1 INNER JOIN alignment AS T2 ON T1.alignment_id = T2.id WHERE T2.alignment = 'Neutral',simple,"['alignment', 'superhero']",SELECT COUNT(superhero_id) FROM cluster53_alignment_join_superhero WHERE alignment = 'Neutral',SELECT COUNT(T1.hero_id) FROM Hero_Profiles AS T1 INNER JOIN Hero_Alignments AS T2 ON T1.alignment_id = T2.alignment_id WHERE T2.alignment = 'Neutral',"['Hero_Profiles', 'Hero_Alignments']",SELECT COUNT(hero_id) FROM workload_updated_cluster53_Hero_Alignments_join_Hero_Profiles WHERE alignment = 'Neutral'
797,superhero,Which superheroes have blue eyes with brown hair?,which superheroes refers to superhero_name; blue eyes refers to eye_colour_id = 7; brown hair refers to hair_colour_id = 9;,SELECT T1.superhero_name FROM superhero AS T1 INNER JOIN colour AS T2 ON T1.eye_colour_id = T2.id INNER JOIN colour AS T3 ON T1.hair_colour_id = T3.id WHERE T2.colour = 'Blue' AND T3.colour = 'Brown',moderate,"['colour', 'superhero']",SELECT superhero_name FROM cluster23_colour_join_superhero AS T23 INNER JOIN colour AS T3 ON T23.hair_colour_id = T3.id WHERE T23.colour = 'Blue' AND T3.colour = 'Brown',SELECT T1.superhero_name FROM Hero_Profiles AS T1 INNER JOIN Hero_Colors AS T2 ON T1.eye_colour_id = T2.colour_id INNER JOIN Hero_Colors AS T3 ON T1.hair_colour_id = T3.colour_id WHERE T2.colour = 'Blue' AND T3.colour = 'Brown',"['Hero_Profiles', 'Hero_Colors']",SELECT superhero_name FROM Hero_Profiles AS T1 INNER JOIN Hero_Colors AS T2 ON T1.eye_colour_id = T2.colour_id INNER JOIN Hero_Colors AS T3 ON T1.hair_colour_id = T3.colour_id WHERE T2.colour = 'Blue' AND T3.colour = 'Brown'
800,superhero,Calculate the percentage of superheroes with blue eyes.,"percentage = MULTIPLY(DIVIDE(SUM(superhero_name WHERE eye_colour_id = 7), COUNT(superhero_name)), 100.0); blue eyes refers to eye_colour_id = 7;",SELECT CAST(COUNT(CASE WHEN T2.colour = 'Blue' THEN 1 ELSE NULL END) AS REAL) * 100 / COUNT(T1.id) FROM superhero AS T1 INNER JOIN colour AS T2 ON T1.eye_colour_id = T2.id,moderate,"['colour', 'superhero']",SELECT CAST(COUNT(CASE WHEN colour = 'Blue' THEN 1 ELSE NULL END) AS REAL) * 100 / COUNT(superhero_id) FROM cluster23_colour_join_superhero,SELECT CAST(COUNT(CASE WHEN T2.colour = 'Blue' THEN 1 ELSE NULL END) AS REAL) * 100 / COUNT(T1.hero_id) FROM Hero_Profiles AS T1 INNER JOIN Hero_Colors AS T2 ON T1.eye_colour_id = T2.colour_id,"['Hero_Profiles', 'Hero_Colors']",SELECT CAST(COUNT(CASE WHEN colour = 'Blue' THEN 1 ELSE NULL END) AS REAL) * 100 / COUNT(hero_id) FROM workload_updated_cluster23_Hero_Colors_join_Hero_Profiles
801,superhero,Find the ratio between male superheroes and female superheroes.,ratio = DIVIDE(SUM(gender_id = 1) / SUM(gender_id = 2)); male superheroes refers to gender_id = 1; female superheroes refers to gender_id = 2;,SELECT CAST(COUNT(CASE WHEN T2.gender = 'Male' THEN T1.id ELSE NULL END) AS REAL) / COUNT(CASE WHEN T2.gender = 'Female' THEN T1.id ELSE NULL END) FROM superhero AS T1 INNER JOIN gender AS T2 ON T1.gender_id = T2.id,moderate,"['gender', 'superhero']",SELECT CAST(COUNT(CASE WHEN T2.gender = 'Male' THEN T1.id ELSE NULL END) AS REAL) / COUNT(CASE WHEN T2.gender = 'Female' THEN T1.id ELSE NULL END) FROM superhero AS T1 INNER JOIN gender AS T2 ON T1.gender_id = T2.id,SELECT CAST(COUNT(CASE WHEN T2.gender = 'Male' THEN T1.hero_id ELSE NULL END) AS REAL) / COUNT(CASE WHEN T2.gender = 'Female' THEN T1.hero_id ELSE NULL END) FROM Hero_Profiles AS T1 INNER JOIN Hero_Genders AS T2 ON T1.gender_id = T2.gender_id,"['Hero_Profiles', 'Hero_Genders']",SELECT CAST(COUNT(CASE WHEN T2.gender = 'Male' THEN T1.hero_id ELSE NULL END) AS REAL) / COUNT(CASE WHEN T2.gender = 'Female' THEN T1.hero_id ELSE NULL END) FROM Hero_Profiles AS T1 INNER JOIN Hero_Genders AS T2 ON T1.gender_id = T2.gender_id
803,superhero,What is the power ID of cryokinesis?,power ID refers to superpower.id; cryokinesis refers to power_name = 'cryokinesis';,SELECT id FROM superpower WHERE power_name = 'Cryokinesis',simple,['superpower'],SELECT id FROM superpower WHERE power_name = 'Cryokinesis',SELECT superpower_id FROM Hero_Superpowers WHERE power_name = 'Cryokinesis',['Hero_Superpowers'],SELECT superpower_id FROM Hero_Superpowers WHERE power_name = 'Cryokinesis'
804,superhero,Provide the name of superhero with superhero ID 294.,name of superhero refers to superhero_name; superhero ID 294 refers to superhero.id = 294;,SELECT superhero_name FROM superhero WHERE id = 294,simple,['superhero'],SELECT superhero_name FROM cluster22_publisher_join_superhero WHERE superhero_id = 294,SELECT superhero_name FROM Hero_Profiles WHERE hero_id = 294,['Hero_Profiles'],SELECT superhero_name FROM Hero_Profiles WHERE hero_id = 294
805,superhero,List the full names of superheroes with missing weight.,missing weight refers to weight_kg = 0 OR weight_kg = NULL;,SELECT DISTINCT full_name FROM superhero WHERE full_name IS NOT NULL AND (weight_kg IS NULL OR weight_kg = 0),simple,['superhero'],SELECT DISTINCT full_name FROM superhero WHERE full_name IS NOT NULL AND (weight_kg IS NULL OR weight_kg = 0),SELECT DISTINCT full_name FROM Hero_Profiles WHERE full_name IS NOT NULL AND (weight_kg IS NULL OR weight_kg = 0),['Hero_Profiles'],SELECT DISTINCT full_name FROM Hero_Profiles WHERE full_name IS NOT NULL AND (weight_kg IS NULL OR weight_kg = 0)
814,superhero,List the skin colour of the superheroes with 100 attribute value.,skin colour refers to colour.colour where skin_colour_id = colour.id; 100 attribute value refers to attribute_value = 100;,SELECT DISTINCT T2.colour FROM superhero AS T1 INNER JOIN colour AS T2 ON T1.skin_colour_id = T2.id INNER JOIN hero_attribute AS T3 ON T1.id = T3.hero_id WHERE T3.attribute_value = 100,moderate,"['colour', 'superhero', 'hero_attribute']",SELECT DISTINCT T2.colour FROM superhero AS T1 INNER JOIN colour AS T2 ON T1.skin_colour_id = T2.id INNER JOIN hero_attribute AS T3 ON T1.id = T3.hero_id WHERE T3.attribute_value = 100,SELECT DISTINCT T2.colour FROM Hero_Profiles AS T1 INNER JOIN Hero_Colors AS T2 ON T1.skin_colour_id = T2.colour_id INNER JOIN Hero_Attributes AS T3 ON T1.hero_id = T3.hero_id WHERE T3.attribute_value = 100,"['Hero_Profiles', 'Hero_Colors', 'Hero_Attributes']",SELECT DISTINCT T1.colour FROM Hero_Colors AS T1 INNER JOIN workload_updated_cluster51_Hero_Attribute_Types_join_Hero_Attributes_join_Hero_Profiles_join_Hero_Publishers AS T2 ON T1.colour_id = T2.skin_colour_id WHERE T2.attribute_value = 100
815,superhero,Count the good female superheroes.,good refers to alignment.id = 1; female refers to gender.id = 2;,SELECT COUNT(T1.id) FROM superhero AS T1 INNER JOIN alignment AS T2 ON T1.alignment_id = T2.id INNER JOIN gender AS T3 ON T1.gender_id = T3.id WHERE T2.alignment = 'Good' AND T3.gender = 'Female',simple,"['alignment', 'superhero', 'gender']",SELECT COUNT(T1.id) FROM superhero AS T1 INNER JOIN alignment AS T2 ON T1.alignment_id = T2.id INNER JOIN gender AS T3 ON T1.gender_id = T3.id WHERE T2.alignment = 'Good' AND T3.gender = 'Female',SELECT COUNT(T1.hero_id) FROM Hero_Profiles AS T1 INNER JOIN Hero_Alignments AS T2 ON T1.alignment_id = T2.alignment_id INNER JOIN Hero_Genders AS T3 ON T1.gender_id = T3.gender_id WHERE T2.alignment = 'Good' AND T3.gender = 'Female',"['Hero_Profiles', 'Hero_Alignments', 'Hero_Genders']",SELECT COUNT(T1.hero_id) FROM Hero_Profiles AS T1 INNER JOIN Hero_Alignments AS T2 ON T1.alignment_id = T2.alignment_id INNER JOIN Hero_Genders AS T3 ON T1.gender_id = T3.gender_id WHERE T2.alignment = 'Good' AND T3.gender = 'Female'
818,superhero,"Among the bad superheroes, what is the percentage of female superheroes?","bad superheroes refers to alignment.id = 2; percentage = MULTIPLY(DIVIDE(SUM(gender.id = 2 WHERE alignment.id = 2), COUNT(alignment.id = 2)), 100.0); female refers to gender.id = 2;",SELECT CAST(COUNT(CASE WHEN T3.gender = 'Female' THEN T1.id ELSE NULL END) AS REAL) * 100 / COUNT(T1.id) FROM superhero AS T1 INNER JOIN alignment AS T2 ON T1.alignment_id = T2.id INNER JOIN gender AS T3 ON T1.gender_id = T3.id WHERE T2.alignment = 'Bad',challenging,"['alignment', 'superhero', 'gender']",SELECT CAST(COUNT(CASE WHEN T3.gender = 'Female' THEN T1.id ELSE NULL END) AS REAL) * 100 / COUNT(T1.id) FROM superhero AS T1 INNER JOIN alignment AS T2 ON T1.alignment_id = T2.id INNER JOIN gender AS T3 ON T1.gender_id = T3.id WHERE T2.alignment = 'Bad',SELECT CAST(COUNT(CASE WHEN T3.gender = 'Female' THEN T1.hero_id ELSE NULL END) AS REAL) * 100 / COUNT(T1.hero_id) FROM Hero_Profiles AS T1 INNER JOIN Hero_Alignments AS T2 ON T1.alignment_id = T2.alignment_id INNER JOIN Hero_Genders AS T3 ON T1.gender_id = T3.gender_id WHERE T2.alignment = 'Bad',"['Hero_Profiles', 'Hero_Alignments', 'Hero_Genders']",SELECT CAST(COUNT(CASE WHEN T3.gender = 'Female' THEN T1.hero_id ELSE NULL END) AS REAL) * 100 / COUNT(T1.hero_id) FROM Hero_Profiles AS T1 INNER JOIN Hero_Alignments AS T2 ON T1.alignment_id = T2.alignment_id INNER JOIN Hero_Genders AS T3 ON T1.gender_id = T3.gender_id WHERE T2.alignment = 'Bad'
821,superhero,List down Ajax's superpowers.,Ajax refers to superhero_name = 'Ajax'; superpowers refers to power_name;,SELECT T3.power_name FROM superhero AS T1 INNER JOIN hero_power AS T2 ON T1.id = T2.hero_id INNER JOIN superpower AS T3 ON T2.power_id = T3.id WHERE T1.superhero_name = 'Ajax',simple,"['superpower', 'hero_power', 'superhero']",SELECT power_name FROM cluster21_hero_power_join_superhero_join_superpower WHERE superhero_name = 'Ajax',SELECT T3.power_name FROM Hero_Profiles AS T1 INNER JOIN Hero_Power_Map AS T2 ON T1.hero_id = T2.hero_id INNER JOIN Hero_Superpowers AS T3 ON T2.power_id = T3.superpower_id WHERE T1.superhero_name = 'Ajax',"['Hero_Power_Map', 'Hero_Profiles', 'Hero_Superpowers']",SELECT power_name FROM workload_updated_cluster21_Hero_Power_Map_join_Hero_Profiles_join_Hero_Superpowers WHERE superhero_name = 'Ajax'
822,superhero,How many green-skinned villains are there in the superhero universe?,green-skinned refers to colour.colour = 'Green' WHERE skin_colour_id = colour.id; villains refers to alignment = 'Bad';,SELECT COUNT(T1.id) FROM superhero AS T1 INNER JOIN alignment AS T2 ON T1.alignment_id = T2.id INNER JOIN colour AS T3 ON T1.skin_colour_id = T3.id WHERE T2.alignment = 'Bad' AND T3.colour = 'Green',moderate,"['colour', 'alignment', 'superhero']",SELECT COUNT(superhero_id) FROM cluster53_alignment_join_superhero AS T53 INNER JOIN colour AS T3 ON T53.skin_colour_id = T3.id WHERE alignment = 'Bad' AND T3.colour = 'Green',SELECT COUNT(T1.hero_id) FROM Hero_Profiles AS T1 INNER JOIN Hero_Alignments AS T2 ON T1.alignment_id = T2.alignment_id INNER JOIN Hero_Colors AS T3 ON T1.skin_colour_id = T3.colour_id WHERE T2.alignment = 'Bad' AND T3.colour = 'Green',"['Hero_Profiles', 'Hero_Colors', 'Hero_Alignments']",SELECT COUNT(hero_id) FROM workload_updated_cluster53_Hero_Alignments_join_Hero_Profiles AS T1 INNER JOIN Hero_Colors AS T2 ON T1.skin_colour_id = T2.colour_id WHERE T1.alignment = 'Bad' AND T2.colour = 'Green'
823,superhero,How many female superheroes are in Marvel Comics?,female refers to gender = 'Female'; Marvel Comics refers to publisher_name = 'Marvel Comics';,SELECT COUNT(T1.id) FROM superhero AS T1 INNER JOIN publisher AS T2 ON T1.publisher_id = T2.id INNER JOIN gender AS T3 ON T1.gender_id = T3.id WHERE T2.publisher_name = 'Marvel Comics' AND T3.gender = 'Female',moderate,"['publisher', 'superhero', 'gender']",SELECT COUNT(superhero_id) FROM cluster22_publisher_join_superhero AS T22 INNER JOIN gender AS T3 ON T22.gender_id = T3.id WHERE publisher_name = 'Marvel Comics' AND T3.gender = 'Female',SELECT COUNT(T1.hero_id) FROM Hero_Profiles AS T1 INNER JOIN Hero_Publishers AS T2 ON T1.publisher_id = T2.publisher_id INNER JOIN Hero_Genders AS T3 ON T1.gender_id = T3.gender_id WHERE T2.publisher_name = 'Marvel Comics' AND T3.gender = 'Female',"['Hero_Profiles', 'Hero_Genders', 'Hero_Publishers']",SELECT COUNT(T1.hero_id) FROM Hero_Profiles AS T1 INNER JOIN Hero_Publishers AS T2 ON T1.publisher_id = T2.publisher_id INNER JOIN Hero_Genders AS T3 ON T1.gender_id = T3.gender_id WHERE T2.publisher_name = 'Marvel Comics' AND T3.gender = 'Female'
825,superhero,Identify the gender of the superhero who has the ability of Phoenix Force.,ability of Phoenix Force refers to power_name = 'Phoenix Force';,SELECT T4.gender FROM superhero AS T1 INNER JOIN hero_power AS T2 ON T1.id = T2.hero_id INNER JOIN superpower AS T3 ON T2.power_id = T3.id INNER JOIN gender AS T4 ON T1.gender_id = T4.id WHERE T3.power_name = 'Phoenix Force',moderate,"['superpower', 'hero_power', 'gender', 'superhero']",SELECT T4.gender FROM superhero AS T1 INNER JOIN hero_power AS T2 ON T1.id = T2.hero_id INNER JOIN superpower AS T3 ON T2.power_id = T3.id INNER JOIN gender AS T4 ON T1.gender_id = T4.id WHERE T3.power_name = 'Phoenix Force',SELECT T4.gender FROM Hero_Profiles AS T1 INNER JOIN Hero_Power_Map AS T2 ON T1.hero_id = T2.hero_id INNER JOIN Hero_Superpowers AS T3 ON T2.power_id = T3.superpower_id INNER JOIN Hero_Genders AS T4 ON T1.gender_id = T4.gender_id WHERE T3.power_name = 'Phoenix Force',"['Hero_Power_Map', 'Hero_Profiles', 'Hero_Superpowers', 'Hero_Genders']",SELECT T2.gender FROM workload_updated_cluster21_Hero_Power_Map_join_Hero_Profiles_join_Hero_Superpowers AS T1 INNER JOIN workload_updated_cluster52_Hero_Attribute_Types_join_Hero_Attributes_join_Hero_Genders_join_Hero_Profiles AS T2 ON T1.Hero_Profiles_hero_id = T2.Hero_Profiles_hero_id WHERE T1.power_name = 'Phoenix Force'
826,superhero,Identify the heaviest superhero in DC Comics.,heaviest refers to MAX(weight_kg); DC Comics refers to publisher_name = 'DC Comics'; superhero refers to superhero_name;,SELECT T1.superhero_name FROM superhero AS T1 INNER JOIN publisher AS T2 ON T1.publisher_id = T2.id WHERE T2.publisher_name = 'DC Comics' ORDER BY T1.weight_kg DESC LIMIT 1,simple,"['publisher', 'superhero']",SELECT superhero_name FROM cluster22_publisher_join_superhero WHERE publisher_name = 'DC Comics' ORDER BY weight_kg DESC LIMIT 1,SELECT T1.superhero_name FROM Hero_Profiles AS T1 INNER JOIN Hero_Publishers AS T2 ON T1.publisher_id = T2.publisher_id WHERE T2.publisher_name = 'DC Comics' ORDER BY T1.weight_kg DESC LIMIT 1,"['Hero_Profiles', 'Hero_Publishers']",SELECT T1.superhero_name FROM workload_updated_cluster22_Hero_Profiles_join_Hero_Publishers AS T1 INNER JOIN workload_updated_cluster22_Hero_Profiles_join_Hero_Publishers AS T2 ON T1.publisher_id = T2.Hero_Publishers_publisher_id WHERE T2.publisher_name = 'DC Comics' ORDER BY T1.weight_kg DESC LIMIT 1
827,superhero,What is the average height of a non-human superhero in Dark Horse Comics?,average = AVG(height_cm); non-human superhero refers to race <> 'Human'; Dark Horse Comics refers to publisher_name = 'Dark Horse Comics';,SELECT AVG(T1.height_cm) FROM superhero AS T1 INNER JOIN publisher AS T2 ON T1.publisher_id = T2.id INNER JOIN race AS T3 ON T1.race_id = T3.id WHERE T2.publisher_name = 'Dark Horse Comics' AND T3.race != 'Human',moderate,"['race', 'publisher', 'superhero']",SELECT AVG(height_cm) FROM cluster22_publisher_join_superhero AS T22 INNER JOIN race AS T3 ON T22.race_id = T3.id WHERE publisher_name = 'Dark Horse Comics' AND T3.race != 'Human',SELECT AVG(T1.height_cm) FROM Hero_Profiles AS T1 INNER JOIN Hero_Publishers AS T2 ON T1.publisher_id = T2.publisher_id INNER JOIN Hero_Races AS T3 ON T1.race_id = T3.race_id WHERE T2.publisher_name = 'Dark Horse Comics' AND T3.race != 'Human',"['Hero_Races', 'Hero_Profiles', 'Hero_Publishers']",SELECT AVG(T1.height_cm) FROM workload_updated_cluster22_Hero_Profiles_join_Hero_Publishers AS T1 INNER JOIN workload_updated_cluster24_Hero_Profiles_join_Hero_Races AS T2 ON T1.hero_id = T2.hero_id WHERE T1.publisher_name = 'Dark Horse Comics' AND T2.race != 'Human'
828,superhero,Count the fastest superheroes.,fastest refers to attribute_value = 100 WHERE attribute_name = 'Speed';,SELECT COUNT(T3.superhero_name) FROM hero_attribute AS T1 INNER JOIN attribute AS T2 ON T1.attribute_id = T2.id INNER JOIN superhero AS T3 ON T1.hero_id = T3.id WHERE T2.attribute_name = 'Speed' ORDER BY T1.attribute_value DESC LIMIT 1,simple,"['attribute', 'superhero', 'hero_attribute']",SELECT COUNT(T3.superhero_name) FROM hero_attribute AS T1 INNER JOIN attribute AS T2 ON T1.attribute_id = T2.id INNER JOIN superhero AS T3 ON T1.hero_id = T3.id WHERE T2.attribute_name = 'Speed' ORDER BY T1.attribute_value DESC LIMIT 1,SELECT COUNT(T3.superhero_name) FROM Hero_Attributes AS T1 INNER JOIN Hero_Attribute_Types AS T2 ON T1.attribute_id = T2.attribute_id INNER JOIN Hero_Profiles AS T3 ON T1.hero_id = T3.hero_id WHERE T2.attribute_name = 'Speed' ORDER BY T1.attribute_value DESC LIMIT 1,"['Hero_Attributes', 'Hero_Profiles', 'Hero_Attribute_Types']",SELECT COUNT(superhero_name) FROM workload_updated_cluster51_Hero_Attribute_Types_join_Hero_Attributes_join_Hero_Profiles_join_Hero_Publishers WHERE attribute_name = 'Speed' ORDER BY attribute_value DESC LIMIT 1
830,superhero,Identify the weakest attribute of the Black Panther.,weakest attribute refers to attribute_name WHERE MIN(attribute_value); Black Panther refers to superhero_name = 'Black Panther';,SELECT T3.attribute_name FROM superhero AS T1 INNER JOIN hero_attribute AS T2 ON T1.id = T2.hero_id INNER JOIN attribute AS T3 ON T2.attribute_id = T3.id WHERE T1.superhero_name = 'Black Panther' ORDER BY T2.attribute_value ASC LIMIT 1,moderate,"['attribute', 'superhero', 'hero_attribute']",SELECT T3.attribute_name FROM superhero AS T1 INNER JOIN hero_attribute AS T2 ON T1.id = T2.hero_id INNER JOIN attribute AS T3 ON T2.attribute_id = T3.id WHERE T1.superhero_name = 'Black Panther' ORDER BY T2.attribute_value ASC LIMIT 1,SELECT T3.attribute_name FROM Hero_Profiles AS T1 INNER JOIN Hero_Attributes AS T2 ON T1.hero_id = T2.hero_id INNER JOIN Hero_Attribute_Types AS T3 ON T2.attribute_id = T3.attribute_id WHERE T1.superhero_name = 'Black Panther' ORDER BY T2.attribute_value ASC LIMIT 1,"['Hero_Profiles', 'Hero_Attributes', 'Hero_Attribute_Types']",SELECT attribute_name FROM workload_updated_cluster51_Hero_Attribute_Types_join_Hero_Attributes_join_Hero_Profiles_join_Hero_Publishers WHERE superhero_name = 'Black Panther' ORDER BY attribute_value ASC LIMIT 1
831,superhero,What is Abomination's eye colour?,Abomination refers to superhero_name = 'Abomination'; eye colour refers to colour.colour where eye_colour_id = colour.id;,SELECT T2.colour FROM superhero AS T1 INNER JOIN colour AS T2 ON T1.eye_colour_id = T2.id WHERE T1.superhero_name = 'Abomination',simple,"['colour', 'superhero']",SELECT colour FROM cluster23_colour_join_superhero WHERE superhero_name = 'Abomination',SELECT T2.colour FROM Hero_Profiles AS T1 INNER JOIN Hero_Colors AS T2 ON T1.eye_colour_id = T2.colour_id WHERE T1.superhero_name = 'Abomination',"['Hero_Profiles', 'Hero_Colors']",SELECT T2.colour FROM workload_updated_cluster23_Hero_Colors_join_Hero_Profiles AS T1 INNER JOIN workload_updated_cluster23_Hero_Colors_join_Hero_Profiles AS T2 ON T1.eye_colour_id = T2.colour_id WHERE T1.superhero_name = 'Abomination'
832,superhero,Name the tallest superhero.,tallest superhero refers to MAX(height_cm);,SELECT superhero_name FROM superhero ORDER BY height_cm DESC LIMIT 1,simple,['superhero'],SELECT superhero_name FROM superhero ORDER BY height_cm DESC LIMIT 1,SELECT superhero_name FROM Hero_Profiles ORDER BY height_cm DESC LIMIT 1,['Hero_Profiles'],SELECT superhero_name FROM Hero_Profiles ORDER BY height_cm DESC LIMIT 1
833,superhero,"Name the superhero, otherwise known as Charles Chandler.",name the superhero refers to superhero_name; Charles Chandler is the full name of superhero;,SELECT superhero_name FROM superhero WHERE full_name = 'Charles Chandler',simple,['superhero'],SELECT superhero_name FROM superhero WHERE full_name = 'Charles Chandler',SELECT superhero_name FROM Hero_Profiles WHERE full_name = 'Charles Chandler',['Hero_Profiles'],SELECT superhero_name FROM Hero_Profiles WHERE full_name = 'Charles Chandler'
835,superhero,"Among all superheroes in Marvel Comics, identify the percentage of 'good' superheroes.","Marvel Comics refers to publisher_name = 'Marvel Comics'; percentage = MULTIPLY(DIVIDE(SUM(alignment = 'Good' WHERE publisher_name = 'Marvel Comics'), COUNT(publisher_name = 'Marvel Comics')), 100.0); good superheroes refers to alignment = 'Good';",SELECT CAST(COUNT(CASE WHEN T3.alignment = 'Good' THEN T1.id ELSE NULL END) AS REAL) * 100 / COUNT(T1.id) FROM superhero AS T1 INNER JOIN publisher AS T2 ON T1.publisher_id = T2.id INNER JOIN alignment AS T3 ON T1.alignment_id = T3.id WHERE T2.publisher_name = 'Marvel Comics',challenging,"['alignment', 'publisher', 'superhero']",SELECT CAST(COUNT(CASE WHEN T53.alignment = 'Good' THEN T22.superhero_id ELSE NULL END) AS REAL) * 100 / COUNT(T22.superhero_id) FROM cluster22_publisher_join_superhero AS T22 INNER JOIN alignment AS T53 ON T22.alignment_id = T53.id WHERE T22.publisher_name = 'Marvel Comics',SELECT CAST(COUNT(CASE WHEN T3.alignment = 'Good' THEN T1.hero_id ELSE NULL END) AS REAL) * 100 / COUNT(T1.hero_id) FROM Hero_Profiles AS T1 INNER JOIN Hero_Publishers AS T2 ON T1.publisher_id = T2.publisher_id INNER JOIN Hero_Alignments AS T3 ON T1.alignment_id = T3.alignment_id WHERE T2.publisher_name = 'Marvel Comics',"['Hero_Profiles', 'Hero_Alignments', 'Hero_Publishers']",SELECT CAST(COUNT(CASE WHEN T2.alignment = 'Good' THEN T1.hero_id ELSE NULL END) AS REAL) * 100 / COUNT(T1.hero_id) FROM workload_updated_cluster22_Hero_Profiles_join_Hero_Publishers AS T1 INNER JOIN workload_updated_cluster53_Hero_Alignments_join_Hero_Profiles AS T2 ON T1.hero_id = T2.hero_id WHERE T1.publisher_name = 'Marvel Comics'
837,superhero,Give the hero ID of superhero with the lowest attribute value.,lowest attribute value refers to MIN(attribute_value);,SELECT hero_id FROM hero_attribute WHERE attribute_value = ( SELECT MIN(attribute_value) FROM hero_attribute ),simple,['hero_attribute'],SELECT hero_id FROM hero_attribute WHERE attribute_value = ( SELECT MIN(attribute_value) FROM hero_attribute ),SELECT hero_id FROM Hero_Attributes WHERE attribute_value = ( SELECT MIN(attribute_value) FROM Hero_Attributes ),['Hero_Attributes'],SELECT hero_id FROM Hero_Attributes WHERE attribute_value = ( SELECT MIN(attribute_value) FROM Hero_Attributes )
840,superhero,List the attribute value of the superhero named Aquababy.,,SELECT T2.attribute_value FROM superhero AS T1 INNER JOIN hero_attribute AS T2 ON T1.id = T2.hero_id WHERE T1.superhero_name = 'Aquababy',simple,"['superhero', 'hero_attribute']",SELECT T2.attribute_value FROM superhero AS T1 INNER JOIN hero_attribute AS T2 ON T1.id = T2.hero_id WHERE T1.superhero_name = 'Aquababy',SELECT T2.attribute_value FROM Hero_Profiles AS T1 INNER JOIN Hero_Attributes AS T2 ON T1.hero_id = T2.hero_id WHERE T1.superhero_name = 'Aquababy',"['Hero_Profiles', 'Hero_Attributes']",SELECT attribute_value FROM workload_updated_cluster51_Hero_Attribute_Types_join_Hero_Attributes_join_Hero_Profiles_join_Hero_Publishers WHERE superhero_name = 'Aquababy'
842,superhero,Calculate the average height of all neutral superheroes.,,SELECT AVG(T1.height_cm) FROM superhero AS T1 INNER JOIN alignment AS T2 ON T1.alignment_id = T2.id WHERE T2.alignment = 'Neutral',simple,"['alignment', 'superhero']",SELECT AVG(height_cm) FROM cluster53_alignment_join_superhero WHERE alignment = 'Neutral',SELECT AVG(T1.height_cm) FROM Hero_Profiles AS T1 INNER JOIN Hero_Alignments AS T2 ON T1.alignment_id = T2.alignment_id WHERE T2.alignment = 'Neutral',"['Hero_Profiles', 'Hero_Alignments']",SELECT AVG(height_cm) FROM workload_updated_cluster53_Hero_Alignments_join_Hero_Profiles WHERE alignment = 'Neutral'
848,formula_1,Please list the year during which the race is held on circuits in Shanghai.,Shanghai is a name of location;,SELECT T2.year FROM circuits AS T1 INNER JOIN races AS T2 ON T2.circuitID = T1.circuitId WHERE T1.location = 'Shanghai',simple,"['circuits', 'races']",SELECT year FROM cluster25_circuits_join_races WHERE location = 'Shanghai',SELECT T2.season_year FROM F1_Tracks AS T1 INNER JOIN F1_Races AS T2 ON T2.circuit_id = T1.circuit_id WHERE T1.location = 'Shanghai',"['F1_Races', 'F1_Tracks']",SELECT season_year FROM workload_updated_cluster25_F1_Races_join_F1_Tracks WHERE location = 'Shanghai'
850,formula_1,Please give the name of the race held on the circuits in Germany.,Germany is a name of country;,SELECT DISTINCT T2.name FROM circuits AS T1 INNER JOIN races AS T2 ON T2.circuitID = T1.circuitId WHERE T1.country = 'Germany',simple,"['circuits', 'races']",SELECT DISTINCT races_name FROM cluster25_circuits_join_races WHERE country = 'Germany',SELECT DISTINCT T2.race_name FROM F1_Tracks AS T1 INNER JOIN F1_Races AS T2 ON T2.circuit_id = T1.circuit_id WHERE T1.country = 'Germany',"['F1_Races', 'F1_Tracks']",SELECT DISTINCT race_name FROM workload_updated_cluster25_F1_Races_join_F1_Tracks WHERE country = 'Germany'
851,formula_1,Please list the positions of the circuits built by the constructor Renault.,Renault is a name of constructor;,SELECT DISTINCT T1.position FROM constructorStandings AS T1 INNER JOIN constructors AS T2 ON T2.constructorId = T1.constructorId WHERE T2.name = 'Renault',simple,"['constructors', 'constructorStandings']",SELECT DISTINCT position FROM cluster54_constructorstandings_join_constructors WHERE name = 'Renault',SELECT DISTINCT T1.position FROM F1_Constructor_Standings AS T1 INNER JOIN F1_Constructors AS T2 ON T2.constructor_id = T1.constructor_id WHERE T2.constructor_name = 'Renault',"['F1_Constructors', 'F1_Constructor_Standings']",SELECT DISTINCT position FROM workload_updated_cluster54_F1_Constructor_Standings_join_F1_Constructors WHERE constructor_name = 'Renault'
853,formula_1,Please give the names of the races held on the circuits in Spain.,Spain is a name of country;,SELECT DISTINCT T2.name FROM circuits AS T1 INNER JOIN races AS T2 ON T2.circuitID = T1.circuitId WHERE T1.country = 'Spain',simple,"['circuits', 'races']",SELECT DISTINCT races_name FROM cluster25_circuits_join_races WHERE country = 'Spain',SELECT DISTINCT T2.race_name FROM F1_Tracks AS T1 INNER JOIN F1_Races AS T2 ON T2.circuit_id = T1.circuit_id WHERE T1.country = 'Spain',"['F1_Races', 'F1_Tracks']",SELECT DISTINCT race_name FROM workload_updated_cluster25_F1_Races_join_F1_Tracks WHERE country = 'Spain'
854,formula_1,What is the location coordinates of the circuits for Australian grand prix?,"coordinates refers to (lat, lng);","SELECT DISTINCT T1.lat, T1.lng FROM circuits AS T1 INNER JOIN races AS T2 ON T2.circuitID = T1.circuitId WHERE T2.name = 'Australian Grand Prix'",simple,"['circuits', 'races']","SELECT DISTINCT lat, lng FROM cluster25_circuits_join_races WHERE races_name = 'Australian Grand Prix'","SELECT DISTINCT T1.latitude, T1.longitude FROM F1_Tracks AS T1 INNER JOIN F1_Races AS T2 ON T2.circuit_id = T1.circuit_id WHERE T2.race_name = 'Australian Grand Prix'","['F1_Races', 'F1_Tracks']","SELECT DISTINCT latitude, longitude FROM workload_updated_cluster25_F1_Races_join_F1_Tracks WHERE race_name = 'Australian Grand Prix'"
856,formula_1,Please list the time of the races held on Sepang International Circuit.,,SELECT DISTINCT T2.time FROM circuits AS T1 INNER JOIN races AS T2 ON T2.circuitID = T1.circuitId WHERE T1.name = 'Sepang International Circuit',simple,"['circuits', 'races']",SELECT DISTINCT T2.time FROM circuits AS T1 INNER JOIN races AS T2 ON T2.circuitID = T1.circuitId WHERE T1.name = 'Sepang International Circuit',SELECT DISTINCT T2.race_time FROM F1_Tracks AS T1 INNER JOIN F1_Races AS T2 ON T2.circuit_id = T1.circuit_id WHERE T1.circuit_name = 'Sepang International Circuit',"['F1_Races', 'F1_Tracks']",SELECT DISTINCT race_time FROM workload_updated_cluster25_F1_Races_join_F1_Tracks WHERE circuit_name = 'Sepang International Circuit'
857,formula_1,Give the coordinate position for Abu Dhabi Grand Prix.,"coordinates refers to (lat, lng); position and location shares the same meaning.","SELECT DISTINCT T1.lat, T1.lng, T1.location FROM circuits AS T1 INNER JOIN races AS T2 ON T2.circuitID = T1.circuitId WHERE T2.name = 'Abu Dhabi Grand Prix'",simple,"['circuits', 'races']","SELECT DISTINCT lat, lng, location FROM cluster25_circuits_join_races WHERE races_name = 'Abu Dhabi Grand Prix'","SELECT DISTINCT T1.latitude, T1.longitude, T1.location FROM F1_Tracks AS T1 INNER JOIN F1_Races AS T2 ON T2.circuit_id = T1.circuit_id WHERE T2.race_name = 'Abu Dhabi Grand Prix'","['F1_Races', 'F1_Tracks']","SELECT DISTINCT latitude, longitude, location FROM workload_updated_cluster25_F1_Races_join_F1_Tracks WHERE race_name = 'Abu Dhabi Grand Prix'"
860,formula_1,"For the driver who had the Q2 time as 0:01:40 in the qualifying race No. 355, what is his nationality?",race number refers to raceId;,SELECT DISTINCT T2.nationality FROM qualifying AS T1 INNER JOIN drivers AS T2 ON T2.driverId = T1.driverId WHERE T1.raceId = 355 AND T1.q2 LIKE '1:40%',simple,"['qualifying', 'drivers']",SELECT DISTINCT nationality FROM cluster26_drivers_join_qualifying WHERE raceId = 355 AND q2 LIKE '1:40%',SELECT DISTINCT T2.nationality FROM F1_Qualifying AS T1 INNER JOIN F1_Drivers AS T2 ON T2.driver_id = T1.driver_id WHERE T1.race_id = 355 AND T1.q2 LIKE '1:40%',"['F1_Qualifying', 'F1_Drivers']",SELECT DISTINCT nationality FROM workload_updated_cluster26_F1_Drivers_join_F1_Qualifying WHERE race_id = 355 AND q2 LIKE '1:40%'
863,formula_1,Show me the season page of year when the race No. 901 took place.,race number refers to raceId;,SELECT T2.url FROM races AS T1 INNER JOIN seasons AS T2 ON T2.year = T1.year WHERE T1.raceId = 901,simple,"['seasons', 'races']",SELECT seasons_url FROM cluster55_races_join_seasons WHERE raceId = 901,SELECT T2.url FROM F1_Races AS T1 INNER JOIN F1_Seasons AS T2 ON T2.year = T1.season_year WHERE T1.race_id = 901,"['F1_Seasons', 'F1_Races']",SELECT F1_Seasons_url FROM workload_updated_cluster55_F1_Races_join_F1_Seasons WHERE race_id = 901
866,formula_1,Who was the player that got the lap time of 0:01:27 in the race No. 161? Show his introduction website.,player and driver are synonyms; race number refers to raceId; introduction website of the drivers refers to url;,"SELECT DISTINCT T2.forename, T2.surname, T2.url FROM lapTimes AS T1 INNER JOIN drivers AS T2 ON T2.driverId = T1.driverId WHERE T1.raceId = 161 AND T1.time LIKE '1:27%'",moderate,"['lapTimes', 'drivers']","SELECT DISTINCT forename, surname, url FROM cluster56_drivers_join_laptimes WHERE raceId = 161 AND time LIKE '1:27%'","SELECT DISTINCT T2.first_name, T2.last_name, T2.url FROM F1_Lap_Times AS T1 INNER JOIN F1_Drivers AS T2 ON T2.driver_id = T1.driver_id WHERE T1.race_id = 161 AND T1.lap_time LIKE '1:27%'","['F1_Drivers', 'F1_Lap_Times']","SELECT DISTINCT first_name, last_name, url FROM workload_updated_cluster56_F1_Drivers_join_F1_Lap_Times WHERE race_id = 161 AND lap_time LIKE '1:27%'"
868,formula_1,Where is Malaysian Grand Prix held? Give the location coordinates.,"coordinates refers to (lat, lng);","SELECT DISTINCT T1.lat, T1.lng FROM circuits AS T1 INNER JOIN races AS T2 ON T2.circuitID = T1.circuitId WHERE T2.name = 'Malaysian Grand Prix'",simple,"['circuits', 'races']","SELECT DISTINCT lat, lng FROM cluster25_circuits_join_races WHERE races_name = 'Malaysian Grand Prix'","SELECT DISTINCT T1.latitude, T1.longitude FROM F1_Tracks AS T1 INNER JOIN F1_Races AS T2 ON T2.circuit_id = T1.circuit_id WHERE T2.race_name = 'Malaysian Grand Prix'","['F1_Races', 'F1_Tracks']","SELECT DISTINCT latitude, longitude FROM workload_updated_cluster25_F1_Races_join_F1_Tracks WHERE race_name = 'Malaysian Grand Prix'"
870,formula_1,What's Lucas di Grassi's Q1 result in the race No. 345?,race number refers to raceId;,SELECT T1.q1 FROM qualifying AS T1 INNER JOIN drivers AS T2 ON T2.driverId = T1.driverId WHERE T1.raceId = 345 AND T2.forename = 'Lucas' AND T2.surname = 'di Grassi',simple,"['qualifying', 'drivers']",SELECT q1 FROM cluster26_drivers_join_qualifying WHERE raceId = 345 AND forename = 'Lucas' AND surname = 'di Grassi',SELECT T1.q1 FROM F1_Qualifying AS T1 INNER JOIN F1_Drivers AS T2 ON T2.driver_id = T1.driver_id WHERE T1.race_id = 345 AND T2.first_name = 'Lucas' AND T2.last_name = 'di Grassi',"['F1_Qualifying', 'F1_Drivers']",SELECT q1 FROM workload_updated_cluster26_F1_Drivers_join_F1_Qualifying WHERE race_id = 345 AND first_name = 'Lucas' AND last_name = 'di Grassi'
871,formula_1,"For the driver who had the Q2 time as 0:01:15 in race No. 347, where is he from?",race number refers to raceId;,SELECT DISTINCT T2.nationality FROM qualifying AS T1 INNER JOIN drivers AS T2 ON T2.driverId = T1.driverId WHERE T1.raceId = 347 AND T1.q2 LIKE '1:15%',simple,"['qualifying', 'drivers']",SELECT DISTINCT nationality FROM cluster26_drivers_join_qualifying WHERE raceId = 347 AND q2 LIKE '1:15%',SELECT DISTINCT T2.nationality FROM F1_Qualifying AS T1 INNER JOIN F1_Drivers AS T2 ON T2.driver_id = T1.driver_id WHERE T1.race_id = 347 AND T1.q2 LIKE '1:15%',"['F1_Qualifying', 'F1_Drivers']",SELECT DISTINCT nationality FROM workload_updated_cluster26_F1_Drivers_join_F1_Qualifying WHERE race_id = 347 AND q2 LIKE '1:15%'
872,formula_1,"In the race No. 45, for the driver who had the Q3 time as 0:01:33, what is his abbreviated code?",race number refers to raceId;,SELECT T2.code FROM qualifying AS T1 INNER JOIN drivers AS T2 ON T2.driverId = T1.driverId WHERE T1.raceId = 45 AND T1.q3 LIKE '1:33%',simple,"['qualifying', 'drivers']",SELECT code FROM cluster26_drivers_join_qualifying WHERE raceId = 45 AND q3 LIKE '1:33%',SELECT T2.driver_code FROM F1_Qualifying AS T1 INNER JOIN F1_Drivers AS T2 ON T2.driver_id = T1.driver_id WHERE T1.race_id = 45 AND T1.q3 LIKE '1:33%',"['F1_Qualifying', 'F1_Drivers']",SELECT driver_code FROM workload_updated_cluster26_F1_Drivers_join_F1_Qualifying WHERE race_id = 45 AND q3 LIKE '1:33%'
875,formula_1,Show me the season page of year when the race No. 901 took place.,race number refers to raceId;,SELECT T2.url FROM races AS T1 INNER JOIN seasons AS T2 ON T2.year = T1.year WHERE T1.raceId = 901,simple,"['seasons', 'races']",SELECT seasons_url FROM cluster55_races_join_seasons WHERE raceId = 901,SELECT T2.url FROM F1_Races AS T1 INNER JOIN F1_Seasons AS T2 ON T2.year = T1.season_year WHERE T1.race_id = 901,"['F1_Seasons', 'F1_Races']",SELECT F1_Seasons_url FROM workload_updated_cluster55_F1_Races_join_F1_Seasons WHERE race_id = 901
876,formula_1,"For the race happened in 2015/11/29, how many drivers finished the game?",,SELECT COUNT(T2.driverId) FROM races AS T1 INNER JOIN results AS T2 ON T2.raceId = T1.raceId WHERE T1.date = '2015-11-29' AND T2.time IS NOT NULL,simple,"['results', 'races']",SELECT COUNT(driverId) FROM cluster27_races_join_results WHERE date = '2015-11-29' AND results_time IS NOT NULL,SELECT COUNT(T2.driver_id) FROM F1_Races AS T1 INNER JOIN F1_Results AS T2 ON T2.race_id = T1.race_id WHERE T1.race_date = '2015-11-29' AND T2.finish_time IS NOT NULL,"['F1_Results', 'F1_Races']",SELECT COUNT(driver_id) FROM workload_updated_cluster27_F1_Races_join_F1_Results WHERE race_date = '2015-11-29' AND finish_time IS NOT NULL
877,formula_1,"For all the drivers who finished the game in race No. 872, who is the youngest?",race number refers to raceId; drivers who finished the race refers to time has value; the youngest is a driver where MAX(dob);,"SELECT T1.forename, T1.surname FROM drivers AS T1 INNER JOIN results AS T2 ON T2.driverId = T1.driverId WHERE T2.raceId = 872 AND T2.time IS NOT NULL ORDER BY T1.dob DESC LIMIT 1",moderate,"['drivers', 'results']","SELECT forename, surname FROM cluster28_drivers_join_results WHERE raceId = 872 AND time IS NOT NULL ORDER BY dob DESC LIMIT 1","SELECT T1.first_name, T1.last_name FROM F1_Drivers AS T1 INNER JOIN F1_Results AS T2 ON T2.driver_id = T1.driver_id WHERE T2.race_id = 872 AND T2.finish_time IS NOT NULL ORDER BY T1.birth_date DESC LIMIT 1","['F1_Drivers', 'F1_Results']","SELECT first_name, last_name FROM workload_updated_cluster28_F1_Drivers_join_F1_Results WHERE race_id = 872 AND finish_time IS NOT NULL ORDER BY birth_date DESC LIMIT 1"
878,formula_1,Who was the driver that got the best lap time in the race No. 348? Give his full name.,race number refers to raceId; the best lap time refers to MIN(time),"SELECT T2.forename, T2.surname FROM lapTimes AS T1 INNER JOIN drivers AS T2 ON T2.driverId = T1.driverId WHERE T1.raceId = 348 ORDER BY T1.time ASC LIMIT 1",simple,"['lapTimes', 'drivers']","SELECT forename, surname FROM cluster56_drivers_join_laptimes WHERE raceId = 348 ORDER BY time ASC LIMIT 1","SELECT T2.first_name, T2.last_name FROM F1_Lap_Times AS T1 INNER JOIN F1_Drivers AS T2 ON T2.driver_id = T1.driver_id WHERE T1.race_id = 348 ORDER BY T1.lap_time ASC LIMIT 1","['F1_Drivers', 'F1_Lap_Times']","SELECT first_name, last_name FROM workload_updated_cluster56_F1_Drivers_join_F1_Lap_Times WHERE race_id = 348 ORDER BY lap_time ASC LIMIT 1"
880,formula_1,"Paul di Resta was in the No. 853 race, what percent faster did he finish in the 853rd race than the next race for the fastest lap speed?","race number refers to raceId; DIVIDE(SUBTRACT(fastestLapSpeed(raceId = 853), (fastestLapSpeed (raceId = 854)), (fastestLapSpeed(raceId = 853)) as percentage","SELECT (SUM(IIF(T2.raceId = 853, T2.fastestLapSpeed, 0)) - SUM(IIF(T2.raceId = 854, T2.fastestLapSpeed, 0))) * 100 / SUM(IIF(T2.raceId = 853, T2.fastestLapSpeed, 0)) FROM drivers AS T1 INNER JOIN results AS T2 ON T2.driverId = T1.driverId WHERE T1.forename = 'Paul' AND T1.surname = 'di Resta'",challenging,"['drivers', 'results']","SELECT (SUM(IIF(raceId = 853, fastestLapSpeed, 0)) - SUM(IIF(raceId = 854, fastestLapSpeed, 0))) * 100 / SUM(IIF(raceId = 853, fastestLapSpeed, 0)) FROM cluster28_drivers_join_results WHERE forename = 'Paul' AND surname = 'di Resta'","SELECT (SUM(IIF(T2.race_id = 853, T2.fastest_lap_speed, 0)) - SUM(IIF(T2.race_id = 854, T2.fastest_lap_speed, 0))) * 100 / SUM(IIF(T2.race_id = 853, T2.fastest_lap_speed, 0)) FROM F1_Drivers AS T1 INNER JOIN F1_Results AS T2 ON T2.driver_id = T1.driver_id WHERE T1.first_name = 'Paul' AND T1.last_name = 'di Resta'","['F1_Drivers', 'F1_Results']","SELECT (SUM(IIF(race_id = 853, fastest_lap_speed, 0)) - SUM(IIF(race_id = 854, fastest_lap_speed, 0))) * 100 / SUM(IIF(race_id = 853, fastest_lap_speed, 0)) FROM workload_updated_cluster28_F1_Drivers_join_F1_Results WHERE first_name = 'Paul' AND last_name = 'di Resta'"
883,formula_1,How many races were there in 2005? Name all the races in descending order.,,SELECT name FROM races WHERE year = 2005 ORDER BY name DESC,simple,['races'],SELECT name FROM races WHERE year = 2005 ORDER BY name DESC,SELECT race_name FROM F1_Races WHERE season_year = 2005 ORDER BY race_name DESC,['F1_Races'],SELECT race_name FROM F1_Races WHERE season_year = 2005 ORDER BY race_name DESC
884,formula_1,Name the first race recorded. What are the other races that happened within the same month and year of that race.,the first race refers to year = year(min(date)) and month = month(min(date));,"SELECT name FROM races WHERE STRFTIME('%Y', date) = ( SELECT STRFTIME('%Y', date) FROM races ORDER BY date ASC LIMIT 1 ) AND STRFTIME('%m', date) = ( SELECT STRFTIME('%m', date) FROM races ORDER BY date ASC LIMIT 1 )",moderate,['races'],"SELECT name FROM races WHERE STRFTIME('%Y', date) = (SELECT STRFTIME('%Y', date) FROM races ORDER BY date ASC LIMIT 1) AND STRFTIME('%m', date) = (SELECT STRFTIME('%m', date) FROM races ORDER BY date ASC LIMIT 1)","SELECT race_name FROM F1_Races WHERE STRFTIME('%Y', race_date) = ( SELECT STRFTIME('%Y', race_date) FROM F1_Races ORDER BY race_date ASC LIMIT 1 ) AND STRFTIME('%m', race_date) = ( SELECT STRFTIME('%m', race_date) FROM F1_Races ORDER BY race_date ASC LIMIT 1 )",['F1_Races'],"SELECT race_name FROM F1_Races WHERE STRFTIME('%Y', race_date) = ( SELECT STRFTIME('%Y', race_date) FROM F1_Races ORDER BY race_date ASC LIMIT 1 ) AND STRFTIME('%m', race_date) = ( SELECT STRFTIME('%m', race_date) FROM F1_Races ORDER BY race_date ASC LIMIT 1 )"
885,formula_1,State the name and date of the last round of race in year 1999.,the last round refers to max(round);,"SELECT name, date FROM races WHERE year = 1999 ORDER BY round DESC LIMIT 1",simple,['races'],"SELECT name, date FROM races WHERE year = 1999 ORDER BY round DESC LIMIT 1","SELECT race_name, race_date FROM F1_Races WHERE season_year = 1999 ORDER BY round_number DESC LIMIT 1",['F1_Races'],"SELECT race_name, race_date FROM F1_Races WHERE season_year = 1999 ORDER BY round_number DESC LIMIT 1"
890,formula_1,How many seasons has Silverstone Circuit hosted the United Kindom grand prix?,British Grand Prix is the name of race; British refers to the United Kindom,SELECT COUNT(T2.circuitid) FROM circuits AS T1 INNER JOIN races AS T2 ON T2.circuitID = T1.circuitId WHERE T1.name = 'Silverstone Circuit' AND T2.name = 'British Grand Prix',simple,"['circuits', 'races']","SELECT COUNT(races_circuitid) FROM cluster25_circuits_join_races WHERE circuits_name = ""Silverstone Circuit"" AND races_name = ""British Grand Prix""",SELECT COUNT(T2.circuit_id) FROM F1_Tracks AS T1 INNER JOIN F1_Races AS T2 ON T2.circuit_id = T1.circuit_id WHERE T1.circuit_name = 'Silverstone Circuit' AND T2.race_name = 'British Grand Prix',"['F1_Races', 'F1_Tracks']",SELECT COUNT(F1_Tracks_circuit_id) FROM workload_updated_cluster25_F1_Races_join_F1_Tracks WHERE circuit_name = 'Silverstone Circuit' AND race_name = 'British Grand Prix'
891,formula_1,Name all drivers in the 2010 Singapore Grand Prix order by their position stands.,,"SELECT T3.forename, T3.surname FROM races AS T1 INNER JOIN driverStandings AS T2 ON T2.raceId = T1.raceId INNER JOIN drivers AS T3 ON T3.driverId = T2.driverId WHERE T1.name = 'Singapore Grand Prix' AND T1.year = 2010 ORDER BY T2.position ASC",simple,"['drivers', 'driverStandings', 'races']","SELECT forename, surname FROM cluster29_driverstandings_join_drivers_join_races WHERE name = 'Singapore Grand Prix' AND year = 2010 ORDER BY driverStandings_position ASC","SELECT T3.first_name, T3.last_name FROM F1_Races AS T1 INNER JOIN F1_Driver_Standings AS T2 ON T2.race_id = T1.race_id INNER JOIN F1_Drivers AS T3 ON T3.driver_id = T2.driver_id WHERE T1.race_name = 'Singapore Grand Prix' AND T1.season_year = 2010 ORDER BY T2.position ASC","['F1_Drivers', 'F1_Races', 'F1_Driver_Standings']","SELECT first_name, last_name FROM workload_updated_cluster29_F1_Driver_Standings_join_F1_Drivers_join_F1_Races WHERE race_name = 'Singapore Grand Prix' AND season_year = 2010 ORDER BY position ASC"
894,formula_1,What is the best lap time recorded? List the driver and race with such recorded lap time.,the best lap time refers to min(time),"SELECT T2.milliseconds, T1.forename, T1.surname, T3.name FROM drivers AS T1 INNER JOIN lapTimes AS T2 ON T1.driverId = T2.driverId INNER JOIN races AS T3 ON T2.raceId = T3.raceId ORDER BY T2.milliseconds ASC LIMIT 1",moderate,"['lapTimes', 'drivers', 'races']","SELECT milliseconds, forename, surname, name FROM cluster56_drivers_join_laptimes AS T1 INNER JOIN races AS T3 ON T1.raceId = T3.raceId ORDER BY milliseconds ASC LIMIT 1","SELECT T2.milliseconds, T1.first_name, T1.last_name, T3.race_name FROM F1_Drivers AS T1 INNER JOIN F1_Lap_Times AS T2 ON T1.driver_id = T2.driver_id INNER JOIN F1_Races AS T3 ON T2.race_id = T3.race_id ORDER BY T2.milliseconds ASC LIMIT 1","['F1_Drivers', 'F1_Races', 'F1_Lap_Times']","SELECT T1.milliseconds, T1.first_name, T1.last_name, T2.race_name FROM workload_updated_cluster56_F1_Drivers_join_F1_Lap_Times AS T1 INNER JOIN F1_Races AS T2 ON T1.race_id = T2.race_id ORDER BY T1.milliseconds ASC LIMIT 1"
895,formula_1,What is the average lap time for Sebastian Vettel in the 2009 Chinese Grand Prix?,AVG(time);,SELECT AVG(T2.milliseconds) FROM races AS T1 INNER JOIN lapTimes AS T2 ON T2.raceId = T1.raceId INNER JOIN drivers AS T3 ON T3.driverId = T2.driverId WHERE T3.forename = 'Sebastian' AND T3.surname = 'Vettel' AND T1.year = 2009 AND T1.name = 'Chinese GrAND Prix',moderate,"['lapTimes', 'drivers', 'races']",SELECT AVG(T2.milliseconds) FROM races AS T1 INNER JOIN lapTimes AS T2 ON T2.raceId = T1.raceId INNER JOIN drivers AS T3 ON T3.driverId = T2.driverId WHERE T3.forename = 'Sebastian' AND T3.surname = 'Vettel' AND T1.year = 2009 AND T1.name = 'Chinese GrAND Prix',SELECT AVG(T2.milliseconds) FROM F1_Races AS T1 INNER JOIN F1_Lap_Times AS T2 ON T1.race_id = T2.race_id INNER JOIN F1_Drivers AS T3 ON T2.driver_id = T3.driver_id WHERE T3.first_name = 'Sebastian' AND T3.last_name = 'Vettel' AND T1.season_year = 2009 AND T1.race_name = 'Chinese GrAND Prix',"['F1_Drivers', 'F1_Races', 'F1_Lap_Times']",SELECT AVG(T2.milliseconds) FROM F1_Races AS T1 INNER JOIN F1_Lap_Times AS T2 ON T1.race_id = T2.race_id INNER JOIN F1_Drivers AS T3 ON T2.driver_id = T3.driver_id WHERE T3.first_name = 'Sebastian' AND T3.last_name = 'Vettel' AND T1.season_year = 2009 AND T1.race_name = 'Chinese GrAND Prix'
896,formula_1,Calculate the percentage whereby Hamilton was not at the 1st track of the the f1 circuit since 2010.,"DIVIDE(COUNT(raceId) where surname = 'Hamilton', year >= 2010 and position>1), (COUNT(raceId) where surname = 'Hamilton', year >= 2010) as percentage;",SELECT CAST(COUNT(CASE WHEN T2.position <> 1 THEN T2.position END) AS REAL) * 100 / COUNT(T2.driverStandingsId) FROM races AS T1 INNER JOIN driverStandings AS T2 ON T2.raceId = T1.raceId INNER JOIN drivers AS T3 ON T3.driverId = T2.driverId WHERE T3.surname = 'Hamilton' AND T1.year >= 2010,challenging,"['drivers', 'driverStandings', 'races']",SELECT CAST(COUNT(CASE WHEN driverStandings_position <> 1 THEN driverStandings_position END) AS REAL) * 100 / COUNT(driverStandingsId) FROM cluster29_driverstandings_join_drivers_join_races WHERE surname = 'Hamilton' AND year >= 2010,SELECT CAST(COUNT(CASE WHEN T2.position <> 1 THEN T2.position END) AS REAL) * 100 / COUNT(T2.standing_id) FROM F1_Races AS T1 INNER JOIN F1_Driver_Standings AS T2 ON T2.race_id = T1.race_id INNER JOIN F1_Drivers AS T3 ON T3.driver_id = T2.driver_id WHERE T3.last_name = 'Hamilton' AND T1.season_year >= 2010,"['F1_Drivers', 'F1_Races', 'F1_Driver_Standings']",SELECT CAST(COUNT(CASE WHEN position <> 1 THEN position END) AS REAL) * 100 / COUNT(standing_id) FROM workload_updated_cluster29_F1_Driver_Standings_join_F1_Drivers_join_F1_Races WHERE last_name = 'Hamilton' AND season_year >= 2010
897,formula_1,Name the driver with the most winning. Mention his nationality and what is his average point scores.,the most winning refers to MAX(COUNT(wins)); avg(points);,"SELECT T1.forename, T1.surname, T1.nationality, AVG(T2.points) FROM drivers AS T1 INNER JOIN driverStandings AS T2 ON T2.driverId = T1.driverId WHERE T2.wins = 1 GROUP BY T1.forename, T1.surname, T1.nationality ORDER BY COUNT(T2.wins) DESC LIMIT 1",moderate,"['drivers', 'driverStandings']","SELECT forename, surname, nationality, AVG(driverStandings_points) FROM cluster29_driverstandings_join_drivers_join_races WHERE wins = 1 GROUP BY forename, surname, nationality ORDER BY COUNT(wins) DESC LIMIT 1","SELECT T1.first_name, T1.last_name, T1.nationality, AVG(T2.points) FROM F1_Drivers AS T1 INNER JOIN F1_Driver_Standings AS T2 ON T2.driver_id = T1.driver_id WHERE T2.wins = 1 GROUP BY T1.first_name, T1.last_name, T1.nationality ORDER BY COUNT(T2.wins) DESC LIMIT 1","['F1_Drivers', 'F1_Driver_Standings']","SELECT first_name, last_name, nationality, AVG(points) FROM workload_updated_cluster29_F1_Driver_Standings_join_F1_Drivers_join_F1_Races WHERE wins = 1 GROUP BY first_name, last_name, nationality ORDER BY COUNT(wins) DESC LIMIT 1"
902,formula_1,Which race was Alex Yoong in when he was in track number less than 10?,track number less than 10 refers to position < 10,SELECT T1.name FROM races AS T1 INNER JOIN driverStandings AS T2 ON T2.raceId = T1.raceId INNER JOIN drivers AS T3 ON T3.driverId = T2.driverId WHERE T3.forename = 'Alex' AND T3.surname = 'Yoong' AND T2.position < 10,simple,"['drivers', 'driverStandings', 'races']",SELECT name FROM cluster29_driverstandings_join_drivers_join_races WHERE forename = 'Alex' AND surname = 'Yoong' AND driverStandings_position < 10,SELECT T1.race_name FROM F1_Races AS T1 INNER JOIN F1_Driver_Standings AS T2 ON T2.race_id = T1.race_id INNER JOIN F1_Drivers AS T3 ON T3.driver_id = T2.driver_id WHERE T3.first_name = 'Alex' AND T3.last_name = 'Yoong' AND T2.position < 10,"['F1_Drivers', 'F1_Races', 'F1_Driver_Standings']",SELECT race_name FROM workload_updated_cluster29_F1_Driver_Standings_join_F1_Drivers_join_F1_Races WHERE first_name = 'Alex' AND last_name = 'Yoong' AND position < 10
909,formula_1,"Among all European Grand Prix races, what is the percentage of the races were hosted in Germany?","percentage = divide(COUNT(races where country = Germany and name = 'Europearn Grand Prix'),COUNT(races where name = 'Europearn Grand Prix'))*100",SELECT CAST(COUNT(CASE WHEN T1.country = 'Germany' THEN T2.circuitID END) AS REAL) * 100 / COUNT(T2.circuitId) FROM circuits AS T1 INNER JOIN races AS T2 ON T2.circuitID = T1.circuitId WHERE T2.name = 'European Grand Prix',moderate,"['circuits', 'races']",SELECT CAST(COUNT(CASE WHEN country = 'Germany' THEN races_circuitId END) AS REAL) * 100 / COUNT(races_circuitId) FROM cluster25_circuits_join_races WHERE races_name = 'European Grand Prix',SELECT CAST(COUNT(CASE WHEN T1.country = 'Germany' THEN T2.circuit_id END) AS REAL) * 100 / COUNT(T2.circuit_id) FROM F1_Tracks AS T1 INNER JOIN F1_Races AS T2 ON T2.circuit_id = T1.circuit_id WHERE T2.race_name = 'European Grand Prix',"['F1_Races', 'F1_Tracks']",SELECT CAST(COUNT(CASE WHEN country = 'Germany' THEN F1_Tracks_circuit_id END) AS REAL) * 100 / COUNT(F1_Tracks_circuit_id) FROM workload_updated_cluster25_F1_Races_join_F1_Tracks WHERE race_name = 'European Grand Prix'
910,formula_1,What's the location coordinates of Silverstone Circuit?,"coordinates refers to (lat, lng)","SELECT lat, lng FROM circuits WHERE name = 'Silverstone Circuit'",simple,['circuits'],"SELECT lat, lng FROM circuits WHERE name = 'Silverstone Circuit'","SELECT latitude, longitude FROM F1_Tracks WHERE circuit_name = 'Silverstone Circuit'",['F1_Tracks'],"SELECT latitude, longitude FROM F1_Tracks WHERE circuit_name = 'Silverstone Circuit'"
911,formula_1,"Which of these circuits is located at a higher latitude, Silverstone Circuit, Hockenheimring or Hungaroring?",higher latitude refers to max(lat),"SELECT name FROM circuits WHERE name IN ('Silverstone Circuit', 'Hockenheimring', 'Hungaroring') ORDER BY lat DESC LIMIT 1",simple,['circuits'],"SELECT name FROM circuits WHERE name IN ('Silverstone Circuit', 'Hockenheimring', 'Hungaroring') ORDER BY lat DESC LIMIT 1","SELECT circuit_name FROM F1_Tracks WHERE circuit_name IN ('Silverstone Circuit', 'Hockenheimring', 'Hungaroring') ORDER BY latitude DESC LIMIT 1",['F1_Tracks'],"SELECT circuit_name FROM F1_Tracks WHERE circuit_name IN ('Silverstone Circuit', 'Hockenheimring', 'Hungaroring') ORDER BY latitude DESC LIMIT 1"
912,formula_1,What's the reference name of Marina Bay Street Circuit?,reference name refers to circuitRef,SELECT circuitRef FROM circuits WHERE name = 'Marina Bay Street Circuit',simple,['circuits'],SELECT circuitRef FROM circuits WHERE name = 'Marina Bay Street Circuit',SELECT circuit_ref FROM F1_Tracks WHERE circuit_name = 'Marina Bay Street Circuit',['F1_Tracks'],SELECT circuit_ref FROM F1_Tracks WHERE circuit_name = 'Marina Bay Street Circuit'
913,formula_1,In which country can I find the circuit with the highest altitude?,highest altitude refers to max(alt),SELECT country FROM circuits ORDER BY alt DESC LIMIT 1,simple,['circuits'],SELECT country FROM circuits ORDER BY alt DESC LIMIT 1,SELECT country FROM F1_Tracks ORDER BY altitude DESC LIMIT 1,['F1_Tracks'],SELECT country FROM F1_Tracks ORDER BY altitude DESC LIMIT 1
914,formula_1,How many drivers don't have a code?,don't have a code refers to code is null,SELECT COUNT(driverId) - COUNT(CASE WHEN code IS NOT NULL THEN code END) FROM drivers,simple,['drivers'],SELECT COUNT(driverId) - COUNT(CASE WHEN code IS NOT NULL THEN code END) FROM drivers,SELECT COUNT(driver_id) - COUNT(CASE WHEN driver_code IS NOT NULL THEN driver_code END) FROM F1_Drivers,['F1_Drivers'],SELECT COUNT(driver_id) - COUNT(CASE WHEN driver_code IS NOT NULL THEN driver_code END) FROM F1_Drivers
917,formula_1,Which website should I go to if I want to know more about Anthony Davidson?,website refers to url,SELECT url FROM drivers WHERE forename = 'Anthony' AND surname = 'Davidson',simple,['drivers'],SELECT url FROM drivers WHERE forename = 'Anthony' AND surname = 'Davidson',SELECT url FROM F1_Drivers WHERE first_name = 'Anthony' AND last_name = 'Davidson',['F1_Drivers'],SELECT url FROM F1_Drivers WHERE first_name = 'Anthony' AND last_name = 'Davidson'
919,formula_1,Which circuit did the 2009 Spanish Grand Prix use?,,SELECT T1.name FROM circuits AS T1 INNER JOIN races AS T2 ON T2.circuitID = T1.circuitId WHERE T2.year = 2009 AND T2.name = 'Spanish Grand Prix',simple,"['circuits', 'races']",SELECT circuits_name FROM cluster25_circuits_join_races WHERE year = 2009 AND races_name = 'Spanish Grand Prix',SELECT T1.circuit_name FROM F1_Tracks AS T1 INNER JOIN F1_Races AS T2 ON T2.circuit_id = T1.circuit_id WHERE T2.season_year = 2009 AND T2.race_name = 'Spanish Grand Prix',"['F1_Races', 'F1_Tracks']",SELECT circuit_name FROM workload_updated_cluster25_F1_Races_join_F1_Tracks WHERE season_year = 2009 AND race_name = 'Spanish Grand Prix'
920,formula_1,Please list all the years that Silverstone Circuit was used in a Formula_1 race.,,SELECT DISTINCT T2.year FROM circuits AS T1 INNER JOIN races AS T2 ON T2.circuitID = T1.circuitId WHERE T1.name = 'Silverstone Circuit',simple,"['circuits', 'races']",SELECT DISTINCT year FROM cluster25_circuits_join_races WHERE circuits_name = 'Silverstone Circuit',SELECT DISTINCT T2.season_year FROM F1_Tracks AS T1 INNER JOIN F1_Races AS T2 ON T2.circuit_id = T1.circuit_id WHERE T1.circuit_name = 'Silverstone Circuit',"['F1_Races', 'F1_Tracks']",SELECT DISTINCT season_year FROM workload_updated_cluster25_F1_Races_join_F1_Tracks WHERE circuit_name = 'Silverstone Circuit'
921,formula_1,Please give more information about the Formula_1 races that used the Silverstone Circuit.,more information refers to url,SELECT DISTINCT T1.url FROM circuits AS T1 INNER JOIN races AS T2 ON T2.circuitID = T1.circuitId WHERE T1.name = 'Silverstone Circuit',simple,"['circuits', 'races']","SELECT DISTINCT circuits_url FROM cluster25_circuits_join_races WHERE circuits_name = ""Silverstone Circuit""",SELECT DISTINCT T1.url FROM F1_Tracks AS T1 INNER JOIN F1_Races AS T2 ON T2.circuit_id = T1.circuit_id WHERE T1.circuit_name = 'Silverstone Circuit',"['F1_Races', 'F1_Tracks']",SELECT DISTINCT F1_Tracks_url FROM workload_updated_cluster25_F1_Races_join_F1_Tracks WHERE circuit_name = 'Silverstone Circuit'
926,formula_1,What's the fastest lap time ever in a race for Lewis Hamilton?,fastest lap time ever refers to min(fastestLapTime),SELECT T2.fastestLapTime FROM drivers AS T1 INNER JOIN results AS T2 ON T2.driverId = T1.driverId WHERE T1.forename = 'Lewis' AND T1.surname = 'Hamilton' AND T2.fastestLapTime IS NOT NULL ORDER BY T2.fastestLapTime ASC LIMIT 1,simple,"['drivers', 'results']",SELECT fastestLapTime FROM cluster28_drivers_join_results WHERE forename = 'Lewis' AND surname = 'Hamilton' AND fastestLapTime IS NOT NULL ORDER BY fastestLapTime ASC LIMIT 1,SELECT T2.fastest_lap_time FROM F1_Drivers AS T1 INNER JOIN F1_Results AS T2 ON T2.driver_id = T1.driver_id WHERE T1.first_name = 'Lewis' AND T1.last_name = 'Hamilton' AND T2.fastest_lap_time IS NOT NULL ORDER BY T2.fastest_lap_time ASC LIMIT 1,"['F1_Drivers', 'F1_Results']",SELECT fastest_lap_time FROM workload_updated_cluster28_F1_Drivers_join_F1_Results WHERE first_name = 'Lewis' AND last_name = 'Hamilton' AND fastest_lap_time IS NOT NULL ORDER BY fastest_lap_time ASC LIMIT 1
927,formula_1,Which driver created the fastest lap speed in a Formula_1 race? Please give both his forename and surname.,,"SELECT T1.forename, T1.surname FROM drivers AS T1 INNER JOIN results AS T2 ON T2.driverId = T1.driverId WHERE T2.fastestLapTime IS NOT NULL ORDER BY T2.fastestLapSpeed DESC LIMIT 1",simple,"['drivers', 'results']","SELECT forename, surname FROM cluster28_drivers_join_results WHERE fastestLapTime IS NOT NULL ORDER BY fastestLapSpeed DESC LIMIT 1","SELECT T1.first_name, T1.last_name FROM F1_Drivers AS T1 INNER JOIN F1_Results AS T2 ON T2.driver_id = T1.driver_id WHERE T2.fastest_lap_time IS NOT NULL ORDER BY T2.fastest_lap_speed DESC LIMIT 1","['F1_Drivers', 'F1_Results']","SELECT first_name, last_name FROM workload_updated_cluster28_F1_Drivers_join_F1_Results WHERE fastest_lap_time IS NOT NULL ORDER BY fastest_lap_speed DESC LIMIT 1"
928,formula_1,Which driver ranked the first in the Australian Grand Prix in 2008? Please give his reference name.,reference name refers to driverRef,"SELECT T3.forename, T3.surname, T3.driverRef FROM races AS T1 INNER JOIN results AS T2 ON T2.raceId = T1.raceId INNER JOIN drivers AS T3 ON T3.driverId = T2.driverId WHERE T1.name = 'Australian Grand Prix' AND T2.rank = 1 AND T1.year = 2008",moderate,"['drivers', 'results', 'races']","SELECT forename, surname, driverRef FROM cluster30_drivers_join_races_join_results WHERE name = 'Australian Grand Prix' AND rank = 1 AND year = 2008","SELECT T3.first_name, T3.last_name, T3.driver_ref FROM F1_Races AS T1 INNER JOIN F1_Results AS T2 ON T2.race_id = T1.race_id INNER JOIN F1_Drivers AS T3 ON T3.driver_id = T2.driver_id WHERE T1.race_name = 'Australian Grand Prix' AND T2.fastest_lap_rank = 1 AND T1.season_year = 2008","['F1_Results', 'F1_Races', 'F1_Drivers']","SELECT first_name, last_name, driver_ref FROM workload_updated_cluster30_F1_Drivers_join_F1_Races_join_F1_Results WHERE race_name = 'Australian Grand Prix' AND fastest_lap_rank = 1 AND season_year = 2008"
929,formula_1,Please list the Formula_1 races that Lewis Hamilton participated.,,SELECT T1.name FROM races AS T1 INNER JOIN results AS T2 ON T2.raceId = T1.raceId INNER JOIN drivers AS T3 ON T3.driverId = T2.driverId WHERE T3.forename = 'Lewis' AND T3.surname = 'Hamilton',simple,"['drivers', 'results', 'races']",SELECT name FROM cluster30_drivers_join_races_join_results WHERE forename = 'Lewis' AND surname = 'Hamilton',SELECT T1.race_name FROM F1_Races AS T1 INNER JOIN F1_Results AS T2 ON T2.race_id = T1.race_id INNER JOIN F1_Drivers AS T3 ON T3.driver_id = T2.driver_id WHERE T3.first_name = 'Lewis' AND T3.last_name = 'Hamilton',"['F1_Results', 'F1_Races', 'F1_Drivers']",SELECT race_name FROM workload_updated_cluster30_F1_Drivers_join_F1_Races_join_F1_Results WHERE first_name = 'Lewis' AND last_name = 'Hamilton'
933,formula_1,What was Lewis Hamilton's final rank in the 2008 Australian Grand Prix?,final rank refers to positionOrder,SELECT T2.positionOrder FROM races AS T1 INNER JOIN results AS T2 ON T2.raceId = T1.raceId INNER JOIN drivers AS T3 ON T3.driverId = T2.driverId WHERE T3.forename = 'Lewis' AND T3.surname = 'Hamilton' AND T1.name = 'Australian Grand Prix' AND T1.year = 2008,moderate,"['drivers', 'results', 'races']",SELECT positionOrder FROM cluster30_drivers_join_races_join_results WHERE forename = 'Lewis' AND surname = 'Hamilton' AND name = 'Australian Grand Prix' AND year = 2008,SELECT T2.finish_order FROM F1_Races AS T1 INNER JOIN F1_Results AS T2 ON T2.race_id = T1.race_id INNER JOIN F1_Drivers AS T3 ON T3.driver_id = T2.driver_id WHERE T3.first_name = 'Lewis' AND T3.last_name = 'Hamilton' AND T1.race_name = 'Australian Grand Prix' AND T1.season_year = 2008,"['F1_Results', 'F1_Races', 'F1_Drivers']",SELECT finish_order FROM workload_updated_cluster30_F1_Drivers_join_F1_Races_join_F1_Results WHERE first_name = 'Lewis' AND last_name = 'Hamilton' AND race_name = 'Australian Grand Prix' AND season_year = 2008
934,formula_1,Which driver was in the no. 4 grid formation when starting the race in 2008's Australian Grand Prix? Please give his forename and surname.,the no. 4 grid formation refers to grid = 4,"SELECT T3.forename, T3.surname FROM races AS T1 INNER JOIN results AS T2 ON T2.raceId = T1.raceId INNER JOIN drivers AS T3 ON T3.driverId = T2.driverId WHERE T2.grid = 4 AND T1.name = 'Australian Grand Prix' AND T1.year = 2008",moderate,"['drivers', 'results', 'races']","SELECT T3.forename, T3.surname FROM races AS T1 INNER JOIN results AS T2 ON T2.raceId = T1.raceId INNER JOIN drivers AS T3 ON T3.driverId = T2.driverId WHERE T2.grid = 4 AND T1.name = 'Australian Grand Prix' AND T1.year = 2008","SELECT T3.first_name, T3.last_name FROM F1_Races AS T1 INNER JOIN F1_Results AS T2 ON T2.race_id = T1.race_id INNER JOIN F1_Drivers AS T3 ON T3.driver_id = T2.driver_id WHERE T2.start_position = 4 AND T1.race_name = 'Australian Grand Prix' AND T1.season_year = 2008","['F1_Results', 'F1_Races', 'F1_Drivers']","SELECT first_name, last_name FROM workload_updated_cluster30_F1_Drivers_join_F1_Races_join_F1_Results WHERE start_position = 4 AND race_name = 'Australian Grand Prix' AND season_year = 2008"
935,formula_1,How many drivers managed to finish the race in the 2008 Australian Grand Prix?,managed to finish the race refers to time is not null,SELECT COUNT(T2.driverId) FROM races AS T1 INNER JOIN results AS T2 ON T2.raceId = T1.raceId WHERE T1.name = 'Australian Grand Prix' AND T1.year = 2008 AND T2.time IS NOT NULL,simple,"['results', 'races']",SELECT COUNT(driverId) FROM cluster27_races_join_results WHERE races_name = 'Australian Grand Prix' AND year = 2008 AND results_time IS NOT NULL,SELECT COUNT(T2.driver_id) FROM F1_Races AS T1 INNER JOIN F1_Results AS T2 ON T2.race_id = T1.race_id WHERE T1.race_name = 'Australian Grand Prix' AND T1.season_year = 2008 AND T2.finish_time IS NOT NULL,"['F1_Results', 'F1_Races']",SELECT COUNT(driver_id) FROM workload_updated_cluster27_F1_Races_join_F1_Results WHERE race_name = 'Australian Grand Prix' AND season_year = 2008 AND finish_time IS NOT NULL
939,formula_1,How many drivers from the USA participated in the 2008 Australian Grand Prix?,from the USA refers to nationality = 'American',SELECT COUNT(*) FROM drivers AS T1 INNER JOIN results AS T2 ON T1.driverId = T2.driverId INNER JOIN races AS T3 ON T3.raceId = T2.raceId WHERE T3.name = 'Australian GrAND Prix' AND T1.nationality = 'American' AND T3.year = 2008,moderate,"['drivers', 'results', 'races']",SELECT COUNT(*) FROM cluster30_drivers_join_races_join_results WHERE name = 'Australian Grand Prix' AND nationality = 'American' AND year = 2008,SELECT COUNT(*) FROM F1_Drivers AS T1 INNER JOIN F1_Results AS T2 ON T1.driver_id = T2.driver_id INNER JOIN F1_Races AS T3 ON T3.race_id = T2.race_id WHERE T3.race_name = 'Australian Grand Prix' AND T1.nationality = 'American' AND T3.season_year = 2008,"['F1_Races', 'F1_Drivers', 'F1_Results']",SELECT COUNT(*) FROM workload_updated_cluster30_F1_Drivers_join_F1_Races_join_F1_Results WHERE race_name = 'Australian Grand Prix' AND nationality = 'American' AND season_year = 2008
941,formula_1,How many points did Lewis Hamilton get in total in all the Formula_1 races he participated?,,SELECT SUM(T2.points) FROM drivers AS T1 INNER JOIN results AS T2 ON T1.driverId = T2.driverId WHERE T1.forename = 'Lewis' AND T1.surname = 'Hamilton',simple,"['drivers', 'results']",SELECT SUM(points) FROM cluster28_drivers_join_results WHERE forename = 'Lewis' AND surname = 'Hamilton',SELECT SUM(T2.points) FROM F1_Drivers AS T1 INNER JOIN F1_Results AS T2 ON T1.driver_id = T2.driver_id WHERE T1.first_name = 'Lewis' AND T1.last_name = 'Hamilton',"['F1_Drivers', 'F1_Results']",SELECT SUM(points) FROM workload_updated_cluster28_F1_Drivers_join_F1_Results WHERE first_name = 'Lewis' AND last_name = 'Hamilton'
943,formula_1,What is the rate of drivers completing all the laps in the 2008 Australian Grand Prix?,"completing all the laps refers to time is not null; rate = divide(COUNT(raceID where time is not null), COUNT(raceID))","SELECT CAST(SUM(IIF(T1.time IS NOT NULL, 1, 0)) AS REAL) * 100 / COUNT(T1.resultId) FROM results AS T1 INNER JOIN races AS T2 ON T1.raceId = T2.raceId WHERE T2.name = 'Australian GrAND Prix' AND T2.year = 2008",moderate,"['results', 'races']","SELECT CAST(SUM(IIF(T1.time IS NOT NULL, 1, 0)) AS REAL) * 100 / COUNT(T1.resultId) FROM results AS T1 INNER JOIN races AS T2 ON T1.raceId = T2.raceId WHERE T2.name = 'Australian GrAND Prix' AND T2.year = 2008","SELECT CAST(SUM(IIF(T1.finish_time IS NOT NULL, 1, 0)) AS REAL) * 100 / COUNT(T1.result_id) FROM F1_Results AS T1 INNER JOIN F1_Races AS T2 ON T1.race_id = T2.race_id WHERE T2.race_name = 'Australian GrAND Prix' AND T2.season_year = 2008","['F1_Results', 'F1_Races']","SELECT CAST(SUM(IIF(T1.finish_time IS NOT NULL, 1, 0)) AS REAL) * 100 / COUNT(T1.result_id) FROM F1_Results AS T1 INNER JOIN F1_Races AS T2 ON T1.race_id = T2.race_id WHERE T2.race_name = 'Australian GrAND Prix' AND T2.season_year = 2008"
945,formula_1,"How many circuits are there in Melbourne, Australia?",Australia is the country; Melbourne is the location of circuit;,SELECT COUNT(circuitId) FROM circuits WHERE location = 'Melbourne' AND country = 'Australia',simple,['circuits'],SELECT COUNT(circuits_circuitId) FROM cluster25_circuits_join_races WHERE location = 'Melbourne' AND country = 'Australia' LIMIT 1,SELECT COUNT(circuit_id) FROM F1_Tracks WHERE location = 'Melbourne' AND country = 'Australia',['F1_Tracks'],SELECT COUNT(circuit_id) FROM F1_Tracks WHERE location = 'Melbourne' AND country = 'Australia'
947,formula_1,How many British drivers were born after 1980?,born after 1980 refers to year (dob) >1980;,"SELECT COUNT(driverId) FROM drivers WHERE nationality = 'British' AND STRFTIME('%Y', dob) > '1980'",simple,['drivers'],"SELECT COUNT(driverId) FROM drivers WHERE nationality = 'British' AND STRFTIME('%Y', dob) > '1980'","SELECT COUNT(driver_id) FROM F1_Drivers WHERE nationality = 'British' AND STRFTIME('%Y', birth_date) > '1980'",['F1_Drivers'],"SELECT COUNT(driver_id) FROM F1_Drivers WHERE nationality = 'British' AND STRFTIME('%Y', birth_date) > '1980'"
948,formula_1,What are the average points of British constructors?,average points = AVG(points); British is a nationality,SELECT AVG(T1.points) FROM constructorStandings AS T1 INNER JOIN constructors AS T2 on T1.constructorId = T2.constructorId WHERE T2.nationality = 'British',simple,"['constructors', 'constructorStandings']",SELECT AVG(points) FROM cluster54_constructorstandings_join_constructors WHERE nationality = 'British',SELECT AVG(T1.points) FROM F1_Constructor_Standings AS T1 INNER JOIN F1_Constructors AS T2 on T1.constructor_id = T2.constructor_id WHERE T2.nationality = 'British',"['F1_Constructors', 'F1_Constructor_Standings']",SELECT AVG(points) FROM workload_updated_cluster54_F1_Constructor_Standings_join_F1_Constructors WHERE nationality = 'British'
951,formula_1,How many Japanese constructors have 0 points in 2 races?,2 races refers to COUNT(raceID) = 2;,SELECT COUNT(T1.raceId) FROM constructorStandings AS T1 INNER JOIN constructors AS T2 on T1.constructorId = T2.constructorId WHERE T1.points = 0 AND T2.nationality = 'Japanese' GROUP BY T1.constructorId HAVING COUNT(raceId) = 2,simple,"['constructors', 'constructorStandings']",SELECT COUNT(raceId) FROM cluster54_constructorstandings_join_constructors WHERE points = 0 AND nationality = 'Japanese' GROUP BY constructors_constructorId HAVING COUNT(raceId) = 2,SELECT COUNT(T1.race_id) FROM F1_Constructor_Standings AS T1 INNER JOIN F1_Constructors AS T2 on T1.constructor_id = T2.constructor_id WHERE T1.points = 0 AND T2.nationality = 'Japanese' GROUP BY T1.constructor_id HAVING COUNT(race_id) = 2,"['F1_Constructors', 'F1_Constructor_Standings']",SELECT COUNT(race_id) FROM workload_updated_cluster54_F1_Constructor_Standings_join_F1_Constructors WHERE points = 0 AND nationality = 'Japanese' GROUP BY F1_Constructors_constructor_id HAVING COUNT(race_id) = 2
953,formula_1,How many French constructors have a lap number of over 50?,lap numbers of over 50 refers to laps > 50;,SELECT COUNT(DISTINCT T2.constructorId) FROM results AS T1 INNER JOIN constructors AS T2 on T1.constructorId = T2.constructorId WHERE T1.laps > 50 AND T2.nationality = 'French',simple,"['constructors', 'results']",SELECT COUNT(DISTINCT T2.constructorId) FROM results AS T1 INNER JOIN constructors AS T2 on T1.constructorId = T2.constructorId WHERE T1.laps > 50 AND T2.nationality = 'French',SELECT COUNT(DISTINCT T2.constructor_id) FROM F1_Results AS T1 INNER JOIN F1_Constructors AS T2 on T1.constructor_id = T2.constructor_id WHERE T1.laps_completed > 50 AND T2.nationality = 'French',"['F1_Constructors', 'F1_Results']",SELECT COUNT(DISTINCT T2.constructor_id) FROM F1_Results AS T1 INNER JOIN F1_Constructors AS T2 on T1.constructor_id = T2.constructor_id WHERE T1.laps_completed > 50 AND T2.nationality = 'French'
954,formula_1,Please calculate the race completion percentage of Japanese drivers from 2007 to 2009.,"from 2007 to 2009 refers to year between 2007 and 2009; race completion refers to time is not null; percentage = Divide(COUNT(DriverID where time is not null and year between 2007 and 2009),Count (DriverID where year between 2007 and 2009))*100;","SELECT CAST(SUM(IIF(T1.time IS NOT NULL, 1, 0)) AS REAL) * 100 / COUNT(T1.raceId) FROM results AS T1 INNER JOIN races AS T2 on T1.raceId = T2.raceId INNER JOIN drivers AS T3 on T1.driverId = T3.driverId WHERE T3.nationality = 'Japanese' AND T2.year BETWEEN 2007 AND 2009",challenging,"['drivers', 'results', 'races']","SELECT CAST(SUM(IIF(results_time IS NOT NULL, 1, 0)) AS REAL) * 100 / COUNT(results_raceId) FROM cluster30_drivers_join_races_join_results WHERE nationality = 'Japanese' AND year BETWEEN 2007 AND 2009","SELECT CAST(SUM(IIF(T1.finish_time IS NOT NULL, 1, 0)) AS REAL) * 100 / COUNT(T1.race_id) FROM F1_Results AS T1 INNER JOIN F1_Races AS T2 on T1.race_id = T2.race_id INNER JOIN F1_Drivers AS T3 on T1.driver_id = T3.driver_id WHERE T3.nationality = 'Japanese' AND T2.season_year BETWEEN 2007 AND 2009","['F1_Results', 'F1_Races', 'F1_Drivers']","SELECT CAST(SUM(IIF(finish_time IS NOT NULL, 1, 0)) AS REAL) * 100 / COUNT(F1_Races_race_id) FROM workload_updated_cluster30_F1_Drivers_join_F1_Races_join_F1_Results WHERE nationality = 'Japanese' AND season_year BETWEEN 2007 AND 2009"
955,formula_1,What is the average time in seconds of champion for each year?,only champion's finished time is represented by 'HH:MM:SS.mmm'; finished the game refers to time is not null.,"WITH time_in_seconds AS ( SELECT T2.year, T2.raceId, T1.positionOrder, CASE WHEN T1.positionOrder = 1 THEN (CAST(SUBSTR(T1.time, 1, 1) AS REAL) * 3600) + (CAST(SUBSTR(T1.time, 3, 2) AS REAL) * 60) + CAST(SUBSTR(T1.time, 6) AS REAL) ELSE CAST(SUBSTR(T1.time, 2) AS REAL) END AS time_seconds FROM results AS T1 INNER JOIN races AS T2 ON T1.raceId = T2.raceId WHERE T1.time IS NOT NULL ), champion_time AS ( SELECT year, raceId, time_seconds FROM time_in_seconds WHERE positionOrder = 1 ) SELECT year, AVG(time_seconds) FROM champion_time GROUP BY year HAVING AVG(time_seconds) IS NOT NULL",challenging,"['results', 'races']","WITH time_in_seconds AS ( SELECT year, races_raceId, positionOrder, CASE WHEN positionOrder = 1 THEN (CAST(SUBSTR(results_time, 1, 1) AS REAL) * 3600) + (CAST(SUBSTR(results_time, 3, 2) AS REAL) * 60) + CAST(SUBSTR(results_time, 6) AS REAL) ELSE CAST(SUBSTR(results_time, 2) AS REAL) END AS time_seconds FROM cluster27_races_join_results WHERE results_time IS NOT NULL ), champion_time AS ( SELECT year, races_raceId, time_seconds FROM time_in_seconds WHERE positionOrder = 1 ) SELECT year, AVG(time_seconds) FROM champion_time GROUP BY year HAVING AVG(time_seconds) IS NOT NULL","WITH time_in_seconds AS ( SELECT T2.season_year, T2.race_id, T1.finish_order, CASE WHEN T1.finish_order = 1 THEN (CAST(SUBSTR(T1.finish_time, 1, 1) AS REAL) * 3600) + (CAST(SUBSTR(T1.finish_time, 3, 2) AS REAL) * 60) + CAST(SUBSTR(T1.finish_time, 6) AS REAL) ELSE CAST(SUBSTR(T1.finish_time, 2) AS REAL) END AS time_seconds FROM F1_Results AS T1 INNER JOIN F1_Races AS T2 ON T1.race_id = T2.race_id WHERE T1.finish_time IS NOT NULL ), champion_time AS ( SELECT season_year, race_id, time_seconds FROM time_in_seconds WHERE finish_order = 1 ) SELECT season_year, AVG(time_seconds) FROM champion_time GROUP BY season_year HAVING AVG(time_seconds) IS NOT NULL","['F1_Results', 'F1_Races']","WITH time_in_seconds AS ( SELECT season_year, race_id, finish_order, CASE WHEN finish_order = 1 THEN (CAST(SUBSTR(finish_time, 1, 1) AS REAL) * 3600) + (CAST(SUBSTR(finish_time, 3, 2) AS REAL) * 60) + CAST(SUBSTR(finish_time, 6) AS REAL) ELSE CAST(SUBSTR(finish_time, 2) AS REAL) END AS time_seconds FROM workload_updated_cluster27_F1_Races_join_F1_Results WHERE finish_time IS NOT NULL ), champion_time AS ( SELECT season_year, race_id, time_seconds FROM time_in_seconds WHERE finish_order = 1 ) SELECT season_year, AVG(time_seconds) FROM champion_time GROUP BY season_year HAVING AVG(time_seconds) IS NOT NULL"
956,formula_1,Which drivers born after 1975 have been ranked 2? Please give their forenames and surnames.,born after 1975 refers to year(dob) >1975;,"SELECT T2.forename, T2.surname FROM results AS T1 INNER JOIN drivers AS T2 on T1.driverId = T2.driverId WHERE STRFTIME('%Y', T2.dob) > '1975' AND T1.rank = 2",simple,"['drivers', 'results']","SELECT forename, surname FROM cluster28_drivers_join_results WHERE STRFTIME('%Y', dob) > '1975' AND rank = 2","SELECT T2.first_name, T2.last_name FROM F1_Results AS T1 INNER JOIN F1_Drivers AS T2 on T1.driver_id = T2.driver_id WHERE STRFTIME('%Y', T2.birth_date) > '1975' AND T1.fastest_lap_rank = 2","['F1_Results', 'F1_Drivers']","SELECT first_name, last_name FROM workload_updated_cluster28_F1_Drivers_join_F1_Results WHERE STRFTIME('%Y', birth_date) > '1975' AND fastest_lap_rank = 2"
957,formula_1,How many Italian drivers haven't finished the race?,haven't finished the race refers to time is null;,SELECT COUNT(T1.driverId) FROM results AS T1 INNER JOIN drivers AS T2 on T1.driverId = T2.driverId WHERE T2.nationality = 'Italian' AND T1.time IS NULL,simple,"['drivers', 'results']",SELECT COUNT(drivers_driverId) FROM cluster28_drivers_join_results WHERE nationality = 'Italian' AND time IS NULL,SELECT COUNT(T1.driver_id) FROM F1_Results AS T1 INNER JOIN F1_Drivers AS T2 on T1.driver_id = T2.driver_id WHERE T2.nationality = 'Italian' AND T1.finish_time IS NULL,"['F1_Results', 'F1_Drivers']",SELECT COUNT(driver_id) FROM workload_updated_cluster28_F1_Drivers_join_F1_Results WHERE nationality = 'Italian' AND finish_time IS NULL
959,formula_1,What is the fastest lap number of the champion in 2009?,"in 2009 refers to year = 2009; Only the time of the champion shows in the format of ""hour: minutes: seconds.millionsecond""",SELECT T1.fastestLap FROM results AS T1 INNER JOIN races AS T2 on T1.raceId = T2.raceId WHERE T2.year = 2009 AND T1.time LIKE '_:%:__.___',simple,"['results', 'races']",SELECT fastestLap FROM cluster27_races_join_results WHERE year = 2009 AND results_time LIKE '_:%:__.___',SELECT T1.fastest_lap_number FROM F1_Results AS T1 INNER JOIN F1_Races AS T2 on T1.race_id = T2.race_id WHERE T2.season_year = 2009 AND T1.finish_time LIKE '_:%:__.___',"['F1_Results', 'F1_Races']",SELECT fastest_lap_number FROM workload_updated_cluster27_F1_Races_join_F1_Results WHERE season_year = 2009 AND finish_time LIKE '_:%:__.___'
960,formula_1,What is the average of fastest lap speed in the 2009 Spanish Grand Prix race?,Spanish Grand Prix is the name of race refers to name = 'Spanish Grand Prix'; average fastest lap speed refers to avg(fastestLapSpeed);,SELECT AVG(T1.fastestLapSpeed) FROM results AS T1 INNER JOIN races AS T2 on T1.raceId = T2.raceId WHERE T2.year = 2009 AND T2.name = 'Spanish Grand Prix',moderate,"['results', 'races']",SELECT AVG(fastestLapSpeed) FROM cluster27_races_join_results WHERE year = 2009 AND races_name = 'Spanish Grand Prix',SELECT AVG(T1.fastest_lap_speed) FROM F1_Results AS T1 INNER JOIN F1_Races AS T2 on T1.race_id = T2.race_id WHERE T2.season_year = 2009 AND T2.race_name = 'Spanish Grand Prix',"['F1_Results', 'F1_Races']",SELECT AVG(fastest_lap_speed) FROM workload_updated_cluster27_F1_Races_join_F1_Results WHERE season_year = 2009 AND race_name = 'Spanish Grand Prix'
961,formula_1,Which race has the shortest actual finishing time? Please give the name and year.,shortest actual finishing time refers to Min(milliseconds) except milliseconds = null;,"SELECT T1.name, T1.year FROM races AS T1 INNER JOIN results AS T2 on T1.raceId = T2.raceId WHERE T2.milliseconds IS NOT NULL ORDER BY T2.milliseconds LIMIT 1",simple,"['results', 'races']","SELECT races_name, year FROM cluster27_races_join_results WHERE milliseconds IS NOT NULL ORDER BY milliseconds LIMIT 1","SELECT T1.race_name, T1.season_year FROM F1_Races AS T1 INNER JOIN F1_Results AS T2 on T1.race_id = T2.race_id WHERE T2.milliseconds IS NOT NULL ORDER BY T2.milliseconds LIMIT 1","['F1_Results', 'F1_Races']","SELECT race_name, season_year FROM workload_updated_cluster27_F1_Races_join_F1_Results WHERE milliseconds IS NOT NULL ORDER BY milliseconds LIMIT 1"
967,formula_1,State code numbers of top 3 yougest drivers. How many Netherlandic drivers among them?,youngest driver refers to Max (year(dob)); Netherlandic and Dutch refer to the same country,SELECT COUNT(*) FROM ( SELECT T1.nationality FROM drivers AS T1 ORDER BY JULIANDAY(T1.dob) DESC LIMIT 3) AS T3 WHERE T3.nationality = 'Dutch',simple,['drivers'],SELECT COUNT(*) FROM ( SELECT T1.nationality FROM drivers AS T1 ORDER BY JULIANDAY(T1.dob) DESC LIMIT 3) AS T3 WHERE T3.nationality = 'Dutch',SELECT COUNT(*) FROM ( SELECT T1.nationality FROM F1_Drivers AS T1 ORDER BY JULIANDAY(T1.birth_date) DESC LIMIT 3) AS T3 WHERE T3.nationality = 'Dutch',['F1_Drivers'],SELECT COUNT(*) FROM ( SELECT T1.nationality FROM F1_Drivers AS T1 ORDER BY JULIANDAY(T1.birth_date) DESC LIMIT 3) AS T3 WHERE T3.nationality = 'Dutch'
969,formula_1,How many Australian drivers who were born in 1980?,born in 1980 refers to year(dob) = 1980;,"SELECT COUNT(driverId) FROM drivers WHERE nationality = 'Australian' AND STRFTIME('%Y', dob) = '1980'",simple,['drivers'],"SELECT COUNT(driverId) FROM drivers WHERE nationality = 'Australian' AND STRFTIME('%Y', dob) = '1980'","SELECT COUNT(driver_id) FROM F1_Drivers WHERE nationality = 'Australian' AND STRFTIME('%Y', birth_date) = '1980'",['F1_Drivers'],"SELECT COUNT(driver_id) FROM F1_Drivers WHERE nationality = 'Australian' AND STRFTIME('%Y', birth_date) = '1980'"
971,formula_1,Please state the reference name of the oldest German driver.,oldest refers to MIN(year(dob)); reference names appear in drverRef.,SELECT driverRef FROM drivers WHERE nationality = 'German' ORDER BY JULIANDAY(dob) ASC LIMIT 1,simple,['drivers'],SELECT driverRef FROM drivers WHERE nationality = 'German' ORDER BY JULIANDAY(dob) ASC LIMIT 1,SELECT driver_ref FROM F1_Drivers WHERE nationality = 'German' ORDER BY JULIANDAY(birth_date) ASC LIMIT 1,['F1_Drivers'],SELECT driver_ref FROM F1_Drivers WHERE nationality = 'German' ORDER BY JULIANDAY(birth_date) ASC LIMIT 1
972,formula_1,Which drivers who were born in 1971 and has the fastest lap time on the race? Give id and code of these drivers.,born in 1971 refers to year(dob) = 1971; has the fastest lap time refers to fastestLapTime has values,"SELECT T2.driverId, T2.code FROM results AS T1 INNER JOIN drivers AS T2 on T1.driverId = T2.driverId WHERE STRFTIME('%Y', T2.dob) = '1971' AND T1.fastestLapTime IS NOT NULL",moderate,"['drivers', 'results']","SELECT drivers_driverId, code FROM cluster28_drivers_join_results WHERE STRFTIME('%Y', dob) = '1971' AND fastestLapTime IS NOT NULL","SELECT T2.driver_id, T2.driver_code FROM F1_Results AS T1 INNER JOIN F1_Drivers AS T2 on T1.driver_id = T2.driver_id WHERE STRFTIME('%Y', T2.birth_date) = '1971' AND T1.fastest_lap_time IS NOT NULL","['F1_Results', 'F1_Drivers']","SELECT driver_id, driver_code FROM workload_updated_cluster28_F1_Drivers_join_F1_Results WHERE STRFTIME('%Y', birth_date) = '1971' AND fastest_lap_time IS NOT NULL"
975,formula_1,Which year has the lowest speed of lap time?,lowest speed of lap time refers to Max(time);,SELECT T2.year FROM lapTimes AS T1 INNER JOIN races AS T2 on T1.raceId = T2.raceId ORDER BY T1.time DESC LIMIT 1,simple,"['lapTimes', 'races']",SELECT year FROM lapTimes AS T1 INNER JOIN races AS T2 on T1.raceId = T2.raceId ORDER BY T1.time DESC LIMIT 1,SELECT T2.season_year FROM F1_Lap_Times AS T1 INNER JOIN F1_Races AS T2 on T1.race_id = T2.race_id ORDER BY T1.lap_time DESC LIMIT 1,"['F1_Races', 'F1_Lap_Times']",SELECT T2.season_year FROM F1_Lap_Times AS T1 INNER JOIN F1_Races AS T2 on T1.race_id = T2.race_id ORDER BY T1.lap_time DESC LIMIT 1
976,formula_1,"List the driver's ID of the top five driver, by descending order, the fastest time during the first lap of the race.",fastest time refers to Min(time);,SELECT driverId FROM lapTimes WHERE lap = 1 ORDER BY time LIMIT 5,simple,['lapTimes'],SELECT lapTimes_driverId FROM cluster56_drivers_join_laptimes WHERE lap = 1 ORDER BY time LIMIT 5,SELECT driver_id FROM F1_Lap_Times WHERE lap_number = 1 ORDER BY lap_time LIMIT 5,['F1_Lap_Times'],SELECT driver_id FROM F1_Lap_Times WHERE lap_number = 1 ORDER BY lap_time LIMIT 5
977,formula_1,"From race no. 50 to 100, how many finishers have been disqualified?","disqualified refers to statusID = 2, finisher refers to time! = null; race no. refers to raceId; raceId > 50 and raceId < 100;","SELECT SUM(IIF(time IS NOT NULL, 1, 0)) FROM results WHERE statusId = 2 AND raceID < 100 AND raceId > 50",simple,['results'],"SELECT SUM(IIF(time IS NOT NULL, 1, 0)) FROM results WHERE statusId = 2 AND raceID < 100 AND raceId > 50","SELECT SUM(IIF(finish_time IS NOT NULL, 1, 0)) FROM F1_Results WHERE status_id = 2 AND race_id < 100 AND race_id > 50",['F1_Results'],"SELECT SUM(IIF(finish_time IS NOT NULL, 1, 0)) FROM F1_Results WHERE status_id = 2 AND race_id < 100 AND race_id > 50"
978,formula_1,How many times the circuits were held in Austria? Please give their location and coordinates.,"location coordinates refers to (lat,lng);","SELECT DISTINCT location, lat, lng FROM circuits WHERE country = 'Austria'",simple,['circuits'],"SELECT DISTINCT location, lat, lng FROM circuits WHERE country = 'Austria'","SELECT DISTINCT location, latitude, longitude FROM F1_Tracks WHERE country = 'Austria'",['F1_Tracks'],"SELECT DISTINCT location, latitude, longitude FROM F1_Tracks WHERE country = 'Austria'"
980,formula_1,List the reference name of the drivers who passed the second qualifying lap during race no. 23. Indicate their nationality and birthday.,passed the second qualifying lap refers to q2 is not null; birthday refers to dob; reference name of drivers refers to driverRef; race no. refers to raceId;,"SELECT T2.driverRef, T2.nationality, T2.dob FROM qualifying AS T1 INNER JOIN drivers AS T2 on T1.driverId = T2.driverId WHERE T1.raceId = 23 AND T1.q2 IS NOT NULL",moderate,"['qualifying', 'drivers']","SELECT driverRef, nationality, dob FROM cluster26_drivers_join_qualifying WHERE raceId = 23 AND q2 IS NOT NULL","SELECT T2.driver_ref, T2.nationality, T2.birth_date FROM F1_Qualifying AS T1 INNER JOIN F1_Drivers AS T2 on T1.driver_id = T2.driver_id WHERE T1.race_id = 23 AND T1.q2 IS NOT NULL","['F1_Qualifying', 'F1_Drivers']","SELECT driver_ref, nationality, birth_date FROM workload_updated_cluster26_F1_Drivers_join_F1_Qualifying WHERE race_id = 23 AND q2 IS NOT NULL"
981,formula_1,"On what year did the youngest driver had his first qualifying race? State the name, date and time of the race.",youngest driver refers to Max (year(dob));,"SELECT T3.year, T3.name, T3.date, T3.time FROM qualifying AS T1 INNER JOIN drivers AS T2 on T1.driverId = T2.driverId INNER JOIN races AS T3 on T1.raceId = T3.raceId WHERE T1.driverId = ( SELECT driverId FROM drivers ORDER BY dob DESC LIMIT 1 ) ORDER BY T3.date ASC LIMIT 1",moderate,"['qualifying', 'drivers', 'races']","SELECT year, name, date, races_time FROM cluster30_drivers_join_races_join_results WHERE drivers_driverId = ( SELECT driverId FROM drivers ORDER BY dob DESC LIMIT 1 ) ORDER BY date ASC LIMIT 1","SELECT T3.season_year, T3.race_name, T3.race_date, T3.race_time FROM F1_Qualifying AS T1 INNER JOIN F1_Drivers AS T2 on T1.driver_id = T2.driver_id INNER JOIN F1_Races AS T3 on T1.race_id = T3.race_id WHERE T1.driver_id = ( SELECT driver_id FROM F1_Drivers ORDER BY birth_date DESC LIMIT 1 ) ORDER BY T3.race_date ASC LIMIT 1","['F1_Qualifying', 'F1_Drivers', 'F1_Races']","SELECT T3.season_year, T3.race_name, T3.race_date, T3.race_time FROM workload_updated_cluster26_F1_Drivers_join_F1_Qualifying AS T1 INNER JOIN F1_Races AS T3 on T1.race_id = T3.race_id WHERE T1.driver_id = ( SELECT driver_id FROM F1_Drivers ORDER BY birth_date DESC LIMIT 1 ) ORDER BY T3.race_date ASC LIMIT 1"
984,formula_1,What is the website of the constructor who tallied the most total wins.,introduction website refers to url;,SELECT T1.url FROM constructors AS T1 INNER JOIN constructorStandings AS T2 on T1.constructorId = T2.constructorId ORDER BY T2.wins DESC LIMIT 1,simple,"['constructorStandings', 'constructors']",SELECT url FROM cluster54_constructorstandings_join_constructors ORDER BY wins DESC LIMIT 1,SELECT T1.url FROM F1_Constructors AS T1 INNER JOIN F1_Constructor_Standings AS T2 on T1.constructor_id = T2.constructor_id ORDER BY T2.wins DESC LIMIT 1,"['F1_Constructors', 'F1_Constructor_Standings']",SELECT url FROM workload_updated_cluster54_F1_Constructor_Standings_join_F1_Constructors ORDER BY wins DESC LIMIT 1
989,formula_1,Who is the champion of the Canadian Grand Prix in 2008? Indicate his finish time.,"Only the time of the champion shows in the format of ""hour: minutes: seconds.millionsecond"";",SELECT T1.time FROM results AS T1 INNER JOIN races AS T2 ON T1.raceId = T2.raceId WHERE T2.name = 'Canadian Grand Prix' AND T2.year = 2008 AND T1.time LIKE '_:%:__.___',moderate,"['results', 'races']",SELECT results_time FROM cluster27_races_join_results WHERE races_name = 'Canadian Grand Prix' AND year = 2008 AND results_time LIKE '_:%:__.___',SELECT T1.finish_time FROM F1_Results AS T1 INNER JOIN F1_Races AS T2 ON T1.race_id = T2.race_id WHERE T2.race_name = 'Canadian Grand Prix' AND T2.season_year = 2008 AND T1.finish_time LIKE '_:%:__.___',"['F1_Results', 'F1_Races']",SELECT finish_time FROM workload_updated_cluster27_F1_Races_join_F1_Results WHERE race_name = 'Canadian Grand Prix' AND season_year = 2008 AND finish_time LIKE '_:%:__.___'
991,formula_1,What is the full name and date of birth of Austrian drivers born between 1981 and 1991?,"Full name refers to forname, surname; Date of birth refers to dob; year(dob) BETWEEN '1981' AND '1991'; Austrian is a nationality","SELECT forename, surname, dob FROM drivers WHERE nationality = 'Austrian' AND STRFTIME('%Y', dob) BETWEEN '1981' AND '1991'",simple,['drivers'],"SELECT forename, surname, dob FROM drivers WHERE nationality = 'Austrian' AND STRFTIME('%Y', dob) BETWEEN '1981' AND '1991'","SELECT first_name, last_name, birth_date FROM F1_Drivers WHERE nationality = 'Austrian' AND STRFTIME('%Y', birth_date) BETWEEN '1981' AND '1991'",['F1_Drivers'],"SELECT first_name, last_name, birth_date FROM F1_Drivers WHERE nationality = 'Austrian' AND STRFTIME('%Y', birth_date) BETWEEN '1981' AND '1991'"
992,formula_1,"Find the full name, Wiki Pedia page link, and date of birth of German drivers born between 1971 and 1985. List it in descending order of date of birth.",FFull name refers to forname+surname; Nationality refers to German; Date of birth refers to dob; year(dob) BETWEEN '1971' AND '1985',"SELECT forename, surname, url, dob FROM drivers WHERE nationality = 'German' AND STRFTIME('%Y', dob) BETWEEN '1971' AND '1985' ORDER BY dob DESC",moderate,['drivers'],"SELECT forename, surname, url, dob FROM drivers WHERE nationality = 'German' AND STRFTIME('%Y', dob) BETWEEN '1971' AND '1985' ORDER BY dob DESC","SELECT first_name, last_name, url, birth_date FROM F1_Drivers WHERE nationality = 'German' AND STRFTIME('%Y', birth_date) BETWEEN '1971' AND '1985' ORDER BY birth_date DESC",['F1_Drivers'],"SELECT first_name, last_name, url, birth_date FROM F1_Drivers WHERE nationality = 'German' AND STRFTIME('%Y', birth_date) BETWEEN '1971' AND '1985' ORDER BY birth_date DESC"
993,formula_1,"In which location does the Hungaroring circuit located? Also, find the country and coordinates of this circuit?","coordinates expressed in latitude and longitude refers to (lat, lng)","SELECT country, lat, lng FROM circuits WHERE name = 'Hungaroring'",simple,['circuits'],"SELECT country, lat, lng FROM circuits WHERE name = 'Hungaroring'","SELECT country, latitude, longitude FROM F1_Tracks WHERE circuit_name = 'Hungaroring'",['F1_Tracks'],"SELECT country, latitude, longitude FROM F1_Tracks WHERE circuit_name = 'Hungaroring'"
995,formula_1,What is the average score of Lewis Hamilton among all the Turkish Grand Prix?,Average score = AVG(points),SELECT AVG(T2.points) FROM drivers AS T1 INNER JOIN driverStandings AS T2 ON T1.driverId = T2.driverId INNER JOIN races AS T3 ON T3.raceId = T2.raceId WHERE T1.forename = 'Lewis' AND T1.surname = 'Hamilton' AND T3.name = 'Turkish Grand Prix',moderate,"['races', 'drivers', 'driverStandings']",SELECT AVG(driverStandings_points) FROM cluster29_driverstandings_join_drivers_join_races WHERE forename = 'Lewis' AND surname = 'Hamilton' AND name = 'Turkish Grand Prix',SELECT AVG(T2.points) FROM F1_Drivers AS T1 INNER JOIN F1_Driver_Standings AS T2 ON T1.driver_id = T2.driver_id INNER JOIN F1_Races AS T3 ON T3.race_id = T2.race_id WHERE T1.first_name = 'Lewis' AND T1.last_name = 'Hamilton' AND T3.race_name = 'Turkish Grand Prix',"['F1_Drivers', 'F1_Races', 'F1_Driver_Standings']",SELECT AVG(points) FROM workload_updated_cluster29_F1_Driver_Standings_join_F1_Drivers_join_F1_Races WHERE first_name = 'Lewis' AND last_name = 'Hamilton' AND race_name = 'Turkish Grand Prix'
996,formula_1,What is the annual average number of races held during the first 10 years of the 21st century?,races in date between '2000-01-01' and '2010-12-31',SELECT CAST(SUM(CASE WHEN year BETWEEN 2000 AND 2010 THEN 1 ELSE 0 END) AS REAL) / 10 FROM races WHERE date BETWEEN '2000-01-01' AND '2010-12-31',simple,['races'],SELECT CAST(SUM(CASE WHEN year BETWEEN 2000 AND 2010 THEN 1 ELSE 0 END) AS REAL) / 10 FROM races WHERE date BETWEEN '2000-01-01' AND '2010-12-31',SELECT CAST(SUM(CASE WHEN season_year BETWEEN 2000 AND 2010 THEN 1 ELSE 0 END) AS REAL) / 10 FROM F1_Races WHERE race_date BETWEEN '2000-01-01' AND '2010-12-31',['F1_Races'],SELECT CAST(SUM(CASE WHEN season_year BETWEEN 2000 AND 2010 THEN 1 ELSE 0 END) AS REAL) / 10 FROM F1_Races WHERE race_date BETWEEN '2000-01-01' AND '2010-12-31'
1002,formula_1,"As of the present, what is the full name of the youngest racer? Indicate her nationality and the name of the race to which he/she first joined.","full name refers to forename+surname; Youngest racer = MAX(dob)
","SELECT T1.forename, T1.surname, T1.nationality, T3.name FROM drivers AS T1 INNER JOIN driverStandings AS T2 on T1.driverId = T2.driverId INNER JOIN races AS T3 on T2.raceId = T3.raceId ORDER BY JULIANDAY(T1.dob) DESC LIMIT 1",moderate,"['races', 'drivers', 'driverStandings']","SELECT forename, surname, nationality, name FROM cluster29_driverstandings_join_drivers_join_races ORDER BY JULIANDAY(dob) DESC LIMIT 1","SELECT T1.first_name, T1.last_name, T1.nationality, T3.race_name FROM F1_Drivers AS T1 INNER JOIN F1_Driver_Standings AS T2 on T1.driver_id = T2.driver_id INNER JOIN F1_Races AS T3 on T2.race_id = T3.race_id ORDER BY JULIANDAY(T1.birth_date) DESC LIMIT 1","['F1_Drivers', 'F1_Races', 'F1_Driver_Standings']","SELECT first_name, last_name, nationality, race_name FROM workload_updated_cluster29_F1_Driver_Standings_join_F1_Drivers_join_F1_Races ORDER BY JULIANDAY(birth_date) DESC LIMIT 1"
1003,formula_1,How many accidents did the driver who had the highest number accidents in the Canadian Grand Prix have?,"number of accidents refers to the number where statusid = 3; Canadian Grand Prix refers to the race of name
",SELECT COUNT(T1.driverId) FROM results AS T1 INNER JOIN races AS T2 on T1.raceId = T2.raceId INNER JOIN status AS T3 on T1.statusId = T3.statusId WHERE T3.statusId = 3 AND T2.name = 'Canadian Grand Prix' GROUP BY T1.driverId ORDER BY COUNT(T1.driverId) DESC LIMIT 1,moderate,"['status', 'results', 'races']",SELECT COUNT(driverId) FROM cluster57_races_join_results_join_status WHERE status = 'Accident' AND name = 'Canadian Grand Prix' GROUP BY driverId ORDER BY COUNT(driverId) DESC LIMIT 1,SELECT COUNT(T1.driver_id) FROM F1_Results AS T1 INNER JOIN F1_Races AS T2 on T1.race_id = T2.race_id INNER JOIN F1_Status_Codes AS T3 on T1.status_id = T3.status_id WHERE T3.status_id = 3 AND T2.race_name = 'Canadian Grand Prix' GROUP BY T1.driver_id ORDER BY COUNT(T1.driver_id) DESC LIMIT 1,"['F1_Status_Codes', 'F1_Results', 'F1_Races']",SELECT COUNT(driver_id) FROM workload_updated_cluster57_F1_Races_join_F1_Results_join_F1_Status_Codes WHERE status_id = 3 AND race_name = 'Canadian Grand Prix' GROUP BY driver_id ORDER BY COUNT(driver_id) DESC LIMIT 1
1008,formula_1,During which lap did Lewis Hamilton take a pit stop during the 2011 Australian Grand Prix?,,SELECT T1.lap FROM pitStops AS T1 INNER JOIN drivers AS T2 on T1.driverId = T2.driverId INNER JOIN races AS T3 on T1.raceId = T3.raceId WHERE T2.forename = 'Lewis' AND T2.surname = 'Hamilton' AND T3.year = 2011 AND T3.name = 'Australian Grand Prix',simple,"['drivers', 'pitStops', 'races']",SELECT lap FROM cluster58_drivers_join_pitstops_join_races WHERE forename = 'Lewis' AND surname = 'Hamilton' AND year = 2011 AND name = 'Australian Grand Prix',SELECT T1.lap_number FROM F1_Pit_Stops AS T1 INNER JOIN F1_Drivers AS T2 on T1.driver_id = T2.driver_id INNER JOIN F1_Races AS T3 on T1.race_id = T3.race_id WHERE T2.first_name = 'Lewis' AND T2.last_name = 'Hamilton' AND T3.season_year = 2011 AND T3.race_name = 'Australian Grand Prix',"['F1_Pit_Stops', 'F1_Drivers', 'F1_Races']",SELECT lap_number FROM workload_updated_cluster58_F1_Drivers_join_F1_Pit_Stops_join_F1_Races WHERE first_name = 'Lewis' AND last_name = 'Hamilton' AND season_year = 2011 AND race_name = 'Australian Grand Prix'
1011,formula_1,Which driver created the shortest lap time ever record in a Formula_1 race? Please give his full name.,shortest lap time refers to MIN(time),"WITH lap_times_in_seconds AS ( SELECT driverId, (CASE WHEN INSTR(time, ':') <> INSTR(SUBSTR(time, INSTR(time, ':') + 1), ':') + INSTR(time, ':') THEN CAST(SUBSTR(time, 1, INSTR(time, ':') - 1) AS REAL) * 3600 ELSE 0 END) + (CAST(SUBSTR(time, INSTR(time, ':') - 2 * (INSTR(time, ':') = INSTR(SUBSTR(time, INSTR(time, ':') + 1), ':') + INSTR(time, ':')), INSTR(time, ':') - 1) AS REAL) * 60) + (CAST(SUBSTR(time, INSTR(time, ':') + 1, INSTR(time, '.') - INSTR(time, ':') - 1) AS REAL)) + (CAST(SUBSTR(time, INSTR(time, '.') + 1) AS REAL) / 1000) as time_in_seconds FROM lapTimes) SELECT T2.forename, T2.surname FROM ( SELECT driverId, MIN(time_in_seconds) as min_time_in_seconds FROM lap_times_in_seconds GROUP BY driverId) AS T1 INNER JOIN drivers AS T2 on T1.driverId = T2.driverId ORDER BY T1.min_time_in_seconds ASC LIMIT 1",challenging,"['lapTimes', 'drivers']","WITH lap_times_in_seconds AS ( SELECT driverId, (CASE WHEN INSTR(time, ':') <> INSTR(SUBSTR(time, INSTR(time, ':') + 1), ':') + INSTR(time, ':') THEN CAST(SUBSTR(time, 1, INSTR(time, ':') - 1) AS REAL) * 3600 ELSE 0 END) + (CAST(SUBSTR(time, INSTR(time, ':') - 2 * (INSTR(time, ':') = INSTR(SUBSTR(time, INSTR(time, ':') + 1), ':') + INSTR(time, ':')), INSTR(time, ':') - 1) AS REAL) * 60) + (CAST(SUBSTR(time, INSTR(time, ':') + 1, INSTR(time, '.') - INSTR(time, ':') - 1) AS REAL)) + (CAST(SUBSTR(time, INSTR(time, '.') + 1) AS REAL) / 1000) as time_in_seconds FROM lapTimes) SELECT T2.forename, T2.surname FROM ( SELECT driverId, MIN(time_in_seconds) as min_time_in_seconds FROM lap_times_in_seconds GROUP BY driverId) AS T1 INNER JOIN drivers AS T2 on T1.driverId = T2.driverId ORDER BY T1.min_time_in_seconds ASC LIMIT 1","WITH lap_times_in_seconds AS ( SELECT driver_id, (CASE WHEN INSTR(lap_time, ':') <> INSTR(SUBSTR(lap_time, INSTR(lap_time, ':') + 1), ':') + INSTR(lap_time, ':') THEN CAST(SUBSTR(lap_time, 1, INSTR(lap_time, ':') - 1) AS REAL) * 3600 ELSE 0 END) + (CAST(SUBSTR(lap_time, INSTR(lap_time, ':') - 2 * (INSTR(lap_time, ':') = INSTR(SUBSTR(lap_time, INSTR(lap_time, ':') + 1), ':') + INSTR(lap_time, ':')), INSTR(lap_time, ':') - 1) AS REAL) * 60) + (CAST(SUBSTR(lap_time, INSTR(lap_time, ':') + 1, INSTR(lap_time, '.') - INSTR(lap_time, ':') - 1) AS REAL)) + (CAST(SUBSTR(lap_time, INSTR(lap_time, '.') + 1) AS REAL) / 1000) as time_in_seconds FROM F1_Lap_Times) SELECT T2.first_name, T2.last_name FROM ( SELECT driver_id, MIN(time_in_seconds) as min_time_in_seconds FROM lap_times_in_seconds GROUP BY driver_id) AS T1 INNER JOIN F1_Drivers AS T2 on T1.driver_id = T2.driver_id ORDER BY T1.min_time_in_seconds ASC LIMIT 1","['F1_Drivers', 'F1_Lap_Times']","WITH lap_times_in_seconds AS ( SELECT driver_id, (CASE WHEN INSTR(lap_time, ':') <> INSTR(SUBSTR(lap_time, INSTR(lap_time, ':') + 1), ':') + INSTR(lap_time, ':') THEN CAST(SUBSTR(lap_time, 1, INSTR(lap_time, ':') - 1) AS REAL) * 3600 ELSE 0 END) + (CAST(SUBSTR(lap_time, INSTR(lap_time, ':') - 2 * (INSTR(lap_time, ':') = INSTR(SUBSTR(lap_time, INSTR(lap_time, ':') + 1), ':') + INSTR(lap_time, ':')), INSTR(lap_time, ':') - 1) AS REAL) * 60) + (CAST(SUBSTR(lap_time, INSTR(lap_time, ':') + 1, INSTR(lap_time, '.') - INSTR(lap_time, ':') - 1) AS REAL)) + (CAST(SUBSTR(lap_time, INSTR(lap_time, '.') + 1) AS REAL) / 1000) as time_in_seconds FROM workload_updated_cluster56_F1_Drivers_join_F1_Lap_Times) SELECT T2.first_name, T2.last_name FROM ( SELECT driver_id, MIN(time_in_seconds) as min_time_in_seconds FROM lap_times_in_seconds GROUP BY driver_id) AS T1 INNER JOIN F1_Drivers AS T2 on T1.driver_id = T2.driver_id ORDER BY T1.min_time_in_seconds ASC LIMIT 1"
1012,formula_1,What was the position of the circuits during Lewis Hamilton's fastest lap in a Formula_1 race?,fastest lap refers to MIN(time),SELECT T1.position FROM lapTimes AS T1 INNER JOIN drivers AS T2 on T1.driverId = T2.driverId WHERE T2.forename = 'Lewis' AND T2.surname = 'Hamilton' ORDER BY T1.time ASC LIMIT 1,simple,"['lapTimes', 'drivers']",SELECT position FROM cluster56_drivers_join_laptimes WHERE forename = 'Lewis' AND surname = 'Hamilton' ORDER BY time ASC LIMIT 1,SELECT T1.position FROM F1_Lap_Times AS T1 INNER JOIN F1_Drivers AS T2 on T1.driver_id = T2.driver_id WHERE T2.first_name = 'Lewis' AND T2.last_name = 'Hamilton' ORDER BY T1.lap_time ASC LIMIT 1,"['F1_Drivers', 'F1_Lap_Times']",SELECT position FROM workload_updated_cluster56_F1_Drivers_join_F1_Lap_Times WHERE first_name = 'Lewis' AND last_name = 'Hamilton' ORDER BY lap_time ASC LIMIT 1
1014,formula_1,Please list the lap records for the circuits in Italy.,lap record means the fastest time recorded which refers to time,"WITH fastest_lap_times AS (SELECT T1.raceId, T1.FastestLapTime, (CAST(SUBSTR(T1.FastestLapTime, 1, INSTR(T1.FastestLapTime, ':') - 1) AS REAL) * 60) + (CAST(SUBSTR(T1.FastestLapTime, INSTR(T1.FastestLapTime, ':') + 1, INSTR(T1.FastestLapTime, '.') - INSTR(T1.FastestLapTime, ':') - 1) AS REAL)) + (CAST(SUBSTR(T1.FastestLapTime, INSTR(T1.FastestLapTime, '.') + 1) AS REAL) / 1000) as time_in_seconds FROM results AS T1 WHERE T1.FastestLapTime IS NOT NULL ) SELECT T1.FastestLapTime as lap_record FROM results AS T1 INNER JOIN races AS T2 on T1.raceId = T2.raceId INNER JOIN circuits AS T3 on T2.circuitId = T3.circuitId INNER JOIN (SELECT MIN(fastest_lap_times.time_in_seconds) as min_time_in_seconds FROM fastest_lap_times INNER JOIN races AS T2 on fastest_lap_times.raceId = T2.raceId INNER JOIN circuits AS T3 on T2.circuitId = T3.circuitId WHERE T3.country = 'Italy' ) AS T4 ON (CAST(SUBSTR(T1.FastestLapTime, 1, INSTR(T1.FastestLapTime, ':') - 1) AS REAL) * 60) + (CAST(SUBSTR(T1.FastestLapTime, INSTR(T1.FastestLapTime, ':') + 1, INSTR(T1.FastestLapTime, '.') - INSTR(T1.FastestLapTime, ':') - 1) AS REAL)) + (CAST(SUBSTR(T1.FastestLapTime, INSTR(T1.FastestLapTime, '.') + 1) AS REAL) / 1000) = T4.min_time_in_seconds LIMIT 1",challenging,"['circuits', 'results', 'races']","WITH fastest_lap_times AS (SELECT results_raceId, fastestLapTime, (CAST(SUBSTR(fastestLapTime, 1, INSTR(fastestLapTime, ':') - 1) AS REAL) * 60) + (CAST(SUBSTR(fastestLapTime, INSTR(fastestLapTime, ':') + 1, INSTR(fastestLapTime, '.') - INSTR(fastestLapTime, ':') - 1) AS REAL)) + (CAST(SUBSTR(fastestLapTime, INSTR(fastestLapTime, '.') + 1) AS REAL) / 1000) as time_in_seconds FROM cluster27_races_join_results WHERE fastestLapTime IS NOT NULL ) SELECT fastestLapTime as lap_record FROM cluster27_races_join_results AS T27 INNER JOIN circuits AS T3 ON T27.circuitId = T3.circuitId INNER JOIN (SELECT MIN(fastest_lap_times.time_in_seconds) as min_time_in_seconds FROM fastest_lap_times INNER JOIN cluster27_races_join_results AS T27 ON fastest_lap_times.results_raceId = T27.results_raceId INNER JOIN circuits AS T3 ON T27.circuitId = T3.circuitId WHERE T3.country = 'Italy' ) AS T4 ON (CAST(SUBSTR(T27.fastestLapTime, 1, INSTR(T27.fastestLapTime, ':') - 1) AS REAL) * 60) + (CAST(SUBSTR(T27.fastestLapTime, INSTR(T27.fastestLapTime, ':') + 1, INSTR(T27.fastestLapTime, '.') - INSTR(T27.fastestLapTime, ':') - 1) AS REAL)) + (CAST(SUBSTR(T27.fastestLapTime, INSTR(T27.fastestLapTime, '.') + 1) AS REAL) / 1000) = T4.min_time_in_seconds LIMIT 1","WITH fastest_lap_times AS (SELECT T1.race_id, T1.fastest_lap_time, (CAST(SUBSTR(T1.fastest_lap_time, 1, INSTR(T1.fastest_lap_time, ':') - 1) AS REAL) * 60) + (CAST(SUBSTR(T1.fastest_lap_time, INSTR(T1.fastest_lap_time, ':') + 1, INSTR(T1.fastest_lap_time, '.') - INSTR(T1.fastest_lap_time, ':') - 1) AS REAL)) + (CAST(SUBSTR(T1.fastest_lap_time, INSTR(T1.fastest_lap_time, '.') + 1) AS REAL) / 1000) as time_in_seconds FROM F1_Results AS T1 WHERE T1.fastest_lap_time IS NOT NULL ) SELECT T1.fastest_lap_time as lap_record FROM F1_Results AS T1 INNER JOIN F1_Races AS T2 on T1.race_id = T2.race_id INNER JOIN F1_Tracks AS T3 on T2.circuit_id = T3.circuit_id INNER JOIN (SELECT MIN(fastest_lap_times.time_in_seconds) as min_time_in_seconds FROM fastest_lap_times INNER JOIN F1_Races AS T2 on fastest_lap_times.race_id = T2.race_id INNER JOIN F1_Tracks AS T3 on T2.circuit_id = T3.circuit_id WHERE T3.country = 'Italy' ) AS T4 ON (CAST(SUBSTR(T1.fastest_lap_time, 1, INSTR(T1.fastest_lap_time, ':') - 1) AS REAL) * 60) + (CAST(SUBSTR(T1.fastest_lap_time, INSTR(T1.fastest_lap_time, ':') + 1, INSTR(T1.fastest_lap_time, '.') - INSTR(T1.fastest_lap_time, ':') - 1) AS REAL)) + (CAST(SUBSTR(T1.fastest_lap_time, INSTR(T1.fastest_lap_time, '.') + 1) AS REAL) / 1000) = T4.min_time_in_seconds LIMIT 1","['F1_Results', 'F1_Races', 'F1_Tracks']","WITH fastest_lap_times AS (SELECT F1_Results_race_id, fastest_lap_time, (CAST(SUBSTR(fastest_lap_time, 1, INSTR(fastest_lap_time, ':') - 1) AS REAL) * 60) + (CAST(SUBSTR(fastest_lap_time, INSTR(fastest_lap_time, ':') + 1, INSTR(fastest_lap_time, '.') - INSTR(fastest_lap_time, ':') - 1) AS REAL)) + (CAST(SUBSTR(fastest_lap_time, INSTR(fastest_lap_time, '.') + 1) AS REAL) / 1000) as time_in_seconds FROM workload_updated_cluster27_F1_Races_join_F1_Results WHERE fastest_lap_time IS NOT NULL ) SELECT fastest_lap_time as lap_record FROM workload_updated_cluster27_F1_Races_join_F1_Results AS T1 INNER JOIN (SELECT MIN(fastest_lap_times.time_in_seconds) as min_time_in_seconds FROM fastest_lap_times INNER JOIN workload_updated_cluster25_F1_Races_join_F1_Tracks AS T2 on fastest_lap_times.F1_Results_race_id = T2.race_id WHERE T2.country = 'Italy' ) AS T4 ON (CAST(SUBSTR(T1.fastest_lap_time, 1, INSTR(T1.fastest_lap_time, ':') - 1) AS REAL) * 60) + (CAST(SUBSTR(T1.fastest_lap_time, INSTR(T1.fastest_lap_time, ':') + 1, INSTR(T1.fastest_lap_time, '.') - INSTR(T1.fastest_lap_time, ':') - 1) AS REAL)) + (CAST(SUBSTR(T1.fastest_lap_time, INSTR(T1.fastest_lap_time, '.') + 1) AS REAL) / 1000) = T4.min_time_in_seconds LIMIT 1"
1015,formula_1,In which Formula_1 race was the lap record for the Austrian Grand Prix Circuit set?,lap record means the fastest time recorded which refers to time,"WITH fastest_lap_times AS ( SELECT T1.raceId, T1.FastestLapTime, (CAST(SUBSTR(T1.FastestLapTime, 1, INSTR(T1.FastestLapTime, ':') - 1) AS REAL) * 60) + (CAST(SUBSTR(T1.FastestLapTime, INSTR(T1.FastestLapTime, ':') + 1, INSTR(T1.FastestLapTime, '.') - INSTR(T1.FastestLapTime, ':') - 1) AS REAL)) + (CAST(SUBSTR(T1.FastestLapTime, INSTR(T1.FastestLapTime, '.') + 1) AS REAL) / 1000) as time_in_seconds FROM results AS T1 WHERE T1.FastestLapTime IS NOT NULL ) SELECT T2.name FROM races AS T2 INNER JOIN circuits AS T3 on T2.circuitId = T3.circuitId INNER JOIN results AS T1 on T2.raceId = T1.raceId INNER JOIN ( SELECT MIN(fastest_lap_times.time_in_seconds) as min_time_in_seconds FROM fastest_lap_times INNER JOIN races AS T2 on fastest_lap_times.raceId = T2.raceId INNER JOIN circuits AS T3 on T2.circuitId = T3.circuitId WHERE T2.name = 'Austrian Grand Prix') AS T4 ON (CAST(SUBSTR(T1.FastestLapTime, 1, INSTR(T1.FastestLapTime, ':') - 1) AS REAL) * 60) + (CAST(SUBSTR(T1.FastestLapTime, INSTR(T1.FastestLapTime, ':') + 1, INSTR(T1.FastestLapTime, '.') - INSTR(T1.FastestLapTime, ':') - 1) AS REAL)) + (CAST(SUBSTR(T1.FastestLapTime, INSTR(T1.FastestLapTime, '.') + 1) AS REAL) / 1000) = T4.min_time_in_seconds WHERE T2.name = 'Austrian Grand Prix'",moderate,"['circuits', 'results', 'races']","SELECT races_name FROM cluster59_circuits_join_races_join_pitstops_join_results AS T2 WHERE races_name = ""Austrian Grand Prix"" ORDER BY (CAST(SUBSTR(T2.races_time, 1, 2) AS REAL)) LIMIT 1","WITH fastest_lap_times AS ( SELECT T1.race_id, T1.fastest_lap_time, (CAST(SUBSTR(T1.fastest_lap_time, 1, INSTR(T1.fastest_lap_time, ':') - 1) AS REAL) * 60) + (CAST(SUBSTR(T1.fastest_lap_time, INSTR(T1.fastest_lap_time, ':') + 1, INSTR(T1.fastest_lap_time, '.') - INSTR(T1.fastest_lap_time, ':') - 1) AS REAL)) + (CAST(SUBSTR(T1.fastest_lap_time, INSTR(T1.fastest_lap_time, '.') + 1) AS REAL) / 1000) as time_in_seconds FROM F1_Results AS T1 WHERE T1.fastest_lap_time IS NOT NULL ) SELECT T2.race_name FROM F1_Races AS T2 INNER JOIN F1_Tracks AS T3 on T2.circuit_id = T3.circuit_id INNER JOIN F1_Results AS T1 on T2.race_id = T1.race_id INNER JOIN ( SELECT MIN(fastest_lap_times.time_in_seconds) as min_time_in_seconds FROM fastest_lap_times INNER JOIN F1_Races AS T2 on fastest_lap_times.race_id = T2.race_id INNER JOIN F1_Tracks AS T3 on T2.circuit_id = T3.circuit_id WHERE T2.race_name = 'Austrian Grand Prix') AS T4 ON (CAST(SUBSTR(T1.fastest_lap_time, 1, INSTR(T1.fastest_lap_time, ':') - 1) AS REAL) * 60) + (CAST(SUBSTR(T1.fastest_lap_time, INSTR(T1.fastest_lap_time, ':') + 1, INSTR(T1.fastest_lap_time, '.') - INSTR(T1.fastest_lap_time, ':') - 1) AS REAL)) + (CAST(SUBSTR(T1.fastest_lap_time, INSTR(T1.fastest_lap_time, '.') + 1) AS REAL) / 1000) = T4.min_time_in_seconds WHERE T2.race_name = 'Austrian Grand Prix'","['F1_Results', 'F1_Races', 'F1_Tracks']","WITH fastest_lap_times AS ( SELECT F1_Results_race_id, fastest_lap_time, (CAST(SUBSTR(fastest_lap_time, 1, INSTR(fastest_lap_time, ':') - 1) AS REAL) * 60) + (CAST(SUBSTR(fastest_lap_time, INSTR(fastest_lap_time, ':') + 1, INSTR(fastest_lap_time, '.') - INSTR(fastest_lap_time, ':') - 1) AS REAL)) + (CAST(SUBSTR(fastest_lap_time, INSTR(fastest_lap_time, '.') + 1) AS REAL) / 1000) as time_in_seconds FROM workload_updated_cluster59_F1_Pit_Stops_join_F1_Races_join_F1_Results_join_F1_Tracks WHERE fastest_lap_time IS NOT NULL ) SELECT race_name FROM workload_updated_cluster59_F1_Pit_Stops_join_F1_Races_join_F1_Results_join_F1_Tracks AS T1 INNER JOIN ( SELECT MIN(fastest_lap_times.time_in_seconds) as min_time_in_seconds FROM fastest_lap_times INNER JOIN workload_updated_cluster59_F1_Pit_Stops_join_F1_Races_join_F1_Results_join_F1_Tracks AS T2 on fastest_lap_times.F1_Results_race_id = T2.F1_Results_race_id WHERE T2.race_name = 'Austrian Grand Prix') AS T4 ON (CAST(SUBSTR(T1.fastest_lap_time, 1, INSTR(T1.fastest_lap_time, ':') - 1) AS REAL) * 60) + (CAST(SUBSTR(T1.fastest_lap_time, INSTR(T1.fastest_lap_time, ':') + 1, INSTR(T1.fastest_lap_time, '.') - INSTR(T1.fastest_lap_time, ':') - 1) AS REAL)) + (CAST(SUBSTR(T1.fastest_lap_time, INSTR(T1.fastest_lap_time, '.') + 1) AS REAL) / 1000) = T4.min_time_in_seconds WHERE T1.race_name = 'Austrian Grand Prix'"
1016,formula_1,"In the race a driver set the lap record for the Austrian Grand Prix Circuit, how long did he spent at the pit stop at that same race?","lap record means the fastest time recorded which refers to time, how long spent at pitstop refers to duration","WITH fastest_lap_times AS ( SELECT T1.raceId, T1.driverId, T1.FastestLapTime, (CAST(SUBSTR(T1.FastestLapTime, 1, INSTR(T1.FastestLapTime, ':') - 1) AS REAL) * 60) + (CAST(SUBSTR(T1.FastestLapTime, INSTR(T1.FastestLapTime, ':') + 1, INSTR(T1.FastestLapTime, '.') - INSTR(T1.FastestLapTime, ':') - 1) AS REAL)) + (CAST(SUBSTR(T1.FastestLapTime, INSTR(T1.FastestLapTime, '.') + 1) AS REAL) / 1000) as time_in_seconds FROM results AS T1 WHERE T1.FastestLapTime IS NOT NULL), lap_record_race AS ( SELECT T1.raceId, T1.driverId FROM results AS T1 INNER JOIN races AS T2 on T1.raceId = T2.raceId INNER JOIN circuits AS T3 on T2.circuitId = T3.circuitId INNER JOIN ( SELECT MIN(fastest_lap_times.time_in_seconds) as min_time_in_seconds FROM fastest_lap_times INNER JOIN races AS T2 on fastest_lap_times.raceId = T2.raceId INNER JOIN circuits AS T3 on T2.circuitId = T3.circuitId WHERE T2.name = 'Austrian Grand Prix') AS T4 ON (CAST(SUBSTR(T1.FastestLapTime, 1, INSTR(T1.FastestLapTime, ':') - 1) AS REAL) * 60) + (CAST(SUBSTR(T1.FastestLapTime, INSTR(T1.FastestLapTime, ':') + 1, INSTR(T1.FastestLapTime, '.') - INSTR(T1.FastestLapTime, ':') - 1) AS REAL)) + (CAST(SUBSTR(T1.FastestLapTime, INSTR(T1.FastestLapTime, '.') + 1) AS REAL) / 1000) = T4.min_time_in_seconds WHERE T2.name = 'Austrian Grand Prix') SELECT T4.duration FROM lap_record_race INNER JOIN pitStops AS T4 on lap_record_race.raceId = T4.raceId AND lap_record_race.driverId = T4.driverId",challenging,"['circuits', 'results', 'pitStops', 'races']","WITH fastest_lap_times AS ( SELECT results_raceId, driverId, fastestLapTime, (CAST(SUBSTR(fastestLapTime, 1, INSTR(fastestLapTime, ':') - 1) AS REAL) * 60) + (CAST(SUBSTR(fastestLapTime, INSTR(fastestLapTime, ':') + 1, INSTR(fastestLapTime, '.') - INSTR(fastestLapTime, ':') - 1) AS REAL)) + (CAST(SUBSTR(fastestLapTime, INSTR(fastestLapTime, '.') + 1) AS REAL) / 1000) as time_in_seconds FROM cluster27_races_join_results WHERE fastestLapTime IS NOT NULL), lap_record_race AS ( SELECT T27.results_raceId, T27.driverId FROM cluster27_races_join_results AS T27 INNER JOIN ( SELECT MIN(fastest_lap_times.time_in_seconds) as min_time_in_seconds FROM fastest_lap_times INNER JOIN cluster27_races_join_results AS T27 ON fastest_lap_times.results_raceId = T27.results_raceId WHERE T27.races_name = 'Austrian Grand Prix') AS T4 ON (CAST(SUBSTR(T27.fastestLapTime, 1, INSTR(T27.fastestLapTime, ':') - 1) AS REAL) * 60) + (CAST(SUBSTR(T27.fastestLapTime, INSTR(T27.fastestLapTime, ':') + 1, INSTR(T27.fastestLapTime, '.') - INSTR(T27.fastestLapTime, ':') - 1) AS REAL)) + (CAST(SUBSTR(T27.fastestLapTime, INSTR(T27.fastestLapTime, '.') + 1) AS REAL) / 1000) = T4.min_time_in_seconds WHERE T27.races_name = 'Austrian Grand Prix') SELECT T58.duration FROM lap_record_race INNER JOIN cluster58_drivers_join_pitstops_join_races AS T58 on lap_record_race.results_raceId = T58.races_raceId AND lap_record_race.driverId = T58.pitStops_driverId","WITH fastest_lap_times AS ( SELECT T1.race_id, T1.driver_id, T1.fastest_lap_time, (CAST(SUBSTR(T1.fastest_lap_time, 1, INSTR(T1.fastest_lap_time, ':') - 1) AS REAL) * 60) + (CAST(SUBSTR(T1.fastest_lap_time, INSTR(T1.fastest_lap_time, ':') + 1, INSTR(T1.fastest_lap_time, '.') - INSTR(T1.fastest_lap_time, ':') - 1) AS REAL)) + (CAST(SUBSTR(T1.fastest_lap_time, INSTR(T1.fastest_lap_time, '.') + 1) AS REAL) / 1000) as time_in_seconds FROM F1_Results AS T1 WHERE T1.fastest_lap_time IS NOT NULL), lap_record_race AS ( SELECT T1.race_id, T1.driver_id FROM F1_Results AS T1 INNER JOIN F1_Races AS T2 on T1.race_id = T2.race_id INNER JOIN F1_Tracks AS T3 on T2.circuit_id = T3.circuit_id INNER JOIN ( SELECT MIN(fastest_lap_times.time_in_seconds) as min_time_in_seconds FROM fastest_lap_times INNER JOIN F1_Races AS T2 on fastest_lap_times.race_id = T2.race_id INNER JOIN F1_Tracks AS T3 on T2.circuit_id = T3.circuit_id WHERE T2.race_name = 'Austrian Grand Prix') AS T4 ON (CAST(SUBSTR(T1.fastest_lap_time, 1, INSTR(T1.fastest_lap_time, ':') - 1) AS REAL) * 60) + (CAST(SUBSTR(T1.fastest_lap_time, INSTR(T1.fastest_lap_time, ':') + 1, INSTR(T1.fastest_lap_time, '.') - INSTR(T1.fastest_lap_time, ':') - 1) AS REAL)) + (CAST(SUBSTR(T1.fastest_lap_time, INSTR(T1.fastest_lap_time, '.') + 1) AS REAL) / 1000) = T4.min_time_in_seconds WHERE T2.race_name = 'Austrian Grand Prix') SELECT T4.pit_duration FROM lap_record_race INNER JOIN F1_Pit_Stops AS T4 on lap_record_race.race_id = T4.race_id AND lap_record_race.driver_id = T4.driver_id","['F1_Pit_Stops', 'F1_Results', 'F1_Races', 'F1_Tracks']","WITH fastest_lap_times AS ( SELECT T1.race_id, T1.driver_id, T1.fastest_lap_time, (CAST(SUBSTR(T1.fastest_lap_time, 1, INSTR(T1.fastest_lap_time, ':') - 1) AS REAL) * 60) + (CAST(SUBSTR(T1.fastest_lap_time, INSTR(T1.fastest_lap_time, ':') + 1, INSTR(T1.fastest_lap_time, '.') - INSTR(T1.fastest_lap_time, ':') - 1) AS REAL)) + (CAST(SUBSTR(T1.fastest_lap_time, INSTR(T1.fastest_lap_time, '.') + 1) AS REAL) / 1000) as time_in_seconds FROM F1_Results AS T1 WHERE T1.fastest_lap_time IS NOT NULL), lap_record_race AS ( SELECT T1.race_id, T1.driver_id FROM workload_updated_cluster59_F1_Pit_Stops_join_F1_Races_join_F1_Results_join_F1_Tracks AS T1 INNER JOIN workload_updated_cluster59_F1_Pit_Stops_join_F1_Races_join_F1_Results_join_F1_Tracks AS T2 on T1.race_id = T2.F1_Races_race_id INNER JOIN workload_updated_cluster59_F1_Pit_Stops_join_F1_Races_join_F1_Results_join_F1_Tracks AS T3 on T2.circuit_id = T3.F1_Tracks_circuit_id INNER JOIN ( SELECT MIN(fastest_lap_times.time_in_seconds) as min_time_in_seconds FROM fastest_lap_times INNER JOIN workload_updated_cluster59_F1_Pit_Stops_join_F1_Races_join_F1_Results_join_F1_Tracks AS T2 on fastest_lap_times.race_id = T2.F1_Races_race_id INNER JOIN workload_updated_cluster59_F1_Pit_Stops_join_F1_Races_join_F1_Results_join_F1_Tracks AS T3 on T2.circuit_id = T3.F1_Tracks_circuit_id WHERE T2.race_name = 'Austrian Grand Prix') AS T4 ON (CAST(SUBSTR(T1.fastest_lap_time, 1, INSTR(T1.fastest_lap_time, ':') - 1) AS REAL) * 60) + (CAST(SUBSTR(T1.fastest_lap_time, INSTR(T1.fastest_lap_time, ':') + 1, INSTR(T1.fastest_lap_time, '.') - INSTR(T1.fastest_lap_time, ':') - 1) AS REAL)) + (CAST(SUBSTR(T1.fastest_lap_time, INSTR(T1.fastest_lap_time, '.') + 1) AS REAL) / 1000) = T4.min_time_in_seconds WHERE T2.race_name = 'Austrian Grand Prix') SELECT T4.pit_duration FROM lap_record_race INNER JOIN F1_Pit_Stops AS T4 on lap_record_race.race_id = T4.race_id AND lap_record_race.driver_id = T4.driver_id"
1017,formula_1,Please list the location coordinates of the circuits whose lap record is 1:29.488.,"lap records means the fastest time recorded which refers to time; coordinates are expressed as latitude and longitude which refers to (lat, lng)","SELECT T3.lat, T3.lng FROM lapTimes AS T1 INNER JOIN races AS T2 on T1.raceId = T2.raceId INNER JOIN circuits AS T3 on T2.circuitId = T3.circuitId WHERE T1.time = '1:29.488'",moderate,"['lapTimes', 'circuits', 'races']","SELECT T3.lat, T3.lng FROM lapTimes AS T1 INNER JOIN races AS T2 on T1.raceId = T2.raceId INNER JOIN circuits AS T3 on T2.circuitId = T3.circuitId WHERE T1.time = '1:29.488'","SELECT T3.latitude, T3.longitude FROM F1_Lap_Times AS T1 INNER JOIN F1_Races AS T2 on T1.race_id = T2.race_id INNER JOIN F1_Tracks AS T3 on T2.circuit_id = T3.circuit_id WHERE T1.lap_time = '1:29.488'","['F1_Tracks', 'F1_Races', 'F1_Lap_Times']","SELECT T3.latitude, T3.longitude FROM F1_Lap_Times AS T1 INNER JOIN F1_Races AS T2 on T1.race_id = T2.race_id INNER JOIN F1_Tracks AS T3 on T2.circuit_id = T3.circuit_id WHERE T1.lap_time = '1:29.488'"
1019,formula_1,What is the average lap time in milliseconds of all the lap records set on the various circuits in Italy?,average = AVG(milliseconds),SELECT CAST(SUM(T1.milliseconds) AS REAL) / COUNT(T1.lap) FROM lapTimes AS T1 INNER JOIN races AS T2 on T1.raceId = T2.raceId INNER JOIN circuits AS T3 on T2.circuitId = T3.circuitId WHERE T3.country = 'Italy',moderate,"['lapTimes', 'circuits', 'races']",SELECT CAST(SUM(milliseconds) AS REAL) / COUNT(lap) FROM cluster56_drivers_join_laptimes AS T56 INNER JOIN races AS T2 ON T56.raceId = T2.raceId INNER JOIN circuits AS T3 ON T2.circuitId = T3.circuitId WHERE T3.country = 'Italy',SELECT CAST(SUM(milliseconds) AS REAL) / COUNT(lap_number) FROM workload_updated_cluster25_F1_Races_join_F1_Tracks AS T1 INNER JOIN F1_Lap_Times AS T2 ON T1.race_id = T2.race_id WHERE T1.country = 'Italy',"['F1_Tracks', 'F1_Races', 'F1_Lap_Times']",SELECT CAST(SUM(T1.milliseconds) AS REAL) / COUNT(T1.lap_number) FROM F1_Lap_Times AS T1 INNER JOIN workload_updated_cluster25_F1_Races_join_F1_Tracks AS T2 ON T1.race_id = T2.race_id WHERE T2.country = 'Italy'
1020,european_football_2,Which player has the highest overall rating? Indicate the player's api id.,highest overall rating refers to MAX(overall_rating);,SELECT player_api_id FROM Player_Attributes ORDER BY overall_rating DESC LIMIT 1,simple,['Player_Attributes'],SELECT Player_player_api_id FROM cluster32_player_join_player_attributes ORDER BY overall_rating DESC LIMIT 1,SELECT player_api_id FROM Soccer_Player_Stats ORDER BY overall_rating DESC LIMIT 1,['Soccer_Player_Stats'],SELECT player_api_id FROM Soccer_Player_Stats ORDER BY overall_rating DESC LIMIT 1
1021,european_football_2,What is the height of the tallest player? Indicate his name.,tallest player refers to MAX(height);,SELECT player_name FROM Player ORDER BY height DESC LIMIT 1,simple,['Player'],SELECT player_name FROM Player ORDER BY height DESC LIMIT 1,SELECT player_name FROM Soccer_Players ORDER BY height_cm DESC LIMIT 1,['Soccer_Players'],SELECT player_name FROM Soccer_Players ORDER BY height_cm DESC LIMIT 1
1025,european_football_2,Which league had the most goals in the 2016 season?,"league that had the most goals refers to MAX(SUM(home_team_goal, away_team_goal)); 2016 season refers to season = '2015/2016';",SELECT t2.name FROM Match AS t1 INNER JOIN League AS t2 ON t1.league_id = t2.id WHERE t1.season = '2015/2016' GROUP BY t2.name ORDER BY SUM(t1.home_team_goal + t1.away_team_goal) DESC LIMIT 1,moderate,"['Match', 'League']",SELECT League_name FROM cluster31_league_join_match WHERE season = '2015/2016' GROUP BY League_name ORDER BY SUM(home_team_goal + away_team_goal) DESC LIMIT 1,SELECT league_name FROM workload_updated_cluster31_Soccer_Leagues_join_Soccer_Matches WHERE season = '2015/2016' GROUP BY league_name ORDER BY SUM(home_team_goal + away_team_goal) DESC LIMIT 1,"['Soccer_Matches', 'Soccer_Leagues']",SELECT t2.league_name FROM workload_updated_cluster31_Soccer_Leagues_join_Soccer_Matches AS t1 INNER JOIN workload_updated_cluster31_Soccer_Leagues_join_Soccer_Matches AS t2 ON t1.Soccer_Matches_league_id = t2.league_id WHERE t1.season = '2015/2016' GROUP BY t2.league_name ORDER BY SUM(t1.home_team_goal + t1.away_team_goal) DESC LIMIT 1
1027,european_football_2,Indicate the full names of the top 10 players with the highest number of penalties.,full name refers to player_name; players with highest number of penalties refers to MAX(penalties);,SELECT t2.player_name FROM Player_Attributes AS t1 INNER JOIN Player AS t2 ON t1.id = t2.id ORDER BY t1.penalties DESC LIMIT 10,simple,"['Player', 'Player_Attributes']",SELECT t2.player_name FROM Player_Attributes AS t1 INNER JOIN Player AS t2 ON t1.id = t2.id ORDER BY t1.penalties DESC LIMIT 10,SELECT t2.player_name FROM Soccer_Player_Stats AS t1 INNER JOIN Soccer_Players AS t2 ON t1.attribute_record_id = t2.internal_id ORDER BY t1.penalties DESC LIMIT 10,"['Soccer_Players', 'Soccer_Player_Stats']",SELECT t2.player_name FROM Soccer_Player_Stats AS t1 INNER JOIN Soccer_Players AS t2 ON t1.attribute_record_id = t2.internal_id ORDER BY t1.penalties DESC LIMIT 10
1028,european_football_2,"In Scotland Premier League, which away team won the most during the 2010 season?","Scotland Premier League refers to League.name = 'Scotland Premier League'; away team refers to away_team_api_id; away team that won the most refers to MAX(SUBTRACT(away_team_goal, home_team_goal) > 0); 2010 season refers to season = '2009/2010';",SELECT teamInfo.team_long_name FROM League AS leagueData INNER JOIN Match AS matchData ON leagueData.id = matchData.league_id INNER JOIN Team AS teamInfo ON matchData.away_team_api_id = teamInfo.team_api_id WHERE leagueData.name = 'Scotland Premier League' AND matchData.season = '2009/2010' AND matchData.away_team_goal - matchData.home_team_goal > 0 GROUP BY matchData.away_team_api_id ORDER BY COUNT(*) DESC LIMIT 1,challenging,"['Match', 'Team', 'League']",SELECT team_long_name FROM cluster31_league_join_match AS T31 INNER JOIN Team AS T3 ON T31.away_team_api_id = T3.team_api_id WHERE League_name = 'Scotland Premier League' AND T31.season = '2009/2010' AND T31.away_team_goal - T31.home_team_goal > 0 GROUP BY T31.away_team_api_id ORDER BY COUNT(*) DESC LIMIT 1,SELECT team_long_name FROM workload_updated_cluster31_Soccer_Leagues_join_Soccer_Matches AS T1 INNER JOIN Soccer_Teams AS T2 ON T1.away_team_api_id = T2.team_api_id WHERE T1.league_name = 'Scotland Premier League' AND T1.season = '2009/2010' AND T1.away_team_goal - T1.home_team_goal > 0 GROUP BY T1.away_team_api_id ORDER BY COUNT(*) DESC LIMIT 1,"['Soccer_Teams', 'Soccer_Matches', 'Soccer_Leagues']",SELECT teamInfo.team_long_name FROM workload_updated_cluster60_Soccer_Countries_join_Soccer_Leagues AS leagueData INNER JOIN workload_updated_cluster31_Soccer_Leagues_join_Soccer_Matches AS matchData ON leagueData.league_id = matchData.Soccer_Matches_league_id INNER JOIN workload_updated_cluster33_Soccer_Team_Stats_join_Soccer_Teams AS teamInfo ON matchData.away_team_api_id = teamInfo.Soccer_Teams_team_api_id WHERE leagueData.league_name = 'Scotland Premier League' AND matchData.season = '2009/2010' AND matchData.away_team_goal - matchData.home_team_goal > 0 GROUP BY matchData.away_team_api_id ORDER BY COUNT(*) DESC LIMIT 1
1034,european_football_2,List the players' api id who had the highest above average overall ratings in 2010.,"highest above average overall ratings refers to MAX(overall_rating); in 2010 refers to substr(date,1,4) = '2010';","SELECT player_api_id FROM Player_Attributes WHERE SUBSTR(`date`, 1, 4) = '2010' ORDER BY overall_rating DESC LIMIT 1",simple,['Player_Attributes'],"SELECT Player_player_api_id FROM cluster32_player_join_player_attributes WHERE SUBSTR(date, 1, 4) = '2010' ORDER BY overall_rating DESC LIMIT 1","SELECT player_api_id FROM Soccer_Player_Stats WHERE SUBSTR(record_date, 1, 4) = '2010' ORDER BY overall_rating DESC LIMIT 1",['Soccer_Player_Stats'],"SELECT player_api_id FROM Soccer_Player_Stats WHERE SUBSTR(record_date, 1, 4) = '2010' ORDER BY overall_rating DESC LIMIT 1"
1035,european_football_2,Give the team_fifa_api_id of teams with more than 50 but less than 60 build-up play speed.,teams with more than 50 but less than 60 build-up play speed refers to buildUpPlaySpeed BETWEEN 51 AND 59;,SELECT DISTINCT team_fifa_api_id FROM Team_Attributes WHERE buildUpPlaySpeed > 50 AND buildUpPlaySpeed < 60,simple,['Team_Attributes'],SELECT DISTINCT Team_Attributes_team_fifa_api_id FROM cluster33_team_join_team_attributes WHERE buildUpPlaySpeed > 50 AND buildUpPlaySpeed < 60,SELECT DISTINCT team_fifa_api_id FROM Soccer_Team_Stats WHERE buildup_speed > 50 AND buildup_speed < 60,['Soccer_Team_Stats'],SELECT DISTINCT team_fifa_api_id FROM Soccer_Team_Stats WHERE buildup_speed > 50 AND buildup_speed < 60
1036,european_football_2,List the long name of teams with above-average build-up play passing in 2012.,"long name of teams refers to team_long_name; build-up play passing refers to buildUpPlayPassing; above-average build-up play passing = DIVIDE(SUM(buildUpPlayPassing), COUNT(team_long_name) WHERE buildUpPlayPassing IS NOT NULL) < buildUpPlayPassing; in 2012 refers to strftime('%Y', date) = '2012';","SELECT DISTINCT t4.team_long_name FROM Team_Attributes AS t3 INNER JOIN Team AS t4 ON t3.team_api_id = t4.team_api_id WHERE SUBSTR(t3.`date`, 1, 4) = '2012' AND t3.buildUpPlayPassing > ( SELECT CAST(SUM(t2.buildUpPlayPassing) AS REAL) / COUNT(t1.id) FROM Team AS t1 INNER JOIN Team_Attributes AS t2 ON t1.team_api_id = t2.team_api_id WHERE SUBSTR(t2.`date`, 1, 4) = '2012' )",challenging,"['Team_Attributes', 'Team']","SELECT DISTINCT team_long_name FROM cluster33_team_join_team_attributes WHERE SUBSTR(date, 1, 4) = '2012' AND buildUpPlayPassing > ( SELECT CAST(SUM(T2.buildUpPlayPassing) AS REAL) / COUNT(T2.Team_Attributes_id) FROM cluster33_team_join_team_attributes AS T2 WHERE SUBSTR(T2.date, 1, 4) = '2012' )","SELECT DISTINCT t4.team_long_name FROM Soccer_Team_Stats AS t3 INNER JOIN Soccer_Teams AS t4 ON t3.team_api_id = t4.team_api_id WHERE SUBSTR(t3.record_date, 1, 4) = '2012' AND t3.buildup_passing > ( SELECT CAST(SUM(t2.buildup_passing) AS REAL) / COUNT(t1.internal_id) FROM Soccer_Teams AS t1 INNER JOIN Soccer_Team_Stats AS t2 ON t1.team_api_id = t2.team_api_id WHERE SUBSTR(t2.record_date, 1, 4) = '2012' )","['Soccer_Teams', 'Soccer_Team_Stats']","SELECT DISTINCT t4.team_long_name FROM workload_updated_cluster33_Soccer_Team_Stats_join_Soccer_Teams AS t3 INNER JOIN workload_updated_cluster33_Soccer_Team_Stats_join_Soccer_Teams AS t4 ON t3.team_api_id = t4.Soccer_Teams_team_api_id WHERE SUBSTR(t3.record_date, 1, 4) = '2012' AND t3.buildup_passing > ( SELECT CAST(SUM(t2.buildup_passing) AS REAL) / COUNT(t1.internal_id) FROM Soccer_Teams AS t1 INNER JOIN Soccer_Team_Stats AS t2 ON t1.team_api_id = t2.team_api_id WHERE SUBSTR(t2.record_date, 1, 4) = '2012' )"
1038,european_football_2,List the top 5 leagues in ascending order of the number of goals made in all seasons combined.,"number of goals made in all seasons combine = SUM(home_team_goal, away_team_goal);","SELECT t1.name, SUM(t2.home_team_goal) + SUM(t2.away_team_goal) FROM League AS t1 INNER JOIN Match AS t2 ON t1.id = t2.league_id GROUP BY t1.name ORDER BY SUM(t2.home_team_goal) + SUM(t2.away_team_goal) ASC LIMIT 5",moderate,"['Match', 'League']","SELECT League_name, SUM(home_team_goal) + SUM(away_team_goal) FROM cluster31_league_join_match GROUP BY League_name ORDER BY SUM(home_team_goal) + SUM(away_team_goal) ASC LIMIT 5","SELECT league_name, SUM(home_team_goal) + SUM(away_team_goal) FROM workload_updated_cluster31_Soccer_Leagues_join_Soccer_Matches GROUP BY league_name ORDER BY SUM(home_team_goal) + SUM(away_team_goal) ASC LIMIT 5","['Soccer_Matches', 'Soccer_Leagues']","SELECT league_name, SUM(home_team_goal) + SUM(away_team_goal) FROM workload_updated_cluster31_Soccer_Leagues_join_Soccer_Matches GROUP BY league_name ORDER BY SUM(home_team_goal) + SUM(away_team_goal) ASC LIMIT 5"
1039,european_football_2,Find the average number of long-shot done by Ahmed Samir Farag.,"average number of long shot = DIVIDE(SUM(long_shots), COUNT(player_fifa_api_id));",SELECT CAST(SUM(t2.long_shots) AS REAL) / COUNT(t2.`date`) FROM Player AS t1 INNER JOIN Player_Attributes AS t2 ON t1.player_api_id = t2.player_api_id WHERE t1.player_name = 'Ahmed Samir Farag',simple,"['Player', 'Player_Attributes']",SELECT CAST(SUM(long_shots) AS REAL) / COUNT(date) FROM cluster32_player_join_player_attributes WHERE player_name = 'Ahmed Samir Farag',SELECT CAST(SUM(t2.long_shots) AS REAL) / COUNT(t2.record_date) FROM Soccer_Players AS t1 INNER JOIN Soccer_Player_Stats AS t2 ON t1.player_api_id = t2.player_api_id WHERE t1.player_name = 'Ahmed Samir Farag',"['Soccer_Player_Stats', 'Soccer_Players']",SELECT CAST(SUM(t2.long_shots) AS REAL) / COUNT(t2.record_date) FROM workload_updated_cluster32_Soccer_Player_Stats_join_Soccer_Players AS t1 INNER JOIN workload_updated_cluster32_Soccer_Player_Stats_join_Soccer_Players AS t2 ON t1.Soccer_Players_player_api_id = t2.player_api_id WHERE t1.player_name = 'Ahmed Samir Farag'
1042,european_football_2,List the name of leagues in which the average goals by the home team is higher than the away team in the 2009/2010 season.,name of league refers to League.name; average goals by the home team is higher than the away team = AVG(home_team_goal) > AVG(away_team_goal);,SELECT t1.name FROM League AS t1 INNER JOIN Match AS t2 ON t1.id = t2.league_id WHERE t2.season = '2009/2010' GROUP BY t1.name HAVING (CAST(SUM(t2.home_team_goal) AS REAL) / COUNT(DISTINCT t2.id)) - (CAST(SUM(t2.away_team_goal) AS REAL) / COUNT(DISTINCT t2.id)) > 0,challenging,"['Match', 'League']",SELECT League_name FROM cluster31_league_join_match WHERE season = '2009/2010' GROUP BY League_name HAVING (CAST(SUM(home_team_goal) AS REAL) / COUNT(DISTINCT Match_id)) - (CAST(SUM(away_team_goal) AS REAL) / COUNT(DISTINCT Match_id)) > 0,SELECT league_name FROM workload_updated_cluster31_Soccer_Leagues_join_Soccer_Matches WHERE season = '2009/2010' GROUP BY league_name HAVING (CAST(SUM(home_team_goal) AS REAL) / COUNT(DISTINCT match_internal_id)) - (CAST(SUM(away_team_goal) AS REAL) / COUNT(DISTINCT match_internal_id)) > 0,"['Soccer_Matches', 'Soccer_Leagues']",SELECT t1.league_name FROM workload_updated_cluster31_Soccer_Leagues_join_Soccer_Matches AS t1 INNER JOIN workload_updated_cluster31_Soccer_Leagues_join_Soccer_Matches AS t2 ON t1.league_id = t2.Soccer_Matches_league_id WHERE t2.season = '2009/2010' GROUP BY t1.league_name HAVING (CAST(SUM(t2.home_team_goal) AS REAL) / COUNT(DISTINCT t2.match_internal_id)) - (CAST(SUM(t2.away_team_goal) AS REAL) / COUNT(DISTINCT t2.match_internal_id)) > 0
1043,european_football_2,What is the short name of the football team Queens Park Rangers?,short name of the football team refers to team_short_name; Queens Park Rangers refers to team_long_name = 'Queens Park Rangers';,SELECT team_short_name FROM Team WHERE team_long_name = 'Queens Park Rangers',simple,['Team'],"SELECT team_short_name FROM Team WHERE team_long_name = ""Queens Park Rangers""",SELECT team_short_name FROM Soccer_Teams WHERE team_long_name = 'Queens Park Rangers',['Soccer_Teams'],SELECT team_short_name FROM Soccer_Teams WHERE team_long_name = 'Queens Park Rangers'
1044,european_football_2,List the football players with a birthyear of 1970 and a birthmonth of October.,"players with a birthyear of 1970 and a birthmonth of October refers to substr(birthday,1,4) AS year, substr(birthday,6,2) AS month WHERE year = '1970' AND month = '10';","SELECT player_name FROM Player WHERE SUBSTR(birthday, 1, 7) = '1970-10'",simple,['Player'],"SELECT player_name FROM Player WHERE SUBSTR(birthday, 1, 7) = ""1970-10""","SELECT player_name FROM Soccer_Players WHERE SUBSTR(birth_date, 1, 7) = '1970-10'",['Soccer_Players'],"SELECT player_name FROM Soccer_Players WHERE SUBSTR(birth_date, 1, 7) = '1970-10'"
1045,european_football_2,What is the attacking work rate of the football playerr Franco Zennaro?,,SELECT DISTINCT t2.attacking_work_rate FROM Player AS t1 INNER JOIN Player_Attributes AS t2 ON t1.player_api_id = t2.player_api_id WHERE t1.player_name = 'Franco Zennaro',simple,"['Player', 'Player_Attributes']",SELECT DISTINCT attacking_work_rate FROM cluster32_player_join_player_attributes WHERE player_name = 'Franco Zennaro',SELECT DISTINCT t2.attacking_work_rate FROM Soccer_Players AS t1 INNER JOIN Soccer_Player_Stats AS t2 ON t1.player_api_id = t2.player_api_id WHERE t1.player_name = 'Franco Zennaro',"['Soccer_Player_Stats', 'Soccer_Players']",SELECT DISTINCT t2.attacking_work_rate FROM workload_updated_cluster32_Soccer_Player_Stats_join_Soccer_Players AS t1 INNER JOIN workload_updated_cluster32_Soccer_Player_Stats_join_Soccer_Players AS t2 ON t1.Soccer_Players_player_api_id = t2.player_api_id WHERE t1.player_name = 'Franco Zennaro'
1049,european_football_2,"How many matches in the 2015/2016 season were held in Scotland Premier League
?",Scotland Premier League refers to League.name = 'Scotland Premier League';,SELECT COUNT(t2.id) FROM League AS t1 INNER JOIN Match AS t2 ON t1.id = t2.league_id WHERE t2.season = '2015/2016' AND t1.name = 'Scotland Premier League',simple,"['Match', 'League']",SELECT COUNT(Match_id) FROM cluster31_league_join_match WHERE season = '2015/2016' AND League_name = 'Scotland Premier League',SELECT COUNT(match_internal_id) FROM workload_updated_cluster31_Soccer_Leagues_join_Soccer_Matches WHERE season = '2015/2016' AND league_name = 'Scotland Premier League',"['Soccer_Matches', 'Soccer_Leagues']",SELECT COUNT(match_internal_id) FROM workload_updated_cluster31_Soccer_Leagues_join_Soccer_Matches WHERE season = '2015/2016' AND league_name = 'Scotland Premier League'
1051,european_football_2,List all the football player with the highest potential score.,potential score refers to potential; highest potential score refers to MAX(potential);,SELECT DISTINCT(t1.player_name) FROM Player AS t1 INNER JOIN Player_Attributes AS t2 ON t1.player_api_id = t2.player_api_id WHERE t2.potential = (SELECT MAX(potential) FROM Player_Attributes) ,simple,"['Player', 'Player_Attributes']",SELECT DISTINCT player_name FROM cluster32_player_join_player_attributes WHERE overall_rating = (SELECT MAX(overall_rating) FROM Player_Attributes),SELECT DISTINCT(t1.player_name) FROM Soccer_Players AS t1 INNER JOIN Soccer_Player_Stats AS t2 ON t1.player_api_id = t2.player_api_id WHERE t2.potential = (SELECT MAX(potential) FROM Soccer_Player_Stats),"['Soccer_Player_Stats', 'Soccer_Players']",SELECT DISTINCT(t1.player_name) FROM workload_updated_cluster32_Soccer_Player_Stats_join_Soccer_Players AS t1 INNER JOIN workload_updated_cluster32_Soccer_Player_Stats_join_Soccer_Players AS t2 ON t1.Soccer_Players_player_api_id = t2.player_api_id WHERE t2.potential = (SELECT MAX(potential) FROM Soccer_Player_Stats)
1054,european_football_2,"What is the defensive work rate of the football player David Wilson
?",,SELECT DISTINCT t2.defensive_work_rate FROM Player AS t1 INNER JOIN Player_Attributes AS t2 ON t1.player_api_id = t2.player_api_id WHERE t1.player_name = 'David Wilson',simple,"['Player', 'Player_Attributes']",SELECT DISTINCT defensive_work_rate FROM cluster32_player_join_player_attributes WHERE player_name = 'David Wilson',SELECT DISTINCT t2.defensive_work_rate FROM Soccer_Players AS t1 INNER JOIN Soccer_Player_Stats AS t2 ON t1.player_api_id = t2.player_api_id WHERE t1.player_name = 'David Wilson',"['Soccer_Player_Stats', 'Soccer_Players']",SELECT DISTINCT t2.defensive_work_rate FROM workload_updated_cluster32_Soccer_Player_Stats_join_Soccer_Players AS t1 INNER JOIN workload_updated_cluster32_Soccer_Player_Stats_join_Soccer_Players AS t2 ON t1.Soccer_Players_player_api_id = t2.player_api_id WHERE t1.player_name = 'David Wilson'
1055,european_football_2,When is the birthday of the football player who has the highest overall rating?,football player who has the highest overall rating refers to MAX(overall_rating);,SELECT t1.birthday FROM Player AS t1 INNER JOIN Player_Attributes AS t2 ON t1.player_api_id = t2.player_api_id ORDER BY t2.overall_rating DESC LIMIT 1,simple,"['Player', 'Player_Attributes']",SELECT t1.birthday FROM Player AS t1 INNER JOIN Player_Attributes AS t2 ON t1.player_api_id = t2.player_api_id ORDER BY t2.overall_rating DESC LIMIT 1,SELECT t1.birth_date FROM Soccer_Players AS t1 INNER JOIN Soccer_Player_Stats AS t2 ON t1.player_api_id = t2.player_api_id ORDER BY t2.overall_rating DESC LIMIT 1,"['Soccer_Player_Stats', 'Soccer_Players']",SELECT t1.birth_date FROM workload_updated_cluster32_Soccer_Player_Stats_join_Soccer_Players AS t1 INNER JOIN workload_updated_cluster32_Soccer_Player_Stats_join_Soccer_Players AS t2 ON t1.Soccer_Players_player_api_id = t2.player_api_id ORDER BY t2.overall_rating DESC LIMIT 1
1056,european_football_2,What is the name of the football league in the country of Netherlands?,name of the football league refers to League.name;,SELECT t2.name FROM Country AS t1 INNER JOIN League AS t2 ON t1.id = t2.country_id WHERE t1.name = 'Netherlands',simple,"['League', 'Country']","SELECT league_name FROM cluster60_country_join_league AS T1 INNER JOIN Country AS T2 ON T1.league_country_id = T2.id WHERE T2.name = ""Netherlands""",SELECT t2.league_name FROM Soccer_Countries AS t1 INNER JOIN Soccer_Leagues AS t2 ON t1.country_id = t2.country_id WHERE t1.country_name = 'Netherlands',"['Soccer_Countries', 'Soccer_Leagues']",SELECT t2.league_name FROM workload_updated_cluster60_Soccer_Countries_join_Soccer_Leagues AS t1 INNER JOIN workload_updated_cluster60_Soccer_Countries_join_Soccer_Leagues AS t2 ON t1.country_id = t2.Soccer_Leagues_country_id WHERE t1.country_name = 'Netherlands'
1057,european_football_2,Calculate the average home team goal in the 2010/2011 season in the country of Poland.,average home team goal = AVG(home_team_goal) WHERE name = 'Poland' and season = '2010/2011';,SELECT CAST(SUM(t2.home_team_goal) AS REAL) / COUNT(t2.id) FROM Country AS t1 INNER JOIN Match AS t2 ON t1.id = t2.country_id WHERE t1.name = 'Poland' AND t2.season = '2010/2011',moderate,"['Match', 'Country']",SELECT CAST(SUM(t2.home_team_goal) AS REAL) / COUNT(t2.id) FROM Country AS t1 INNER JOIN Match AS t2 ON t1.id = t2.country_id WHERE t1.name = 'Poland' AND t2.season = '2010/2011',SELECT CAST(SUM(t2.home_team_goal) AS REAL) / COUNT(t2.match_internal_id) FROM Soccer_Countries AS t1 INNER JOIN Soccer_Matches AS t2 ON t1.country_id = t2.country_id WHERE t1.country_name = 'Poland' AND t2.season = '2010/2011',"['Soccer_Countries', 'Soccer_Matches']",SELECT CAST(SUM(t2.home_team_goal) AS REAL) / COUNT(t2.match_internal_id) FROM Soccer_Countries AS t1 INNER JOIN Soccer_Matches AS t2 ON t1.country_id = t2.country_id WHERE t1.country_name = 'Poland' AND t2.season = '2010/2011'
1058,european_football_2,Who has the highest average finishing rate between the highest and shortest football player?,finishing rate refers to finishing; highest average finishing rate = MAX(AVG(finishing)); highest football player refers to MAX(height); shortest football player refers to MIN(height);,"SELECT A FROM ( SELECT AVG(finishing) result, 'Max' A FROM Player AS T1 INNER JOIN Player_Attributes AS T2 ON T1.player_api_id = T2.player_api_id WHERE T1.height = ( SELECT MAX(height) FROM Player ) UNION SELECT AVG(finishing) result, 'Min' A FROM Player AS T1 INNER JOIN Player_Attributes AS T2 ON T1.player_api_id = T2.player_api_id WHERE T1.height = ( SELECT MIN(height) FROM Player ) ) ORDER BY result DESC LIMIT 1",challenging,"['Player', 'Player_Attributes']","SELECT A FROM ( SELECT AVG(finishing) result, 'Max' A FROM cluster32_player_join_player_attributes WHERE height = ( SELECT MAX(height) FROM Player ) UNION SELECT AVG(finishing) result, 'Min' A FROM cluster32_player_join_player_attributes WHERE height = ( SELECT MIN(height) FROM Player ) ) ORDER BY result DESC LIMIT 1","SELECT A FROM ( SELECT AVG(finishing) result, 'Max' A FROM Soccer_Players AS T1 INNER JOIN Soccer_Player_Stats AS T2 ON T1.player_api_id = T2.player_api_id WHERE T1.height_cm = ( SELECT MAX(height_cm) FROM Soccer_Players ) UNION SELECT AVG(finishing) result, 'Min' A FROM Soccer_Players AS T1 INNER JOIN Soccer_Player_Stats AS T2 ON T1.player_api_id = T2.player_api_id WHERE T1.height_cm = ( SELECT MIN(height_cm) FROM Soccer_Players ) ) ORDER BY result DESC LIMIT 1","['Soccer_Player_Stats', 'Soccer_Players']","SELECT A FROM ( SELECT AVG(finishing) result, 'Max' A FROM workload_updated_cluster32_Soccer_Player_Stats_join_Soccer_Players WHERE height_cm = ( SELECT MAX(height_cm) FROM Soccer_Players ) UNION SELECT AVG(finishing) result, 'Min' A FROM workload_updated_cluster32_Soccer_Player_Stats_join_Soccer_Players WHERE height_cm = ( SELECT MIN(height_cm) FROM Soccer_Players ) ) ORDER BY result DESC LIMIT 1"
1059,european_football_2,Please list player names which are higher than 180.,height>180;,SELECT player_name FROM Player WHERE height > 180,simple,['Player'],SELECT player_name FROM Player WHERE height > 180,SELECT player_name FROM Soccer_Players WHERE height_cm > 180,['Soccer_Players'],SELECT player_name FROM Soccer_Players WHERE height_cm > 180
1060,european_football_2,How many players were born after 1990?,"born after 1990 refers to strftime('%Y', birthday) = '1990';","SELECT COUNT(id) FROM Player WHERE STRFTIME('%Y', birthday) > '1990'",simple,['Player'],"SELECT COUNT(id) FROM Player WHERE STRFTIME(""%Y"", birthday) > ""1990""","SELECT COUNT(internal_id) FROM Soccer_Players WHERE STRFTIME('%Y', birth_date) > '1990'",['Soccer_Players'],"SELECT COUNT(internal_id) FROM Soccer_Players WHERE STRFTIME('%Y', birth_date) > '1990'"
1062,european_football_2,Which players had an overall rating of over 80 from 2008 to 2010? Please list player names.,"overall_rating > 80; from 2008 to 2010 refers to strftime('%Y', date) BETWEEN '2008' AND '2010';","SELECT DISTINCT t1.player_name FROM Player AS t1 INNER JOIN Player_Attributes AS t2 ON t1.player_api_id = t2.player_api_id WHERE t2.overall_rating > 80 AND SUBSTR(t2.`date`, 1, 4) BETWEEN '2008' AND '2010'",moderate,"['Player', 'Player_Attributes']","SELECT DISTINCT player_name FROM cluster32_player_join_player_attributes WHERE overall_rating > 80 AND SUBSTR(date, 1, 4) BETWEEN '2008' AND '2010'","SELECT DISTINCT t1.player_name FROM Soccer_Players AS t1 INNER JOIN Soccer_Player_Stats AS t2 ON t1.player_api_id = t2.player_api_id WHERE t2.overall_rating > 80 AND SUBSTR(t2.record_date, 1, 4) BETWEEN '2008' AND '2010'","['Soccer_Player_Stats', 'Soccer_Players']","SELECT DISTINCT t1.player_name FROM workload_updated_cluster32_Soccer_Player_Stats_join_Soccer_Players AS t1 INNER JOIN workload_updated_cluster32_Soccer_Player_Stats_join_Soccer_Players AS t2 ON t1.Soccer_Players_player_api_id = t2.player_api_id WHERE t2.overall_rating > 80 AND SUBSTR(t2.record_date, 1, 4) BETWEEN '2008' AND '2010'"
1064,european_football_2,List out of players whose preferred foot is left.,preferred_foot = 'left';,"SELECT DISTINCT t1.id, t1.player_name FROM Player AS t1 INNER JOIN Player_Attributes AS t2 ON t1.player_api_id = t2.player_api_id WHERE t2.preferred_foot = 'left'",simple,"['Player', 'Player_Attributes']","SELECT DISTINCT Player_id, player_name FROM cluster32_player_join_player_attributes WHERE preferred_foot = 'left'","SELECT DISTINCT t1.internal_id, t1.player_name FROM Soccer_Players AS t1 INNER JOIN Soccer_Player_Stats AS t2 ON t1.player_api_id = t2.player_api_id WHERE t2.preferred_foot = 'left'","['Soccer_Player_Stats', 'Soccer_Players']","SELECT DISTINCT t1.internal_id, t1.player_name FROM workload_updated_cluster32_Soccer_Player_Stats_join_Soccer_Players AS t1 INNER JOIN workload_updated_cluster32_Soccer_Player_Stats_join_Soccer_Players AS t2 ON t1.Soccer_Players_player_api_id = t2.player_api_id WHERE t2.preferred_foot = 'left'"
1065,european_football_2,Please list all team names which the speed class is fast.,team names refers to team_long_name; speed class refers to buildUpPlaySpeedClass; buildUpPlaySpeedClass = 'Fast';,SELECT DISTINCT t1.team_long_name FROM Team AS t1 INNER JOIN Team_Attributes AS t2 ON t1.team_api_id = t2.team_api_id WHERE t2.buildUpPlaySpeedClass = 'Fast',simple,"['Team_Attributes', 'Team']",SELECT DISTINCT t1.team_long_name FROM Team AS t1 INNER JOIN Team_Attributes AS t2 ON t1.team_api_id = t2.team_api_id WHERE t2.buildUpPlaySpeedClass = 'Fast',SELECT DISTINCT t1.team_long_name FROM Soccer_Teams AS t1 INNER JOIN Soccer_Team_Stats AS t2 ON t1.team_api_id = t2.team_api_id WHERE t2.buildup_speed_class = 'Fast',"['Soccer_Teams', 'Soccer_Team_Stats']",SELECT DISTINCT t1.team_long_name FROM workload_updated_cluster33_Soccer_Team_Stats_join_Soccer_Teams AS t1 INNER JOIN workload_updated_cluster33_Soccer_Team_Stats_join_Soccer_Teams AS t2 ON t1.team_api_id = t2.Soccer_Teams_team_api_id WHERE t2.buildup_speed_class = 'Fast'
1066,european_football_2,What is the passing class of CLB team?,passing class refers to buildUpPlayPassingClass; CLB refers to team_short_name = 'CLB';,SELECT DISTINCT t2.buildUpPlayPassingClass FROM Team AS t1 INNER JOIN Team_Attributes AS t2 ON t1.team_api_id = t2.team_api_id WHERE t1.team_short_name = 'CLB',simple,"['Team_Attributes', 'Team']",SELECT DISTINCT buildUpPlayPassingClass FROM cluster33_team_join_team_attributes WHERE team_short_name = 'CLB',SELECT DISTINCT t2.buildup_passing_class FROM Soccer_Teams AS t1 INNER JOIN Soccer_Team_Stats AS t2 ON t1.team_api_id = t2.team_api_id WHERE t1.team_short_name = 'CLB',"['Soccer_Teams', 'Soccer_Team_Stats']",SELECT DISTINCT t2.buildup_passing_class FROM workload_updated_cluster33_Soccer_Team_Stats_join_Soccer_Teams AS t1 INNER JOIN workload_updated_cluster33_Soccer_Team_Stats_join_Soccer_Teams AS t2 ON t1.team_api_id = t2.Soccer_Teams_team_api_id WHERE t1.team_short_name = 'CLB'
1068,european_football_2,"From 2010 to 2015, what was the average overall rating of players who are higher than 170?","from 2010 to 2015 refers to strftime('%Y', date) BETWEEN '2010' AND '2015'; height > 170;","SELECT CAST(SUM(t2.overall_rating) AS REAL) / COUNT(t2.id) FROM Player AS t1 INNER JOIN Player_Attributes AS t2 ON t1.player_api_id = t2.player_api_id WHERE t1.height > 170 AND SUBSTR(t2.`date`, 1, 4) BETWEEN '2010' AND '2015'",moderate,"['Player', 'Player_Attributes']","SELECT CAST(SUM(overall_rating) AS REAL) / COUNT(Player_Attributes_id) FROM cluster32_player_join_player_attributes WHERE height > 170 AND SUBSTR(date, 1, 4) BETWEEN '2010' AND '2015'","SELECT CAST(SUM(t2.overall_rating) AS REAL) / COUNT(t2.attribute_record_id) FROM Soccer_Players AS t1 INNER JOIN Soccer_Player_Stats AS t2 ON t1.player_api_id = t2.player_api_id WHERE t1.height_cm > 170 AND SUBSTR(t2.record_date, 1, 4) BETWEEN '2010' AND '2015'","['Soccer_Player_Stats', 'Soccer_Players']","SELECT CAST(SUM(overall_rating) AS REAL) / COUNT(attribute_record_id) FROM workload_updated_cluster32_Soccer_Player_Stats_join_Soccer_Players WHERE height_cm > 170 AND SUBSTR(record_date, 1, 4) BETWEEN '2010' AND '2015'"
1069,european_football_2,Which football player has the shortest height?,shortest height refers to MIN(height);,SELECT player_name FROM player ORDER BY height ASC LIMIT 1,simple,['player'],SELECT player_name FROM Player ORDER BY height ASC LIMIT 1,SELECT player_name FROM Soccer_Players ORDER BY height_cm ASC LIMIT 1,['Soccer_Players'],SELECT player_name FROM Soccer_Players ORDER BY height_cm ASC LIMIT 1
1070,european_football_2,Which country is the league Italy Serie A from?,Italy Serie A from refers to League.name = 'Italy Serie A';,SELECT t1.name FROM Country AS t1 INNER JOIN League AS t2 ON t1.id = t2.country_id WHERE t2.name = 'Italy Serie A',simple,"['League', 'Country']",SELECT t1.name FROM Country AS t1 INNER JOIN League AS t2 ON t1.id = t2.country_id WHERE t2.name = 'Italy Serie A',SELECT t1.country_name FROM Soccer_Countries AS t1 INNER JOIN Soccer_Leagues AS t2 ON t1.country_id = t2.country_id WHERE t2.league_name = 'Italy Serie A',"['Soccer_Countries', 'Soccer_Leagues']",SELECT t1.country_name FROM workload_updated_cluster60_Soccer_Countries_join_Soccer_Leagues AS t1 INNER JOIN workload_updated_cluster60_Soccer_Countries_join_Soccer_Leagues AS t2 ON t1.country_id = t2.Soccer_Leagues_country_id WHERE t2.league_name = 'Italy Serie A'
1071,european_football_2,"List the football team that has a build up play speed of 31, build up plan dribbling of 53, and build up play passing of 32. Only indicate the short name of the team.",build up play speed refers to buildUpPlaySpeed; buildUpPlaySpeed = 31; build up play dribbling refers to buildUpPlayDribbling; buildUpPlayDribbling = 53; build up play passing refers to buildUpPlayPassing; buildUpPlayPassing = 32; short name of the team refers to team_short_name;,SELECT DISTINCT t1.team_short_name FROM Team AS t1 INNER JOIN Team_Attributes AS t2 ON t1.team_api_id = t2.team_api_id WHERE t2.buildUpPlaySpeed = 31 AND t2.buildUpPlayDribbling = 53 AND t2.buildUpPlayPassing = 32,challenging,"['Team_Attributes', 'Team']",SELECT DISTINCT team_short_name FROM cluster33_team_join_team_attributes WHERE buildUpPlaySpeed = 31 AND buildUpPlayDribbling = 53 AND buildUpPlayPassing = 32,SELECT DISTINCT t1.team_short_name FROM Soccer_Teams AS t1 INNER JOIN Soccer_Team_Stats AS t2 ON t1.team_api_id = t2.team_api_id WHERE t2.buildup_speed = 31 AND t2.buildup_dribbling = 53 AND t2.buildup_passing = 32,"['Soccer_Teams', 'Soccer_Team_Stats']",SELECT DISTINCT t1.team_short_name FROM workload_updated_cluster33_Soccer_Team_Stats_join_Soccer_Teams AS t1 INNER JOIN workload_updated_cluster33_Soccer_Team_Stats_join_Soccer_Teams AS t2 ON t1.team_api_id = t2.Soccer_Teams_team_api_id WHERE t2.buildup_speed = 31 AND t2.buildup_dribbling = 53 AND t2.buildup_passing = 32
1072,european_football_2,What is the average overall rating of the football player Aaron Doran?,average overall rating = AVG(overall_rating);,SELECT CAST(SUM(t2.overall_rating) AS REAL) / COUNT(t2.id) FROM Player AS t1 INNER JOIN Player_Attributes AS t2 ON t1.player_api_id = t2.player_api_id WHERE t1.player_name = 'Aaron Doran',simple,"['Player', 'Player_Attributes']",SELECT CAST(SUM(overall_rating) AS REAL) / COUNT(Player_Attributes_id) FROM cluster32_player_join_player_attributes WHERE player_name = 'Aaron Doran',SELECT CAST(SUM(t2.overall_rating) AS REAL) / COUNT(t2.attribute_record_id) FROM Soccer_Players AS t1 INNER JOIN Soccer_Player_Stats AS t2 ON t1.player_api_id = t2.player_api_id WHERE t1.player_name = 'Aaron Doran',"['Soccer_Player_Stats', 'Soccer_Players']",SELECT CAST(SUM(t2.overall_rating) AS REAL) / COUNT(t2.attribute_record_id) FROM workload_updated_cluster32_Soccer_Player_Stats_join_Soccer_Players AS t1 INNER JOIN workload_updated_cluster32_Soccer_Player_Stats_join_Soccer_Players AS t2 ON t1.Soccer_Players_player_api_id = t2.player_api_id WHERE t1.player_name = 'Aaron Doran'
1074,european_football_2,List all the short name of the football team that had a home team goal of 10?,short name of the football team refers to team_short_name; home team goal refers to home_team_goal; home_team_goal = 10;,SELECT t1.team_short_name FROM Team AS t1 INNER JOIN Match AS t2 ON t1.team_api_id = t2.home_team_api_id WHERE t2.home_team_goal = 10,simple,"['Match', 'Team']",SELECT team_short_name FROM cluster31_league_join_match AS T31 INNER JOIN Team AS T ON T31.home_team_api_id = T.team_api_id WHERE home_team_goal = 10,SELECT team_short_name FROM workload_updated_cluster31_Soccer_Leagues_join_Soccer_Matches AS T1 INNER JOIN Soccer_Teams AS T2 ON T2.team_api_id = T1.home_team_api_id WHERE T1.home_team_goal = 10,"['Soccer_Matches', 'Soccer_Teams']",SELECT team_short_name FROM workload_updated_cluster31_Soccer_Leagues_join_Soccer_Matches AS T1 INNER JOIN Soccer_Teams AS T2 ON T2.team_api_id = T1.home_team_api_id WHERE T1.home_team_goal = 10
1075,european_football_2,List all the football player with the highest balance score and potential score of 61.,balance score refers to balance; highest balance score refers to MAX(balance); potential score refers to potential; potential = 61;,SELECT t1.player_name FROM Player AS t1 INNER JOIN Player_Attributes AS t2 ON t1.player_api_id = t2.player_api_id WHERE t2.potential = '61' ORDER BY t2.balance DESC LIMIT 1,moderate,"['Player', 'Player_Attributes']",SELECT player_name FROM cluster32_player_join_player_attributes WHERE potential = '61' ORDER BY balance DESC LIMIT 1,SELECT t1.player_name FROM Soccer_Players AS t1 INNER JOIN Soccer_Player_Stats AS t2 ON t1.player_api_id = t2.player_api_id WHERE t2.potential = '61' ORDER BY t2.balance DESC LIMIT 1,"['Soccer_Player_Stats', 'Soccer_Players']",SELECT t1.player_name FROM workload_updated_cluster32_Soccer_Player_Stats_join_Soccer_Players AS t1 INNER JOIN workload_updated_cluster32_Soccer_Player_Stats_join_Soccer_Players AS t2 ON t1.Soccer_Players_player_api_id = t2.player_api_id WHERE t2.potential = '61' ORDER BY t2.balance DESC LIMIT 1
1076,european_football_2,"What is the difference of the average ball control score between Abdou Diallo and Aaron Appindangoye
?","difference of the average ball control = SUBTRACT(AVG(ball_control WHERE player_name = 'Abdou Diallo'), AVG(ball_control WHERE player_name = 'Aaron Appindangoye'));",SELECT CAST(SUM(CASE WHEN t1.player_name = 'Abdou Diallo' THEN t2.ball_control ELSE 0 END) AS REAL) / COUNT(CASE WHEN t1.player_name = 'Abdou Diallo' THEN t2.id ELSE NULL END) - CAST(SUM(CASE WHEN t1.player_name = 'Aaron Appindangoye' THEN t2.ball_control ELSE 0 END) AS REAL) / COUNT(CASE WHEN t1.player_name = 'Aaron Appindangoye' THEN t2.id ELSE NULL END) FROM Player AS t1 INNER JOIN Player_Attributes AS t2 ON t1.player_api_id = t2.player_api_id,challenging,"['Player', 'Player_Attributes']",SELECT CAST(SUM(CASE WHEN player_name = 'Abdou Diallo' THEN ball_control ELSE 0 END) AS REAL) / COUNT(CASE WHEN player_name = 'Abdou Diallo' THEN Player_Attributes_id ELSE NULL END) - CAST(SUM(CASE WHEN player_name = 'Aaron Appindangoye' THEN ball_control ELSE 0 END) AS REAL) / COUNT(CASE WHEN player_name = 'Aaron Appindangoye' THEN Player_Attributes_id ELSE NULL END) FROM cluster32_player_join_player_attributes,SELECT (CAST(SUM(CASE WHEN player_name = 'Abdou Diallo' THEN ball_control ELSE 0 END) AS REAL) / COUNT(CASE WHEN player_name = 'Abdou Diallo' THEN attribute_record_id ELSE NULL END)) - (CAST(SUM(CASE WHEN player_name = 'Aaron Appindangoye' THEN ball_control ELSE 0 END) AS REAL) / COUNT(CASE WHEN player_name = 'Aaron Appindangoye' THEN attribute_record_id ELSE NULL END)) FROM workload_updated_cluster32_Soccer_Player_Stats_join_Soccer_Players,"['Soccer_Player_Stats', 'Soccer_Players']",SELECT CAST(SUM(CASE WHEN t1.player_name = 'Abdou Diallo' THEN t2.ball_control ELSE 0 END) AS REAL) / COUNT(CASE WHEN t1.player_name = 'Abdou Diallo' THEN t2.attribute_record_id ELSE NULL END) - CAST(SUM(CASE WHEN t1.player_name = 'Aaron Appindangoye' THEN t2.ball_control ELSE 0 END) AS REAL) / COUNT(CASE WHEN t1.player_name = 'Aaron Appindangoye' THEN t2.attribute_record_id ELSE NULL END) FROM workload_updated_cluster32_Soccer_Player_Stats_join_Soccer_Players AS t1 INNER JOIN workload_updated_cluster32_Soccer_Player_Stats_join_Soccer_Players AS t2 ON t1.Soccer_Players_player_api_id = t2.player_api_id
1077,european_football_2,What's the long name for the team GEN?,long name for the team refers to team_long_name; team_short_name = 'GEN';,SELECT team_long_name FROM Team WHERE team_short_name = 'GEN',simple,['Team'],"SELECT team_long_name FROM Team WHERE team_short_name = ""GEN""",SELECT team_long_name FROM Soccer_Teams WHERE team_short_name = 'GEN',['Soccer_Teams'],SELECT team_long_name FROM Soccer_Teams WHERE team_short_name = 'GEN'
1081,european_football_2,Which country is the Belgium Jupiler League from?,Belgium Jupiler League refers to League.name = 'Belgium Jupiler League';,SELECT t1.name FROM Country AS t1 INNER JOIN League AS t2 ON t1.id = t2.country_id WHERE t2.name = 'Belgium Jupiler League',simple,"['League', 'Country']",SELECT t1.name FROM Country AS t1 INNER JOIN League AS t2 ON t1.id = t2.country_id WHERE t2.name = 'Belgium Jupiler League',SELECT t1.country_name FROM Soccer_Countries AS t1 INNER JOIN Soccer_Leagues AS t2 ON t1.country_id = t2.country_id WHERE t2.league_name = 'Belgium Jupiler League',"['Soccer_Countries', 'Soccer_Leagues']",SELECT t1.country_name FROM workload_updated_cluster60_Soccer_Countries_join_Soccer_Leagues AS t1 INNER JOIN workload_updated_cluster60_Soccer_Countries_join_Soccer_Leagues AS t2 ON t1.country_id = t2.Soccer_Leagues_country_id WHERE t2.league_name = 'Belgium Jupiler League'
1082,european_football_2,Please list the leagues from Germany.,Germany refers to Country.name = 'Germany';,SELECT t2.name FROM Country AS t1 INNER JOIN League AS t2 ON t1.id = t2.country_id WHERE t1.name = 'Germany',simple,"['League', 'Country']","SELECT league_name FROM cluster60_country_join_league AS T1 INNER JOIN Country AS T2 ON T1.league_country_id = T2.id WHERE T2.name = ""Germany""",SELECT t2.league_name FROM Soccer_Countries AS t1 INNER JOIN Soccer_Leagues AS t2 ON t1.country_id = t2.country_id WHERE t1.country_name = 'Germany',"['Soccer_Countries', 'Soccer_Leagues']",SELECT t2.league_name FROM workload_updated_cluster60_Soccer_Countries_join_Soccer_Leagues AS t1 INNER JOIN workload_updated_cluster60_Soccer_Countries_join_Soccer_Leagues AS t2 ON t1.country_id = t2.Soccer_Leagues_country_id WHERE t1.country_name = 'Germany'
1086,european_football_2,What's the heading accuracy of Ariel Borysiuk?,,SELECT t2.heading_accuracy FROM Player AS t1 INNER JOIN Player_Attributes AS t2 ON t1.player_api_id = t2.player_api_id WHERE t1.player_name = 'Ariel Borysiuk',simple,"['Player', 'Player_Attributes']",SELECT heading_accuracy FROM cluster32_player_join_player_attributes WHERE player_name = 'Ariel Borysiuk',SELECT t2.heading_accuracy FROM Soccer_Players AS t1 INNER JOIN Soccer_Player_Stats AS t2 ON t1.player_api_id = t2.player_api_id WHERE t1.player_name = 'Ariel Borysiuk',"['Soccer_Player_Stats', 'Soccer_Players']",SELECT t2.heading_accuracy FROM workload_updated_cluster32_Soccer_Player_Stats_join_Soccer_Players AS t1 INNER JOIN workload_updated_cluster32_Soccer_Player_Stats_join_Soccer_Players AS t2 ON t1.Soccer_Players_player_api_id = t2.player_api_id WHERE t1.player_name = 'Ariel Borysiuk'
1092,european_football_2,Which league had the most matches in the 2008/2009 season?,league that had the most matches in the 2008/2009 season refers to MAX(league_id WHERE season = '2008/2009');,SELECT t1.name FROM League AS t1 INNER JOIN Match AS t2 ON t1.id = t2.league_id WHERE t2.season = '2008/2009' GROUP BY t1.name ORDER BY COUNT(t2.id) DESC LIMIT 1,simple,"['Match', 'League']",SELECT League_name FROM cluster31_league_join_match WHERE season = '2008/2009' GROUP BY League_name ORDER BY COUNT(Match_id) DESC LIMIT 1,SELECT league_name FROM workload_updated_cluster31_Soccer_Leagues_join_Soccer_Matches WHERE season = '2008/2009' GROUP BY league_name ORDER BY COUNT(match_internal_id) DESC LIMIT 1,"['Soccer_Matches', 'Soccer_Leagues']",SELECT t1.league_name FROM workload_updated_cluster31_Soccer_Leagues_join_Soccer_Matches AS t1 INNER JOIN workload_updated_cluster31_Soccer_Leagues_join_Soccer_Matches AS t2 ON t1.league_id = t2.Soccer_Matches_league_id WHERE t2.season = '2008/2009' GROUP BY t1.league_name ORDER BY COUNT(t2.match_internal_id) DESC LIMIT 1
1095,european_football_2,How much is the average build up play speed of the Heart of Midlothian team?,Heart of Midlothian refers to team_long_name = 'Heart of Midlothian'; average build up play speed refers to  AVG(buildUpPlaySpeed),SELECT CAST(SUM(t2.buildUpPlaySpeed) AS REAL) / COUNT(t2.id) FROM Team AS t1 INNER JOIN Team_Attributes AS t2 ON t1.team_api_id = t2.team_api_id WHERE t1.team_long_name = 'Heart of Midlothian',moderate,"['Team_Attributes', 'Team']",SELECT CAST(SUM(buildUpPlaySpeed) AS REAL) / COUNT(Team_Attributes_id) FROM cluster33_team_join_team_attributes WHERE team_long_name = 'Heart of Midlothian',SELECT CAST(SUM(t2.buildup_speed) AS REAL) / COUNT(t2.team_attr_id) FROM Soccer_Teams AS t1 INNER JOIN Soccer_Team_Stats AS t2 ON t1.team_api_id = t2.team_api_id WHERE t1.team_long_name = 'Heart of Midlothian',"['Soccer_Teams', 'Soccer_Team_Stats']",SELECT CAST(SUM(t2.buildup_speed) AS REAL) / COUNT(t2.team_attr_id) FROM workload_updated_cluster33_Soccer_Team_Stats_join_Soccer_Teams AS t1 INNER JOIN workload_updated_cluster33_Soccer_Team_Stats_join_Soccer_Teams AS t2 ON t1.team_api_id = t2.Soccer_Teams_team_api_id WHERE t1.team_long_name = 'Heart of Midlothian'
1097,european_football_2,What is Aaron Lennox's total crossing score?,Aaron Lennox's refers to T2.player_name = 'Aaron Lennox'; total crossing score refers to SUM(crossing),SELECT SUM(t2.crossing) FROM Player AS t1 INNER JOIN Player_Attributes AS t2 ON t1.player_api_id = t2.player_api_id WHERE t1.player_name = 'Aaron Lennox',simple,"['Player', 'Player_Attributes']",SELECT SUM(crossing) FROM cluster32_player_join_player_attributes WHERE player_name = 'Aaron Lennox',SELECT SUM(t2.crossing) FROM Soccer_Players AS t1 INNER JOIN Soccer_Player_Stats AS t2 ON t1.player_api_id = t2.player_api_id WHERE t1.player_name = 'Aaron Lennox',"['Soccer_Player_Stats', 'Soccer_Players']",SELECT SUM(crossing) FROM workload_updated_cluster32_Soccer_Player_Stats_join_Soccer_Players WHERE player_name = 'Aaron Lennox'
1099,european_football_2,Which foot is preferred by Abdou Diallo?,Abdou Diallo refers to player_name = 'Abdou Diallo'; foot is preferred refers to preferred_foot,SELECT DISTINCT t2.preferred_foot FROM Player AS t1 INNER JOIN Player_Attributes AS t2 ON t1.player_api_id = t2.player_api_id WHERE t1.player_name = 'Abdou Diallo',simple,"['Player', 'Player_Attributes']",SELECT DISTINCT preferred_foot FROM cluster32_player_join_player_attributes WHERE player_name = 'Abdou Diallo',SELECT DISTINCT t2.preferred_foot FROM Soccer_Players AS t1 INNER JOIN Soccer_Player_Stats AS t2 ON t1.player_api_id = t2.player_api_id WHERE t1.player_name = 'Abdou Diallo',"['Soccer_Player_Stats', 'Soccer_Players']",SELECT DISTINCT t2.preferred_foot FROM workload_updated_cluster32_Soccer_Player_Stats_join_Soccer_Players AS t1 INNER JOIN workload_updated_cluster32_Soccer_Player_Stats_join_Soccer_Players AS t2 ON t1.Soccer_Players_player_api_id = t2.player_api_id WHERE t1.player_name = 'Abdou Diallo'
1104,european_football_2,What was the potiential for Francesco Parravicini on 2010/8/30?,Francesco Parravicini refers to player_name = 'Francesco Parravicini'; on 2010/8/30 refers to date = '2010-08-30 00:00:00',"SELECT t2.potential FROM Player AS t1 INNER JOIN Player_Attributes AS t2 ON t1.player_api_id = t2.player_api_id WHERE SUBSTR(t2.`date`, 1, 10) = '2010-08-30' AND t1.player_name = 'Francesco Parravicini'",moderate,"['Player', 'Player_Attributes']","SELECT potential FROM cluster32_player_join_player_attributes WHERE SUBSTR(date, 1, 10) = '2010-08-30' AND player_name = 'Francesco Parravicini'","SELECT t2.potential FROM Soccer_Players AS t1 INNER JOIN Soccer_Player_Stats AS t2 ON t1.player_api_id = t2.player_api_id WHERE SUBSTR(t2.record_date, 1, 10) = '2010-08-30' AND t1.player_name = 'Francesco Parravicini'","['Soccer_Player_Stats', 'Soccer_Players']","SELECT t2.potential FROM workload_updated_cluster32_Soccer_Player_Stats_join_Soccer_Players AS t1 INNER JOIN workload_updated_cluster32_Soccer_Player_Stats_join_Soccer_Players AS t2 ON t1.Soccer_Players_player_api_id = t2.player_api_id WHERE SUBSTR(t2.record_date, 1, 10) = '2010-08-30' AND t1.player_name = 'Francesco Parravicini'"
1106,european_football_2,Tell the defensive work rate for Kevin Berigaud on 2013/2/22.,Kevin Berigaud refers to player_name = 'Kevin Berigaud'; on 2013/2/22 refers to date = '2013-02-22 00:00:00',"SELECT t2.defensive_work_rate FROM Player AS t1 INNER JOIN Player_Attributes AS t2 ON t1.player_fifa_api_id = t2.player_fifa_api_id WHERE SUBSTR(t2.`date`, 1, 10) = '2013-02-22' AND t1.player_name = 'Kevin Berigaud'",moderate,"['Player', 'Player_Attributes']","SELECT defensive_work_rate FROM cluster32_player_join_player_attributes WHERE SUBSTR(date, 1, 10) = '2013-02-22' AND player_name = 'Kevin Berigaud'","SELECT t2.defensive_work_rate FROM Soccer_Players AS t1 INNER JOIN Soccer_Player_Stats AS t2 ON t1.player_fifa_api_id = t2.player_fifa_api_id WHERE SUBSTR(t2.record_date, 1, 10) = '2013-02-22' AND t1.player_name = 'Kevin Berigaud'","['Soccer_Player_Stats', 'Soccer_Players']","SELECT t2.defensive_work_rate FROM workload_updated_cluster32_Soccer_Player_Stats_join_Soccer_Players AS t1 INNER JOIN workload_updated_cluster32_Soccer_Player_Stats_join_Soccer_Players AS t2 ON t1.player_fifa_api_id = t2.Soccer_Players_player_fifa_api_id WHERE SUBSTR(t2.record_date, 1, 10) = '2013-02-22' AND t1.player_name = 'Kevin Berigaud'"
1109,european_football_2,"How was the build up play dribbling class for ""LEI"" on 2015/9/10?","""LEI"" refers to team_short_name = 'LEI'; on 2015/9/10 refers to  date = '2015-09-10 00:00:00'","SELECT t2.buildUpPlayDribblingClass FROM Team AS t1 INNER JOIN Team_Attributes AS t2 ON t1.team_api_id = t2.team_api_id WHERE t1.team_short_name = 'LEI' AND SUBSTR(t2.`date`, 1, 10) = '2015-09-10'",moderate,"['Team_Attributes', 'Team']","SELECT buildUpPlayDribblingClass FROM cluster33_team_join_team_attributes WHERE team_short_name = 'LEI' AND SUBSTR(date, 1, 10) = '2015-09-10'","SELECT t2.buildup_dribbling_class FROM Soccer_Teams AS t1 INNER JOIN Soccer_Team_Stats AS t2 ON t1.team_api_id = t2.team_api_id WHERE t1.team_short_name = 'LEI' AND SUBSTR(t2.record_date, 1, 10) = '2015-09-10'","['Soccer_Teams', 'Soccer_Team_Stats']","SELECT t2.buildup_dribbling_class FROM workload_updated_cluster33_Soccer_Team_Stats_join_Soccer_Teams AS t1 INNER JOIN workload_updated_cluster33_Soccer_Team_Stats_join_Soccer_Teams AS t2 ON t1.team_api_id = t2.Soccer_Teams_team_api_id WHERE t1.team_short_name = 'LEI' AND SUBSTR(t2.record_date, 1, 10) = '2015-09-10'"
1113,european_football_2,"For the team ""Hannover 96"", what was its defence aggression class on 2015/9/10?","""Hannover 96"" refers to team_long_name = 'Hannover 96'; on 2015/9/10 refers to date = '2015-09-10 00:00:00'","SELECT t2.chanceCreationShootingClass FROM Team AS t1 INNER JOIN Team_Attributes AS t2 ON t1.team_api_id = t2.team_api_id WHERE t1.team_long_name = 'Hannover 96' AND SUBSTR(t2.`date`, 1, 10) = '2015-09-10'",moderate,"['Team_Attributes', 'Team']","SELECT chanceCreationShootingClass FROM cluster33_team_join_team_attributes WHERE team_long_name = 'Hannover 96' AND SUBSTR(date, 1, 10) = '2015-09-10'","SELECT t2.chance_shooting_class FROM Soccer_Teams AS t1 INNER JOIN Soccer_Team_Stats AS t2 ON t1.team_api_id = t2.team_api_id WHERE t1.team_long_name = 'Hannover 96' AND SUBSTR(t2.record_date, 1, 10) = '2015-09-10'","['Soccer_Teams', 'Soccer_Team_Stats']","SELECT t2.chance_shooting_class FROM workload_updated_cluster33_Soccer_Team_Stats_join_Soccer_Teams AS t1 INNER JOIN workload_updated_cluster33_Soccer_Team_Stats_join_Soccer_Teams AS t2 ON t1.team_api_id = t2.Soccer_Teams_team_api_id WHERE t1.team_long_name = 'Hannover 96' AND SUBSTR(t2.record_date, 1, 10) = '2015-09-10'"
1115,european_football_2,What percentage is Landon Donovan's overall rating higher than Jordan Bowery on 2013/7/12?,"Landon Donovan's refers to player_name = 'Landon Donovan'; Jordan Bowery refers to player_name = 'Jordan Bowery';  percentage refers to DIVIDE(SUBTRACT(player_name = 'Landon Donovan' overall_rating; player_name = 'Jordan Bowery' overall_rating), player_name = 'Landon Donovan' overall_rating)*100","SELECT (SUM(CASE WHEN t1.player_name = 'Landon Donovan' THEN t2.overall_rating ELSE 0 END) * 1.0 - SUM(CASE WHEN t1.player_name = 'Jordan Bowery' THEN t2.overall_rating ELSE 0 END)) * 100 / SUM(CASE WHEN t1.player_name = 'Landon Donovan' THEN t2.overall_rating ELSE 0 END) LvsJ_percent FROM Player AS t1 INNER JOIN Player_Attributes AS t2 ON t1.player_fifa_api_id = t2.player_fifa_api_id WHERE SUBSTR(t2.`date`, 1, 10) = '2013-07-12'",challenging,"['Player', 'Player_Attributes']","SELECT (SUM(CASE WHEN player_name = 'Landon Donovan' THEN overall_rating ELSE 0 END) * 1.0 - SUM(CASE WHEN player_name = 'Jordan Bowery' THEN overall_rating ELSE 0 END)) * 100 / SUM(CASE WHEN player_name = 'Landon Donovan' THEN overall_rating ELSE 0 END) FROM cluster32_player_join_player_attributes WHERE SUBSTR(date, 1, 10) = '2013-07-12'","SELECT (SUM(CASE WHEN t1.player_name = 'Landon Donovan' THEN t2.overall_rating ELSE 0 END) * 1.0 - SUM(CASE WHEN t1.player_name = 'Jordan Bowery' THEN t2.overall_rating ELSE 0 END)) * 100 / SUM(CASE WHEN t1.player_name = 'Landon Donovan' THEN t2.overall_rating ELSE 0 END) LvsJ_percent FROM Soccer_Players AS t1 INNER JOIN Soccer_Player_Stats AS t2 ON t1.player_fifa_api_id = t2.player_fifa_api_id WHERE SUBSTR(t2.record_date, 1, 10) = '2013-07-12'","['Soccer_Player_Stats', 'Soccer_Players']","SELECT (SUM(CASE WHEN player_name = 'Landon Donovan' THEN overall_rating ELSE 0 END) * 1.0 - SUM(CASE WHEN player_name = 'Jordan Bowery' THEN overall_rating ELSE 0 END)) * 100 / SUM(CASE WHEN player_name = 'Landon Donovan' THEN overall_rating ELSE 0 END) LvsJ_percent FROM workload_updated_cluster32_Soccer_Player_Stats_join_Soccer_Players WHERE SUBSTR(record_date, 1, 10) = '2013-07-12'"
1116,european_football_2,List down 5 tallest players' name.,tallest refers to MAX(height),SELECT player_name FROM Player ORDER BY height DESC LIMIT 5,simple,['Player'],SELECT player_name FROM Player ORDER BY height DESC LIMIT 5,SELECT player_name FROM Soccer_Players ORDER BY height_cm DESC LIMIT 5,['Soccer_Players'],SELECT player_name FROM Soccer_Players ORDER BY height_cm DESC LIMIT 5
1119,european_football_2,How many home team goal have been scored by Aaron Lennon?,Aaron Lennon refers to player_name = 'Aaron Lennon',SELECT SUM(t2.home_team_goal) FROM Player AS t1 INNER JOIN match AS t2 ON t1.player_api_id = t2.away_player_9 WHERE t1.player_name = 'Aaron Lennon',simple,"['Player', 'match']",SELECT SUM(t2.home_team_goal) FROM Player AS t1 INNER JOIN match AS t2 ON t1.player_api_id = t2.away_player_9 WHERE t1.player_name = 'Aaron Lennon',SELECT SUM(home_team_goal) FROM Soccer_Players AS t1 INNER JOIN Soccer_Matches AS t2 ON t1.player_api_id = t2.away_player_9 WHERE t1.player_name = 'Aaron Lennon',"['Soccer_Matches', 'Soccer_Players']",SELECT SUM(t2.home_team_goal) FROM Soccer_Players AS t1 INNER JOIN Soccer_Matches AS t2 ON t1.player_api_id = t2.away_player_9 WHERE t1.player_name = 'Aaron Lennon'
1121,european_football_2,Calculate the total home team goal scored by players whose age are 30 years old and below.,"age are 30 years old and below refers to SUBTRACT(datetime(CURRENT_TIMESTAMP,'localtime'), datetime(birthday) < 31)","SELECT SUM(t2.home_team_goal) FROM Player AS t1 INNER JOIN match AS t2 ON t1.player_api_id = t2.away_player_1 WHERE datetime(CURRENT_TIMESTAMP, 'localtime') - datetime(T1.birthday) < 31",moderate,"['Player', 'match']","SELECT SUM(t2.home_team_goal) FROM Player AS t1 INNER JOIN match AS t2 ON t1.player_api_id = t2.away_player_1 WHERE datetime(CURRENT_TIMESTAMP, 'localtime') - datetime(T1.birthday) < 31","SELECT SUM(t2.home_team_goal) FROM Soccer_Players AS t1 INNER JOIN Soccer_Matches AS t2 ON t1.player_api_id = t2.away_player_1 WHERE datetime(CURRENT_TIMESTAMP, 'localtime') - datetime(T1.birth_date) < 31","['Soccer_Matches', 'Soccer_Players']","SELECT SUM(t2.home_team_goal) FROM Soccer_Players AS t1 INNER JOIN Soccer_Matches AS t2 ON t1.player_api_id = t2.away_player_1 WHERE datetime(CURRENT_TIMESTAMP, 'localtime') - datetime(t1.birth_date) < 31"
1122,european_football_2,State 10 names of the strongest players.,strongest players refers to MAX(overall_rating),SELECT DISTINCT t1.player_name FROM Player AS t1 INNER JOIN Player_Attributes AS t2 ON t1.player_api_id = t2.player_api_id ORDER BY t2.overall_rating DESC LIMIT 10,simple,"['Player', 'Player_Attributes']",SELECT DISTINCT player_name FROM cluster32_player_join_player_attributes ORDER BY overall_rating DESC LIMIT 10,SELECT DISTINCT t1.player_name FROM Soccer_Players AS t1 INNER JOIN Soccer_Player_Stats AS t2 ON t1.player_api_id = t2.player_api_id ORDER BY t2.overall_rating DESC LIMIT 10,"['Soccer_Player_Stats', 'Soccer_Players']",SELECT DISTINCT player_name FROM workload_updated_cluster32_Soccer_Player_Stats_join_Soccer_Players ORDER BY overall_rating DESC LIMIT 10
1123,european_football_2,What is the name of players with the highest potential?,highest potential refers to MAX(potential),SELECT DISTINCT t1.player_name FROM Player AS t1 INNER JOIN Player_Attributes AS t2 ON t1.player_api_id = t2.player_api_id ORDER BY t2.potential DESC LIMIT 1,simple,"['Player', 'Player_Attributes']",SELECT DISTINCT player_name FROM cluster32_player_join_player_attributes ORDER BY potential DESC LIMIT 1,SELECT DISTINCT t1.player_name FROM Soccer_Players AS t1 INNER JOIN Soccer_Player_Stats AS t2 ON t1.player_api_id = t2.player_api_id ORDER BY t2.potential DESC LIMIT 1,"['Soccer_Player_Stats', 'Soccer_Players']",SELECT DISTINCT player_name FROM workload_updated_cluster32_Soccer_Player_Stats_join_Soccer_Players ORDER BY potential DESC LIMIT 1
1126,european_football_2,State the name of players who came from Belgium.,name of players refers to player_name; Belgium is name of country,SELECT t3.player_name FROM Country AS t1 INNER JOIN Match AS t2 ON t1.id = t2.country_id INNER JOIN Player AS t3 ON t2.home_player_1 = t3.player_api_id WHERE t1.name = 'Belgium',simple,"['Match', 'Player', 'Country']",SELECT player_name FROM cluster61_country_join_match_join_player WHERE Country_name = 'Belgium',SELECT player_name FROM workload_updated_cluster61_Soccer_Countries_join_Soccer_Matches_join_Soccer_Players WHERE country_name = 'Belgium',"['Soccer_Countries', 'Soccer_Matches', 'Soccer_Players']",SELECT player_name FROM workload_updated_cluster61_Soccer_Countries_join_Soccer_Matches_join_Soccer_Players WHERE country_name = 'Belgium'
1127,european_football_2,"Locate players with vision scores of 90 and above, state the country of these players.",vision scores of 90 and above refers to vision > 89,SELECT DISTINCT t4.name FROM Player_Attributes AS t1 INNER JOIN Player AS t2 ON t1.player_api_id = t2.player_api_id INNER JOIN Match AS t3 ON t2.player_api_id = t3.home_player_8 INNER JOIN Country AS t4 ON t3.country_id = t4.id WHERE t1.vision > 89,moderate,"['Match', 'Player', 'Player_Attributes', 'Country']",SELECT DISTINCT t4.name FROM Player_Attributes AS t1 INNER JOIN Player AS t2 ON t1.player_api_id = t2.player_api_id INNER JOIN Match AS t3 ON t2.player_api_id = t3.home_player_8 INNER JOIN Country AS t4 ON t3.country_id = t4.id WHERE t1.vision > 89,SELECT DISTINCT t4.country_name FROM Soccer_Player_Stats AS t1 INNER JOIN Soccer_Players AS t2 ON t1.player_api_id = t2.player_api_id INNER JOIN Soccer_Matches AS t3 ON t2.player_api_id = t3.home_player_8 INNER JOIN Soccer_Countries AS t4 ON t3.country_id = t4.country_id WHERE t1.vision > 89,"['Soccer_Countries', 'Soccer_Matches', 'Soccer_Players', 'Soccer_Player_Stats']",SELECT DISTINCT t4.country_name FROM Soccer_Player_Stats AS t1 INNER JOIN Soccer_Players AS t2 ON t1.player_api_id = t2.player_api_id INNER JOIN Soccer_Matches AS t3 ON t2.player_api_id = t3.home_player_8 INNER JOIN Soccer_Countries AS t4 ON t3.country_id = t4.country_id WHERE t1.vision > 89
1128,european_football_2,Which country's players have the heaviest average weights?,heaviest average weights refers to MAX(AVG(weight)),SELECT t1.name FROM Country AS t1 INNER JOIN Match AS t2 ON t1.id = t2.country_id INNER JOIN Player AS t3 ON t2.home_player_1 = t3.player_api_id GROUP BY t1.name ORDER BY AVG(t3.weight) DESC LIMIT 1,simple,"['Match', 'Player', 'Country']",SELECT Country_name FROM cluster61_country_join_match_join_player GROUP BY Country_name ORDER BY AVG(weight) DESC LIMIT 1,SELECT country_name FROM workload_updated_cluster61_Soccer_Countries_join_Soccer_Matches_join_Soccer_Players GROUP BY country_name ORDER BY AVG(weight_lbs) DESC LIMIT 1,"['Soccer_Countries', 'Soccer_Matches', 'Soccer_Players']",SELECT country_name FROM workload_updated_cluster61_Soccer_Countries_join_Soccer_Matches_join_Soccer_Players GROUP BY country_name ORDER BY AVG(weight_lbs) DESC LIMIT 1
1129,european_football_2,List down the long name for slow speed class team.,slow speed class refers to buildUpPlaySpeedClass = 'Slow'; long name refers to team_long_name,SELECT DISTINCT t1.team_long_name FROM Team AS t1 INNER JOIN Team_Attributes AS t2 ON t1.team_api_id = t2.team_api_id WHERE t2.buildUpPlaySpeedClass = 'Slow',simple,"['Team_Attributes', 'Team']",SELECT DISTINCT team_long_name FROM cluster33_team_join_team_attributes WHERE buildUpPlaySpeedClass = 'Slow',SELECT DISTINCT t1.team_long_name FROM Soccer_Teams AS t1 INNER JOIN Soccer_Team_Stats AS t2 ON t1.team_api_id = t2.team_api_id WHERE t2.buildup_speed_class = 'Slow',"['Soccer_Teams', 'Soccer_Team_Stats']",SELECT DISTINCT t1.team_long_name FROM workload_updated_cluster33_Soccer_Team_Stats_join_Soccer_Teams AS t1 INNER JOIN workload_updated_cluster33_Soccer_Team_Stats_join_Soccer_Teams AS t2 ON t1.team_api_id = t2.Soccer_Teams_team_api_id WHERE t2.buildup_speed_class = 'Slow'
1130,european_football_2,What are the short name of team who played safe while creating chance of passing?,played safe while creating chance of passing refers to chanceCreationPassingClass = 'Safe'; short name of team refers to team_short_name,SELECT DISTINCT t1.team_short_name FROM Team AS t1 INNER JOIN Team_Attributes AS t2 ON t1.team_api_id = t2.team_api_id WHERE t2.chanceCreationPassingClass = 'Safe',moderate,"['Team_Attributes', 'Team']",SELECT DISTINCT team_short_name FROM cluster33_team_join_team_attributes WHERE chanceCreationPassingClass = 'Safe',SELECT DISTINCT t1.team_short_name FROM Soccer_Teams AS t1 INNER JOIN Soccer_Team_Stats AS t2 ON t1.team_api_id = t2.team_api_id WHERE t2.chance_passing_class = 'Safe',"['Soccer_Teams', 'Soccer_Team_Stats']",SELECT DISTINCT t1.team_short_name FROM workload_updated_cluster33_Soccer_Team_Stats_join_Soccer_Teams AS t1 INNER JOIN workload_updated_cluster33_Soccer_Team_Stats_join_Soccer_Teams AS t2 ON t1.team_api_id = t2.Soccer_Teams_team_api_id WHERE t2.chance_passing_class = 'Safe'
1132,european_football_2,Please provide the names of top three football players who are over 180 cm tall in alphabetical order.,over 180 cm tall refers to height > 180; name of football player refers to player_name,SELECT player_name FROM Player WHERE height > 180 ORDER BY player_name LIMIT 3,simple,['Player'],SELECT player_name FROM Player WHERE height > 180 ORDER BY player_name LIMIT 3,SELECT player_name FROM Soccer_Players WHERE height_cm > 180 ORDER BY player_name LIMIT 3,['Soccer_Players'],SELECT player_name FROM Soccer_Players WHERE height_cm > 180 ORDER BY player_name LIMIT 3
1134,european_football_2,What is the difference between players 6 and 23's jumping scores?,"difference between players 6 and 23's jumping scores refers to SUBTRACT(jumping AND id = 6,jumping AND id = 23)",SELECT SUM(CASE WHEN t1.id = 6 THEN t1.jumping ELSE 0 END) - SUM(CASE WHEN t1.id = 23 THEN t1.jumping ELSE 0 END) FROM Player_Attributes AS t1,simple,['Player_Attributes'],SELECT SUM(CASE WHEN Player_Attributes_id = 6 THEN jumping ELSE 0 END) - SUM(CASE WHEN Player_Attributes_id = 23 THEN jumping ELSE 0 END) FROM cluster32_player_join_player_attributes,SELECT SUM(CASE WHEN t1.attribute_record_id = 6 THEN t1.jumping ELSE 0 END) - SUM(CASE WHEN t1.attribute_record_id = 23 THEN t1.jumping ELSE 0 END) FROM Soccer_Player_Stats AS t1,['Soccer_Player_Stats'],SELECT SUM(CASE WHEN t1.attribute_record_id = 6 THEN t1.jumping ELSE 0 END) - SUM(CASE WHEN t1.attribute_record_id = 23 THEN t1.jumping ELSE 0 END) FROM Soccer_Player_Stats AS t1
1135,european_football_2,Please provide top three football players' IDs who are among the lowest potential players and prefer to use the right foot when attacking.,lowest potential players refers to MIN(potential); prefer to use the right foot refers to preferred_foot = 'right',SELECT id FROM Player_Attributes WHERE preferred_foot = 'right' ORDER BY potential DESC LIMIT 3,moderate,['Player_Attributes'],SELECT id FROM Player_Attributes WHERE preferred_foot = 'right' ORDER BY potential DESC LIMIT 3,SELECT attribute_record_id FROM Soccer_Player_Stats WHERE preferred_foot = 'right' ORDER BY potential DESC LIMIT 3,['Soccer_Player_Stats'],SELECT attribute_record_id FROM Soccer_Player_Stats WHERE preferred_foot = 'right' ORDER BY potential DESC LIMIT 3
1136,european_football_2,How many players had the highest potential score for crossing that preferred to use their left foots while attacking?,highest potential score for crossing refers to MAX(crossing); preferred to use their left foots refers to preferred_foot = 'left',SELECT COUNT(t1.id) FROM Player_Attributes AS t1 WHERE t1.preferred_foot = 'left' AND t1.crossing = ( SELECT MAX(crossing) FROM Player_Attributes),moderate,['Player_Attributes'],SELECT COUNT(t1.id) FROM Player_Attributes AS t1 WHERE t1.preferred_foot = 'left' AND t1.crossing = ( SELECT MAX(crossing) FROM Player_Attributes),SELECT COUNT(t1.attribute_record_id) FROM Soccer_Player_Stats AS t1 WHERE t1.preferred_foot = 'left' AND t1.crossing = ( SELECT MAX(crossing) FROM Soccer_Player_Stats),['Soccer_Player_Stats'],SELECT COUNT(t1.attribute_record_id) FROM Soccer_Player_Stats AS t1 WHERE t1.preferred_foot = 'left' AND t1.crossing = ( SELECT MAX(crossing) FROM Soccer_Player_Stats)
1137,european_football_2,What percentage of players have a strength and stamina score of more than 80?,strength and stamina score of more than 80 refers to stamina > 80 and strength > 80,SELECT CAST(COUNT(CASE WHEN strength > 80 AND stamina > 80 THEN id ELSE NULL END) AS REAL) * 100 / COUNT(id) FROM Player_Attributes t,simple,['Player_Attributes'],SELECT CAST(COUNT(CASE WHEN strength > 80 AND stamina > 80 THEN Player_Attributes_id ELSE NULL END) AS REAL) * 100 / COUNT(Player_Attributes_id) FROM cluster32_player_join_player_attributes,SELECT CAST(COUNT(CASE WHEN strength > 80 AND stamina > 80 THEN attribute_record_id ELSE NULL END) AS REAL) * 100 / COUNT(attribute_record_id) FROM Soccer_Player_Stats t,['Soccer_Player_Stats'],SELECT CAST(COUNT(CASE WHEN strength > 80 AND stamina > 80 THEN attribute_record_id ELSE NULL END) AS REAL) * 100 / COUNT(attribute_record_id) FROM Soccer_Player_Stats t
1139,european_football_2,"What was the final score for the match on September 24, 2008, in the Belgian Jupiler League between the home team and the away team?","September 24, 2008 refers to date like '2008-09-24%'; final score for home team refers to home_team_goal; final score for away team refers to away_team_goal","SELECT t2.home_team_goal, t2.away_team_goal FROM League AS t1 INNER JOIN Match AS t2 ON t1.id = t2.league_id WHERE t1.name = 'Belgium Jupiler League' AND SUBSTR(t2.`date`, 1, 10) = '2008-09-24'",challenging,"['Match', 'League']","SELECT home_team_goal, away_team_goal FROM cluster31_league_join_match WHERE League_name = 'Belgium Jupiler League' AND SUBSTR(date, 1, 10) = '2008-09-24'","SELECT home_team_goal, away_team_goal FROM workload_updated_cluster31_Soccer_Leagues_join_Soccer_Matches WHERE league_name = 'Belgium Jupiler League' AND SUBSTR(match_date, 1, 10) = '2008-09-24'","['Soccer_Matches', 'Soccer_Leagues']","SELECT home_team_goal, away_team_goal FROM workload_updated_cluster31_Soccer_Leagues_join_Soccer_Matches WHERE league_name = 'Belgium Jupiler League' AND SUBSTR(match_date, 1, 10) = '2008-09-24'"
1142,european_football_2,"In the 2015–2016 season, how many games were played in the Italian Serie A league?",In the 2015–2016 season refers to season = '2015/2016',SELECT COUNT(t2.id) FROM League AS t1 INNER JOIN Match AS t2 ON t1.id = t2.league_id WHERE t1.name = 'Italy Serie A' AND t2.season = '2015/2016',simple,"['Match', 'League']",SELECT COUNT(Match_id) FROM cluster31_league_join_match WHERE League_name = 'Italy Serie A' AND season = '2015/2016',SELECT COUNT(match_internal_id) FROM workload_updated_cluster31_Soccer_Leagues_join_Soccer_Matches WHERE league_name = 'Italy Serie A' AND season = '2015/2016',"['Soccer_Matches', 'Soccer_Leagues']",SELECT COUNT(match_internal_id) FROM workload_updated_cluster31_Soccer_Leagues_join_Soccer_Matches WHERE league_name = 'Italy Serie A' AND season = '2015/2016'
1143,european_football_2,What was the highest score of the home team in the Netherlands Eredivisie league?,highest score of the home team refers to MAX(home_team_goal),SELECT MAX(t2.home_team_goal) FROM League AS t1 INNER JOIN Match AS t2 ON t1.id = t2.league_id WHERE t1.name = 'Netherlands Eredivisie',simple,"['Match', 'League']",SELECT MAX(home_team_goal) FROM cluster31_league_join_match WHERE League_name = 'Netherlands Eredivisie',SELECT MAX(home_team_goal) FROM workload_updated_cluster31_Soccer_Leagues_join_Soccer_Matches WHERE league_name = 'Netherlands Eredivisie',"['Soccer_Matches', 'Soccer_Leagues']",SELECT MAX(home_team_goal) FROM workload_updated_cluster31_Soccer_Leagues_join_Soccer_Matches WHERE league_name = 'Netherlands Eredivisie'
1144,european_football_2,Please state the finishing rate and curve score of the player who has the heaviest weight.,heaviest weight refers to MAX(weight),"SELECT id, finishing, curve FROM Player_Attributes WHERE player_api_id = ( SELECT player_api_id FROM Player ORDER BY weight DESC LIMIT 1 ) LIMIT 1",simple,"['Player', 'Player_Attributes']","SELECT Player_Attributes_id, finishing, curve FROM cluster32_player_join_player_attributes WHERE Player_player_api_id = ( SELECT player_api_id FROM Player ORDER BY weight DESC LIMIT 1 ) LIMIT 1","SELECT attribute_record_id, finishing, curve FROM Soccer_Player_Stats WHERE player_api_id = ( SELECT player_api_id FROM Soccer_Players ORDER BY weight_lbs DESC LIMIT 1 ) LIMIT 1","['Soccer_Players', 'Soccer_Player_Stats']","SELECT attribute_record_id, finishing, curve FROM workload_updated_cluster32_Soccer_Player_Stats_join_Soccer_Players ORDER BY weight_lbs DESC LIMIT 1"
1145,european_football_2,Which league had the most games in the 2015–2016 season?,in the 2015–2016 season season = '2015/2016'; league with most games refers to team_long_name where MAX(COUNT(id)),SELECT t1.name FROM League AS t1 INNER JOIN Match AS t2 ON t1.id = t2.league_id WHERE t2.season = '2015/2016' GROUP BY t1.name ORDER BY COUNT(t2.id) DESC LIMIT 1,simple,"['Match', 'League']",SELECT League_name FROM cluster31_league_join_match WHERE season = '2015/2016' GROUP BY League_name ORDER BY COUNT(Match_id) DESC LIMIT 1,SELECT league_name FROM workload_updated_cluster31_Soccer_Leagues_join_Soccer_Matches WHERE season = '2015/2016' GROUP BY league_name ORDER BY COUNT(match_internal_id) DESC LIMIT 1,"['Soccer_Matches', 'Soccer_Leagues']",SELECT league_name FROM workload_updated_cluster31_Soccer_Leagues_join_Soccer_Matches WHERE season = '2015/2016' GROUP BY league_name ORDER BY COUNT(match_internal_id) DESC LIMIT 1
1146,european_football_2,Please provide the full name of the away team that scored the most goals.,full name refers to team_long_name; away team refers to away_team_api_id; scored the most goals refers to MAX(away_team_goal),SELECT t2.team_long_name FROM Match AS t1 INNER JOIN Team AS t2 ON t1.away_team_api_id = t2.team_api_id ORDER BY t1.away_team_goal DESC LIMIT 1,moderate,"['Match', 'Team']",SELECT team_long_name FROM Match AS T1 INNER JOIN Team AS T2 ON T1.away_team_api_id = T2.team_api_id ORDER BY T1.away_team_goal DESC LIMIT 1,SELECT team_long_name FROM Soccer_Matches AS t1 INNER JOIN Soccer_Teams AS t2 ON t1.away_team_api_id = t2.team_api_id ORDER BY t1.away_team_goal DESC LIMIT 1,"['Soccer_Matches', 'Soccer_Teams']",SELECT team_long_name FROM Soccer_Matches AS T1 INNER JOIN Soccer_Teams AS T2 ON T1.away_team_api_id = T2.team_api_id ORDER BY T1.away_team_goal DESC LIMIT 1
1147,european_football_2,Please name one player whose overall strength is the greatest.,overall strength is the greatest refers to MAX(overall_rating),SELECT DISTINCT t1.player_name FROM Player AS t1 INNER JOIN Player_Attributes AS t2 ON t1.player_api_id = t2.player_api_id WHERE t2.overall_rating = ( SELECT MAX(overall_rating) FROM Player_Attributes),simple,"['Player', 'Player_Attributes']",SELECT DISTINCT player_name FROM cluster32_player_join_player_attributes WHERE overall_rating = ( SELECT MAX(overall_rating) FROM Player_Attributes ),SELECT DISTINCT t1.player_name FROM Soccer_Players AS t1 INNER JOIN Soccer_Player_Stats AS t2 ON t1.player_api_id = t2.player_api_id WHERE t2.overall_rating = ( SELECT MAX(overall_rating) FROM Soccer_Player_Stats),"['Soccer_Player_Stats', 'Soccer_Players']",SELECT DISTINCT player_name FROM workload_updated_cluster32_Soccer_Player_Stats_join_Soccer_Players WHERE overall_rating = (SELECT MAX(overall_rating) FROM Soccer_Player_Stats)
1148,european_football_2,What is the percentage of players that are under 180 cm who have an overall strength of more than 70?,"percentage refers to DIVIDE(COUNT(height < 180 AND overall_rating > 70),COUNT(id)) * 100%",SELECT CAST(COUNT(CASE WHEN t2.overall_rating > 70 THEN t1.id ELSE NULL END) AS REAL) * 100 / COUNT(t1.id) percent FROM Player AS t1 INNER JOIN Player_Attributes AS t2 ON t1.player_api_id = t2.player_api_id WHERE t1.height < 180,moderate,"['Player', 'Player_Attributes']",SELECT CAST(COUNT(CASE WHEN overall_rating > 70 THEN Player_id ELSE NULL END) AS REAL) * 100 / COUNT(Player_id) FROM cluster32_player_join_player_attributes WHERE height < 180,SELECT CAST(COUNT(CASE WHEN t2.overall_rating > 70 THEN t1.internal_id ELSE NULL END) AS REAL) * 100 / COUNT(t1.internal_id) percent FROM Soccer_Players AS t1 INNER JOIN Soccer_Player_Stats AS t2 ON t1.player_api_id = t2.player_api_id WHERE t1.height_cm < 180,"['Soccer_Player_Stats', 'Soccer_Players']",SELECT CAST(COUNT(CASE WHEN overall_rating > 70 THEN 1 ELSE NULL END) AS REAL) * 100 / COUNT(internal_id) FROM workload_updated_cluster32_Soccer_Player_Stats_join_Soccer_Players WHERE height_cm < 180
1151,thrombosis_prediction,"For patient born between Year 1930 to 1940, how many percent of them were inpatient?",patient born between Year 1930 to 1940 refers to year(Birthday) BETWEEN '1930-01-01' AND '1940-12-31'; inpatient refers to Admission = '+',"SELECT CAST(SUM(CASE WHEN Admission = '+' THEN 1 ELSE 0 END) AS REAL) * 100 / COUNT(*) FROM Patient WHERE STRFTIME('%Y', Birthday) BETWEEN '1930' AND '1940'",moderate,['Patient'],"SELECT CAST(SUM(CASE WHEN Admission = '+' THEN 1 ELSE 0 END) AS REAL) * 100 / COUNT(*) FROM Patient WHERE STRFTIME('%Y', Birthday) BETWEEN '1930' AND '1940'","SELECT CAST(SUM(CASE WHEN is_inpatient_flag = '+' THEN 1 ELSE 0 END) AS REAL) * 100 / COUNT(*) FROM Medical_Patients WHERE STRFTIME('%Y', birth_date) BETWEEN '1930' AND '1940'",['Medical_Patients'],"SELECT CAST(SUM(CASE WHEN is_inpatient_flag = '+' THEN 1 ELSE 0 END) AS REAL) * 100 / COUNT(*) FROM Medical_Patients WHERE STRFTIME('%Y', birth_date) BETWEEN '1930' AND '1940'"
1152,thrombosis_prediction,What is the ratio of outpatient to inpatient followed up treatment among all the 'SLE' diagnosed patient?,"'SLE' refers to diagnosis; inpatient refers to Admission = '+'; outpatient refers to Admission = '-'; DIVIDE(COUNT(ID) where Diagnosis = 'SLE' and Admission = '+', COUNT(ID) where Diagnosis = 'SLE' and Admission = '-')",SELECT SUM(CASE WHEN Admission = '+' THEN 1 ELSE 0 END) / SUM(CASE WHEN Admission = '-' THEN 1 ELSE 0 END) FROM Patient WHERE Diagnosis = 'SLE',moderate,['Patient'],SELECT SUM(CASE WHEN Admission = '+' THEN 1 ELSE 0 END) / SUM(CASE WHEN Admission = '-' THEN 1 ELSE 0 END) FROM Patient WHERE Diagnosis = 'SLE',SELECT SUM(CASE WHEN is_inpatient_flag = '+' THEN 1 ELSE 0 END) / SUM(CASE WHEN is_inpatient_flag = '-' THEN 1 ELSE 0 END) FROM Medical_Patients WHERE primary_diagnosis = 'SLE',['Medical_Patients'],SELECT SUM(CASE WHEN is_inpatient_flag = '+' THEN 1 ELSE 0 END) / SUM(CASE WHEN is_inpatient_flag = '-' THEN 1 ELSE 0 END) FROM Medical_Patients WHERE primary_diagnosis = 'SLE'
1153,thrombosis_prediction,What is the disease patient '30609' diagnosed with. List all the date of laboratory tests done for this patient.,'30609' is an ID; disease means diagnosis,"SELECT T1.Diagnosis, T2.Date FROM Patient AS T1 INNER JOIN Laboratory AS T2 ON T1.ID = T2.ID WHERE T1.ID = 30609",simple,"['Laboratory', 'Patient']","SELECT Diagnosis, Date FROM cluster34_laboratory_join_patient WHERE Patient_ID = 30609","SELECT T1.primary_diagnosis, T2.test_date FROM Medical_Patients AS T1 INNER JOIN Medical_Lab_Results AS T2 ON T1.patient_id = T2.patient_id WHERE T1.patient_id = 30609","['Medical_Lab_Results', 'Medical_Patients']","SELECT T1.primary_diagnosis, T2.test_date FROM workload_updated_cluster34_Medical_Lab_Results_join_Medical_Patients AS T1 INNER JOIN workload_updated_cluster34_Medical_Lab_Results_join_Medical_Patients AS T2 ON T1.patient_id = T2.patient_id WHERE T1.patient_id = 30609"
1154,thrombosis_prediction,State the sex and birthday of patient ID '163109'. When was the examination taken and what symptom does the patient had.,When was the examination taken refers to `Examination Date`,"SELECT T1.SEX, T1.Birthday, T2.`Examination Date`, T2.Symptoms FROM Patient AS T1 INNER JOIN Examination AS T2 ON T1.ID = T2.ID WHERE T1.ID = 163109",simple,"['Examination', 'Patient']","SELECT SEX, Birthday, ""Examination Date"", Symptoms FROM cluster35_examination_join_patient WHERE Examination_ID = 163109","SELECT T1.gender, T1.birth_date, T2.exam_date, T2.physical_symptoms FROM Medical_Patients AS T1 INNER JOIN Medical_Exams AS T2 ON T1.patient_id = T2.patient_id WHERE T1.patient_id = 163109","['Medical_Exams', 'Medical_Patients']","SELECT T1.gender, T1.birth_date, T2.exam_date, T2.physical_symptoms FROM workload_updated_cluster35_Medical_Exams_join_Medical_Patients AS T1 INNER JOIN workload_updated_cluster35_Medical_Exams_join_Medical_Patients AS T2 ON T1.patient_id = T2.patient_id WHERE T1.patient_id = 163109"
1158,thrombosis_prediction,List all patients who were born in 1937 whose total cholesterol was beyond the normal range.,who were born in 1937 refers to year(birthday) = '1937'; total cholesterol was beyond the normal range refers to `T-CHO` > = '250',"SELECT DISTINCT T1.ID FROM Patient AS T1 INNER JOIN Laboratory AS T2 ON T1.ID = T2.ID WHERE STRFTIME('%Y', T1.Birthday) = '1937' AND T2.`T-CHO` >= 250",moderate,"['Laboratory', 'Patient']","SELECT DISTINCT Patient_ID FROM cluster34_laboratory_join_patient WHERE STRFTIME('%Y', Birthday) = '1937' AND ""T-CHO"" >= 250","SELECT DISTINCT T1.patient_id FROM Medical_Patients AS T1 INNER JOIN Medical_Lab_Results AS T2 ON T1.patient_id = T2.patient_id WHERE STRFTIME('%Y', T1.birth_date) = '1937' AND T2.total_cholesterol >= 250","['Medical_Lab_Results', 'Medical_Patients']","SELECT DISTINCT T1.patient_id FROM workload_updated_cluster34_Medical_Lab_Results_join_Medical_Patients AS T1 INNER JOIN workload_updated_cluster34_Medical_Lab_Results_join_Medical_Patients AS T2 ON T1.patient_id = T2.patient_id WHERE STRFTIME('%Y', T1.birth_date) = '1937' AND T2.total_cholesterol >= 250"
1162,thrombosis_prediction,How many female patients who came at the hospital in 1997 was immediately followed at the outpatient clinic?,female refers to sex = 'F'; came at the hospital in 1997 refers to year(Description) = '1997'; followed at the outpatient clinic refers to Admission = '-',"SELECT COUNT(*) FROM Patient WHERE STRFTIME('%Y', Description) = '1997' AND SEX = 'F' AND Admission = '-'",moderate,['Patient'],"SELECT COUNT(*) FROM Patient WHERE STRFTIME('%Y', Description) = '1997' AND SEX = 'F' AND Admission = '-'","SELECT COUNT(*) FROM Medical_Patients WHERE STRFTIME('%Y', hospital_entry_date) = '1997' AND gender = 'F' AND is_inpatient_flag = '-'",['Medical_Patients'],"SELECT COUNT(*) FROM Medical_Patients WHERE STRFTIME('%Y', hospital_entry_date) = '1997' AND gender = 'F' AND is_inpatient_flag = '-'"
1163,thrombosis_prediction,What was the age of the youngest patient when they initially arrived at the hospital?,"age refers to SUBTRACT(YEAR(Birthday), YEAR(`First Date`))","SELECT MIN(STRFTIME('%Y', `First Date`) - STRFTIME('%Y', Birthday)) FROM Patient",simple,['Patient'],"SELECT MIN(STRFTIME('%Y', ""First Date"") - STRFTIME('%Y', Birthday)) FROM Patient","SELECT MIN(STRFTIME('%Y', first_visit_date) - STRFTIME('%Y', birth_date)) FROM Medical_Patients",['Medical_Patients'],"SELECT MIN(STRFTIME('%Y', first_visit_date) - STRFTIME('%Y', birth_date)) FROM Medical_Patients"
1166,thrombosis_prediction,What are the symptoms observed by the youngest patient to ever did a medical examination? Identify their diagnosis.,the youngest patient refers to MIN(BIRTHDAY);,"SELECT T2.Symptoms, T1.Diagnosis FROM Patient AS T1 INNER JOIN Examination AS T2 ON T1.ID = T2.ID WHERE T2.Symptoms IS NOT NULL ORDER BY T1.Birthday DESC LIMIT 1",simple,"['Examination', 'Patient']","SELECT Symptoms, Patient_Diagnosis FROM cluster35_examination_join_patient WHERE Symptoms IS NOT NULL ORDER BY Birthday DESC LIMIT 1","SELECT T2.physical_symptoms, T1.primary_diagnosis FROM Medical_Patients AS T1 INNER JOIN Medical_Exams AS T2 ON T1.patient_id = T2.patient_id WHERE T2.physical_symptoms IS NOT NULL ORDER BY T1.birth_date DESC LIMIT 1","['Medical_Exams', 'Medical_Patients']","SELECT T2.physical_symptoms, T1.primary_diagnosis FROM workload_updated_cluster35_Medical_Exams_join_Medical_Patients AS T1 INNER JOIN workload_updated_cluster35_Medical_Exams_join_Medical_Patients AS T2 ON T1.patient_id = T2.patient_id WHERE T2.physical_symptoms IS NOT NULL ORDER BY T1.birth_date DESC LIMIT 1"
1169,thrombosis_prediction,What is the ratio of male to female patients among all those with abnormal uric acid counts?,"male refers to SEX = 'M'; female refers to SEX = 'F'; abnormal uric acid refers to UA < = '8.0' where SEX = 'M', UA < = '6.5' where SEX = 'F'; calculation = DIVIDE(SUM(UA <= '8.0' and SEX = 'M'), SUM(UA <= '6.5 and SEX = 'F'))",SELECT CAST(SUM(CASE WHEN T2.UA <= 8.0 AND T1.SEX = 'M' THEN 1 ELSE 0 END) AS REAL) / SUM(CASE WHEN T2.UA <= 6.5 AND T1.SEX = 'F' THEN 1 ELSE 0 END) FROM Patient AS T1 INNER JOIN Laboratory AS T2 ON T1.ID = T2.ID,challenging,"['Laboratory', 'Patient']",SELECT CAST(SUM(CASE WHEN UA <= 8.0 AND SEX = 'M' THEN 1 ELSE 0 END) AS REAL) / SUM(CASE WHEN UA <= 6.5 AND SEX = 'F' THEN 1 ELSE 0 END) FROM cluster34_laboratory_join_patient,SELECT CAST(SUM(CASE WHEN T2.uric_acid <= 8.0 AND T1.gender = 'M' THEN 1 ELSE 0 END) AS REAL) / SUM(CASE WHEN T2.uric_acid <= 6.5 AND T1.gender = 'F' THEN 1 ELSE 0 END) FROM Medical_Patients AS T1 INNER JOIN Medical_Lab_Results AS T2 ON T1.patient_id = T2.patient_id,"['Medical_Lab_Results', 'Medical_Patients']",SELECT CAST(SUM(CASE WHEN T2.uric_acid <= 8.0 AND T1.gender = 'M' THEN 1 ELSE 0 END) AS REAL) / SUM(CASE WHEN T2.uric_acid <= 6.5 AND T1.gender = 'F' THEN 1 ELSE 0 END) FROM Medical_Patients AS T1 INNER JOIN Medical_Lab_Results AS T2 ON T1.patient_id = T2.patient_id
1171,thrombosis_prediction,How many underage patients were examined during the course of the three-year period from 1990 to 1993?,underage patients refers to year(Birthday) < 18; three-year period from 1990 to 1993 refers to `Examination Date` between '1990-01-01' and '1993-12-31',"SELECT COUNT(T1.ID) FROM Patient AS T1 INNER JOIN Examination AS T2 ON T1.ID = T2.ID WHERE STRFTIME('%Y', T2.`Examination Date`) BETWEEN '1990' AND '1993' AND STRFTIME('%Y', T2.`Examination Date`) - STRFTIME('%Y', T1.Birthday) < '18'",challenging,"['Examination', 'Patient']","SELECT COUNT(T1.ID) FROM Patient AS T1 INNER JOIN Examination AS T2 ON T1.ID = T2.ID WHERE STRFTIME('%Y', T2.`Examination Date`) BETWEEN '1990' AND '1993' AND STRFTIME('%Y', T2.`Examination Date`) - STRFTIME('%Y', T1.Birthday) < '18'","SELECT COUNT(T1.patient_id) FROM Medical_Patients AS T1 INNER JOIN Medical_Exams AS T2 ON T1.patient_id = T2.patient_id WHERE STRFTIME('%Y', T2.exam_date) BETWEEN '1990' AND '1993' AND STRFTIME('%Y', T2.exam_date) - STRFTIME('%Y', T1.birth_date) < '18'","['Medical_Exams', 'Medical_Patients']","SELECT COUNT(T1.patient_id) FROM workload_updated_cluster35_Medical_Exams_join_Medical_Patients AS T1 INNER JOIN workload_updated_cluster35_Medical_Exams_join_Medical_Patients AS T2 ON T1.patient_id = T2.patient_id WHERE STRFTIME('%Y', T2.exam_date) BETWEEN '1990' AND '1993' AND STRFTIME('%Y', T2.exam_date) - STRFTIME('%Y', T1.birth_date) < '18'"
1173,thrombosis_prediction,"What is the most common illness that doctors identified among the patients whose lab work was done between 1/1/1985, and 12/31/1995?",the most common illness refers to MAX(COUNT(Diagnosis)); lab work between 1/1/1985 and 12/31/1995 refers to `Examination Date` between '1985-01-01' and '1995-12-31 ',SELECT T2.Diagnosis FROM Examination AS T1 INNER JOIN Patient AS T2 ON T1.ID = T2.ID WHERE T1.`Examination Date` BETWEEN '1985-01-01' AND '1995-12-31' GROUP BY T2.Diagnosis ORDER BY COUNT(T2.Diagnosis) DESC LIMIT 1,challenging,"['Examination', 'Patient']","SELECT Patient_Diagnosis FROM cluster35_examination_join_patient WHERE ""Examination Date"" BETWEEN '1985-01-01' AND '1995-12-31' GROUP BY Patient_Diagnosis ORDER BY COUNT(Patient_Diagnosis) DESC LIMIT 1",SELECT T2.primary_diagnosis FROM Medical_Exams AS T1 INNER JOIN Medical_Patients AS T2 ON T1.patient_id = T2.patient_id WHERE T1.exam_date BETWEEN '1985-01-01' AND '1995-12-31' GROUP BY T2.primary_diagnosis ORDER BY COUNT(T2.primary_diagnosis) DESC LIMIT 1,"['Medical_Exams', 'Medical_Patients']",SELECT T2.primary_diagnosis FROM workload_updated_cluster35_Medical_Exams_join_Medical_Patients AS T1 INNER JOIN workload_updated_cluster35_Medical_Exams_join_Medical_Patients AS T2 ON T1.patient_id = T2.patient_id WHERE T1.exam_date BETWEEN '1985-01-01' AND '1995-12-31' GROUP BY T2.primary_diagnosis ORDER BY COUNT(T2.primary_diagnosis) DESC LIMIT 1
1175,thrombosis_prediction,"How old was the patient who had the highest hemoglobin count at the time of the examination, and what is the doctor's diagnosis?","How old the patient refers to SUBTRACT(year(`Examination Date`), year(Birthday)); the highest hemoglobin count refers to MAX(HGB)","SELECT STRFTIME('%Y', T2.Date) - STRFTIME('%Y', T1.Birthday), T1.Diagnosis FROM Patient AS T1 INNER JOIN Laboratory AS T2 ON T1.ID = T2.ID ORDER BY T2.HGB DESC LIMIT 1",moderate,"['Laboratory', 'Patient']","SELECT STRFTIME('%Y', Date) - STRFTIME('%Y', Birthday), Diagnosis FROM cluster34_laboratory_join_patient ORDER BY HGB DESC LIMIT 1","SELECT STRFTIME('%Y', T2.test_date) - STRFTIME('%Y', T1.birth_date), T1.primary_diagnosis FROM Medical_Patients AS T1 INNER JOIN Medical_Lab_Results AS T2 ON T1.patient_id = T2.patient_id ORDER BY T2.hemoglobin DESC LIMIT 1","['Medical_Lab_Results', 'Medical_Patients']","SELECT STRFTIME('%Y', T2.test_date) - STRFTIME('%Y', T1.birth_date), T1.primary_diagnosis FROM workload_updated_cluster34_Medical_Lab_Results_join_Medical_Patients AS T1 INNER JOIN workload_updated_cluster34_Medical_Lab_Results_join_Medical_Patients AS T2 ON T1.patient_id = T2.patient_id ORDER BY T2.hemoglobin DESC LIMIT 1"
1180,thrombosis_prediction,Was the patient a man or a women whose ALT glutamic pylvic transaminase status got 9 on 1992-6-12?,man refers to SEX = 'M'; women refers to SEX = 'F'; ALT glutamic pylvic transaminase status got 9 GPT = '9'; 1992/6/12 refers to Date = '1992-06-12',SELECT T1.SEX FROM Patient AS T1 INNER JOIN Laboratory AS T2 ON T1.ID = T2.ID WHERE T2.GPT = 9.0 AND T2.Date = '1992-06-12',moderate,"['Laboratory', 'Patient']",SELECT SEX FROM cluster34_laboratory_join_patient WHERE GPT = 9.0 AND Date = '1992-06-12',SELECT T1.gender FROM Medical_Patients AS T1 INNER JOIN Medical_Lab_Results AS T2 ON T1.patient_id = T2.patient_id WHERE T2.alanine_aminotransferase_gpt = 9.0 AND T2.test_date = '1992-06-12',"['Medical_Lab_Results', 'Medical_Patients']",SELECT T1.gender FROM workload_updated_cluster34_Medical_Lab_Results_join_Medical_Patients AS T1 INNER JOIN workload_updated_cluster34_Medical_Lab_Results_join_Medical_Patients AS T2 ON T1.patient_id = T2.patient_id WHERE T2.alanine_aminotransferase_gpt = 9.0 AND T2.test_date = '1992-06-12'
1182,thrombosis_prediction,"For the patient who first came to the hospital on 1991/6/13 who was diagnosed with SJS, what is the total number of his/her Laboratory tests in 1995?",1991/6/13 refers to `First Date` = '1991-06-13'; 'SJS' refers to Diagnosis; total number of his/her Laboratory tests refers to COUNT(ID); 1995 refers to Date,"SELECT COUNT(*) FROM Laboratory WHERE ID = ( SELECT ID FROM Patient WHERE `First Date` = '1991-06-13' AND Diagnosis = 'SJS' ) AND STRFTIME('%Y', Date) = '1995'",moderate,"['Laboratory', 'Patient']","SELECT COUNT(*) FROM Laboratory WHERE ID = ( SELECT ID FROM Patient WHERE ""First Date"" = '1991-06-13' AND Diagnosis = 'SJS' ) AND STRFTIME('%Y', Date) = '1995'","SELECT COUNT(*) FROM Medical_Lab_Results WHERE patient_id = ( SELECT patient_id FROM Medical_Patients WHERE first_visit_date = '1991-06-13' AND primary_diagnosis = 'SJS' ) AND STRFTIME('%Y', test_date) = '1995'","['Medical_Lab_Results', 'Medical_Patients']","SELECT COUNT(*) FROM Medical_Lab_Results WHERE patient_id = ( SELECT patient_id FROM Medical_Patients WHERE first_visit_date = '1991-06-13' AND primary_diagnosis = 'SJS' ) AND STRFTIME('%Y', test_date) = '1995'"
1183,thrombosis_prediction,"For the patient who was diagnosed SLE on 1997/1/27, what was his/her original diagnose when he/she came to the hospital for the first time?",'SLE' AND original diagnose refers to diagnosis; 1997/1/27 refer to `Examination Date` = '1997-01-27'; first came to the hospital refers to patient.`First Date`,SELECT T1.Diagnosis FROM Patient AS T1 INNER JOIN Examination AS T2 ON T1.ID = T2.ID WHERE T1.ID = ( SELECT ID FROM Examination WHERE `Examination Date` = '1997-01-27' AND Diagnosis = 'SLE' ) AND T2.`Examination Date` = T1.`First Date`,challenging,"['Examination', 'Patient']","SELECT Patient_Diagnosis FROM cluster35_examination_join_patient WHERE Examination_ID = ( SELECT ID FROM Examination WHERE ""Examination Date"" = '1997-01-27' AND Diagnosis = 'SLE' ) AND ""Examination Date"" = ""First Date""",SELECT T1.primary_diagnosis FROM Medical_Patients AS T1 INNER JOIN Medical_Exams AS T2 ON T1.patient_id = T2.patient_id WHERE T1.patient_id = ( SELECT patient_id FROM Medical_Exams WHERE exam_date = '1997-01-27' AND exam_diagnosis = 'SLE' ) AND T2.exam_date = T1.first_visit_date,"['Medical_Exams', 'Medical_Patients']",SELECT T1.primary_diagnosis FROM workload_updated_cluster35_Medical_Exams_join_Medical_Patients AS T1 INNER JOIN workload_updated_cluster35_Medical_Exams_join_Medical_Patients AS T2 ON T1.patient_id = T2.patient_id WHERE T1.patient_id = ( SELECT patient_id FROM Medical_Exams WHERE exam_date = '1997-01-27' AND exam_diagnosis = 'SLE' ) AND T2.exam_date = T1.first_visit_date
1184,thrombosis_prediction,"For the patient whose birthday was 1959/3/1, what symptoms did he/she have during the examination on 1993/9/27?",,SELECT T2.Symptoms FROM Patient AS T1 INNER JOIN Examination AS T2 ON T1.ID = T2.ID WHERE T1.Birthday = '1959-03-01' AND T2.`Examination Date` = '1993-09-27',simple,"['Examination', 'Patient']","SELECT Symptoms FROM cluster35_examination_join_patient WHERE Birthday = '1959-03-01' AND ""Examination Date"" = '1993-09-27'",SELECT T2.physical_symptoms FROM Medical_Patients AS T1 INNER JOIN Medical_Exams AS T2 ON T1.patient_id = T2.patient_id WHERE T1.birth_date = '1959-03-01' AND T2.exam_date = '1993-09-27',"['Medical_Exams', 'Medical_Patients']",SELECT T2.physical_symptoms FROM workload_updated_cluster35_Medical_Exams_join_Medical_Patients AS T1 INNER JOIN workload_updated_cluster35_Medical_Exams_join_Medical_Patients AS T2 ON T1.patient_id = T2.patient_id WHERE T1.birth_date = '1959-03-01' AND T2.exam_date = '1993-09-27'
1186,thrombosis_prediction,Lists all patients by ID who were diagnosed with Behcet's and had their exams between 01/01/197 and 12/31/1997.,'Behcet' refers to diagnosis; exam between 01/01/1997 and 12/31/1997 refers to YEAR(Description) > = '1997-1-1' AND YEAR(Description) < '1998-1-1',SELECT ID FROM Examination WHERE `Examination Date` BETWEEN '1997-01-01' AND '1997-12-31' AND Diagnosis = 'Behcet',moderate,['Examination'],"SELECT ID FROM Examination WHERE ""Examination Date"" BETWEEN '1997-01-01' AND '1997-12-31' AND Diagnosis = 'Behcet'",SELECT patient_id FROM Medical_Exams WHERE exam_date BETWEEN '1997-01-01' AND '1997-12-31' AND exam_diagnosis = 'Behcet',['Medical_Exams'],SELECT patient_id FROM Medical_Exams WHERE exam_date BETWEEN '1997-01-01' AND '1997-12-31' AND exam_diagnosis = 'Behcet'
1187,thrombosis_prediction,How many patients who were examined between 1987/7/6 and 1996/1/31 had a GPT level greater than 30 and an ALB level less than 4? List them by their ID.,examined between 1987/7/6 and 1996/1/31 refers to Date BETWEEN '1987-07-06' AND '1996-01-31'; GPT level greater than 30 refers to GPT > 30; ALB level less than 4 ALB < 4,SELECT DISTINCT ID FROM Laboratory WHERE Date BETWEEN '1987-07-06' AND '1996-01-31' AND GPT > 30 AND ALB < 4,moderate,['Laboratory'],SELECT DISTINCT ID FROM Laboratory WHERE Date BETWEEN '1987-07-06' AND '1996-01-31' AND GPT > 30 AND ALB < 4,SELECT DISTINCT patient_id FROM Medical_Lab_Results WHERE test_date BETWEEN '1987-07-06' AND '1996-01-31' AND alanine_aminotransferase_gpt > 30 AND albumin < 4,['Medical_Lab_Results'],SELECT DISTINCT patient_id FROM Medical_Lab_Results WHERE test_date BETWEEN '1987-07-06' AND '1996-01-31' AND alanine_aminotransferase_gpt > 30 AND albumin < 4
1193,thrombosis_prediction,"Excluding all P only ANA Pattern patients, how many of the remainder are women born between 1980 and 1989?",Excluding all P only ANA Pattern refers to `ANA Pattern`! = 'p'; women refers to SEX = 'F'; born between 1980 and 1989 refers to BIRTHDAY,"SELECT COUNT(DISTINCT T1.ID) FROM Patient AS T1 INNER JOIN Examination AS T2 ON T1.ID = T2.ID WHERE T2.`ANA Pattern` != 'P' AND STRFTIME('%Y', T1.Birthday) BETWEEN '1980' AND '1989' AND T1.SEX = 'F'",moderate,"['Examination', 'Patient']","SELECT COUNT(DISTINCT Patient_ID) FROM cluster35_examination_join_patient WHERE ""ANA Pattern"" != 'P' AND STRFTIME('%Y', Birthday) BETWEEN '1980' AND '1989' AND SEX = 'F'","SELECT COUNT(DISTINCT T1.patient_id) FROM Medical_Patients AS T1 INNER JOIN Medical_Exams AS T2 ON T1.patient_id = T2.patient_id WHERE T2.ana_pattern != 'P' AND STRFTIME('%Y', T1.birth_date) BETWEEN '1980' AND '1989' AND T1.gender = 'F'","['Medical_Exams', 'Medical_Patients']","SELECT COUNT(DISTINCT T1.patient_id) FROM workload_updated_cluster35_Medical_Exams_join_Medical_Patients AS T1 INNER JOIN workload_updated_cluster35_Medical_Exams_join_Medical_Patients AS T2 ON T1.patient_id = T2.patient_id WHERE T2.ana_pattern != 'P' AND STRFTIME('%Y', T1.birth_date) BETWEEN '1980' AND '1989' AND T1.gender = 'F'"
1194,thrombosis_prediction,"What sex is the patient who in a medical examination was diagnosed with PSS and in a laboratory examination had a blood level of C-reactive protein de 2+, createnine 1 and LDH 123?",PSS' refers to diagnosis; blood level of C-reactive protein de 2+refers to CRP > 2; createnine 1 refers to CRE = 1; LDH 123 refers to LDH = 123,SELECT T1.SEX FROM Patient AS T1 INNER JOIN Examination AS T2 ON T1.ID = T2.ID INNER JOIN Laboratory AS T3 ON T3.ID = T2.ID WHERE T2.Diagnosis = 'PSS' AND T3.CRP = '2+' AND T3.CRE = 1.0 AND T3.LDH = 123,challenging,"['Examination', 'Laboratory', 'Patient']",SELECT SEX FROM cluster36_examination_join_laboratory_join_patient WHERE Examination_Diagnosis = 'PSS' AND CRP = '2+' AND CRE = 1.0 AND LDH = 123,SELECT T1.gender FROM Medical_Patients AS T1 INNER JOIN Medical_Exams AS T2 ON T1.patient_id = T2.patient_id INNER JOIN Medical_Lab_Results AS T3 ON T3.patient_id = T2.patient_id WHERE T2.exam_diagnosis = 'PSS' AND T3.c_reactive_protein = '2+' AND T3.creatinine = 1.0 AND T3.lactate_dehydrogenase = 123,"['Medical_Exams', 'Medical_Lab_Results', 'Medical_Patients']",SELECT T1.gender FROM workload_updated_cluster36_Medical_Exams_join_Medical_Lab_Results_join_Medical_Patients AS T1 INNER JOIN workload_updated_cluster36_Medical_Exams_join_Medical_Lab_Results_join_Medical_Patients AS T2 ON T1.patient_id = T2.patient_id INNER JOIN workload_updated_cluster36_Medical_Exams_join_Medical_Lab_Results_join_Medical_Patients AS T3 ON T3.patient_id = T2.patient_id WHERE T2.exam_diagnosis = 'PSS' AND T3.c_reactive_protein = '2+' AND T3.creatinine = 1.0 AND T3.lactate_dehydrogenase = 123
1195,thrombosis_prediction,What is the average blood albumin level for female patients with a PLT greater than 400 who have been diagnosed with SLE?,average blood albumin level refers to AVG(ALB); female refers to SEX = 'F'; PLT greater than 400 refers to PLT > 400; 'SLE' refers to diagnosis,SELECT AVG(T2.ALB) FROM Patient AS T1 INNER JOIN Laboratory AS T2 ON T1.ID = T2.ID WHERE T2.PLT > 400 AND T1.Diagnosis = 'SLE' AND T1.SEX = 'F',moderate,"['Laboratory', 'Patient']",SELECT AVG(ALB) FROM cluster34_laboratory_join_patient WHERE PLT > 400 AND Diagnosis = 'SLE' AND SEX = 'F',SELECT AVG(T2.albumin) FROM Medical_Patients AS T1 INNER JOIN Medical_Lab_Results AS T2 ON T1.patient_id = T2.patient_id WHERE T2.platelet_count > 400 AND T1.primary_diagnosis = 'SLE' AND T1.gender = 'F',"['Medical_Lab_Results', 'Medical_Patients']",SELECT AVG(T2.albumin) FROM Medical_Patients AS T1 INNER JOIN Medical_Lab_Results AS T2 ON T1.patient_id = T2.patient_id WHERE T2.platelet_count > 400 AND T1.primary_diagnosis = 'SLE' AND T1.gender = 'F'
1197,thrombosis_prediction,"When was the medical information on patient number 48473 first documented, and what disease did she have?",medical information first documented refers to Description; disease refers to diagnosis; patient number refers to id,"SELECT `First Date`, Diagnosis FROM Patient WHERE ID = 48473",simple,['Patient'],"SELECT ""First Date"", Diagnosis FROM Patient WHERE ID = 48473","SELECT first_visit_date, primary_diagnosis FROM Medical_Patients WHERE patient_id = 48473",['Medical_Patients'],"SELECT first_visit_date, primary_diagnosis FROM Medical_Patients WHERE patient_id = 48473"
1198,thrombosis_prediction,How many female patients were given an APS diagnosis?,female refers to SEX = 'F'; 'APS' refers to diagnosis,SELECT COUNT(ID) FROM Patient WHERE SEX = 'F' AND Diagnosis = 'APS',simple,['Patient'],SELECT COUNT(ID) FROM Patient WHERE SEX = 'F' AND Diagnosis = 'APS',SELECT COUNT(patient_id) FROM Medical_Patients WHERE gender = 'F' AND primary_diagnosis = 'APS',['Medical_Patients'],SELECT COUNT(patient_id) FROM Medical_Patients WHERE gender = 'F' AND primary_diagnosis = 'APS'
1201,thrombosis_prediction,What percentage of patients who were born in 1980 and were diagnosed with RA are women?,"born in 1980 refers to YEAR(BIRTHDAY) = '1980'; 'RA' refers to diagnosis; women refers to SEX = 'F'; calculation = DIVIDE((SEX = 'F'), COUNT(SEX)) where YEAR(BIRTHDAY) = '1980' AND diagnosis = 'RA' MULTIPLY 100","SELECT CAST(SUM(CASE WHEN SEX = 'F' THEN 1 ELSE 0 END) AS REAL) * 100 / COUNT(ID) FROM Patient WHERE Diagnosis = 'RA' AND STRFTIME('%Y', Birthday) = '1980'",moderate,['Patient'],"SELECT CAST(SUM(CASE WHEN SEX = 'F' THEN 1 ELSE 0 END) AS REAL) * 100 / COUNT(ID) FROM Patient WHERE Diagnosis = 'RA' AND STRFTIME('%Y', Birthday) = '1980'","SELECT CAST(SUM(CASE WHEN gender = 'F' THEN 1 ELSE 0 END) AS REAL) * 100 / COUNT(patient_id) FROM Medical_Patients WHERE primary_diagnosis = 'RA' AND STRFTIME('%Y', birth_date) = '1980'",['Medical_Patients'],"SELECT CAST(SUM(CASE WHEN gender = 'F' THEN 1 ELSE 0 END) AS REAL) * 100 / COUNT(patient_id) FROM Medical_Patients WHERE primary_diagnosis = 'RA' AND STRFTIME('%Y', birth_date) = '1980'"
1202,thrombosis_prediction,How many male patients who underwent testing between 1995 and 1997 and were subsequently diagnosed with BEHCET disease did not stay in the hospital for treatment?,male refers to SEX = 'M'; underwent testing between 1995 and 1997 refers to `Examination Date` between '1995' and '1997'; BEHCET refers to diagnosis; did not stay in the hospital refers to Admission = '-',"SELECT COUNT(T1.ID) FROM Patient AS T1 INNER JOIN Examination AS T2 ON T1.ID = T2.ID WHERE T2.Diagnosis = 'Behcet' AND T1.SEX = 'M' AND STRFTIME('%Y', T2.`Examination Date`) BETWEEN '1995' AND '1997' AND T1.Admission = '-'",challenging,"['Examination', 'Patient']","SELECT COUNT(Patient_ID) FROM cluster35_examination_join_patient WHERE Examination_Diagnosis = 'Behcet' AND SEX = 'M' AND STRFTIME('%Y', ""Examination Date"") BETWEEN '1995' AND '1997' AND Admission = '-'","SELECT COUNT(T1.patient_id) FROM Medical_Patients AS T1 INNER JOIN Medical_Exams AS T2 ON T1.patient_id = T2.patient_id WHERE T2.exam_diagnosis = 'Behcet' AND T1.gender = 'M' AND STRFTIME('%Y', T2.exam_date) BETWEEN '1995' AND '1997' AND T1.is_inpatient_flag = '-'","['Medical_Exams', 'Medical_Patients']","SELECT COUNT(T1.patient_id) FROM workload_updated_cluster35_Medical_Exams_join_Medical_Patients AS T1 INNER JOIN workload_updated_cluster35_Medical_Exams_join_Medical_Patients AS T2 ON T1.patient_id = T2.patient_id WHERE T2.exam_diagnosis = 'Behcet' AND T1.gender = 'M' AND STRFTIME('%Y', T2.exam_date) BETWEEN '1995' AND '1997' AND T1.is_inpatient_flag = '-'"
1207,thrombosis_prediction,"List all patients with their sex and date of birthday, whose AST glutamic oxaloacetic transaminase (GOT) index is within normal range for loboratory examination in 1994.",AST glutamic oxaloacetic transaminase (GOT) index is within normal range refers to GOT < 60; examination in 1994 refers to year(Date) = 1994,"SELECT DISTINCT T1.SEX, T1.Birthday FROM Patient AS T1 INNER JOIN Laboratory AS T2 ON T1.ID = T2.ID WHERE T2.GOT < 60 AND STRFTIME('%Y', T2.Date) = '1994'",moderate,"['Laboratory', 'Patient']","SELECT DISTINCT SEX, Birthday FROM cluster34_laboratory_join_patient WHERE GOT < 60 AND STRFTIME('%Y', Date) = '1994'","SELECT DISTINCT T1.gender, T1.birth_date FROM Medical_Patients AS T1 INNER JOIN Medical_Lab_Results AS T2 ON T1.patient_id = T2.patient_id WHERE T2.aspartate_aminotransferase_got < 60 AND STRFTIME('%Y', T2.test_date) = '1994'","['Medical_Lab_Results', 'Medical_Patients']","SELECT DISTINCT T1.gender, T1.birth_date FROM workload_updated_cluster34_Medical_Lab_Results_join_Medical_Patients AS T1 INNER JOIN workload_updated_cluster34_Medical_Lab_Results_join_Medical_Patients AS T2 ON T1.patient_id = T2.patient_id WHERE T2.aspartate_aminotransferase_got < 60 AND STRFTIME('%Y', T2.test_date) = '1994'"
1208,thrombosis_prediction,Provide IDs for male patients with ALT glutamic pylvic transaminase (GPT) that have history of ALT glutamic pylvic transaminase (GPT) exceed the normal range.,male refers to SEX = 'M'; ALT glutamic pylvic transaminase (GPT) exceed the normal range refers to GPT > = 60,SELECT DISTINCT T1.ID FROM Patient AS T1 INNER JOIN Laboratory AS T2 ON T1.ID = T2.ID WHERE T1.SEX = 'M' AND T2.GPT >= 60,moderate,"['Laboratory', 'Patient']",SELECT DISTINCT Patient_ID FROM cluster34_laboratory_join_patient WHERE SEX = 'M' AND GPT >= 60,SELECT DISTINCT T1.patient_id FROM Medical_Patients AS T1 INNER JOIN Medical_Lab_Results AS T2 ON T1.patient_id = T2.patient_id WHERE T1.gender = 'M' AND T2.alanine_aminotransferase_gpt >= 60,"['Medical_Lab_Results', 'Medical_Patients']",SELECT DISTINCT T1.patient_id FROM workload_updated_cluster34_Medical_Lab_Results_join_Medical_Patients AS T1 INNER JOIN workload_updated_cluster34_Medical_Lab_Results_join_Medical_Patients AS T2 ON T1.patient_id = T2.patient_id WHERE T1.gender = 'M' AND T2.alanine_aminotransferase_gpt >= 60
1209,thrombosis_prediction,Please provide the diagnosis of patients with ALT glutamic pylvic transaminase beyond the normal range by ascending order of their date of birth.,ALT glutamic pylvic transaminase beyond the normal range refers to GPT > 60; ascending order of their date of birth refers to MAX(Birthday),SELECT DISTINCT T1.Diagnosis FROM Patient AS T1 INNER JOIN Laboratory AS T2 ON T1.ID = T2.ID WHERE T2.GPT > 60 ORDER BY T1.Birthday ASC,moderate,"['Laboratory', 'Patient']",SELECT DISTINCT Diagnosis FROM cluster34_laboratory_join_patient WHERE GPT > 60 ORDER BY Birthday ASC,SELECT DISTINCT T1.primary_diagnosis FROM Medical_Patients AS T1 INNER JOIN Medical_Lab_Results AS T2 ON T1.patient_id = T2.patient_id WHERE T2.alanine_aminotransferase_gpt > 60 ORDER BY T1.birth_date ASC,"['Medical_Lab_Results', 'Medical_Patients']",SELECT DISTINCT T1.primary_diagnosis FROM Medical_Patients AS T1 INNER JOIN Medical_Lab_Results AS T2 ON T1.patient_id = T2.patient_id WHERE T2.alanine_aminotransferase_gpt > 60 ORDER BY T1.birth_date ASC
1211,thrombosis_prediction,Provide the ID and age of patient with lactate dehydrogenase (LDH) between 100-300 index above the normal range.,"age refers to SUBTRACT(year(current_timestamp), year(Birthday)); lactate dehydrogenase (LDH) between 100-300 index above the normal range refers to LDH between 600 and 800;","SELECT DISTINCT T1.ID, STRFTIME('%Y', CURRENT_TIMESTAMP) - STRFTIME('%Y', T1.Birthday) FROM Patient AS T1 INNER JOIN Laboratory AS T2 ON T1.ID = T2.ID WHERE T2.LDH > 600 AND T2.LDH < 800",moderate,"['Laboratory', 'Patient']","SELECT DISTINCT Patient_ID, STRFTIME('%Y', 'now') - STRFTIME('%Y', Birthday) FROM cluster34_laboratory_join_patient WHERE LDH > 600 AND LDH < 800","SELECT DISTINCT T1.patient_id, STRFTIME('%Y', CURRENT_TIMESTAMP) - STRFTIME('%Y', T1.birth_date) FROM Medical_Patients AS T1 INNER JOIN Medical_Lab_Results AS T2 ON T1.patient_id = T2.patient_id WHERE T2.lactate_dehydrogenase > 600 AND T2.lactate_dehydrogenase < 800","['Medical_Lab_Results', 'Medical_Patients']","SELECT DISTINCT T1.patient_id, STRFTIME('%Y', CURRENT_TIMESTAMP) - STRFTIME('%Y', T1.birth_date) FROM Medical_Patients AS T1 INNER JOIN Medical_Lab_Results AS T2 ON T1.patient_id = T2.patient_id WHERE T2.lactate_dehydrogenase > 600 AND T2.lactate_dehydrogenase < 800"
1213,thrombosis_prediction,"Name the ID of the patient who is born on the April 1st, 1982. Is his/her alkaliphophatase (ALP) within normal range?",alkaliphophatase (ALP) within normal range refers to ALP < 300,"SELECT T1.ID , CASE WHEN T2.ALP < 300 THEN 'normal' ELSE 'abNormal' END FROM Patient AS T1 INNER JOIN Laboratory AS T2 ON T1.ID = T2.ID WHERE T1.Birthday = '1982-04-01'",moderate,"['Laboratory', 'Patient']","SELECT Patient_ID , CASE WHEN ALP < 300 THEN 'normal' ELSE 'abNormal' END FROM cluster34_laboratory_join_patient WHERE Birthday = '1982-04-01'","SELECT T1.patient_id, CASE WHEN T2.alkaline_phosphatase < 300 THEN 'normal' ELSE 'abNormal' END FROM Medical_Patients AS T1 INNER JOIN Medical_Lab_Results AS T2 ON T1.patient_id = T2.patient_id WHERE T1.birth_date = '1982-04-01'","['Medical_Lab_Results', 'Medical_Patients']","SELECT T1.patient_id, CASE WHEN T2.alkaline_phosphatase < 300 THEN 'normal' ELSE 'abNormal' END FROM Medical_Patients AS T1 INNER JOIN Medical_Lab_Results AS T2 ON T1.patient_id = T2.patient_id WHERE T1.birth_date = '1982-04-01'"
1215,thrombosis_prediction,"For all female patient with total protein (TP) beyond the normal index, what is the deviation of their TP idex from the normal.","female refers to SEX = 'F'; total protein (TP) beyond the normal index refers to TP > 8.5;
deviation of TP index from normal refers to SUBTRACT(TP, 8.5)",SELECT T2.TP - 8.5 FROM Patient AS T1 INNER JOIN Laboratory AS T2 ON T1.ID = T2.ID WHERE T1.SEX = 'F' AND T2.TP > 8.5,moderate,"['Laboratory', 'Patient']",SELECT TP - 8.5 FROM cluster34_laboratory_join_patient WHERE SEX = 'F' AND TP > 8.5,SELECT T2.total_protein - 8.5 FROM Medical_Patients AS T1 INNER JOIN Medical_Lab_Results AS T2 ON T1.patient_id = T2.patient_id WHERE T1.gender = 'F' AND T2.total_protein > 8.5,"['Medical_Lab_Results', 'Medical_Patients']",SELECT T2.total_protein - 8.5 FROM Medical_Patients AS T1 INNER JOIN Medical_Lab_Results AS T2 ON T1.patient_id = T2.patient_id WHERE T1.gender = 'F' AND T2.total_protein > 8.5
1217,thrombosis_prediction,"For all patient born in 1982, state if their albumin is within normal range.",Year(Birthday) = '1982'; albumin is within normal range refers to ALB between 3.5 and 5.5,"SELECT CASE WHEN T2.ALB >= 3.5 AND T2.ALB <= 5.5 THEN 'normal' ELSE 'abnormal' END FROM Patient AS T1 INNER JOIN Laboratory AS T2 ON T1.ID = T2.ID WHERE STRFTIME('%Y', T1.Birthday) = '1982'",moderate,"['Laboratory', 'Patient']","SELECT CASE WHEN ALB >= 3.5 AND ALB <= 5.5 THEN 'normal' ELSE 'abnormal' END FROM cluster34_laboratory_join_patient WHERE STRFTIME('%Y', Birthday) = '1982'","SELECT CASE WHEN T2.albumin >= 3.5 AND T2.albumin <= 5.5 THEN 'normal' ELSE 'abnormal' END FROM Medical_Patients AS T1 INNER JOIN Medical_Lab_Results AS T2 ON T1.patient_id = T2.patient_id WHERE STRFTIME('%Y', T1.birth_date) = '1982'","['Medical_Lab_Results', 'Medical_Patients']","SELECT CASE WHEN T2.albumin >= 3.5 AND T2.albumin <= 5.5 THEN 'normal' ELSE 'abnormal' END FROM Medical_Patients AS T1 INNER JOIN Medical_Lab_Results AS T2 ON T1.patient_id = T2.patient_id WHERE STRFTIME('%Y', T1.birth_date) = '1982'"
1218,thrombosis_prediction,What is the percentage of the female patient whose uric acid (UA) beyond the normal range?,uric acid (UA) beyond the normal range refers to UA > 8.0 and SEX = 'M' or UA > 6.5 and SEX = 'F'; female refers to Sex = 'F',SELECT CAST(SUM(CASE WHEN T2.UA > 6.5 THEN 1 ELSE 0 END) AS REAL) * 100 / COUNT(T1.ID) FROM Patient AS T1 INNER JOIN Laboratory AS T2 ON T1.ID = T2.ID WHERE T1.SEX = 'F',moderate,"['Laboratory', 'Patient']",SELECT CAST(SUM(CASE WHEN UA > 6.5 THEN 1 ELSE 0 END) AS REAL) * 100 / COUNT(Patient_ID) FROM cluster34_laboratory_join_patient WHERE SEX = 'F',SELECT CAST(SUM(CASE WHEN T2.uric_acid > 6.5 THEN 1 ELSE 0 END) AS REAL) * 100 / COUNT(T1.patient_id) FROM Medical_Patients AS T1 INNER JOIN Medical_Lab_Results AS T2 ON T1.patient_id = T2.patient_id WHERE T1.gender = 'F',"['Medical_Lab_Results', 'Medical_Patients']",SELECT CAST(SUM(CASE WHEN T2.uric_acid > 6.5 THEN 1 ELSE 0 END) AS REAL) * 100 / COUNT(T1.patient_id) FROM Medical_Patients AS T1 INNER JOIN Medical_Lab_Results AS T2 ON T1.patient_id = T2.patient_id WHERE T1.gender = 'F'
1220,thrombosis_prediction,"Provide all ID, sex and birthday of patients whose urea nitrogen (UN) just within the borderline of passing?",urea nitrogen (UN) just within the borderline of passing refers to UN = 29,"SELECT DISTINCT T1.ID, T1.SEX, T1.Birthday FROM Patient AS T1 INNER JOIN Laboratory AS T2 ON T1.ID = T2.ID WHERE T2.UN = 29",simple,"['Laboratory', 'Patient']","SELECT DISTINCT Patient_ID, SEX, Birthday FROM cluster34_laboratory_join_patient WHERE UN = 29","SELECT DISTINCT T1.patient_id, T1.gender, T1.birth_date FROM Medical_Patients AS T1 INNER JOIN Medical_Lab_Results AS T2 ON T1.patient_id = T2.patient_id WHERE T2.urea_nitrogen = 29","['Medical_Lab_Results', 'Medical_Patients']","SELECT DISTINCT T1.patient_id, T1.gender, T1.birth_date FROM Medical_Patients AS T1 INNER JOIN Medical_Lab_Results AS T2 ON T1.patient_id = T2.patient_id WHERE T2.urea_nitrogen = 29"
1221,thrombosis_prediction,"Provide the ID, sex, birthday of all patients diagnosed with 'RA' that are within the UN normal index.",within the UN normal index refers to UN < 30; Diagnosis = 'RA',"SELECT DISTINCT T1.ID, T1.SEX, T1.Birthday FROM Patient AS T1 INNER JOIN Laboratory AS T2 ON T1.ID = T2.ID WHERE T2.UN < 30 AND T1.Diagnosis = 'RA'",simple,"['Laboratory', 'Patient']","SELECT DISTINCT Patient_ID, SEX, Birthday FROM cluster34_laboratory_join_patient WHERE UN < 30 AND Diagnosis = 'RA'","SELECT DISTINCT T1.patient_id, T1.gender, T1.birth_date FROM Medical_Patients AS T1 INNER JOIN Medical_Lab_Results AS T2 ON T1.patient_id = T2.patient_id WHERE T2.urea_nitrogen < 30 AND T1.primary_diagnosis = 'RA'","['Medical_Lab_Results', 'Medical_Patients']","SELECT DISTINCT T1.patient_id, T1.gender, T1.birth_date FROM Medical_Patients AS T1 INNER JOIN Medical_Lab_Results AS T2 ON T1.patient_id = T2.patient_id WHERE T2.urea_nitrogen < 30 AND T1.primary_diagnosis = 'RA'"
1224,thrombosis_prediction,"What is the highest total bilirubin level recorded? List out the patient details with ID, sex and birthday with that index.",the highest total bilirubin refers to MAX(T-BIL),"SELECT T2.`T-BIL`, T1.ID, T1.SEX, T1.Birthday FROM Patient AS T1 INNER JOIN Laboratory AS T2 ON T1.ID = T2.ID ORDER BY T2.`T-BIL` DESC LIMIT 1",simple,"['Laboratory', 'Patient']","SELECT ""T-BIL"", Patient_ID, SEX, Birthday FROM cluster34_laboratory_join_patient ORDER BY ""T-BIL"" DESC LIMIT 1","SELECT T2.total_bilirubin, T1.patient_id, T1.gender, T1.birth_date FROM Medical_Patients AS T1 INNER JOIN Medical_Lab_Results AS T2 ON T1.patient_id = T2.patient_id ORDER BY T2.total_bilirubin DESC LIMIT 1","['Medical_Lab_Results', 'Medical_Patients']","SELECT T2.total_bilirubin, T1.patient_id, T1.gender, T1.birth_date FROM Medical_Patients AS T1 INNER JOIN Medical_Lab_Results AS T2 ON T1.patient_id = T2.patient_id ORDER BY T2.total_bilirubin DESC LIMIT 1"
1227,thrombosis_prediction,What is the average age of the male patient with high cholesterol?,"average age = DIVIDE(SUM(SUBTRACT(YEAR(NOW()), YEAR(birthday))), COUNT(ID)); male patient refers to gender = 'M'; high cholesterol refers to `T-CHO` > = 250;","SELECT AVG(STRFTIME('%Y', CURRENT_TIMESTAMP) - STRFTIME('%Y', T1.Birthday)) FROM Patient AS T1 INNER JOIN Laboratory AS T2 ON T1.ID = T2.ID WHERE T2.`T-CHO` >= 250 AND T1.SEX = 'M'",moderate,"['Laboratory', 'Patient']","SELECT AVG(STRFTIME('%Y', CURRENT_TIMESTAMP) - STRFTIME('%Y', Birthday)) FROM cluster34_laboratory_join_patient WHERE ""T-CHO"" >= 250 AND SEX = 'M'","SELECT AVG(STRFTIME('%Y', CURRENT_TIMESTAMP) - STRFTIME('%Y', T1.birth_date)) FROM Medical_Patients AS T1 INNER JOIN Medical_Lab_Results AS T2 ON T1.patient_id = T2.patient_id WHERE T2.total_cholesterol >= 250 AND T1.gender = 'M'","['Medical_Lab_Results', 'Medical_Patients']","SELECT AVG(STRFTIME('%Y', CURRENT_TIMESTAMP) - STRFTIME('%Y', T1.birth_date)) FROM Medical_Patients AS T1 INNER JOIN Medical_Lab_Results AS T2 ON T1.patient_id = T2.patient_id WHERE T2.total_cholesterol >= 250 AND T1.gender = 'M'"
1229,thrombosis_prediction,"For all patients with triglyceride (TG) level beyond the normal range, how many are age more than 50 years?","triglyceride (TG) level beyond the normal range refers to TG > = 200; more than 50 years of age = SUBTRACT(year(current_timestamp), year(Birthday)) > 50;","SELECT COUNT(DISTINCT T1.ID) FROM Patient AS T1 INNER JOIN Laboratory AS T2 ON T1.ID = T2.ID WHERE T2.TG >= 200 AND STRFTIME('%Y', CURRENT_TIMESTAMP) - STRFTIME('%Y', T1.Birthday) > 50",moderate,"['Laboratory', 'Patient']","SELECT COUNT(DISTINCT Patient_ID) FROM cluster34_laboratory_join_patient WHERE TG >= 200 AND STRFTIME('%Y', 'now') - STRFTIME('%Y', Birthday) > 50","SELECT COUNT(DISTINCT T1.patient_id) FROM Medical_Patients AS T1 INNER JOIN Medical_Lab_Results AS T2 ON T1.patient_id = T2.patient_id WHERE T2.triglycerides >= 200 AND STRFTIME('%Y', CURRENT_TIMESTAMP) - STRFTIME('%Y', T1.birth_date) > 50","['Medical_Lab_Results', 'Medical_Patients']","SELECT COUNT(DISTINCT T1.patient_id) FROM Medical_Patients AS T1 INNER JOIN Medical_Lab_Results AS T2 ON T1.patient_id = T2.patient_id WHERE T2.triglycerides >= 200 AND STRFTIME('%Y', CURRENT_TIMESTAMP) - STRFTIME('%Y', T1.birth_date) > 50"
1230,thrombosis_prediction,List all outpatient within normal range of creatinine phosphokinase. Give me the distinct ids.,outpatient refers to Admission = '-'; normal range of creatinine phosphokinase refers to CPK < 250;,SELECT DISTINCT T1.ID FROM Patient AS T1 INNER JOIN Laboratory AS T2 ON T1.ID = T2.ID WHERE T2.CPK < 250 AND T1.Admission = '-',simple,"['Laboratory', 'Patient']",SELECT DISTINCT Patient_ID FROM cluster34_laboratory_join_patient WHERE CPK < 250 AND Admission = '-',SELECT DISTINCT T1.patient_id FROM Medical_Patients AS T1 INNER JOIN Medical_Lab_Results AS T2 ON T1.patient_id = T2.patient_id WHERE T2.creatine_phosphokinase < 250 AND T1.is_inpatient_flag = '-',"['Medical_Lab_Results', 'Medical_Patients']",SELECT DISTINCT T1.patient_id FROM Medical_Patients AS T1 INNER JOIN Medical_Lab_Results AS T2 ON T1.patient_id = T2.patient_id WHERE T2.creatine_phosphokinase < 250 AND T1.is_inpatient_flag = '-'
1233,thrombosis_prediction,List each patient's ID and blood glucose (GLU) index that were within normal range for patient's whose data was first recorded in 1991.,blood glucose (GLU) index that were within normal range refers to GLU < 180; data that was first recorded in 1991 refers to year(Description) > = 1991;,"SELECT DISTINCT T1.ID, T2.GLU FROM Patient AS T1 INNER JOIN Laboratory AS T2 ON T1.ID = T2.ID WHERE STRFTIME('%Y', T1.`First Date`) = '1991' AND T2.GLU < 180",moderate,"['Laboratory', 'Patient']","SELECT DISTINCT Patient_ID, GLU FROM cluster34_laboratory_join_patient WHERE STRFTIME('%Y', ""First Date"") = '1991' AND GLU < 180","SELECT DISTINCT T1.patient_id, T2.blood_glucose FROM Medical_Patients AS T1 INNER JOIN Medical_Lab_Results AS T2 ON T1.patient_id = T2.patient_id WHERE STRFTIME('%Y', T1.first_visit_date) = '1991' AND T2.blood_glucose < 180","['Medical_Lab_Results', 'Medical_Patients']","SELECT DISTINCT T1.patient_id, T2.blood_glucose FROM Medical_Patients AS T1 INNER JOIN Medical_Lab_Results AS T2 ON T1.patient_id = T2.patient_id WHERE STRFTIME('%Y', T1.first_visit_date) = '1991' AND T2.blood_glucose < 180"
1237,thrombosis_prediction,"Among all outpatients, list out those have low hemoglobin level. State the different IDs and their sex.",outpatients refers to Admission = '-'; low hemoglobin level refers to HBG < 10;,"SELECT DISTINCT T1.ID, T1.SEX FROM Patient AS T1 INNER JOIN Laboratory AS T2 ON T1.ID = T2.ID WHERE T2.HGB < 10 AND T1.Admission = '-'",simple,"['Laboratory', 'Patient']","SELECT DISTINCT Patient_ID, SEX FROM cluster34_laboratory_join_patient WHERE HGB < 10 AND Admission = '-'","SELECT DISTINCT T1.patient_id, T1.gender FROM Medical_Patients AS T1 INNER JOIN Medical_Lab_Results AS T2 ON T1.patient_id = T2.patient_id WHERE T2.hemoglobin < 10 AND T1.is_inpatient_flag = '-'","['Medical_Lab_Results', 'Medical_Patients']","SELECT DISTINCT T1.patient_id, T1.gender FROM Medical_Patients AS T1 INNER JOIN Medical_Lab_Results AS T2 ON T1.patient_id = T2.patient_id WHERE T2.hemoglobin < 10 AND T1.is_inpatient_flag = '-'"
1238,thrombosis_prediction,"Among the patients who were diagnosed with SLE, who is the oldest with normal hemoglobin level. Provide the ID and sex.",diagnosed with SLE refers to Diagnosis = 'SLE'; oldest refers to MIN(Birthday); normal hemoglobin level refers to 10 < HGB < 17;,"SELECT T1.ID, T1.SEX FROM Patient AS T1 INNER JOIN Laboratory AS T2 ON T1.ID = T2.ID WHERE T1.Diagnosis = 'SLE' AND T2.HGB > 10 AND T2.HGB < 17 ORDER BY T1.Birthday ASC LIMIT 1",moderate,"['Laboratory', 'Patient']","SELECT Patient_ID, SEX FROM cluster34_laboratory_join_patient WHERE Diagnosis = 'SLE' AND HGB > 10 AND HGB < 17 ORDER BY Birthday ASC LIMIT 1","SELECT T1.patient_id, T1.gender FROM Medical_Patients AS T1 INNER JOIN Medical_Lab_Results AS T2 ON T1.patient_id = T2.patient_id WHERE T1.primary_diagnosis = 'SLE' AND T2.hemoglobin > 10 AND T2.hemoglobin < 17 ORDER BY T1.birth_date ASC LIMIT 1","['Medical_Lab_Results', 'Medical_Patients']","SELECT T1.patient_id, T1.gender FROM Medical_Patients AS T1 INNER JOIN Medical_Lab_Results AS T2 ON T1.patient_id = T2.patient_id WHERE T1.primary_diagnosis = 'SLE' AND T2.hemoglobin > 10 AND T2.hemoglobin < 17 ORDER BY T1.birth_date ASC LIMIT 1"
1240,thrombosis_prediction,"From laboratory examinations in 1991, what is the average hematoclit level that is lower than the normal range.",laboratory examinations in 1991 refers to Date like '1991%'; average hematoclit level = AVG(HCT); hematoclit level that is lower than the normal range refers to HCT < 29;,"SELECT AVG(T2.HCT) FROM Patient AS T1 INNER JOIN Laboratory AS T2 ON T1.ID = T2.ID WHERE T2.HCT < 29 AND STRFTIME('%Y', T2.Date) = '1991'",moderate,"['Laboratory', 'Patient']","SELECT AVG(HCT) FROM cluster34_laboratory_join_patient WHERE HCT < 29 AND STRFTIME('%Y', Date) = '1991'","SELECT AVG(T2.hematocrit) FROM Medical_Patients AS T1 INNER JOIN Medical_Lab_Results AS T2 ON T1.patient_id = T2.patient_id WHERE T2.hematocrit < 29 AND STRFTIME('%Y', T2.test_date) = '1991'","['Medical_Lab_Results', 'Medical_Patients']","SELECT AVG(T2.hematocrit) FROM Medical_Patients AS T1 INNER JOIN Medical_Lab_Results AS T2 ON T1.patient_id = T2.patient_id WHERE T2.hematocrit < 29 AND STRFTIME('%Y', T2.test_date) = '1991'"
1241,thrombosis_prediction,"For patients with abnormal platelet level, state the number of patients with lower than normal range. How is it compare to the number of patients with higher than normal range?","abnormal platelet level refers to PLT < 100; platelet level lower than normal range refers to PLT < 100; how much = SUBTRACT(SUM(PLT < 100), SUM(PLT > 400)); platelet level higher than normal range refers to PLT > 400;",SELECT SUM(CASE WHEN T2.PLT < 100 THEN 1 ELSE 0 END) - SUM(CASE WHEN T2.PLT > 400 THEN 1 ELSE 0 END) FROM Patient AS T1 INNER JOIN Laboratory AS T2 ON T1.ID = T2.ID,challenging,"['Laboratory', 'Patient']",SELECT SUM(CASE WHEN PLT < 100 THEN 1 ELSE 0 END) - SUM(CASE WHEN PLT > 400 THEN 1 ELSE 0 END) FROM cluster34_laboratory_join_patient,SELECT SUM(CASE WHEN T2.platelet_count < 100 THEN 1 ELSE 0 END) - SUM(CASE WHEN T2.platelet_count > 400 THEN 1 ELSE 0 END) FROM Medical_Patients AS T1 INNER JOIN Medical_Lab_Results AS T2 ON T1.patient_id = T2.patient_id,"['Medical_Lab_Results', 'Medical_Patients']",SELECT SUM(CASE WHEN T2.platelet_count < 100 THEN 1 ELSE 0 END) - SUM(CASE WHEN T2.platelet_count > 400 THEN 1 ELSE 0 END) FROM Medical_Patients AS T1 INNER JOIN Medical_Lab_Results AS T2 ON T1.patient_id = T2.patient_id
1242,thrombosis_prediction,"For laboratory examinations take in 1984, list all patients below 50 years old with normal platelet level.","laboratory examinations take in 1984 refers to Date like '1984%'; below 50 years old = SUBTRACT(year(current_timestamp), year(Birthday)) < 50; normal platelet level refers to PLT between 100 and 400;","SELECT DISTINCT T1.ID FROM Patient AS T1 INNER JOIN Laboratory AS T2 ON T1.ID = T2.ID WHERE T2.PLT BETWEEN 100 AND 400 AND STRFTIME('%Y', T2.Date) - STRFTIME('%Y', T1.Birthday) < 50 AND STRFTIME('%Y', T2.Date) = '1984'",challenging,"['Laboratory', 'Patient']","SELECT DISTINCT Patient_ID FROM cluster34_laboratory_join_patient WHERE PLT BETWEEN 100 AND 400 AND STRFTIME('%Y', Date) - STRFTIME('%Y', Birthday) < 50 AND STRFTIME('%Y', Date) = '1984'","SELECT DISTINCT T1.patient_id FROM Medical_Patients AS T1 INNER JOIN Medical_Lab_Results AS T2 ON T1.patient_id = T2.patient_id WHERE T2.platelet_count BETWEEN 100 AND 400 AND STRFTIME('%Y', T2.test_date) - STRFTIME('%Y', T1.birth_date) < 50 AND STRFTIME('%Y', T2.test_date) = '1984'","['Medical_Lab_Results', 'Medical_Patients']","SELECT DISTINCT T1.patient_id FROM Medical_Patients AS T1 INNER JOIN Medical_Lab_Results AS T2 ON T1.patient_id = T2.patient_id WHERE T2.platelet_count BETWEEN 100 AND 400 AND STRFTIME('%Y', T2.test_date) - STRFTIME('%Y', T1.birth_date) < 50 AND STRFTIME('%Y', T2.test_date) = '1984'"
1247,thrombosis_prediction,"Among the male patients who have a normal level of white blood cells, how many of them have an abnormal fibrinogen level?",male patients refers to Sex = 'M'; normal level of white blood cells refers to WBC between 3.5 and 9.0; abnormal fibrinogen level refers to FG < = 150 or FG > = 450; Don't compute repetitive ones.,SELECT COUNT(DISTINCT T1.ID) FROM Patient AS T1 INNER JOIN Laboratory AS T2 ON T1.ID = T2.ID WHERE T2.FG <= 150 OR T2.FG >= 450 AND T2.WBC > 3.5 AND T2.WBC < 9.0 AND T1.SEX = 'M',challenging,"['Laboratory', 'Patient']",SELECT COUNT(DISTINCT T1.ID) FROM Patient AS T1 INNER JOIN Laboratory AS T2 ON T1.ID = T2.ID WHERE T2.FG <= 150 OR T2.FG >= 450 AND T2.WBC > 3.5 AND T2.WBC < 9.0 AND T1.SEX = 'M',SELECT COUNT(DISTINCT T1.patient_id) FROM Medical_Patients AS T1 INNER JOIN Medical_Lab_Results AS T2 ON T1.patient_id = T2.patient_id WHERE T2.fibrinogen <= 150 OR T2.fibrinogen >= 450 AND T2.white_blood_cell > 3.5 AND T2.white_blood_cell < 9.0 AND T1.gender = 'M',"['Medical_Lab_Results', 'Medical_Patients']",SELECT COUNT(DISTINCT T1.patient_id) FROM Medical_Patients AS T1 INNER JOIN Medical_Lab_Results AS T2 ON T1.patient_id = T2.patient_id WHERE T2.fibrinogen <= 150 OR T2.fibrinogen >= 450 AND T2.white_blood_cell > 3.5 AND T2.white_blood_cell < 9.0 AND T1.gender = 'M'
1248,thrombosis_prediction,How many patients born after 1980/1/1 have an abnormal fibrinogen level?,born after 1980/1/1 refers to Birthday > '1980-01-01'; normal fibrinogen level refers to FG between 150 and 450; Should return the number of distinct patients.,SELECT COUNT(DISTINCT T1.ID) FROM Patient AS T1 INNER JOIN Laboratory AS T2 ON T1.ID = T2.ID WHERE T2.FG <= 150 OR T2.FG >= 450 AND T1.Birthday > '1980-01-01',moderate,"['Laboratory', 'Patient']",SELECT COUNT(DISTINCT T1.ID) FROM Patient AS T1 INNER JOIN Laboratory AS T2 ON T1.ID = T2.ID WHERE T2.FG <= 150 OR T2.FG >= 450 AND T1.Birthday > '1980-01-01',SELECT COUNT(DISTINCT T1.patient_id) FROM Medical_Patients AS T1 INNER JOIN Medical_Lab_Results AS T2 ON T1.patient_id = T2.patient_id WHERE T2.fibrinogen <= 150 OR T2.fibrinogen >= 450 AND T1.birth_date > '1980-01-01',"['Medical_Lab_Results', 'Medical_Patients']",SELECT COUNT(DISTINCT T1.patient_id) FROM Medical_Patients AS T1 INNER JOIN Medical_Lab_Results AS T2 ON T1.patient_id = T2.patient_id WHERE T2.fibrinogen <= 150 OR T2.fibrinogen >= 450 AND T1.birth_date > '1980-01-01'
1250,thrombosis_prediction,Which patient has a normal proteinuria level and is diagnosed with SLE? Please give his or her patient ID.,normal proteinuria level refers to 0 < `U-PRO` < 30; diagnosed with SLE refers to Diagnosis = 'SLE';,SELECT DISTINCT T1.ID FROM Patient AS T1 INNER JOIN Laboratory AS T2 ON T1.ID = T2.ID WHERE T2.`U-PRO` > 0 AND T2.`U-PRO` < 30 AND T1.Diagnosis = 'SLE',moderate,"['Laboratory', 'Patient']","SELECT DISTINCT Patient_ID FROM cluster34_laboratory_join_patient WHERE ""U-PRO"" > 0 AND ""U-PRO"" < 30 AND Diagnosis = 'SLE'",SELECT DISTINCT T1.patient_id FROM Medical_Patients AS T1 INNER JOIN Medical_Lab_Results AS T2 ON T1.patient_id = T2.patient_id WHERE T2.urine_protein > 0 AND T2.urine_protein < 30 AND T1.primary_diagnosis = 'SLE',"['Medical_Lab_Results', 'Medical_Patients']",SELECT DISTINCT T1.patient_id FROM Medical_Patients AS T1 INNER JOIN Medical_Lab_Results AS T2 ON T1.patient_id = T2.patient_id WHERE T2.urine_protein > 0 AND T2.urine_protein < 30 AND T1.primary_diagnosis = 'SLE'
1252,thrombosis_prediction,"Among the patients with a normal Ig G level, how many of them have symptoms?",normal Ig G level refers to IGG BETWEEN 900 AND 2000; have symptoms refers to Symptoms IS NOT NULL;,SELECT COUNT(T1.ID) FROM Patient AS T1 INNER JOIN Laboratory AS T2 ON T1.ID = T2.ID INNER JOIN Examination AS T3 ON T3.ID = T2.ID WHERE T2.IGG BETWEEN 900 AND 2000 AND T3.Symptoms IS NOT NULL,moderate,"['Laboratory', 'Examination', 'Patient']",SELECT COUNT(Patient_ID) FROM cluster36_examination_join_laboratory_join_patient WHERE IGG BETWEEN 900 AND 2000 AND Symptoms IS NOT NULL,SELECT COUNT(T1.patient_id) FROM Medical_Patients AS T1 INNER JOIN Medical_Lab_Results AS T2 ON T1.patient_id = T2.patient_id INNER JOIN Medical_Exams AS T3 ON T3.patient_id = T2.patient_id WHERE T2.immunoglobulin_g BETWEEN 900 AND 2000 AND T3.physical_symptoms IS NOT NULL,"['Medical_Exams', 'Medical_Lab_Results', 'Medical_Patients']",SELECT COUNT(T1.patient_id) FROM Medical_Patients AS T1 INNER JOIN Medical_Lab_Results AS T2 ON T1.patient_id = T2.patient_id INNER JOIN Medical_Exams AS T3 ON T3.patient_id = T2.patient_id WHERE T2.immunoglobulin_g BETWEEN 900 AND 2000 AND T3.physical_symptoms IS NOT NULL
1254,thrombosis_prediction,How many patients with a normal Ig A level came to the hospital after 1990/1/1?,normal Ig A level refers to IGA BETWEEN 80 AND 500; came to the hospital after 1990/1/1 refers to YEAR(`First Date`) > = 1990;,SELECT COUNT(T1.ID) FROM Patient AS T1 INNER JOIN Laboratory AS T2 ON T1.ID = T2.ID WHERE T2.IGA BETWEEN 80 AND 500 AND T1.`First Date` > '1990-01-01',moderate,"['Laboratory', 'Patient']","SELECT COUNT(Patient_ID) FROM cluster34_laboratory_join_patient WHERE IGA BETWEEN 80 AND 500 AND ""First Date"" > '1990-01-01'",SELECT COUNT(T1.patient_id) FROM Medical_Patients AS T1 INNER JOIN Medical_Lab_Results AS T2 ON T1.patient_id = T2.patient_id WHERE T2.immunoglobulin_a BETWEEN 80 AND 500 AND T1.first_visit_date > '1990-01-01',"['Medical_Lab_Results', 'Medical_Patients']",SELECT COUNT(T1.patient_id) FROM Medical_Patients AS T1 INNER JOIN Medical_Lab_Results AS T2 ON T1.patient_id = T2.patient_id WHERE T2.immunoglobulin_a BETWEEN 80 AND 500 AND T1.first_visit_date > '1990-01-01'
1255,thrombosis_prediction,"For the patients with an abnormal Ig M level, what is the most common disease they are diagnosed with?",abnormal Ig M level refers to IGM NOT BETWEEN 40 AND 400; most common disease refers to MAX(COUNT(Diagnosis));,SELECT T1.Diagnosis FROM Patient AS T1 INNER JOIN Laboratory AS T2 ON T1.ID = T2.ID WHERE T2.IGM NOT BETWEEN 40 AND 400 GROUP BY T1.Diagnosis ORDER BY COUNT(T1.Diagnosis) DESC LIMIT 1,moderate,"['Laboratory', 'Patient']",SELECT Diagnosis FROM cluster34_laboratory_join_patient WHERE IGM NOT BETWEEN 40 AND 400 GROUP BY Diagnosis ORDER BY COUNT(Diagnosis) DESC LIMIT 1,SELECT T1.primary_diagnosis FROM Medical_Patients AS T1 INNER JOIN Medical_Lab_Results AS T2 ON T1.patient_id = T2.patient_id WHERE T2.immunoglobulin_m NOT BETWEEN 40 AND 400 GROUP BY T1.primary_diagnosis ORDER BY COUNT(T1.primary_diagnosis) DESC LIMIT 1,"['Medical_Lab_Results', 'Medical_Patients']",SELECT T1.primary_diagnosis FROM Medical_Patients AS T1 INNER JOIN Medical_Lab_Results AS T2 ON T1.patient_id = T2.patient_id WHERE T2.immunoglobulin_m NOT BETWEEN 40 AND 400 GROUP BY T1.primary_diagnosis ORDER BY COUNT(T1.primary_diagnosis) DESC LIMIT 1
1256,thrombosis_prediction,How many patients with a normal C-reactive protein don't have their data recorded?,normal C-reactive protein refers to CRP LIKE '+' OR CRP LIKE '-' OR CRP < 1.0; don't have data recorded refers to Description IS NULL;,SELECT COUNT(T1.ID) FROM Patient AS T1 INNER JOIN Laboratory AS T2 ON T1.ID = T2.ID WHERE (T2.CRP = '-' OR T2.CRP = '+-' OR T2.CRP < 1.0) AND T1.Description IS NULL,moderate,"['Laboratory', 'Patient']",SELECT COUNT(Patient_ID) FROM cluster34_laboratory_join_patient WHERE (CRP = '-' OR CRP = '+-' OR CRP < 1.0) AND Description IS NULL,SELECT COUNT(T1.patient_id) FROM Medical_Patients AS T1 INNER JOIN Medical_Lab_Results AS T2 ON T1.patient_id = T2.patient_id WHERE (T2.c_reactive_protein = '-' OR T2.c_reactive_protein = '+-' OR T2.c_reactive_protein < 1.0) AND T1.hospital_entry_date IS NULL,"['Medical_Lab_Results', 'Medical_Patients']",SELECT COUNT(T1.patient_id) FROM Medical_Patients AS T1 INNER JOIN Medical_Lab_Results AS T2 ON T1.patient_id = T2.patient_id WHERE (T2.c_reactive_protein = '-' OR T2.c_reactive_protein = '+-' OR T2.c_reactive_protein < 1.0) AND T1.hospital_entry_date IS NULL
1257,thrombosis_prediction,"Among the patients whose C-reactive protein level is abnormal, how many of them aren't 18 yet?","C-reactive protein level is abnormal refers to CRP NOT IN('+-', '-') AND CRP > = 1.0; aren't 18 refers = CRP > = 1.0 AND SUBTRACT((YEAR(CURDATE()), YEAR(Birthday))) < 18; Should compute the number of distinct ones.","SELECT COUNT(DISTINCT T1.ID) FROM Patient AS T1 INNER JOIN Laboratory AS T2 ON T1.ID = T2.ID WHERE (T2.CRP != '-' AND T2.CRP != '+-') AND T2.CRP >= 1.0 AND STRFTIME('%Y', Date('now')) - STRFTIME('%Y', T1.Birthday) < '18'",challenging,"['Laboratory', 'Patient']","SELECT COUNT(DISTINCT T1.ID) FROM Patient AS T1 INNER JOIN Laboratory AS T2 ON T1.ID = T2.ID WHERE (T2.CRP != '-' AND T2.CRP != '+-') AND T2.CRP >= 1.0 AND STRFTIME('%Y', Date('now')) - STRFTIME('%Y', T1.Birthday) < '18'","SELECT COUNT(DISTINCT T1.patient_id) FROM Medical_Patients AS T1 INNER JOIN Medical_Lab_Results AS T2 ON T1.patient_id = T2.patient_id WHERE (T2.c_reactive_protein != '-' AND T2.c_reactive_protein != '+-') AND T2.c_reactive_protein >= 1.0 AND STRFTIME('%Y', Date('now')) - STRFTIME('%Y', T1.birth_date) < '18'","['Medical_Lab_Results', 'Medical_Patients']","SELECT COUNT(DISTINCT T1.patient_id) FROM Medical_Patients AS T1 INNER JOIN Medical_Lab_Results AS T2 ON T1.patient_id = T2.patient_id WHERE (T2.c_reactive_protein != '-' AND T2.c_reactive_protein != '+-') AND T2.c_reactive_protein >= 1.0 AND STRFTIME('%Y', Date('now')) - STRFTIME('%Y', T1.birth_date) < '18'"
1259,thrombosis_prediction,Please list the diseases of the patients born after 1995-1-1 and have a normal Rhuematoid Factor.,"diseases refers to Diagnosis; born after 1995/1/1 refers to YEAR(Birthday) > = 1995; normal Rhuematoid Factor refers to RA IN('-', '+-');",SELECT T1.Diagnosis FROM Patient AS T1 INNER JOIN Laboratory AS T2 ON T1.ID = T2.ID WHERE (T2.RA = '-' OR T2.RA = '+-') AND T1.Birthday > 1995-01-01,moderate,"['Laboratory', 'Patient']",SELECT T1.Diagnosis FROM Patient AS T1 INNER JOIN Laboratory AS T2 ON T1.ID = T2.ID WHERE (T2.RA = '-' OR T2.RA = '+-') AND T1.Birthday > 1995-01-01,SELECT T1.primary_diagnosis FROM Medical_Patients AS T1 INNER JOIN Medical_Lab_Results AS T2 ON T1.patient_id = T2.patient_id WHERE (T2.rheumatoid_arthritis = '-' OR T2.rheumatoid_arthritis = '+-') AND T1.birth_date > 1995-01-01,"['Medical_Lab_Results', 'Medical_Patients']",SELECT T1.primary_diagnosis FROM Medical_Patients AS T1 INNER JOIN Medical_Lab_Results AS T2 ON T1.patient_id = T2.patient_id WHERE (T2.rheumatoid_arthritis = '-' OR T2.rheumatoid_arthritis = '+-') AND T1.birth_date > 1995-01-01
1264,thrombosis_prediction,"Among the patients have blood clots in veins, how many of them have a normal level of complement 4?",APS will result in Blood Clots in veins; normal level of complement 4 refers to C4 > 10; Should compute the number of different ones,SELECT COUNT(DISTINCT T1.ID) FROM Patient AS T1 INNER JOIN Laboratory AS T2 ON T1.ID = T2.ID WHERE T2.C4 > 10 AND T1.Diagnosis = 'APS',moderate,"['Laboratory', 'Patient']",SELECT COUNT(DISTINCT Patient_ID) FROM cluster34_laboratory_join_patient WHERE C4 > 10 AND Diagnosis = 'APS',SELECT COUNT(DISTINCT T1.patient_id) FROM Medical_Patients AS T1 INNER JOIN Medical_Lab_Results AS T2 ON T1.patient_id = T2.patient_id WHERE T2.complement_4 > 10 AND T1.primary_diagnosis = 'APS',"['Medical_Lab_Results', 'Medical_Patients']",SELECT COUNT(DISTINCT T1.patient_id) FROM Medical_Patients AS T1 INNER JOIN Medical_Lab_Results AS T2 ON T1.patient_id = T2.patient_id WHERE T2.complement_4 > 10 AND T1.primary_diagnosis = 'APS'
1266,thrombosis_prediction,Which is the youngest patient with an abnormal anti-ribonuclear protein level? Please list his or her date of birth.,"youngest patient refers to MAX(Birthday); abnormal anti-ribonuclear protein level refers to RNP NOT IN('-', '+-'); date of birth refers to Birthday;",SELECT T1.Birthday FROM Patient AS T1 INNER JOIN Laboratory AS T2 ON T1.ID = T2.ID WHERE T2.RNP != '-' OR '+-' ORDER BY T1.Birthday DESC LIMIT 1,moderate,"['Laboratory', 'Patient']",SELECT Birthday FROM cluster34_laboratory_join_patient WHERE RNP != '-' OR RNP != '+-' ORDER BY Birthday DESC LIMIT 1,SELECT T1.birth_date FROM Medical_Patients AS T1 INNER JOIN Medical_Lab_Results AS T2 ON T1.patient_id = T2.patient_id WHERE T2.anti_ribonuclear != '-' OR '+-' ORDER BY T1.birth_date DESC LIMIT 1,"['Medical_Lab_Results', 'Medical_Patients']",SELECT T1.birth_date FROM Medical_Patients AS T1 INNER JOIN Medical_Lab_Results AS T2 ON T1.patient_id = T2.patient_id WHERE T2.anti_ribonuclear != '-' OR '+-' ORDER BY T1.birth_date DESC LIMIT 1
1267,thrombosis_prediction,"Among the patients with normal anti-SM, how many of them have the most severe degree of thrombosis?","normal anti-SM refers to SM IN('-', '+-'); SM = 'negative' means '-'; SM = '0' means '+-'; SM = '1' means '+'; most severe degree of thrombosis refers to Thrombosis = '1';","SELECT COUNT(T1.ID) FROM Examination AS T1 INNER JOIN Laboratory AS T2 ON T1.ID = T2.ID WHERE T2.SM IN ('negative','0') AND T1.Thrombosis = 1",moderate,"['Examination', 'Laboratory']","SELECT COUNT(Examination_ID) FROM cluster37_examination_join_laboratory WHERE SM IN ('negative','0') AND Thrombosis = 1","SELECT COUNT(T1.patient_id) FROM Medical_Exams AS T1 INNER JOIN Medical_Lab_Results AS T2 ON T1.patient_id = T2.patient_id WHERE T2.anti_smith IN ('negative','0') AND T1.thrombosis_severity = 1","['Medical_Exams', 'Medical_Lab_Results']","SELECT COUNT(T1.patient_id) FROM Medical_Exams AS T1 INNER JOIN Medical_Lab_Results AS T2 ON T1.patient_id = T2.patient_id WHERE T2.anti_smith IN ('negative','0') AND T1.thrombosis_severity = 1"
1274,thrombosis_prediction,"For the patients whose anti-SSB are normal, how many of them have other symptoms observed in their examination?","anti-SSB are normal refers to SSB IN('-', '+-'); have other symptoms refers to Symptoms IS NOT NULL; Should compute the number of distinct ones",SELECT COUNT(DISTINCT T1.ID) FROM Examination AS T1 INNER JOIN Laboratory AS T2 ON T1.ID = T2.ID WHERE T2.SSB = 'negative' OR '0' AND T1.Symptoms IS NOT NULL,moderate,"['Examination', 'Laboratory']",SELECT COUNT(DISTINCT T1.ID) FROM Examination AS T1 INNER JOIN Laboratory AS T2 ON T1.ID = T2.ID WHERE T2.SSB = 'negative' OR '0' AND T1.Symptoms IS NOT NULL,SELECT COUNT(DISTINCT T1.patient_id) FROM Medical_Exams AS T1 INNER JOIN Medical_Lab_Results AS T2 ON T1.patient_id = T2.patient_id WHERE T2.anti_ssb = 'negative' OR '0' AND T1.physical_symptoms IS NOT NULL,"['Medical_Exams', 'Medical_Lab_Results']",SELECT COUNT(DISTINCT T1.patient_id) FROM Medical_Exams AS T1 INNER JOIN Medical_Lab_Results AS T2 ON T1.patient_id = T2.patient_id WHERE T2.anti_ssb = 'negative' OR '0' AND T1.physical_symptoms IS NOT NULL
1275,thrombosis_prediction,"Among the patients who has a normal level of anti-centromere and a normal level of anti-SSB, how many of them are male?","normal level of anti-centromere refers to CENTROMEA IN('-', '+-'); normal level of anti-SSB refers to SSB IN('-', '+-'); male refers to Sex = 'M';","SELECT COUNT(DISTINCT T1.ID) FROM Patient AS T1 INNER JOIN Laboratory AS T2 ON T1.ID = T2.ID WHERE T2.CENTROMEA IN ('negative', '0') AND T2.SSB IN ('negative', '0') AND T1.SEX = 'M'",moderate,"['Laboratory', 'Patient']","SELECT COUNT(DISTINCT Patient_ID) FROM cluster34_laboratory_join_patient WHERE CENTROMEA IN ('negative', '0') AND SSB IN ('negative', '0') AND SEX = 'M'","SELECT COUNT(DISTINCT T1.patient_id) FROM Medical_Patients AS T1 INNER JOIN Medical_Lab_Results AS T2 ON T1.patient_id = T2.patient_id WHERE T2.anti_centromere IN ('negative', '0') AND T2.anti_ssb IN ('negative', '0') AND T1.gender = 'M'","['Medical_Lab_Results', 'Medical_Patients']","SELECT COUNT(DISTINCT T1.patient_id) FROM Medical_Patients AS T1 INNER JOIN Medical_Lab_Results AS T2 ON T1.patient_id = T2.patient_id WHERE T2.anti_centromere IN ('negative', '0') AND T2.anti_ssb IN ('negative', '0') AND T1.gender = 'M'"
1280,thrombosis_prediction,How many male patients have their glutamic oxaloacetic transaminase in the normal range?,male refers to Sex = 'M'; glutamic oxaloacetic transaminase in the normal range refers to GOT < 60;,SELECT COUNT(T1.ID) FROM Patient AS T1 INNER JOIN Laboratory AS T2 ON T1.ID = T2.ID WHERE T2.GOT < 60 AND T1.SEX = 'M',simple,"['Laboratory', 'Patient']",SELECT COUNT(Patient_ID) FROM cluster34_laboratory_join_patient WHERE GOT < 60 AND SEX = 'M',SELECT COUNT(T1.patient_id) FROM Medical_Patients AS T1 INNER JOIN Medical_Lab_Results AS T2 ON T1.patient_id = T2.patient_id WHERE T2.aspartate_aminotransferase_got < 60 AND T1.gender = 'M',"['Medical_Lab_Results', 'Medical_Patients']",SELECT COUNT(T1.patient_id) FROM Medical_Patients AS T1 INNER JOIN Medical_Lab_Results AS T2 ON T1.patient_id = T2.patient_id WHERE T2.aspartate_aminotransferase_got < 60 AND T1.gender = 'M'
1281,thrombosis_prediction,"Among the patients who have an abnormal level of glutamic oxaloacetic transaminase, when was the youngest of them born?",abnormal level of glutamic oxaloacetic transaminase refers to GOT > = 60; youngest refers to MAX(Birthday);,SELECT T1.Birthday FROM Patient AS T1 INNER JOIN Laboratory AS T2 ON T1.ID = T2.ID WHERE T2.GOT >= 60 ORDER BY T1.Birthday DESC LIMIT 1,moderate,"['Laboratory', 'Patient']",SELECT Birthday FROM cluster34_laboratory_join_patient WHERE GOT >= 60 ORDER BY Birthday DESC LIMIT 1,SELECT T1.birth_date FROM Medical_Patients AS T1 INNER JOIN Medical_Lab_Results AS T2 ON T1.patient_id = T2.patient_id WHERE T2.aspartate_aminotransferase_got >= 60 ORDER BY T1.birth_date DESC LIMIT 1,"['Medical_Lab_Results', 'Medical_Patients']",SELECT T1.birth_date FROM Medical_Patients AS T1 INNER JOIN Medical_Lab_Results AS T2 ON T1.patient_id = T2.patient_id WHERE T2.aspartate_aminotransferase_got >= 60 ORDER BY T1.birth_date DESC LIMIT 1
1282,thrombosis_prediction,Please list the top three patients' birthdays with the highest glutamic pylvic transaminase in the normal range.,highest glutamic pylvic transaminase in the normal range refers to MAX(GPT < 60);,SELECT T1.Birthday FROM Patient AS T1 INNER JOIN Laboratory AS T2 ON T1.ID = T2.ID WHERE T2.GPT < 60 ORDER BY T2.GPT DESC LIMIT 3,simple,"['Laboratory', 'Patient']",SELECT Birthday FROM cluster34_laboratory_join_patient WHERE GPT < 60 ORDER BY GPT DESC LIMIT 3,SELECT T1.birth_date FROM Medical_Patients AS T1 INNER JOIN Medical_Lab_Results AS T2 ON T1.patient_id = T2.patient_id WHERE T2.alanine_aminotransferase_gpt < 60 ORDER BY T2.alanine_aminotransferase_gpt DESC LIMIT 3,"['Medical_Lab_Results', 'Medical_Patients']",SELECT T1.birth_date FROM Medical_Patients AS T1 INNER JOIN Medical_Lab_Results AS T2 ON T1.patient_id = T2.patient_id WHERE T2.alanine_aminotransferase_gpt < 60 ORDER BY T2.alanine_aminotransferase_gpt DESC LIMIT 3
1283,thrombosis_prediction,"For the patients with the normal glutamic pylvic transaminase level, how many of them are male?",normal glutamic pylvic transaminase level refers to GOT < 60; male refers to Sex = 'M';,SELECT COUNT(T1.ID) FROM Patient AS T1 INNER JOIN Laboratory AS T2 ON T1.ID = T2.ID WHERE T2.GOT < 60 AND T1.SEX = 'M',simple,"['Laboratory', 'Patient']",SELECT COUNT(Patient_ID) FROM cluster34_laboratory_join_patient WHERE GOT < 60 AND SEX = 'M',SELECT COUNT(T1.patient_id) FROM Medical_Patients AS T1 INNER JOIN Medical_Lab_Results AS T2 ON T1.patient_id = T2.patient_id WHERE T2.aspartate_aminotransferase_got < 60 AND T1.gender = 'M',"['Medical_Lab_Results', 'Medical_Patients']",SELECT COUNT(T1.patient_id) FROM Medical_Patients AS T1 INNER JOIN Medical_Lab_Results AS T2 ON T1.patient_id = T2.patient_id WHERE T2.aspartate_aminotransferase_got < 60 AND T1.gender = 'M'
1286,thrombosis_prediction,"For the patient with an abnormal alkaliphophatase level, how many of them are admitted to the hospital?",abnormal alkaliphophatase level refers to ALP > = 300; admitted to the hospital refers to Admission = '+';,SELECT COUNT(T1.ID) FROM Patient AS T1 INNER JOIN Laboratory AS T2 ON T1.ID = T2.ID WHERE T2.ALP >= 300 AND T1.Admission = '+',simple,"['Laboratory', 'Patient']",SELECT COUNT(Patient_ID) FROM cluster34_laboratory_join_patient WHERE ALP >= 300 AND Admission = '+',SELECT COUNT(T1.patient_id) FROM Medical_Patients AS T1 INNER JOIN Medical_Lab_Results AS T2 ON T1.patient_id = T2.patient_id WHERE T2.alkaline_phosphatase >= 300 AND T1.is_inpatient_flag = '+',"['Medical_Lab_Results', 'Medical_Patients']",SELECT COUNT(T1.patient_id) FROM Medical_Patients AS T1 INNER JOIN Medical_Lab_Results AS T2 ON T1.patient_id = T2.patient_id WHERE T2.alkaline_phosphatase >= 300 AND T1.is_inpatient_flag = '+'
1287,thrombosis_prediction,"Among the patients followed at the outpatient clinic, how many of them have a normal level of alkaliphophatase?",followed at the outpatient clinic refers to Admission = '-'; normal level of alkaliphophatase refers to ALP < 300;,SELECT COUNT(T1.ID) FROM Patient AS T1 INNER JOIN Laboratory AS T2 ON T1.ID = T2.ID WHERE T2.ALP < 300 AND T1.Admission = '-',moderate,"['Laboratory', 'Patient']",SELECT COUNT(Patient_ID) FROM cluster34_laboratory_join_patient WHERE ALP < 300 AND Admission = '-',SELECT COUNT(T1.patient_id) FROM Medical_Patients AS T1 INNER JOIN Medical_Lab_Results AS T2 ON T1.patient_id = T2.patient_id WHERE T2.alkaline_phosphatase < 300 AND T1.is_inpatient_flag = '-',"['Medical_Lab_Results', 'Medical_Patients']",SELECT COUNT(T1.patient_id) FROM Medical_Patients AS T1 INNER JOIN Medical_Lab_Results AS T2 ON T1.patient_id = T2.patient_id WHERE T2.alkaline_phosphatase < 300 AND T1.is_inpatient_flag = '-'
1288,thrombosis_prediction,Please list the diagnosis of the patients whose total protein is lower than normal.,total protein is lower than normal refers to TP < 6.0;,SELECT T1.Diagnosis FROM Patient AS T1 INNER JOIN Laboratory AS T2 ON T1.ID = T2.ID WHERE T2.TP < 6.0,simple,"['Laboratory', 'Patient']",SELECT Diagnosis FROM cluster34_laboratory_join_patient WHERE TP < 6.0,SELECT T1.primary_diagnosis FROM Medical_Patients AS T1 INNER JOIN Medical_Lab_Results AS T2 ON T1.patient_id = T2.patient_id WHERE T2.total_protein < 6.0,"['Medical_Lab_Results', 'Medical_Patients']",SELECT T1.primary_diagnosis FROM Medical_Patients AS T1 INNER JOIN Medical_Lab_Results AS T2 ON T1.patient_id = T2.patient_id WHERE T2.total_protein < 6.0
1289,thrombosis_prediction,"For the patients who are diagnosed with SJS, how many of them have a normal level of total protein?",diagnosed with SJS refers to Diagnosis = 'SJS'; normal level of total protein refers to TP > 6.0 and TP < 8.5;,SELECT COUNT(T1.ID) FROM Patient AS T1 INNER JOIN Laboratory AS T2 ON T1.ID = T2.ID WHERE T1.Diagnosis = 'SJS' AND T2.TP > 6.0 AND T2.TP < 8.5,moderate,"['Laboratory', 'Patient']",SELECT COUNT(Patient_ID) FROM cluster34_laboratory_join_patient WHERE Diagnosis = 'SJS' AND TP > 6.0 AND TP < 8.5,SELECT COUNT(T1.patient_id) FROM Medical_Patients AS T1 INNER JOIN Medical_Lab_Results AS T2 ON T1.patient_id = T2.patient_id WHERE T1.primary_diagnosis = 'SJS' AND T2.total_protein > 6.0 AND T2.total_protein < 8.5,"['Medical_Lab_Results', 'Medical_Patients']",SELECT COUNT(T1.patient_id) FROM Medical_Patients AS T1 INNER JOIN Medical_Lab_Results AS T2 ON T1.patient_id = T2.patient_id WHERE T1.primary_diagnosis = 'SJS' AND T2.total_protein > 6.0 AND T2.total_protein < 8.5
1291,thrombosis_prediction,How many male patients have a normal level of both albumin and total protein?,male refers to Sex = 'M'; normal level of both albumin and total protein refers to ALB > 3.5 and ALB < 5.5 AND TP between 6.0 and 8.5;,SELECT COUNT(T1.ID) FROM Patient AS T1 INNER JOIN Laboratory AS T2 ON T1.ID = T2.ID WHERE T1.SEX = 'M' AND T2.ALB BETWEEN 3.5 AND 5.5 AND T2.TP BETWEEN 6.0 AND 8.5,moderate,"['Laboratory', 'Patient']",SELECT COUNT(Patient_ID) FROM cluster34_laboratory_join_patient WHERE SEX = 'M' AND ALB BETWEEN 3.5 AND 5.5 AND TP BETWEEN 6.0 AND 8.5,SELECT COUNT(T1.patient_id) FROM Medical_Patients AS T1 INNER JOIN Medical_Lab_Results AS T2 ON T1.patient_id = T2.patient_id WHERE T1.gender = 'M' AND T2.albumin BETWEEN 3.5 AND 5.5 AND T2.total_protein BETWEEN 6.0 AND 8.5,"['Medical_Lab_Results', 'Medical_Patients']",SELECT COUNT(T1.patient_id) FROM Medical_Patients AS T1 INNER JOIN Medical_Lab_Results AS T2 ON T1.patient_id = T2.patient_id WHERE T1.gender = 'M' AND T2.albumin BETWEEN 3.5 AND 5.5 AND T2.total_protein BETWEEN 6.0 AND 8.5
1292,thrombosis_prediction,What is the anti Cardiolipin antibody concentration of the female patient with the highest uric acid level in the normal range?,"anti Cardiolipin antibody concentration refers to `aCL IgG`, `aCL IgM`, `aCL IgA`; female patient refers to Sex = F'; highest uric acid level in the normal range refers to MAX(UA > 6.50);","SELECT T3.`aCL IgG`, T3.`aCL IgM`, T3.`aCL IgA` FROM Patient AS T1 INNER JOIN Laboratory AS T2 ON T1.ID = T2.ID INNER JOIN Examination AS T3 ON T3.ID = T2.ID WHERE T1.SEX = 'F' AND T2.UA > 6.5 ORDER BY T2.UA DESC LIMIT 1",challenging,"['Laboratory', 'Examination', 'Patient']","SELECT ""aCL IgG"", ""aCL IgM"", ""aCL IgA"" FROM cluster36_examination_join_laboratory_join_patient WHERE SEX = 'F' AND UA > 6.5 ORDER BY UA DESC LIMIT 1","SELECT acl_igg, acl_igm, acl_iga FROM workload_updated_cluster36_Medical_Exams_join_Medical_Lab_Results_join_Medical_Patients WHERE gender = 'F' AND uric_acid > 6.5 ORDER BY uric_acid DESC LIMIT 1","['Medical_Exams', 'Medical_Lab_Results', 'Medical_Patients']","SELECT acl_igg, acl_igm, acl_iga FROM workload_updated_cluster36_Medical_Exams_join_Medical_Lab_Results_join_Medical_Patients WHERE gender = 'F' AND uric_acid > 6.5 ORDER BY uric_acid DESC LIMIT 1"
1293,thrombosis_prediction,What is the highest anti-nucleus antibody concentration level of a patient with a normal creatinine level?,highest anti-nucleus antibody concentration level refers to MAX(ANA); normal creatinine level refers to CRE < 1.5;,SELECT T2.ANA FROM Patient AS T1 INNER JOIN Examination AS T2 ON T1.ID = T2.ID INNER JOIN Laboratory AS T3 ON T1.ID = T3.ID WHERE T3.CRE < 1.5 ORDER BY T2.ANA DESC LIMIT 1,moderate,"['Examination', 'Laboratory', 'Patient']",SELECT ANA FROM cluster36_examination_join_laboratory_join_patient WHERE CRE < 1.5 ORDER BY ANA DESC LIMIT 1,SELECT ana_result FROM workload_updated_cluster36_Medical_Exams_join_Medical_Lab_Results_join_Medical_Patients WHERE creatinine < 1.5 ORDER BY ana_result DESC LIMIT 1,"['Medical_Exams', 'Medical_Lab_Results', 'Medical_Patients']",SELECT ana_result FROM workload_updated_cluster36_Medical_Exams_join_Medical_Lab_Results_join_Medical_Patients WHERE creatinine < 1.5 ORDER BY ana_result DESC LIMIT 1
1294,thrombosis_prediction,Please list the patient's ID whose creatinine level is normal and whose anti Cardiolipin antibody concentration level is the highest.,creatinine level is normal refers to CRE < 1.5; anti Cardiolipin antibody concentration level is the highest refers to MAX(aCL IgA);,SELECT T2.ID FROM Laboratory AS T1 INNER JOIN Examination AS T2 ON T1.ID = T2.ID WHERE T1.CRE < 1.5 ORDER BY T2.`aCL IgA` DESC LIMIT 1,moderate,"['Laboratory', 'Examination']","SELECT Examination_ID FROM cluster37_examination_join_laboratory WHERE CRE < 1.5 ORDER BY ""aCL IgA"" DESC LIMIT 1",SELECT patient_id FROM workload_updated_cluster37_Medical_Exams_join_Medical_Lab_Results WHERE creatinine < 1.5 ORDER BY acl_iga DESC LIMIT 1,"['Medical_Exams', 'Medical_Lab_Results']",SELECT patient_id FROM workload_updated_cluster37_Medical_Exams_join_Medical_Lab_Results WHERE creatinine < 1.5 ORDER BY acl_iga DESC LIMIT 1
1295,thrombosis_prediction,"Among the patients whose total bilirubin is over the normal range, how many of them have a peripheral pattern observed in the sheet of ANA examination?",total bilirubin is over the normal range refers to `T-BIL` > = 2.0; peripheral pattern is observed in the sheet of ANA examination refers to that ANA Pattern contains 'P';,SELECT COUNT(T1.ID) FROM Patient AS T1 INNER JOIN Laboratory AS T2 ON T1.ID = T2.ID INNER JOIN Examination AS T3 ON T1.ID = T3.ID WHERE T2.`T-BIL` >= 2 AND T3.`ANA Pattern` LIKE '%P%',challenging,"['Laboratory', 'Examination', 'Patient']","SELECT COUNT(Patient_ID) FROM cluster36_examination_join_laboratory_join_patient WHERE ""T-BIL"" >= 2 AND ""ANA Pattern"" LIKE '%P%'",SELECT COUNT(Medical_Patients_patient_id) FROM workload_updated_cluster36_Medical_Exams_join_Medical_Lab_Results_join_Medical_Patients WHERE total_bilirubin >= 2 AND ana_pattern LIKE '%P%',"['Medical_Exams', 'Medical_Lab_Results', 'Medical_Patients']",SELECT COUNT(Medical_Patients_patient_id) FROM workload_updated_cluster36_Medical_Exams_join_Medical_Lab_Results_join_Medical_Patients WHERE total_bilirubin >= 2 AND ana_pattern LIKE '%P%'
1297,thrombosis_prediction,"For the patients whose total cholesterol is higher than normal, how many of them have a negative measure of degree of coagulation?",total cholesterol is higher than normal refers to `T-CHO` > = 250; negative measure of degree of coagulation refers to KCT = '-' ;,SELECT COUNT(T1.ID) FROM Patient AS T1 INNER JOIN Laboratory AS T2 ON T1.ID = T2.ID INNER JOIN Examination AS T3 ON T1.ID = T3.ID WHERE T2.`T-CHO` >= 250 AND T3.KCT = '-',moderate,"['Laboratory', 'Examination', 'Patient']","SELECT COUNT(Patient_ID) FROM cluster36_examination_join_laboratory_join_patient WHERE ""T-CHO"" >= 250 AND KCT = '-'",SELECT COUNT(Medical_Patients_patient_id) FROM workload_updated_cluster36_Medical_Exams_join_Medical_Lab_Results_join_Medical_Patients WHERE total_cholesterol >= 250 AND coagulation_kct = '-',"['Medical_Exams', 'Medical_Lab_Results', 'Medical_Patients']",SELECT COUNT(Medical_Patients_patient_id) FROM workload_updated_cluster36_Medical_Exams_join_Medical_Lab_Results_join_Medical_Patients WHERE total_cholesterol >= 250 AND coagulation_kct = '-'
1300,thrombosis_prediction,What is the disease name of the patient who has the highest level of triglyceride within the normal range?,disease name referse to Diagnosis; highest level of triglyceride within the normal range refers to MAX(TG < 200);,SELECT T1.Diagnosis FROM Examination AS T1 INNER JOIN Laboratory AS T2 ON T1.ID = T2.ID WHERE T2.TG < 200 ORDER BY T2.TG DESC LIMIT 1,moderate,"['Examination', 'Laboratory']",SELECT Diagnosis FROM cluster37_examination_join_laboratory WHERE TG < 200 ORDER BY TG DESC LIMIT 1,SELECT exam_diagnosis FROM workload_updated_cluster37_Medical_Exams_join_Medical_Lab_Results WHERE triglycerides < 200 ORDER BY triglycerides DESC LIMIT 1,"['Medical_Exams', 'Medical_Lab_Results']",SELECT exam_diagnosis FROM Medical_Exams AS T1 INNER JOIN Medical_Lab_Results AS T2 ON T1.patient_id = T2.patient_id WHERE T2.triglycerides < 200 ORDER BY T2.triglycerides DESC LIMIT 1
1301,thrombosis_prediction,Please list the IDs of the patients with no thrombosis and an abnormal level of creatinine phosphokinase.,no thrombosis refers to Thrombosis = 0 ; abnormal level of creatinine phosphokinase refers to CPK < 250;,SELECT DISTINCT T1.ID FROM Laboratory AS T1 INNER JOIN Examination AS T2 ON T1.ID = T2.ID WHERE T2.Thrombosis = 0 AND T1.CPK < 250,simple,"['Laboratory', 'Examination']",SELECT DISTINCT Examination_ID FROM cluster37_examination_join_laboratory WHERE Thrombosis = 0 AND CPK < 250,SELECT DISTINCT patient_id FROM workload_updated_cluster37_Medical_Exams_join_Medical_Lab_Results WHERE thrombosis_severity = 0 AND creatine_phosphokinase < 250,"['Medical_Exams', 'Medical_Lab_Results']",SELECT DISTINCT patient_id FROM workload_updated_cluster37_Medical_Exams_join_Medical_Lab_Results WHERE thrombosis_severity = 0 AND creatine_phosphokinase < 250
1302,thrombosis_prediction,"For the patients with a normal range of creatinine phosphokinase, how many of them have a positive measure of degree of coagulation?",normal range of creatinine phosphokinase refers to CPK < 250; positive measure of degree of coagulation refers to KCT = '+' or RVVT = '+' or LAC = '+' ;,SELECT COUNT(T1.ID) FROM Patient AS T1 INNER JOIN Laboratory AS T2 ON T1.ID = T2.ID INNER JOIN Examination AS T3 ON T1.ID = T3.ID WHERE T2.CPK < 250 AND (T3.KCT = '+' OR T3.RVVT = '+' OR T3.LAC = '+'),challenging,"['Laboratory', 'Examination', 'Patient']",SELECT COUNT(Examination_ID) FROM cluster36_examination_join_laboratory_join_patient WHERE CPK < 250 AND (KCT = '+' OR RVVT = '+' OR LAC = '+'),SELECT COUNT(Medical_Patients_patient_id) FROM workload_updated_cluster36_Medical_Exams_join_Medical_Lab_Results_join_Medical_Patients WHERE creatine_phosphokinase < 250 AND (coagulation_kct = '+' OR coagulation_rvvt = '+' OR lupus_anticoagulant = '+'),"['Medical_Exams', 'Medical_Lab_Results', 'Medical_Patients']",SELECT COUNT(Medical_Patients_patient_id) FROM workload_updated_cluster36_Medical_Exams_join_Medical_Lab_Results_join_Medical_Patients WHERE creatine_phosphokinase < 250 AND (coagulation_kct = '+' OR coagulation_rvvt = '+' OR lupus_anticoagulant = '+')
1305,thrombosis_prediction,How many patients accepted to the hospital have a normal level of white blood cells?,accepted to the hospital refers to Admission = '+'; normal level of white blood cells refers to WBC between 3.5 and 9.0;,SELECT COUNT(T1.ID) FROM Patient AS T1 INNER JOIN Laboratory AS T2 ON T1.ID = T2.ID WHERE T2.WBC BETWEEN 3.5 AND 9 AND T1.Admission = '+',moderate,"['Laboratory', 'Patient']",SELECT COUNT(Patient_ID) FROM cluster34_laboratory_join_patient WHERE WBC BETWEEN 3.5 AND 9 AND Admission = '+',SELECT COUNT(T1.patient_id) FROM Medical_Patients AS T1 INNER JOIN Medical_Lab_Results AS T2 ON T1.patient_id = T2.patient_id WHERE T2.white_blood_cell BETWEEN 3.5 AND 9 AND T1.is_inpatient_flag = '+',"['Medical_Lab_Results', 'Medical_Patients']",SELECT COUNT(T1.patient_id) FROM Medical_Patients AS T1 INNER JOIN Medical_Lab_Results AS T2 ON T1.patient_id = T2.patient_id WHERE T2.white_blood_cell BETWEEN 3.5 AND 9 AND T1.is_inpatient_flag = '+'
1306,thrombosis_prediction,How many patients diagnosed with SLE have a normal white blood cell level?,diagnosed with SLE refers to Diagnosis = 'SLE'; normal white blood cell level refers to WBC between 3.5 and 9.0;,SELECT COUNT(T1.ID) FROM Patient AS T1 INNER JOIN Laboratory AS T2 ON T1.ID = T2.ID WHERE T1.Diagnosis = 'SLE' AND T2.WBC BETWEEN 3.5 AND 9,simple,"['Laboratory', 'Patient']",SELECT COUNT(Patient_ID) FROM cluster34_laboratory_join_patient WHERE Diagnosis = 'SLE' AND WBC BETWEEN 3.5 AND 9,SELECT COUNT(T1.patient_id) FROM Medical_Patients AS T1 INNER JOIN Medical_Lab_Results AS T2 ON T1.patient_id = T2.patient_id WHERE T1.primary_diagnosis = 'SLE' AND T2.white_blood_cell BETWEEN 3.5 AND 9,"['Medical_Lab_Results', 'Medical_Patients']",SELECT COUNT(T1.patient_id) FROM Medical_Patients AS T1 INNER JOIN Medical_Lab_Results AS T2 ON T1.patient_id = T2.patient_id WHERE T1.primary_diagnosis = 'SLE' AND T2.white_blood_cell BETWEEN 3.5 AND 9
1309,thrombosis_prediction,Please list a patient's platelet level if it is within the normal range and if he or she is diagnosed with MCTD.,PLT > 100 and PLT < 400 means platelet level is within the normal range; PLT < 100 and PLT > 400 means platelet level is not within the normal range; diagnosed with MCTD refers to Diagnosis = 'MCTD';,SELECT T2.PLT FROM Patient AS T1 INNER JOIN Laboratory AS T2 ON T1.ID = T2.ID WHERE T1.Diagnosis = 'MCTD' AND T2.PLT BETWEEN 100 AND 400,moderate,"['Laboratory', 'Patient']",SELECT PLT FROM cluster34_laboratory_join_patient WHERE Diagnosis = 'MCTD' AND PLT BETWEEN 100 AND 400,SELECT T2.platelet_count FROM Medical_Patients AS T1 INNER JOIN Medical_Lab_Results AS T2 ON T1.patient_id = T2.patient_id WHERE T1.primary_diagnosis = 'MCTD' AND T2.platelet_count BETWEEN 100 AND 400,"['Medical_Lab_Results', 'Medical_Patients']",SELECT T2.platelet_count FROM Medical_Patients AS T1 INNER JOIN Medical_Lab_Results AS T2 ON T1.patient_id = T2.patient_id WHERE T1.primary_diagnosis = 'MCTD' AND T2.platelet_count BETWEEN 100 AND 400
1310,thrombosis_prediction,"For the male patients that have a normal prothrombin time, what is their average prothrombin time?",male refers to Sex = 'M'; normal prothrombin time refer to PT < 14; average prothrombin time = AVG(PT);,SELECT AVG(T2.PT) FROM Patient AS T1 INNER JOIN Laboratory AS T2 ON T1.ID = T2.ID WHERE T2.PT < 14 AND T1.SEX = 'M',simple,"['Laboratory', 'Patient']",SELECT AVG(PT) FROM cluster34_laboratory_join_patient WHERE PT < 14 AND SEX = 'M',SELECT AVG(T2.prothrombin_time) FROM Medical_Patients AS T1 INNER JOIN Medical_Lab_Results AS T2 ON T1.patient_id = T2.patient_id WHERE T2.prothrombin_time < 14 AND T1.gender = 'M',"['Medical_Lab_Results', 'Medical_Patients']",SELECT AVG(T2.prothrombin_time) FROM Medical_Patients AS T1 INNER JOIN Medical_Lab_Results AS T2 ON T1.patient_id = T2.patient_id WHERE T2.prothrombin_time < 14 AND T1.gender = 'M'
1311,thrombosis_prediction,How many patients with severe thrombosis have a normal prothrombin time?,severe thrombosis refers to Thrombosis = 2 or 1; normal prothrombin time refers to PT < 14;,SELECT COUNT(T1.ID) FROM Patient AS T1 INNER JOIN Laboratory AS T2 ON T1.ID = T2.ID INNER JOIN Examination AS T3 ON T1.ID = T3.ID WHERE T2.PT < 14 AND T3.Thrombosis < 3 AND T3.Thrombosis > 0,moderate,"['Laboratory', 'Examination', 'Patient']",SELECT COUNT(Patient_ID) FROM cluster36_examination_join_laboratory_join_patient WHERE PT < 14 AND Thrombosis < 3 AND Thrombosis > 0,SELECT COUNT(Medical_Patients_patient_id) FROM workload_updated_cluster36_Medical_Exams_join_Medical_Lab_Results_join_Medical_Patients WHERE prothrombin_time < 14 AND thrombosis_severity < 3 AND thrombosis_severity > 0,"['Medical_Exams', 'Medical_Lab_Results', 'Medical_Patients']",SELECT COUNT(Medical_Patients_patient_id) FROM workload_updated_cluster36_Medical_Exams_join_Medical_Lab_Results_join_Medical_Patients WHERE prothrombin_time < 14 AND thrombosis_severity < 3 AND thrombosis_severity > 0
1317,student_club,"Among the students from the Student_Club who attended the event ""Women's Soccer"", how many of them want a T-shirt that's in medium size?",Women's Soccer is an event name; T-shirt that is in medium size refers to t_shirt_size = 'Medium',SELECT COUNT(T1.event_id) FROM event AS T1 INNER JOIN attendance AS T2 ON T1.event_id = T2.link_to_event INNER JOIN member AS T3 ON T2.link_to_member = T3.member_id WHERE T1.event_name = 'Women''s Soccer' AND T3.t_shirt_size = 'Medium',moderate,"['attendance', 'member', 'event']",SELECT COUNT(event_id) FROM cluster62_attendance_join_event_join_member WHERE event_name = 'Women''s Soccer' AND t_shirt_size = 'Medium',SELECT COUNT(T1.event_id) FROM Club_Events AS T1 INNER JOIN Club_Attendance AS T2 ON T1.event_id = T2.link_to_event INNER JOIN Club_Members AS T3 ON T2.link_to_member = T3.member_id WHERE T1.event_name = 'Women''s Soccer' AND T3.t_shirt_size = 'Medium',"['Club_Events', 'Club_Members', 'Club_Attendance']",SELECT COUNT(T1.event_id) FROM workload_updated_cluster62_Club_Attendance_join_Club_Events_join_Club_Members AS T1 WHERE event_name = 'Women''s Soccer' AND t_shirt_size = 'Medium'
1318,student_club,What is the event that has the highest attendance of the students from the Student_Club?,event with highest attendance refers to MAX(COUNT(link_to_event)),SELECT T1.event_name FROM event AS T1 INNER JOIN attendance AS T2 ON T1.event_id = T2.link_to_event GROUP BY T1.event_name ORDER BY COUNT(T2.link_to_event) DESC LIMIT 1,simple,"['attendance', 'event']",SELECT event_name FROM cluster62_attendance_join_event_join_member GROUP BY event_name ORDER BY COUNT(attendance_link_to_event) DESC LIMIT 1,SELECT T1.event_name FROM Club_Events AS T1 INNER JOIN Club_Attendance AS T2 ON T1.event_id = T2.link_to_event GROUP BY T1.event_name ORDER BY COUNT(T2.link_to_event) DESC LIMIT 1,"['Club_Events', 'Club_Attendance']",SELECT T1.event_name FROM Club_Events AS T1 INNER JOIN Club_Attendance AS T2 ON T1.event_id = T2.link_to_event GROUP BY T1.event_name ORDER BY COUNT(T2.link_to_event) DESC LIMIT 1
1321,student_club,How many events of the Student_Club did Sacha Harrison attend in 2019?,events attended in 2019 refers to YEAR(event_date) = 2019,"SELECT COUNT(T1.event_id) FROM event AS T1 INNER JOIN attendance AS T2 ON T1.event_id = T2.link_to_event INNER JOIN member AS T3 ON T2.link_to_member = T3.member_id WHERE T3.first_name = 'Sacha' AND T3.last_name = 'Harrison' AND SUBSTR(T1.event_date, 1, 4) = '2019'",moderate,"['attendance', 'member', 'event']","SELECT COUNT(event_id) FROM cluster62_attendance_join_event_join_member WHERE first_name = 'Sacha' AND last_name = 'Harrison' AND SUBSTR(event_date, 1, 4) = '2019'","SELECT COUNT(T1.event_id) FROM Club_Events AS T1 INNER JOIN Club_Attendance AS T2 ON T1.event_id = T2.link_to_event INNER JOIN Club_Members AS T3 ON T2.link_to_member = T3.member_id WHERE T3.first_name = 'Sacha' AND T3.last_name = 'Harrison' AND SUBSTR(T1.event_date, 1, 4) = '2019'","['Club_Events', 'Club_Members', 'Club_Attendance']","SELECT COUNT(T1.event_id) FROM workload_updated_cluster62_Club_Attendance_join_Club_Events_join_Club_Members AS T1 WHERE first_name = 'Sacha' AND last_name = 'Harrison' AND SUBSTR(event_date, 1, 4) = '2019'"
1322,student_club,"Among the events attended by more than 10 members of the Student_Club, how many of them are meetings?",meetings events refers to type = 'Meeting'; attended by more than 10 members refers to COUNT(event_id) > 10,SELECT COUNT(T1.event_id) FROM event AS T1 INNER JOIN attendance AS T2 ON T1.event_id = T2.link_to_event WHERE T1.type = 'Meeting' GROUP BY T1.type HAVING COUNT(T2.link_to_event) > 10,moderate,"['attendance', 'event']",SELECT COUNT(event_id) FROM cluster62_attendance_join_event_join_member WHERE type = 'Meeting' GROUP BY type HAVING COUNT(attendance_link_to_event) > 10,SELECT COUNT(T1.event_id) FROM Club_Events AS T1 INNER JOIN Club_Attendance AS T2 ON T1.event_id = T2.link_to_event WHERE T1.event_type = 'Meeting' GROUP BY T1.event_type HAVING COUNT(T2.link_to_event) > 10,"['Club_Events', 'Club_Attendance']",SELECT COUNT(T1.event_id) FROM Club_Events AS T1 INNER JOIN Club_Attendance AS T2 ON T1.event_id = T2.link_to_event WHERE T1.event_type = 'Meeting' GROUP BY T1.event_type HAVING COUNT(T2.link_to_event) > 10
1324,student_club,What is the average attendance of meetings in 2020?,"meetings in 2020 refers to type = 'Meeting' where YEAR(event_date) = 2020; average = DIVIDE(COUNT(event_id), COUNT(DISTINCT event_name))","SELECT CAST(COUNT(T2.link_to_event) AS REAL) / COUNT(DISTINCT T2.link_to_event) FROM event AS T1 INNER JOIN attendance AS T2 ON T1.event_id = T2.link_to_event WHERE SUBSTR(T1.event_date, 1, 4) = '2020' AND T1.type = 'Meeting'",moderate,"['attendance', 'event']","SELECT CAST(COUNT(attendance_link_to_event) AS REAL) / COUNT(DISTINCT event_id) FROM cluster62_attendance_join_event_join_member WHERE SUBSTR(event_date, 1, 4) = '2020' AND type = 'Meeting'","SELECT CAST(COUNT(T2.link_to_event) AS REAL) / COUNT(DISTINCT T2.link_to_event) FROM Club_Events AS T1 INNER JOIN Club_Attendance AS T2 ON T1.event_id = T2.link_to_event WHERE SUBSTR(T1.event_date, 1, 4) = '2020' AND T1.event_type = 'Meeting'","['Club_Events', 'Club_Attendance']","SELECT CAST(COUNT(T2.link_to_event) AS REAL) / COUNT(DISTINCT T2.link_to_event) FROM Club_Events AS T1 INNER JOIN Club_Attendance AS T2 ON T1.event_id = T2.link_to_event WHERE SUBSTR(T1.event_date, 1, 4) = '2020' AND T1.event_type = 'Meeting'"
1325,student_club,What is the most expensive item that was spent in support of club events?,item in support of club events refers to expense_description; most expensive refers to MAX(cost),SELECT expense_description FROM expense ORDER BY cost DESC LIMIT 1,simple,['expense'],SELECT expense_description FROM expense ORDER BY cost DESC LIMIT 1,SELECT expense_description FROM Club_Expenses ORDER BY cost DESC LIMIT 1,['Club_Expenses'],SELECT expense_description FROM Club_Expenses ORDER BY cost DESC LIMIT 1
1328,student_club,"List the last name of all the students who majored Law and Constitutional Studies. 
",'Law and Constitutional Studies' is the major name,SELECT T1.last_name FROM member AS T1 INNER JOIN major AS T2 ON T1.link_to_major = T2.major_id WHERE T2.major_name = 'Law and Constitutional Studies',simple,"['member', 'major']",SELECT last_name FROM cluster38_major_join_member WHERE major_name = 'Law and Constitutional Studies',SELECT T1.last_name FROM Club_Members AS T1 INNER JOIN Club_Majors AS T2 ON T1.major_id = T2.major_id WHERE T2.major_name = 'Law and Constitutional Studies',"['Club_Members', 'Club_Majors']",SELECT T1.last_name FROM Club_Members AS T1 INNER JOIN Club_Majors AS T2 ON T1.major_id = T2.major_id WHERE T2.major_name = 'Law and Constitutional Studies'
1330,student_club,What college offers the major that Tyler Hewitt took?,,SELECT T2.college FROM member AS T1 INNER JOIN major AS T2 ON T1.link_to_major = T2.major_id WHERE T1.first_name = 'Tyler' AND T1.last_name = 'Hewitt',simple,"['member', 'major']",SELECT college FROM cluster38_major_join_member WHERE first_name = 'Tyler' AND last_name = 'Hewitt',SELECT T2.college FROM Club_Members AS T1 INNER JOIN Club_Majors AS T2 ON T1.major_id = T2.major_id WHERE T1.first_name = 'Tyler' AND T1.last_name = 'Hewitt',"['Club_Members', 'Club_Majors']",SELECT T2.college FROM workload_updated_cluster38_Club_Majors_join_Club_Members AS T2 WHERE first_name = 'Tyler' AND last_name = 'Hewitt'
1332,student_club,How much did the Student_Club members spend on food in September Meeting?,amount spent refers to spent; spend on food in September Meeting refers to category = 'Food' where event_name = 'September Meeting',"SELECT T2.spent FROM event AS T1 INNER JOIN budget AS T2 ON T1.event_id = T2.link_to_event WHERE T1.event_name = 'September Meeting' AND T2.category = 'Food' AND SUBSTR(T1.event_date, 6, 2) = '09'",moderate,"['budget', 'event']","SELECT spent FROM cluster39_budget_join_event WHERE event_name = 'September Meeting' AND category = 'Food' AND SUBSTR(event_date, 6, 2) = '09'","SELECT T2.amount_spent FROM Club_Events AS T1 INNER JOIN Club_Budgets AS T2 ON T1.event_id = T2.link_to_event WHERE T1.event_name = 'September Meeting' AND T2.budget_category = 'Food' AND SUBSTR(T1.event_date, 6, 2) = '09'","['Club_Events', 'Club_Budgets']","SELECT T2.amount_spent FROM workload_updated_cluster39_Club_Budgets_join_Club_Events AS T2 WHERE event_name = 'September Meeting' AND budget_category = 'Food' AND SUBSTR(event_date, 6, 2) = '09'"
1334,student_club,List the full name of the Student_Club members that grew up in Illinois state.,"full name of member refers to first_name, last_name","SELECT T1.first_name, T1.last_name FROM member AS T1 INNER JOIN zip_code AS T2 ON T1.zip = T2.zip_code WHERE T2.state = 'Illinois'",simple,"['zip_code', 'member']","SELECT first_name, last_name FROM cluster40_member_join_zip_code WHERE state = 'Illinois'","SELECT T1.first_name, T1.last_name FROM Club_Members AS T1 INNER JOIN Club_Zips AS T2 ON T1.zip_code = T2.zip_code WHERE T2.state = 'Illinois'","['Club_Zips', 'Club_Members']","SELECT T1.first_name, T1.last_name FROM Club_Members AS T1 INNER JOIN Club_Zips AS T2 ON T1.zip_code = T2.zip_code WHERE T2.state = 'Illinois'"
1336,student_club,What department offers the major that Pierce and Guidi took?,,SELECT T2.department FROM member AS T1 INNER JOIN major AS T2 ON T1.link_to_major = T2.major_id WHERE T1.last_name = 'Pierce' OR T1.last_name = 'Guidi',simple,"['member', 'major']",SELECT department FROM cluster38_major_join_member WHERE last_name = 'Pierce' OR last_name = 'Guidi',SELECT T2.department FROM Club_Members AS T1 INNER JOIN Club_Majors AS T2 ON T1.major_id = T2.major_id WHERE T1.last_name = 'Pierce' OR T1.last_name = 'Guidi',"['Club_Members', 'Club_Majors']",SELECT T2.department FROM workload_updated_cluster38_Club_Majors_join_Club_Members AS T2 WHERE last_name = 'Pierce' OR last_name = 'Guidi'
1337,student_club,"What is the total budgeted amount for all category in ""October Speaker"" event?",total budgeted amount refers to SUM(amount) where event_name = 'October Speaker',SELECT SUM(T2.amount) FROM event AS T1 INNER JOIN budget AS T2 ON T1.event_id = T2.link_to_event WHERE T1.event_name = 'October Speaker',simple,"['budget', 'event']",SELECT SUM(amount) FROM cluster39_budget_join_event WHERE event_name = 'October Speaker',SELECT SUM(T2.budgeted_amount) FROM Club_Events AS T1 INNER JOIN Club_Budgets AS T2 ON T1.event_id = T2.link_to_event WHERE T1.event_name = 'October Speaker',"['Club_Events', 'Club_Budgets']",SELECT SUM(T2.budgeted_amount) FROM workload_updated_cluster39_Club_Budgets_join_Club_Events AS T2 WHERE event_name = 'October Speaker'
1339,student_club,Calculate the total average cost that Elijah Allen spent in the events on September and October.,events in September and October refers to month(expense_date) = 9 AND MONTH(expense_date) = 10,"SELECT AVG(T2.cost) FROM member AS T1 INNER JOIN expense AS T2 ON T1.member_id = T2.link_to_member WHERE T1.last_name = 'Allen' AND T1.first_name = 'Elijah' AND (SUBSTR(T2.expense_date, 6, 2) = '09' OR SUBSTR(T2.expense_date, 6, 2) = '10')",challenging,"['expense', 'member']","SELECT AVG(cost) FROM cluster41_expense_join_member WHERE last_name = 'Allen' AND first_name = 'Elijah' AND (SUBSTR(expense_date, 6, 2) = '09' OR SUBSTR(expense_date, 6, 2) = '10')","SELECT AVG(T2.cost) FROM Club_Members AS T1 INNER JOIN Club_Expenses AS T2 ON T1.member_id = T2.link_to_member WHERE T1.last_name = 'Allen' AND T1.first_name = 'Elijah' AND (SUBSTR(T2.expense_date, 6, 2) = '09' OR SUBSTR(T2.expense_date, 6, 2) = '10')","['Club_Expenses', 'Club_Members']","SELECT AVG(T2.cost) FROM workload_updated_cluster41_Club_Expenses_join_Club_Members AS T2 WHERE last_name = 'Allen' AND first_name = 'Elijah' AND (SUBSTR(expense_date, 6, 2) = '09' OR SUBSTR(expense_date, 6, 2) = '10')"
1341,student_club,"Give the location for ""Spring Budget Review"".",'Spring Budget Review' is an event name;,SELECT location FROM event WHERE event_name = 'Spring Budget Review',simple,['event'],SELECT location FROM event WHERE event_name = 'Spring Budget Review',SELECT event_location FROM Club_Events WHERE event_name = 'Spring Budget Review',['Club_Events'],SELECT event_location FROM Club_Events WHERE event_name = 'Spring Budget Review'
1342,student_club,"What was the cost for the ""Posters"" on 2019/9/4?",'Poster' is an event description; on 2019/9/14 refers to event_date = '2019-09-04',SELECT cost FROM expense WHERE expense_description = 'Posters' AND expense_date = '2019-09-04',simple,['expense'],SELECT cost FROM expense WHERE expense_description = 'Posters' AND expense_date = '2019-09-04',SELECT cost FROM Club_Expenses WHERE expense_description = 'Posters' AND expense_date = '2019-09-04',['Club_Expenses'],SELECT cost FROM Club_Expenses WHERE expense_description = 'Posters' AND expense_date = '2019-09-04'
1345,student_club,"How many majors are there in ""College of Humanities and Social Sciences""?",,SELECT COUNT(major_name) FROM major WHERE college = 'College of Humanities and Social Sciences',simple,['major'],SELECT COUNT(major_name) FROM major WHERE college = 'College of Humanities and Social Sciences',SELECT COUNT(major_name) FROM Club_Majors WHERE college = 'College of Humanities and Social Sciences',['Club_Majors'],SELECT COUNT(major_name) FROM Club_Majors WHERE college = 'College of Humanities and Social Sciences'
1347,student_club,"Tell the hometown county for ""Adela O'Gallagher"".",hometown county refers to county,SELECT T2.county FROM member AS T1 INNER JOIN zip_code AS T2 ON T1.zip = T2.zip_code WHERE T1.first_name = 'Adela' AND T1.last_name = 'O''Gallagher',simple,"['zip_code', 'member']",SELECT county FROM cluster40_member_join_zip_code WHERE first_name = 'Adela' AND last_name = 'O''Gallagher',SELECT T2.county FROM Club_Members AS T1 INNER JOIN Club_Zips AS T2 ON T1.zip_code = T2.zip_code WHERE T1.first_name = 'Adela' AND T1.last_name = 'O''Gallagher',"['Club_Zips', 'Club_Members']",SELECT T2.county FROM Club_Members AS T1 INNER JOIN Club_Zips AS T2 ON T1.zip_code = T2.zip_code WHERE T1.first_name = 'Adela' AND T1.last_name = 'O''Gallagher'
1348,student_club,"For all the budgets for ""November Meeting"", how many of them had exceeded the budget?",'November Meeting' is an event name; remaining < 0 means the cost had exceeded the budget,SELECT COUNT(T2.event_id) FROM budget AS T1 INNER JOIN event AS T2 ON T1.link_to_event = T2.event_id WHERE T2.event_name = 'November Meeting' AND T1.remaining < 0,simple,"['budget', 'event']",SELECT COUNT(event_id) FROM cluster39_budget_join_event WHERE event_name = 'November Meeting' AND remaining < 0,SELECT COUNT(T2.event_id) FROM Club_Budgets AS T1 INNER JOIN Club_Events AS T2 ON T1.link_to_event = T2.event_id WHERE T2.event_name = 'November Meeting' AND T1.amount_remaining < 0,"['Club_Events', 'Club_Budgets']",SELECT COUNT(T2.event_id) FROM workload_updated_cluster39_Club_Budgets_join_Club_Events AS T2 WHERE event_name = 'November Meeting' AND amount_remaining < 0
1349,student_club,"Provide the total number of the budget amount for ""September Speaker"" event.",'September Speaker' is an event name; total number of budget amount refers to SUM(amount),SELECT SUM(T1.amount) FROM budget AS T1 INNER JOIN event AS T2 ON T1.link_to_event = T2.event_id WHERE T2.event_name = 'September Speaker',simple,"['budget', 'event']",SELECT SUM(amount) FROM cluster39_budget_join_event WHERE event_name = 'September Speaker',SELECT SUM(T1.budgeted_amount) FROM Club_Budgets AS T1 INNER JOIN Club_Events AS T2 ON T1.link_to_event = T2.event_id WHERE T2.event_name = 'September Speaker',"['Club_Events', 'Club_Budgets']",SELECT SUM(T1.budgeted_amount) FROM workload_updated_cluster39_Club_Budgets_join_Club_Events AS T1 WHERE event_name = 'September Speaker'
1352,student_club,"For all the club members from ""Human Development and Family Studies"" major, how many of them wear large size t-shirt?",'Human Development and Family Studies' is a major name; wear large size t-shirt refers to t_shirt_size = 'Large',SELECT COUNT(T1.member_id) FROM member AS T1 INNER JOIN major AS T2 ON T1.link_to_major = T2.major_id WHERE T2.major_name = 'Human Development AND Family Studies' AND T1.t_shirt_size = 'Large',moderate,"['member', 'major']",SELECT COUNT(member_id) FROM cluster38_major_join_member WHERE major_name = 'Human Development AND Family Studies' AND t_shirt_size = 'Large',SELECT COUNT(T1.member_id) FROM Club_Members AS T1 INNER JOIN Club_Majors AS T2 ON T1.major_id = T2.major_id WHERE T2.major_name = 'Human Development AND Family Studies' AND T1.t_shirt_size = 'Large',"['Club_Members', 'Club_Majors']",SELECT COUNT(T1.member_id) FROM workload_updated_cluster38_Club_Majors_join_Club_Members AS T1 WHERE major_name = 'Human Development AND Family Studies' AND t_shirt_size = 'Large'
1353,student_club,What's Christof Nielson's zip code type?,,SELECT T2.type FROM member AS T1 INNER JOIN zip_code AS T2 ON T1.zip = T2.zip_code WHERE T1.first_name = 'Christof' AND T1.last_name = 'Nielson',simple,"['zip_code', 'member']",SELECT type FROM cluster40_member_join_zip_code WHERE first_name = 'Christof' AND last_name = 'Nielson',SELECT T2.zip_type FROM Club_Members AS T1 INNER JOIN Club_Zips AS T2 ON T1.zip_code = T2.zip_code WHERE T1.first_name = 'Christof' AND T1.last_name = 'Nielson',"['Club_Zips', 'Club_Members']",SELECT T2.zip_type FROM workload_updated_cluster40_Club_Members_join_Club_Zips AS T2 WHERE first_name = 'Christof' AND last_name = 'Nielson'
1354,student_club,State the major name for the Vice President of the club.,'Vice President' is a position of Student Club,SELECT T2.major_name FROM member AS T1 INNER JOIN major AS T2 ON T1.link_to_major = T2.major_id WHERE T1.position = 'Vice President',simple,"['member', 'major']",SELECT major_name FROM cluster38_major_join_member WHERE position = 'Vice President',SELECT T2.major_name FROM Club_Members AS T1 INNER JOIN Club_Majors AS T2 ON T1.major_id = T2.major_id WHERE T1.club_role = 'Vice President',"['Club_Members', 'Club_Majors']",SELECT T2.major_name FROM workload_updated_cluster38_Club_Majors_join_Club_Members AS T2 WHERE club_role = 'Vice President'
1357,student_club,State the date Connor Hilton paid his/her dues.,date the dues was paid refers to received_date where source = 'Dues',SELECT T2.date_received FROM member AS T1 INNER JOIN income AS T2 ON T1.member_id = T2.link_to_member WHERE T1.first_name = 'Connor' AND T1.last_name = 'Hilton' AND T2.source = 'Dues',simple,"['income', 'member']",SELECT date_received FROM cluster63_income_join_member WHERE first_name = 'Connor' AND last_name = 'Hilton' AND source = 'Dues',SELECT T2.date_received FROM Club_Members AS T1 INNER JOIN Club_Income AS T2 ON T1.member_id = T2.link_to_member WHERE T1.first_name = 'Connor' AND T1.last_name = 'Hilton' AND T2.source = 'Dues',"['Club_Income', 'Club_Members']",SELECT T2.date_received FROM workload_updated_cluster63_Club_Income_join_Club_Members AS T2 WHERE first_name = 'Connor' AND last_name = 'Hilton' AND source = 'Dues'
1359,student_club,"How many times was the budget in Advertisement for ""Yearly Kickoff"" meeting more than ""October Meeting""?","DIVIDE(SUM(amount where category = 'Advertisement' and event_name = 'Yearly Kickoff'), SUM(amount event_name = 'October Meeting' and category = 'Advertisement'))",SELECT CAST(SUM(CASE WHEN T2.event_name = 'Yearly Kickoff' THEN T1.amount ELSE 0 END) AS REAL) / SUM(CASE WHEN T2.event_name = 'October Meeting' THEN T1.amount ELSE 0 END) FROM budget AS T1 INNER JOIN event AS T2 ON T1.link_to_event = T2.event_id WHERE T1.category = 'Advertisement' AND T2.type = 'Meeting',challenging,"['budget', 'event']",SELECT CAST(SUM(CASE WHEN event_name = 'Yearly Kickoff' THEN amount ELSE 0 END) AS REAL) / SUM(CASE WHEN event_name = 'October Meeting' THEN amount ELSE 0 END) FROM cluster39_budget_join_event WHERE category = 'Advertisement' AND type = 'Meeting',SELECT CAST(SUM(CASE WHEN T2.event_name = 'Yearly Kickoff' THEN T1.budgeted_amount ELSE 0 END) AS REAL) / SUM(CASE WHEN T2.event_name = 'October Meeting' THEN T1.budgeted_amount ELSE 0 END) FROM Club_Budgets AS T1 INNER JOIN Club_Events AS T2 ON T1.link_to_event = T2.event_id WHERE T1.budget_category = 'Advertisement' AND T2.event_type = 'Meeting',"['Club_Events', 'Club_Budgets']",SELECT CAST(SUM(CASE WHEN T2.event_name = 'Yearly Kickoff' THEN T1.budgeted_amount ELSE 0 END) AS REAL) / SUM(CASE WHEN T2.event_name = 'October Meeting' THEN T1.budgeted_amount ELSE 0 END) FROM Club_Budgets AS T1 INNER JOIN Club_Events AS T2 ON T1.link_to_event = T2.event_id WHERE T1.budget_category = 'Advertisement' AND T2.event_type = 'Meeting'
1361,student_club,What is the total cost of the pizzas for all the events?,total cost of the pizzas refers to SUM(cost) where expense_description = 'Pizza',SELECT SUM(cost) FROM expense WHERE expense_description = 'Pizza',simple,['expense'],SELECT SUM(cost) FROM expense WHERE expense_description = 'Pizza',SELECT SUM(cost) FROM Club_Expenses WHERE expense_description = 'Pizza',['Club_Expenses'],SELECT SUM(cost) FROM Club_Expenses WHERE expense_description = 'Pizza'
1362,student_club,"How many cities are there in Orange County, Virginia?","Orange County is the county, Virginia is the state",SELECT COUNT(city) FROM zip_code WHERE county = 'Orange County' AND state = 'Virginia',simple,['zip_code'],SELECT COUNT(city) FROM zip_code WHERE county = 'Orange County' AND state = 'Virginia',SELECT COUNT(city) FROM Club_Zips WHERE county = 'Orange County' AND state = 'Virginia',['Club_Zips'],SELECT COUNT(city) FROM Club_Zips WHERE county = 'Orange County' AND state = 'Virginia'
1363,student_club,List all of the College of Humanities and Social Sciences' departments.,,SELECT department FROM major WHERE college = 'College of Humanities and Social Sciences',simple,['major'],SELECT department FROM major WHERE college = 'College of Humanities and Social Sciences',SELECT department FROM Club_Majors WHERE college = 'College of Humanities and Social Sciences',['Club_Majors'],SELECT department FROM Club_Majors WHERE college = 'College of Humanities and Social Sciences'
1366,student_club,"List all the members who attended the event ""October Meeting"".",'October Meeting' is an event name;,SELECT DISTINCT T3.member_id FROM event AS T1 INNER JOIN attendance AS T2 ON T1.event_id = T2.link_to_event INNER JOIN member AS T3 ON T2.link_to_member = T3.member_id WHERE T1.event_name = 'October Meeting',simple,"['attendance', 'member', 'event']",SELECT DISTINCT member_id FROM cluster62_attendance_join_event_join_member WHERE event_name = 'October Meeting',SELECT DISTINCT T3.member_id FROM Club_Events AS T1 INNER JOIN Club_Attendance AS T2 ON T1.event_id = T2.link_to_event INNER JOIN Club_Members AS T3 ON T2.link_to_member = T3.member_id WHERE T1.event_name = 'October Meeting',"['Club_Events', 'Club_Members', 'Club_Attendance']",SELECT DISTINCT T3.member_id FROM workload_updated_cluster62_Club_Attendance_join_Club_Events_join_Club_Members AS T3 WHERE event_name = 'October Meeting'
1367,student_club,Which college do most of the members go to?,college most members go refers to MAX(COUNT(major.college)),SELECT T2.college FROM member AS T1 INNER JOIN major AS T2 ON T1.link_to_major = T2.major_id GROUP BY T2.major_id ORDER BY COUNT(T2.college) DESC LIMIT 1,simple,"['member', 'major']",SELECT college FROM cluster38_major_join_member GROUP BY major_major_id ORDER BY COUNT(college) DESC LIMIT 1,SELECT T2.college FROM Club_Members AS T1 INNER JOIN Club_Majors AS T2 ON T1.major_id = T2.major_id GROUP BY T2.major_id ORDER BY COUNT(T2.college) DESC LIMIT 1,"['Club_Members', 'Club_Majors']",SELECT T2.college FROM workload_updated_cluster38_Club_Majors_join_Club_Members AS T2 GROUP BY major_id ORDER BY COUNT(college) DESC LIMIT 1
1369,student_club,Which event has the highest budget amount?,event refers to event_name; highest budget amount refers to MAX(amount),SELECT T2.event_name FROM budget AS T1 INNER JOIN event AS T2 ON T1.link_to_event = T2.event_id ORDER BY T1.amount DESC LIMIT 1,simple,"['budget', 'event']",SELECT event_name FROM cluster39_budget_join_event ORDER BY amount DESC LIMIT 1,SELECT T2.event_name FROM Club_Budgets AS T1 INNER JOIN Club_Events AS T2 ON T1.link_to_event = T2.event_id ORDER BY T1.budgeted_amount DESC LIMIT 1,"['Club_Events', 'Club_Budgets']",SELECT T2.event_name FROM workload_updated_cluster39_Club_Budgets_join_Club_Events AS T2 ORDER BY budgeted_amount DESC LIMIT 1
1370,student_club,List all the expenses incurred by the vice president.,expense refers to expense_description; 'Vice President' is a position of the Student Club,"SELECT T2.expense_id, T2.expense_description FROM member AS T1 INNER JOIN expense AS T2 ON T1.member_id = T2.link_to_member WHERE T1.position = 'Vice President'",simple,"['expense', 'member']","SELECT expense_id, expense_description FROM cluster41_expense_join_member WHERE position = 'Vice President'","SELECT T2.expense_id, T2.expense_description FROM Club_Members AS T1 INNER JOIN Club_Expenses AS T2 ON T1.member_id = T2.link_to_member WHERE T1.club_role = 'Vice President'","['Club_Expenses', 'Club_Members']","SELECT T2.expense_id, T2.expense_description FROM workload_updated_cluster41_Club_Expenses_join_Club_Members AS T2 WHERE club_role = 'Vice President'"
1372,student_club,"When did the member, Casey Mason, received the income?",when the income was received refers to date_received,SELECT T2.date_received FROM member AS T1 INNER JOIN income AS T2 ON T1.member_id = T2.link_to_member WHERE T1.first_name = 'Casey' AND T1.last_name = 'Mason',simple,"['income', 'member']",SELECT date_received FROM cluster63_income_join_member WHERE first_name = 'Casey' AND last_name = 'Mason',SELECT T2.date_received FROM Club_Members AS T1 INNER JOIN Club_Income AS T2 ON T1.member_id = T2.link_to_member WHERE T1.first_name = 'Casey' AND T1.last_name = 'Mason',"['Club_Income', 'Club_Members']",SELECT T2.date_received FROM workload_updated_cluster63_Club_Income_join_Club_Members AS T2 WHERE first_name = 'Casey' AND last_name = 'Mason'
1373,student_club,How many of the members' hometowns are from Maryland state?,,SELECT COUNT(T2.member_id) FROM zip_code AS T1 INNER JOIN member AS T2 ON T1.zip_code = T2.zip WHERE T1.state = 'Maryland',simple,"['zip_code', 'member']",SELECT COUNT(member_id) FROM cluster40_member_join_zip_code WHERE state = 'Maryland',SELECT COUNT(T2.member_id) FROM Club_Zips AS T1 INNER JOIN Club_Members AS T2 ON T1.zip_code = T2.zip_code WHERE T1.state = 'Maryland',"['Club_Zips', 'Club_Members']",SELECT COUNT(T2.member_id) FROM workload_updated_cluster40_Club_Members_join_Club_Zips AS T2 WHERE state = 'Maryland'
1374,student_club,"How many events did the member with the phone number ""954-555-6240"" attend?",,SELECT COUNT(T2.link_to_event) FROM member AS T1 INNER JOIN attendance AS T2 ON T1.member_id = T2.link_to_member WHERE T1.phone = '954-555-6240',simple,"['attendance', 'member']",SELECT COUNT(attendance_link_to_event) FROM cluster62_attendance_join_event_join_member WHERE phone = '954-555-6240',SELECT COUNT(T2.link_to_event) FROM Club_Members AS T1 INNER JOIN Club_Attendance AS T2 ON T1.member_id = T2.link_to_member WHERE T1.phone_number = '954-555-6240',"['Club_Members', 'Club_Attendance']",SELECT COUNT(T2.link_to_event) FROM workload_updated_cluster62_Club_Attendance_join_Club_Events_join_Club_Members AS T2 WHERE phone_number = '954-555-6240'
1375,student_club,"List all the members of the ""School of Applied Sciences, Technology and Education"" department.","list all members means to list all the full name; full name refers to first_name, last_name;","SELECT T1.first_name, T1.last_name FROM member AS T1 INNER JOIN major AS T2 ON T1.link_to_major = T2.major_id WHERE T2.department = 'School of Applied Sciences, Technology and Education'",moderate,"['member', 'major']","SELECT first_name, last_name FROM cluster38_major_join_member WHERE department = 'School of Applied Sciences, Technology and Education'","SELECT T1.first_name, T1.last_name FROM Club_Members AS T1 INNER JOIN Club_Majors AS T2 ON T1.major_id = T2.major_id WHERE T2.department = 'School of Applied Sciences, Technology and Education'","['Club_Members', 'Club_Majors']","SELECT T1.first_name, T1.last_name FROM workload_updated_cluster38_Club_Majors_join_Club_Members AS T1 WHERE department = 'School of Applied Sciences, Technology and Education'"
1376,student_club,"Among all the closed events, which event has the highest spend-to-budget ratio?","closed events refers to event_name where status = 'Closed'; highest spend-to budget ratio refers to MAX(DIVIDE(spent, amount))",SELECT T2.event_name FROM budget AS T1 INNER JOIN event AS T2 ON T1.link_to_event = T2.event_id WHERE T2.status = 'Closed' ORDER BY T1.spent / T1.amount DESC LIMIT 1,moderate,"['budget', 'event']",SELECT event_name FROM cluster39_budget_join_event WHERE event_status = 'Closed' ORDER BY spent / amount DESC LIMIT 1,SELECT T2.event_name FROM Club_Budgets AS T1 INNER JOIN Club_Events AS T2 ON T1.link_to_event = T2.event_id WHERE T2.event_status = 'Closed' ORDER BY T1.amount_spent / T1.budgeted_amount DESC LIMIT 1,"['Club_Events', 'Club_Budgets']",SELECT T2.event_name FROM workload_updated_cluster39_Club_Budgets_join_Club_Events AS T2 WHERE event_status = 'Closed' ORDER BY amount_spent / budgeted_amount DESC LIMIT 1
1377,student_club,How many student have the position of president?,'President' is a position of Student Club,SELECT COUNT(member_id) FROM member WHERE position = 'President',simple,['member'],SELECT COUNT(member_id) FROM member WHERE position = 'President',SELECT COUNT(member_id) FROM Club_Members WHERE club_role = 'President',['Club_Members'],SELECT COUNT(member_id) FROM Club_Members WHERE club_role = 'President'
1384,student_club,How many income generated by Grant Gilmour?,income generated refers to income.amount,SELECT T2.amount FROM member AS T1 INNER JOIN income AS T2 ON T1.member_id = T2.link_to_member WHERE T1.first_name = 'Grant' AND T1.last_name = 'Gilmour',simple,"['income', 'member']",SELECT amount FROM cluster63_income_join_member WHERE first_name = 'Grant' AND last_name = 'Gilmour',SELECT T2.amount FROM Club_Members AS T1 INNER JOIN Club_Income AS T2 ON T1.member_id = T2.link_to_member WHERE T1.first_name = 'Grant' AND T1.last_name = 'Gilmour',"['Club_Income', 'Club_Members']",SELECT T2.amount FROM workload_updated_cluster63_Club_Income_join_Club_Members AS T2 WHERE first_name = 'Grant' AND last_name = 'Gilmour'
1385,student_club,Which student was able to generate income more than $40?,"name of students means the full name; full name refers to first_name, last_name; generate income more than $50 refers to income.amount > 40","SELECT T1.first_name, T1.last_name FROM member AS T1 INNER JOIN income AS T2 ON T1.member_id = T2.link_to_member WHERE T2.amount > 40",simple,"['income', 'member']","SELECT first_name, last_name FROM cluster63_income_join_member WHERE amount > 40","SELECT T1.first_name, T1.last_name FROM Club_Members AS T1 INNER JOIN Club_Income AS T2 ON T1.member_id = T2.link_to_member WHERE T2.amount > 40","['Club_Income', 'Club_Members']","SELECT T1.first_name, T1.last_name FROM workload_updated_cluster63_Club_Income_join_Club_Members AS T1 WHERE amount > 40"
1386,student_club,What is the total expense for the Yearly Kickoff?,'Baseball game' is an event name; total expense refers to SUM(cost),SELECT SUM(T3.cost) FROM event AS T1 INNER JOIN budget AS T2 ON T1.event_id = T2.link_to_event INNER JOIN expense AS T3 ON T2.budget_id = T3.link_to_budget WHERE T1.event_name = 'Yearly Kickoff',simple,"['expense', 'budget', 'event']",SELECT SUM(T3.cost) FROM cluster39_budget_join_event AS T39 INNER JOIN expense AS T3 ON T39.budget_id = T3.link_to_budget WHERE T39.event_name = 'Yearly Kickoff',SELECT SUM(T3.cost) FROM Club_Events AS T1 INNER JOIN Club_Budgets AS T2 ON T1.event_id = T2.link_to_event INNER JOIN Club_Expenses AS T3 ON T2.budget_id = T3.link_to_budget WHERE T1.event_name = 'Yearly Kickoff',"['Club_Events', 'Club_Expenses', 'Club_Budgets']",SELECT SUM(T3.cost) FROM Club_Events AS T1 INNER JOIN Club_Budgets AS T2 ON T1.event_id = T2.link_to_event INNER JOIN Club_Expenses AS T3 ON T2.budget_id = T3.link_to_budget WHERE T1.event_name = 'Yearly Kickoff'
1389,student_club,Which event has the lowest cost?,event refers to event_name where MIN(cost),SELECT T1.event_name FROM event AS T1 INNER JOIN budget AS T2 ON T1.event_id = T2.link_to_event INNER JOIN expense AS T3 ON T2.budget_id = T3.link_to_budget ORDER BY T3.cost LIMIT 1,simple,"['expense', 'budget', 'event']",SELECT T39.event_name FROM cluster39_budget_join_event AS T39 INNER JOIN expense AS T3 ON T39.budget_id = T3.link_to_budget ORDER BY T3.cost LIMIT 1,SELECT T1.event_name FROM Club_Events AS T1 INNER JOIN Club_Budgets AS T2 ON T1.event_id = T2.link_to_event INNER JOIN Club_Expenses AS T3 ON T2.budget_id = T3.link_to_budget ORDER BY T3.cost LIMIT 1,"['Club_Events', 'Club_Expenses', 'Club_Budgets']",SELECT T1.event_name FROM Club_Events AS T1 INNER JOIN Club_Budgets AS T2 ON T1.event_id = T2.link_to_event INNER JOIN Club_Expenses AS T3 ON T2.budget_id = T3.link_to_budget ORDER BY T3.cost LIMIT 1
1390,student_club,"Based on the total cost for all event, what is the percentage of cost for Yearly Kickoff event?","DIVIDE(SUM(cost where event_name = 'Yearly Kickoff'), SUM(cost)) * 100",SELECT CAST(SUM(CASE WHEN T1.event_name = 'Yearly Kickoff' THEN T3.cost ELSE 0 END) AS REAL) * 100 / SUM(T3.cost) FROM event AS T1 INNER JOIN budget AS T2 ON T1.event_id = T2.link_to_event INNER JOIN expense AS T3 ON T2.budget_id = T3.link_to_budget,moderate,"['expense', 'budget', 'event']",SELECT CAST(SUM(CASE WHEN T39.event_name = 'Yearly Kickoff' THEN T3.cost ELSE 0 END) AS REAL) * 100 / SUM(T3.cost) FROM cluster39_budget_join_event AS T39 INNER JOIN expense AS T3 ON T39.budget_id = T3.link_to_budget,SELECT CAST(SUM(CASE WHEN T1.event_name = 'Yearly Kickoff' THEN T3.cost ELSE 0 END) AS REAL) * 100 / SUM(T3.cost) FROM Club_Events AS T1 INNER JOIN Club_Budgets AS T2 ON T1.event_id = T2.link_to_event INNER JOIN Club_Expenses AS T3 ON T2.budget_id = T3.link_to_budget,"['Club_Events', 'Club_Expenses', 'Club_Budgets']",SELECT CAST(SUM(CASE WHEN T1.event_name = 'Yearly Kickoff' THEN T3.cost ELSE 0 END) AS REAL) * 100 / SUM(T3.cost) FROM Club_Events AS T1 INNER JOIN Club_Budgets AS T2 ON T1.event_id = T2.link_to_event INNER JOIN Club_Expenses AS T3 ON T2.budget_id = T3.link_to_budget
1392,student_club,Indicate the top source of funds received in September 2019 based on their amount.,top source funds refers to MAX(source) where date_received BETWEEN '2019-09-01' and '2019-09-30',SELECT source FROM income WHERE date_received BETWEEN '2019-09-01' and '2019-09-30' ORDER BY source DESC LIMIT 1,simple,['income'],SELECT source FROM income WHERE date_received BETWEEN '2019-09-01' and '2019-09-30' ORDER BY source DESC LIMIT 1,SELECT source FROM Club_Income WHERE date_received BETWEEN '2019-09-01' and '2019-09-30' ORDER BY source DESC LIMIT 1,['Club_Income'],SELECT source FROM Club_Income WHERE date_received BETWEEN '2019-09-01' and '2019-09-30' ORDER BY source DESC LIMIT 1
1393,student_club,Provide the full name and email address of the Student_Club's Secretary.,"full name refers to first_name, last_name; 'Secretary' is a position of Student Club","SELECT first_name, last_name, email FROM member WHERE position = 'Secretary'",simple,['member'],"SELECT first_name, last_name, email FROM cluster38_major_join_member WHERE position = 'Secretary'","SELECT first_name, last_name, email_address FROM Club_Members WHERE club_role = 'Secretary'",['Club_Members'],"SELECT first_name, last_name, email_address FROM Club_Members WHERE club_role = 'Secretary'"
1394,student_club,How many members of the Student_Club have major in 'Physics Teaching'?,'Physics Teaching' is the major name;,SELECT COUNT(T2.member_id) FROM major AS T1 INNER JOIN member AS T2 ON T1.major_id = T2.link_to_major WHERE T1.major_name = 'Physics Teaching',simple,"['member', 'major']",SELECT COUNT(member_id) FROM cluster38_major_join_member WHERE major_name = 'Physics Teaching',SELECT COUNT(T2.member_id) FROM Club_Majors AS T1 INNER JOIN Club_Members AS T2 ON T1.major_id = T2.major_id WHERE T1.major_name = 'Physics Teaching',"['Club_Members', 'Club_Majors']",SELECT COUNT(T2.member_id) FROM Club_Majors AS T1 INNER JOIN Club_Members AS T2 ON T1.major_id = T2.major_id WHERE T1.major_name = 'Physics Teaching'
1396,student_club,Provide the number of events attended by Luisa Guidi. What is her major?,major refers to major_name;,"SELECT COUNT(T3.link_to_event), T1.major_name FROM major AS T1 INNER JOIN member AS T2 ON T1.major_id = T2.link_to_major INNER JOIN attendance AS T3 ON T2.member_id = T3.link_to_member WHERE T2.first_name = 'Luisa' AND T2.last_name = 'Guidi'",simple,"['attendance', 'member', 'major']","SELECT COUNT(attendance_link_to_event), major_name FROM cluster62_attendance_join_event_join_member AS T62 INNER JOIN major AS T2 ON T62.link_to_major = T2.major_id WHERE T62.first_name = 'Luisa' AND T62.last_name = 'Guidi'","SELECT COUNT(T3.link_to_event), T1.major_name FROM Club_Majors AS T1 INNER JOIN Club_Members AS T2 ON T1.major_id = T2.major_id INNER JOIN Club_Attendance AS T3 ON T2.member_id = T3.link_to_member WHERE T2.first_name = 'Luisa' AND T2.last_name = 'Guidi'","['Club_Members', 'Club_Attendance', 'Club_Majors']","SELECT COUNT(T3.link_to_event), T1.major_name FROM workload_updated_cluster38_Club_Majors_join_Club_Members AS T1 INNER JOIN Club_Attendance AS T3 ON T1.member_id = T3.link_to_member WHERE first_name = 'Luisa' AND last_name = 'Guidi'"
1397,student_club,"On average, how much did the Student_Club spend on food for the typical event in the past?","DIVIDE(SUM(spent), COUNT(spent)) where category = 'Food'; 'event in the past' means event_status = 'Closed'",SELECT SUM(spent) / COUNT(spent) FROM budget WHERE category = 'Food' AND event_status = 'Closed',simple,['budget'],SELECT SUM(spent) / COUNT(spent) FROM cluster39_budget_join_event WHERE category = 'Food' AND event_status = 'Closed',SELECT SUM(amount_spent) / COUNT(amount_spent) FROM Club_Budgets WHERE budget_category = 'Food' AND event_status = 'Closed',['Club_Budgets'],SELECT SUM(amount_spent) / COUNT(amount_spent) FROM Club_Budgets WHERE budget_category = 'Food' AND event_status = 'Closed'
1402,student_club,What is the most popular size of t-shirt ordered by the club members?,most popular size of t-shirt ordered refers to MAX(COUNT(t_shirt_size)),SELECT t_shirt_size FROM member GROUP BY t_shirt_size ORDER BY COUNT(t_shirt_size) DESC LIMIT 1,simple,['member'],SELECT t_shirt_size FROM cluster38_major_join_member GROUP BY t_shirt_size ORDER BY COUNT(t_shirt_size) DESC LIMIT 1,SELECT t_shirt_size FROM Club_Members GROUP BY t_shirt_size ORDER BY COUNT(t_shirt_size) DESC LIMIT 1,['Club_Members'],SELECT t_shirt_size FROM Club_Members GROUP BY t_shirt_size ORDER BY COUNT(t_shirt_size) DESC LIMIT 1
1405,student_club,Calculate the amount budgeted for 'April Speaker' event. List all the budgeted categories for said event in an ascending order based on their amount.,'April Speaker' is an event name; amount budgeted refers to budget; budget categories refers to category,"SELECT SUM(T2.amount), T2.category FROM event AS T1 INNER JOIN budget AS T2 ON T1.event_id = T2.link_to_event WHERE T1.event_name = 'April Speaker' ORDER BY T2.amount",moderate,"['budget', 'event']","SELECT SUM(T2.amount), T2.category FROM event AS T1 INNER JOIN budget AS T2 ON T1.event_id = T2.link_to_event WHERE T1.event_name = 'April Speaker' ORDER BY T2.amount","SELECT SUM(T2.budgeted_amount), T2.budget_category FROM Club_Events AS T1 INNER JOIN Club_Budgets AS T2 ON T1.event_id = T2.link_to_event WHERE T1.event_name = 'April Speaker' ORDER BY T2.budgeted_amount","['Club_Events', 'Club_Budgets']","SELECT SUM(T2.budgeted_amount), T2.budget_category FROM workload_updated_cluster39_Club_Budgets_join_Club_Events AS T2 WHERE event_name = 'April Speaker' ORDER BY budgeted_amount"
1406,student_club,"Among the budgets for Food, which one has the highest budgeted amount?",MAX(amount) where category = 'Food',SELECT budget_id FROM budget WHERE category = 'Food' AND amount = ( SELECT MAX(amount) FROM budget ),simple,['budget'],SELECT budget_id FROM budget WHERE category = 'Food' AND amount = ( SELECT MAX(amount) FROM budget ),SELECT budget_id FROM Club_Budgets WHERE budget_category = 'Food' AND budgeted_amount = ( SELECT MAX(budgeted_amount) FROM Club_Budgets ),['Club_Budgets'],SELECT budget_id FROM Club_Budgets WHERE budget_category = 'Food' AND budgeted_amount = ( SELECT MAX(budgeted_amount) FROM Club_Budgets )
1409,student_club,Mention the total expense used on 8/20/2019.,total expense refers SUM(cost) where expense_date = '2019-08-20',SELECT SUM(cost) FROM expense WHERE expense_date = '2019-08-20',simple,['expense'],SELECT SUM(cost) FROM cluster41_expense_join_member WHERE expense_date = '2019-08-20',SELECT SUM(cost) FROM Club_Expenses WHERE expense_date = '2019-08-20',['Club_Expenses'],SELECT SUM(cost) FROM Club_Expenses WHERE expense_date = '2019-08-20'
1411,student_club,State what kind of expenses that Sacha Harrison incurred?,kind of expenses refers to expense_description,SELECT T2.expense_description FROM member AS T1 INNER JOIN expense AS T2 ON T1.member_id = T2.link_to_member WHERE T1.first_name = 'Sacha' AND T1.last_name = 'Harrison',simple,"['expense', 'member']",SELECT expense_description FROM cluster41_expense_join_member WHERE first_name = 'Sacha' AND last_name = 'Harrison',SELECT T2.expense_description FROM Club_Members AS T1 INNER JOIN Club_Expenses AS T2 ON T1.member_id = T2.link_to_member WHERE T1.first_name = 'Sacha' AND T1.last_name = 'Harrison',"['Club_Expenses', 'Club_Members']",SELECT T2.expense_description FROM workload_updated_cluster41_Club_Expenses_join_Club_Members AS T2 WHERE first_name = 'Sacha' AND last_name = 'Harrison'
1413,student_club,Mention the zip code of member who incurred less than 50USD.,incurred less than 50USD refers to cost < 50,SELECT T1.zip FROM member AS T1 INNER JOIN expense AS T2 ON T1.member_id = T2.link_to_member WHERE T2.cost < 50,simple,"['expense', 'member']",SELECT zip FROM cluster41_expense_join_member WHERE cost < 50,SELECT T1.zip_code FROM Club_Members AS T1 INNER JOIN Club_Expenses AS T2 ON T1.member_id = T2.link_to_member WHERE T2.cost < 50,"['Club_Expenses', 'Club_Members']",SELECT T1.zip_code FROM workload_updated_cluster41_Club_Expenses_join_Club_Members AS T1 WHERE cost < 50
1414,student_club,State the name of major that Phillip Cullen has joined.,name of major refers to major_name,SELECT T1.major_name FROM major AS T1 INNER JOIN member AS T2 ON T1.major_id = T2.link_to_major WHERE T2.first_name = 'Phillip' AND T2.last_name = 'Cullen',simple,"['member', 'major']",SELECT major_name FROM cluster38_major_join_member WHERE first_name = 'Phillip' AND last_name = 'Cullen',SELECT T1.major_name FROM Club_Majors AS T1 INNER JOIN Club_Members AS T2 ON T1.major_id = T2.major_id WHERE T2.first_name = 'Phillip' AND T2.last_name = 'Cullen',"['Club_Members', 'Club_Majors']",SELECT T1.major_name FROM workload_updated_cluster38_Club_Majors_join_Club_Members AS T1 WHERE first_name = 'Phillip' AND last_name = 'Cullen'
1416,student_club,How many members of Business have the Medium size of tee shirt?,members of Economics refers to major_name = 'Business'; t_shirt_size = 'Medium',SELECT COUNT(T2.member_id) FROM major AS T1 INNER JOIN member AS T2 ON T1.major_id = T2.link_to_major WHERE T1.major_name = 'Business' AND T2.t_shirt_size = 'Medium',simple,"['member', 'major']",SELECT COUNT(member_id) FROM cluster38_major_join_member WHERE major_name = 'Business' AND t_shirt_size = 'Medium',SELECT COUNT(T2.member_id) FROM Club_Majors AS T1 INNER JOIN Club_Members AS T2 ON T1.major_id = T2.major_id WHERE T1.major_name = 'Business' AND T2.t_shirt_size = 'Medium',"['Club_Members', 'Club_Majors']",SELECT COUNT(T2.member_id) FROM workload_updated_cluster38_Club_Majors_join_Club_Members AS T2 WHERE major_name = 'Business' AND t_shirt_size = 'Medium'
1417,student_club,List out the type of events which have remaining budget more than 30 USD.,remaining budget more than 30 USD refers to remaining > 30,SELECT T1.type FROM event AS T1 INNER JOIN budget AS T2 ON T1.event_id = T2.link_to_event WHERE T2.remaining > 30,simple,"['budget', 'event']",SELECT type FROM cluster39_budget_join_event WHERE remaining > 30,SELECT T1.event_type FROM Club_Events AS T1 INNER JOIN Club_Budgets AS T2 ON T1.event_id = T2.link_to_event WHERE T2.amount_remaining > 30,"['Club_Events', 'Club_Budgets']",SELECT T1.event_type FROM workload_updated_cluster39_Club_Budgets_join_Club_Events AS T1 WHERE amount_remaining > 30
1419,student_club,What is the category of event which was taken place in 2020-03-24T12:00:00?,taken place in 2020-03-24T12:00:00 refers to event_date = '2020-03-24T12:00:00',SELECT T2.category FROM event AS T1 INNER JOIN budget AS T2 ON T1.event_id = T2.link_to_event WHERE T1.event_date = '2020-03-24T12:00:00',simple,"['budget', 'event']",SELECT category FROM cluster39_budget_join_event WHERE event_date = '2020-03-24T12:00:00',SELECT T2.budget_category FROM Club_Events AS T1 INNER JOIN Club_Budgets AS T2 ON T1.event_id = T2.link_to_event WHERE T1.event_date = '2020-03-24T12:00:00',"['Club_Events', 'Club_Budgets']",SELECT T2.budget_category FROM workload_updated_cluster39_Club_Budgets_join_Club_Events AS T2 WHERE event_date = '2020-03-24T12:00:00'
1427,student_club,What are the budget category of the events located at MU 215 and a guest speaker type with a 0 budget spent?,budget category refers to category; events located at refers to location; type = 'Guest Speaker'; 0 budget spent refers to spent = 0,"SELECT DISTINCT T2.category, T1.type FROM event AS T1 INNER JOIN budget AS T2 ON T1.event_id = T2.link_to_event WHERE T1.location = 'MU 215' AND T2.spent = 0 AND T1.type = 'Guest Speaker'",moderate,"['budget', 'event']","SELECT DISTINCT category, type FROM cluster39_budget_join_event WHERE location = 'MU 215' AND spent = 0 AND type = 'Guest Speaker'","SELECT DISTINCT T2.budget_category, T1.event_type FROM Club_Events AS T1 INNER JOIN Club_Budgets AS T2 ON T1.event_id = T2.link_to_event WHERE T1.event_location = 'MU 215' AND T2.amount_spent = 0 AND T1.event_type = 'Guest Speaker'","['Club_Events', 'Club_Budgets']","SELECT DISTINCT T2.budget_category, T1.event_type FROM Club_Events AS T1 INNER JOIN Club_Budgets AS T2 ON T1.event_id = T2.link_to_event WHERE T1.event_location = 'MU 215' AND T2.amount_spent = 0 AND T1.event_type = 'Guest Speaker'"
1428,student_club,List the city and state of members enrolled under electrical and computer engineering department.,'Electrical and Computer Engineering Department' is the department; members enrolled refers to position = 'Member',"SELECT city, state FROM member AS T1 INNER JOIN major AS T2 ON T2.major_id = T1.link_to_major INNER JOIN zip_code AS T3 ON T3.zip_code = T1.zip WHERE department = 'Electrical and Computer Engineering Department' AND position = 'Member'",moderate,"['zip_code', 'member', 'major']","SELECT city, state FROM cluster40_member_join_zip_code AS T40 INNER JOIN major AS T2 ON T40.link_to_major = T2.major_id WHERE T2.department = 'Electrical and Computer Engineering Department' AND T40.position = 'Member'","SELECT city, state FROM Club_Members AS T1 INNER JOIN Club_Majors AS T2 ON T2.major_id = T1.major_id INNER JOIN Club_Zips AS T3 ON T3.zip_code = T1.zip_code WHERE department = 'Electrical and Computer Engineering Department' AND club_role = 'Member'","['Club_Zips', 'Club_Members', 'Club_Majors']","SELECT city, state FROM workload_updated_cluster40_Club_Members_join_Club_Zips AS T1 INNER JOIN Club_Majors AS T2 ON T2.major_id = T1.major_id WHERE T2.department = 'Electrical and Computer Engineering Department' AND T1.club_role = 'Member'"
1431,student_club,List the last name of the members of the club that attended the women's soccer event.,members of the club refers to position = 'Member'; 'Women's Soccer' is event name;,SELECT T3.last_name FROM attendance AS T1 INNER JOIN event AS T2 ON T2.event_id = T1.link_to_event INNER JOIN member AS T3 ON T1.link_to_member = T3.member_id WHERE T2.event_name = 'Women''s Soccer' AND T3.position = 'Member',moderate,"['attendance', 'member', 'event']","SELECT last_name FROM cluster62_attendance_join_event_join_member WHERE event_name = ""Women's Soccer"" AND position = 'Member'",SELECT T3.last_name FROM Club_Attendance AS T1 INNER JOIN Club_Events AS T2 ON T2.event_id = T1.link_to_event INNER JOIN Club_Members AS T3 ON T1.link_to_member = T3.member_id WHERE T2.event_name = 'Women''s Soccer' AND T3.club_role = 'Member',"['Club_Events', 'Club_Members', 'Club_Attendance']",SELECT last_name FROM workload_updated_cluster62_Club_Attendance_join_Club_Events_join_Club_Members WHERE event_name = 'Women''s Soccer' AND club_role = 'Member'
1436,student_club,Please provide links to events for members who have paid more than 50 dollar.,have paid more than 50 dollar refers to cost > 50,SELECT DISTINCT T3.link_to_event FROM expense AS T1 INNER JOIN member AS T2 ON T1.link_to_member = T2.member_id INNER JOIN attendance AS T3 ON T2.member_id = T3.link_to_member WHERE T1.cost > 50,simple,"['attendance', 'expense', 'member']",SELECT DISTINCT T3.link_to_event FROM expense AS T1 INNER JOIN member AS T2 ON T1.link_to_member = T2.member_id INNER JOIN attendance AS T3 ON T2.member_id = T3.link_to_member WHERE T1.cost > 50,SELECT DISTINCT T3.link_to_event FROM Club_Expenses AS T1 INNER JOIN Club_Members AS T2 ON T1.link_to_member = T2.member_id INNER JOIN Club_Attendance AS T3 ON T2.member_id = T3.link_to_member WHERE T1.cost > 50,"['Club_Expenses', 'Club_Members', 'Club_Attendance']",SELECT DISTINCT T3.link_to_event FROM Club_Expenses AS T1 INNER JOIN Club_Members AS T2 ON T1.link_to_member = T2.member_id INNER JOIN Club_Attendance AS T3 ON T2.member_id = T3.link_to_member WHERE T1.cost > 50
1437,student_club,Which members who were approved from 1/10/2019 to 11/19/2019? Please identify the member who attended the event and the link to their event.,approved from 1/10/2019 to 11/19/2019 refers to approved = 'true' and expense_date BETWEEN '2019-01-10' and '2019-11-19',"SELECT DISTINCT T1.link_to_member, T3.link_to_event FROM expense AS T1 INNER JOIN member AS T2 ON T1.link_to_member = T2.member_id INNER JOIN attendance AS T3 ON T2.member_id = T3.link_to_member WHERE date(SUBSTR(T1.expense_date, 1, 10)) BETWEEN '2019-01-10' AND '2019-11-19' AND T1.approved = 'true'",challenging,"['attendance', 'expense', 'member']","SELECT DISTINCT T41.member_member_id, T_att.link_to_event FROM cluster41_expense_join_member AS T41 INNER JOIN attendance AS T_att ON T41.member_member_id = T_att.link_to_member WHERE DATE(SUBSTR(T41.expense_date, 1, 10)) BETWEEN '2019-01-10' AND '2019-11-19' AND T41.approved = 'true'","SELECT DISTINCT T1.link_to_member, T3.link_to_event FROM Club_Expenses AS T1 INNER JOIN Club_Members AS T2 ON T1.link_to_member = T2.member_id INNER JOIN Club_Attendance AS T3 ON T2.member_id = T3.link_to_member WHERE date(SUBSTR(T1.expense_date, 1, 10)) BETWEEN '2019-01-10' AND '2019-11-19' AND T1.is_approved = 'true'","['Club_Expenses', 'Club_Members', 'Club_Attendance']","SELECT DISTINCT member_id, link_to_event FROM workload_updated_cluster62_Club_Attendance_join_Club_Events_join_Club_Members AS T1 INNER JOIN Club_Expenses AS T2 ON T1.member_id = T2.link_to_member WHERE date(SUBSTR(T2.expense_date, 1, 10)) BETWEEN '2019-01-10' AND '2019-11-19' AND T2.is_approved = 'true'"
1438,student_club,"Please indicate the college of the person whose first name is Katy with the link to the major ""rec1N0upiVLy5esTO"".",,SELECT T2.college FROM member AS T1 INNER JOIN major AS T2 ON T2.major_id = T1.link_to_major WHERE T1.link_to_major = 'rec1N0upiVLy5esTO' AND T1.first_name = 'Katy',simple,"['member', 'major']",SELECT college FROM cluster38_major_join_member WHERE link_to_major = 'rec1N0upiVLy5esTO' AND first_name = 'Katy',SELECT T2.college FROM Club_Members AS T1 INNER JOIN Club_Majors AS T2 ON T2.major_id = T1.major_id WHERE T1.major_id = 'rec1N0upiVLy5esTO' AND T1.first_name = 'Katy',"['Club_Members', 'Club_Majors']",SELECT T2.college FROM Club_Members AS T1 INNER JOIN Club_Majors AS T2 ON T2.major_id = T1.major_id WHERE T1.major_id = 'rec1N0upiVLy5esTO' AND T1.first_name = 'Katy'
1439,student_club,Please list the phone numbers of the members who majored in business at the College of Agriculture and Applied Sciences.,'College of Agriculture and Applied Sciences' is the college; majored in business refers to major_name = 'Business'; phone numbers refers to phone,SELECT T1.phone FROM member AS T1 INNER JOIN major AS T2 ON T2.major_id = T1.link_to_major WHERE T2.major_name = 'Business' AND T2.college = 'College of Agriculture and Applied Sciences',moderate,"['member', 'major']",SELECT phone FROM cluster38_major_join_member WHERE major_name = 'Business' AND college = 'College of Agriculture and Applied Sciences',SELECT T1.phone_number FROM Club_Members AS T1 INNER JOIN Club_Majors AS T2 ON T2.major_id = T1.major_id WHERE T2.major_name = 'Business' AND T2.college = 'College of Agriculture and Applied Sciences',"['Club_Members', 'Club_Majors']",SELECT T1.phone_number FROM Club_Members AS T1 INNER JOIN Club_Majors AS T2 ON T2.major_id = T1.major_id WHERE T2.major_name = 'Business' AND T2.college = 'College of Agriculture and Applied Sciences'
1440,student_club,List emails of people who paid more than 20 dollars from 9/10/2019 to 11/19/2019.,expense_date BETWEEN '2019-09-10' and '2019-11-19'; cost > 20,"SELECT DISTINCT T1.email FROM member AS T1 INNER JOIN expense AS T2 ON T1.member_id = T2.link_to_member WHERE date(SUBSTR(T2.expense_date, 1, 10)) BETWEEN '2019-09-10' AND '2019-11-19' AND T2.cost > 20",moderate,"['expense', 'member']","SELECT DISTINCT email FROM cluster41_expense_join_member WHERE DATE(SUBSTR(expense_date, 1, 10)) BETWEEN '2019-09-10' AND '2019-11-19' AND cost > 20","SELECT DISTINCT T1.email_address FROM Club_Members AS T1 INNER JOIN Club_Expenses AS T2 ON T1.member_id = T2.link_to_member WHERE date(SUBSTR(T2.expense_date, 1, 10)) BETWEEN '2019-09-10' AND '2019-11-19' AND T2.cost > 20","['Club_Expenses', 'Club_Members']","SELECT DISTINCT email_address FROM workload_updated_cluster41_Club_Expenses_join_Club_Members WHERE date(SUBSTR(expense_date, 1, 10)) BETWEEN '2019-09-10' AND '2019-11-19' AND cost > 20"
1441,student_club,How many members have education major in the College of Education & Human Services?,'education' is the major name; 'Member' is a position of club;,SELECT COUNT(T1.member_id) FROM member AS T1 INNER JOIN major AS T2 ON T2.major_id = T1.link_to_major WHERE T1.position = 'Member' AND T2.major_name LIKE '%Education%' AND T2.college = 'College of Education & Human Services',moderate,"['member', 'major']",SELECT COUNT(member_id) FROM cluster38_major_join_member WHERE position = 'Member' AND major_name LIKE '%Education%' AND college = 'College of Education & Human Services',SELECT COUNT(T1.member_id) FROM Club_Members AS T1 INNER JOIN Club_Majors AS T2 ON T2.major_id = T1.major_id WHERE T1.club_role = 'Member' AND T2.major_name LIKE '%Education%' AND T2.college = 'College of Education & Human Services',"['Club_Members', 'Club_Majors']",SELECT COUNT(T1.member_id) FROM workload_updated_cluster38_Club_Majors_join_Club_Members AS T1 WHERE club_role = 'Member' AND major_name LIKE '%Education%' AND college = 'College of Education & Human Services'
1442,student_club,What is the percentage of the events that went over budget?,"went over budget refers to remaining < 0; percentage = DIVIDE(SUM(remaining < 0), COUNT(event_id)) * 100",SELECT CAST(SUM(CASE WHEN remaining < 0 THEN 1 ELSE 0 END) AS REAL) * 100 / COUNT(budget_id) FROM budget,simple,['budget'],SELECT CAST(SUM(CASE WHEN remaining < 0 THEN 1 ELSE 0 END) AS REAL) * 100 / COUNT(budget_id) FROM cluster39_budget_join_event,SELECT CAST(SUM(CASE WHEN amount_remaining < 0 THEN 1 ELSE 0 END) AS REAL) * 100 / COUNT(budget_id) FROM Club_Budgets,['Club_Budgets'],SELECT CAST(SUM(CASE WHEN amount_remaining < 0 THEN 1 ELSE 0 END) AS REAL) * 100 / COUNT(budget_id) FROM Club_Budgets
1443,student_club,"Give the event ID, location, and status of events conducted from November 2019 to March 2020.",event_date BETWEEN '2019-11-01' and '2020-03-31',"SELECT event_id, location, status FROM event WHERE date(SUBSTR(event_date, 1, 10)) BETWEEN '2019-11-01' AND '2020-03-31'",simple,['event'],"SELECT event_id, location, status FROM event WHERE DATE(SUBSTR(event_date, 1, 10)) BETWEEN '2019-11-01' AND '2020-03-31'","SELECT event_id, event_location, event_status FROM Club_Events WHERE date(SUBSTR(event_date, 1, 10)) BETWEEN '2019-11-01' AND '2020-03-31'",['Club_Events'],"SELECT event_id, event_location, event_status FROM Club_Events WHERE date(SUBSTR(event_date, 1, 10)) BETWEEN '2019-11-01' AND '2020-03-31'"
1446,student_club,Calculate the percentage of zip codes that are PO boxes.,"DIVIDE(SUM(type = 'PO Box'), COUNT(zip_code)) * 100",SELECT CAST(SUM(CASE WHEN type = 'PO box' THEN 1 ELSE 0 END) AS REAL) * 100 / COUNT(zip_code) FROM zip_code,simple,['zip_code'],SELECT CAST(SUM(CASE WHEN type = 'PO box' THEN 1 ELSE 0 END) AS REAL) * 100 / COUNT(zip_code_zip_code) FROM cluster40_member_join_zip_code,SELECT CAST(SUM(CASE WHEN zip_type = 'PO box' THEN 1 ELSE 0 END) AS REAL) * 100 / COUNT(zip_code) FROM Club_Zips,['Club_Zips'],SELECT CAST(SUM(CASE WHEN zip_type = 'PO box' THEN 1 ELSE 0 END) AS REAL) * 100 / COUNT(zip_code) FROM Club_Zips
1447,student_club,List the name and location of events that underspend its budget.,name of event refers to event_name; underspend its budget refers to remaining > 0,"SELECT DISTINCT T1.event_name, T1.location FROM event AS T1 INNER JOIN budget AS T2 ON T1.event_id = T2.link_to_event WHERE T2.remaining > 0",simple,"['budget', 'event']","SELECT DISTINCT event_name, location FROM cluster39_budget_join_event WHERE remaining > 0","SELECT DISTINCT T1.event_name, T1.event_location FROM Club_Events AS T1 INNER JOIN Club_Budgets AS T2 ON T1.event_id = T2.link_to_event WHERE T2.amount_remaining > 0","['Club_Events', 'Club_Budgets']","SELECT DISTINCT event_name, event_location FROM workload_updated_cluster39_Club_Budgets_join_Club_Events WHERE amount_remaining > 0"
1448,student_club,Find the name and date of events with expenses for pizza that were more than fifty dollars but less than a hundred dollars.,name of event refers to event_name; date of event refers to event_date; expenses for pizza refers to expense_description = 'Pizza' where cost > 50 and cost < 100,"SELECT T1.event_name, T1.event_date FROM event AS T1 INNER JOIN budget AS T2 ON T1.event_id = T2.link_to_event INNER JOIN expense AS T3 ON T2.budget_id = T3.link_to_budget WHERE T3.expense_description = 'Pizza' AND T3.cost > 50 AND T3.cost < 100",challenging,"['expense', 'budget', 'event']","SELECT event_name, event_date FROM cluster39_budget_join_event AS T39 INNER JOIN expense AS T_exp ON T39.budget_id = T_exp.link_to_budget WHERE T_exp.expense_description = 'Pizza' AND T_exp.cost > 50 AND T_exp.cost < 100","SELECT T1.event_name, T1.event_date FROM Club_Events AS T1 INNER JOIN Club_Budgets AS T2 ON T1.event_id = T2.link_to_event INNER JOIN Club_Expenses AS T3 ON T2.budget_id = T3.link_to_budget WHERE T3.expense_description = 'Pizza' AND T3.cost > 50 AND T3.cost < 100","['Club_Events', 'Club_Expenses', 'Club_Budgets']","SELECT T1.event_name, T1.event_date FROM Club_Events AS T1 INNER JOIN Club_Budgets AS T2 ON T1.event_id = T2.link_to_event INNER JOIN Club_Expenses AS T3 ON T2.budget_id = T3.link_to_budget WHERE T3.expense_description = 'Pizza' AND T3.cost > 50 AND T3.cost < 100"
1450,student_club,"In the events with more than forty incomes, list the city and country in which the event is happening.",more than fifty incomes refers to income > 40,"SELECT DISTINCT T3.city, T3.county FROM income AS T1 INNER JOIN member AS T2 ON T1.link_to_member = T2.member_id INNER JOIN zip_code AS T3 ON T3.zip_code = T2.zip WHERE T1.amount > 40",simple,"['income', 'zip_code', 'member']","SELECT DISTINCT city, county FROM cluster63_income_join_member AS T63 INNER JOIN zip_code AS T_zip ON T63.zip = T_zip.zip_code WHERE T63.amount > 40","SELECT DISTINCT T3.city, T3.county FROM Club_Income AS T1 INNER JOIN Club_Members AS T2 ON T1.link_to_member = T2.member_id INNER JOIN Club_Zips AS T3 ON T3.zip_code = T2.zip_code WHERE T1.amount > 40","['Club_Zips', 'Club_Income', 'Club_Members']","SELECT DISTINCT city, county FROM workload_updated_cluster63_Club_Income_join_Club_Members AS T1 INNER JOIN Club_Zips AS T2 ON T1.zip_code = T2.zip_code WHERE T1.amount > 40"
1451,student_club,"Among the members who incurred expenses in more than one event, who paid the most amount?",paid the most amount refers to for expense incurred in more than one event refers to MAX(cost where COUNT(event_id) > 1),SELECT T2.member_id FROM expense AS T1 INNER JOIN member AS T2 ON T1.link_to_member = T2.member_id INNER JOIN budget AS T3 ON T1.link_to_budget = T3.budget_id INNER JOIN event AS T4 ON T3.link_to_event = T4.event_id GROUP BY T2.member_id HAVING COUNT(DISTINCT T4.event_id) > 1 ORDER BY SUM(T1.cost) DESC LIMIT 1,challenging,"['expense', 'budget', 'member', 'event']",SELECT member_member_id FROM cluster41_expense_join_member AS T41 INNER JOIN cluster62_attendance_join_event_join_member AS T62 ON T41.member_member_id = T62.member_id GROUP BY member_member_id HAVING COUNT(DISTINCT T62.event_id) > 1 ORDER BY SUM(T41.cost) DESC LIMIT 1,SELECT T2.member_id FROM Club_Expenses AS T1 INNER JOIN Club_Members AS T2 ON T1.link_to_member = T2.member_id INNER JOIN Club_Budgets AS T3 ON T1.link_to_budget = T3.budget_id INNER JOIN Club_Events AS T4 ON T3.link_to_event = T4.event_id GROUP BY T2.member_id HAVING COUNT(DISTINCT T4.event_id) > 1 ORDER BY SUM(T1.cost) DESC LIMIT 1,"['Club_Events', 'Club_Expenses', 'Club_Members', 'Club_Budgets']",SELECT T2.member_id FROM Club_Expenses AS T1 INNER JOIN Club_Members AS T2 ON T1.link_to_member = T2.member_id INNER JOIN Club_Budgets AS T3 ON T1.link_to_budget = T3.budget_id INNER JOIN Club_Events AS T4 ON T3.link_to_event = T4.event_id GROUP BY T2.member_id HAVING COUNT(DISTINCT T4.event_id) > 1 ORDER BY SUM(T1.cost) DESC LIMIT 1
1455,student_club,"Which budget allowed the most money for water, chips, and cookies?","budget allowed refers to expense_description; expense_description = 'Water, chips, cookies'; most money refers to MAX(cost)","SELECT T2.budget_id FROM expense AS T1 INNER JOIN budget AS T2 ON T1.link_to_budget = T2.budget_id WHERE T1.expense_description = 'Water, chips, cookies' ORDER BY T1.cost DESC LIMIT 1",moderate,"['expense', 'budget']","SELECT budget_id FROM cluster41_expense_join_member AS T41 INNER JOIN budget AS T_bud ON T41.link_to_budget = T_bud.budget_id WHERE T41.expense_description = 'Water, chips, cookies' ORDER BY T41.cost DESC LIMIT 1","SELECT T2.budget_id FROM Club_Expenses AS T1 INNER JOIN Club_Budgets AS T2 ON T1.link_to_budget = T2.budget_id WHERE T1.expense_description = 'Water, chips, cookies' ORDER BY T1.cost DESC LIMIT 1","['Club_Expenses', 'Club_Budgets']","SELECT T2.budget_id FROM Club_Expenses AS T1 INNER JOIN Club_Budgets AS T2 ON T1.link_to_budget = T2.budget_id WHERE T1.expense_description = 'Water, chips, cookies' ORDER BY T1.cost DESC LIMIT 1"
1456,student_club,List the full name of the top five members who spend the most money in the descending order of spending.,"full name refers to first_name, last_name; spend the most money refers to MAX(expense.cost)","SELECT T3.first_name, T3.last_name FROM expense AS T1 INNER JOIN budget AS T2 ON T1.link_to_budget = T2.budget_id INNER JOIN member AS T3 ON T1.link_to_member = T3.member_id ORDER BY T2.spent DESC LIMIT 5",moderate,"['expense', 'budget', 'member']","SELECT first_name, last_name FROM cluster41_expense_join_member AS T41 INNER JOIN budget AS T_bud ON T41.link_to_budget = T_bud.budget_id ORDER BY T_bud.spent DESC LIMIT 5","SELECT T3.first_name, T3.last_name FROM Club_Expenses AS T1 INNER JOIN Club_Budgets AS T2 ON T1.link_to_budget = T2.budget_id INNER JOIN Club_Members AS T3 ON T1.link_to_member = T3.member_id ORDER BY T2.amount_spent DESC LIMIT 5","['Club_Expenses', 'Club_Members', 'Club_Budgets']","SELECT T3.first_name, T3.last_name FROM Club_Expenses AS T1 INNER JOIN Club_Budgets AS T2 ON T1.link_to_budget = T2.budget_id INNER JOIN Club_Members AS T3 ON T1.link_to_member = T3.member_id ORDER BY T2.amount_spent DESC LIMIT 5"
1458,student_club,Calculate the difference in the percentage of members in Maine and Vermont.,"SUBTRACT( DIVIDE( SUM(state = 'Maine'), COUNT(position = 'Member')), DIVIDE( SUM(state = 'Vermont'), COUNT(position = 'Member')) )",SELECT CAST((SUM(CASE WHEN T2.state = 'Maine' THEN 1 ELSE 0 END) - SUM(CASE WHEN T2.state = 'Vermont' THEN 1 ELSE 0 END)) AS REAL) * 100 / COUNT(T1.member_id) AS diff FROM member AS T1 INNER JOIN zip_code AS T2 ON T2.zip_code = T1.zip,moderate,"['zip_code', 'member']",SELECT CAST((SUM(CASE WHEN state = 'Maine' THEN 1 ELSE 0 END) - SUM(CASE WHEN state = 'Vermont' THEN 1 ELSE 0 END)) AS REAL) * 100 / COUNT(member_id) FROM cluster40_member_join_zip_code,SELECT CAST((SUM(CASE WHEN T2.state = 'Maine' THEN 1 ELSE 0 END) - SUM(CASE WHEN T2.state = 'Vermont' THEN 1 ELSE 0 END)) AS REAL) * 100 / COUNT(T1.member_id) AS diff FROM Club_Members AS T1 INNER JOIN Club_Zips AS T2 ON T2.zip_code = T1.zip_code,"['Club_Zips', 'Club_Members']",SELECT CAST((SUM(CASE WHEN state = 'Maine' THEN 1 ELSE 0 END) - SUM(CASE WHEN state = 'Vermont' THEN 1 ELSE 0 END)) AS REAL) * 100 / COUNT(member_id) FROM workload_updated_cluster40_Club_Members_join_Club_Zips
1459,student_club,What is the major of Garrett Gerke and which department does it belong to?,major refers to major name;,"SELECT T2.major_name, T2.department FROM member AS T1 INNER JOIN major AS T2 ON T2.major_id = T1.link_to_major WHERE T1.first_name = 'Garrett' AND T1.last_name = 'Gerke'",simple,"['member', 'major']","SELECT major_name, department FROM cluster38_major_join_member WHERE first_name = 'Garrett' AND last_name = 'Gerke'","SELECT T2.major_name, T2.department FROM Club_Members AS T1 INNER JOIN Club_Majors AS T2 ON T2.major_id = T1.major_id WHERE T1.first_name = 'Garrett' AND T1.last_name = 'Gerke'","['Club_Members', 'Club_Majors']","SELECT T2.major_name, T2.department FROM workload_updated_cluster38_Club_Majors_join_Club_Members AS T2 WHERE first_name = 'Garrett' AND last_name = 'Gerke'"
1461,student_club,List the last names of students under the Elementary Education major and include their phone numbers.,'Elementary Education' is the major name; phone numbers refers to phone,"SELECT T1.last_name, T1.phone FROM member AS T1 INNER JOIN major AS T2 ON T2.major_id = T1.link_to_major WHERE T2.major_name = 'Elementary Education'",simple,"['member', 'major']","SELECT last_name, phone FROM cluster38_major_join_member WHERE major_name = 'Elementary Education'","SELECT T1.last_name, T1.phone_number FROM Club_Members AS T1 INNER JOIN Club_Majors AS T2 ON T2.major_id = T1.major_id WHERE T2.major_name = 'Elementary Education'","['Club_Members', 'Club_Majors']","SELECT T1.last_name, T1.phone_number FROM workload_updated_cluster38_Club_Majors_join_Club_Members AS T1 WHERE major_name = 'Elementary Education'"
1463,student_club,List the event names which were budgeted for the food.,budgeted for food refers to category = 'Food',SELECT T1.event_name FROM event AS T1 INNER JOIN budget AS T2 ON T1.event_id = T2.link_to_event WHERE T2.category = 'Food',simple,"['budget', 'event']",SELECT event_name FROM cluster39_budget_join_event WHERE category = 'Food',SELECT T1.event_name FROM Club_Events AS T1 INNER JOIN Club_Budgets AS T2 ON T1.event_id = T2.link_to_event WHERE T2.budget_category = 'Food',"['Club_Events', 'Club_Budgets']",SELECT T1.event_name FROM workload_updated_cluster39_Club_Budgets_join_Club_Events AS T1 WHERE budget_category = 'Food'
1464,student_club,Write the full names of students who received funds on the date of 9/9/2019 and include the amount received.,"full name refers to first_name, last_name, amount of funds received refers to amount, received funds on date refers to date_received","SELECT DISTINCT T3.first_name, T3.last_name, T4.amount FROM event AS T1 INNER JOIN attendance AS T2 ON T1.event_id = T2.link_to_event INNER JOIN member AS T3 ON T3.member_id = T2.link_to_member INNER JOIN income AS T4 ON T4.link_to_member = T3.member_id WHERE T4.date_received = '2019-09-09'",challenging,"['attendance', 'income', 'member', 'event']","SELECT DISTINCT first_name, last_name, amount FROM cluster62_attendance_join_event_join_member AS T62 INNER JOIN income AS T4 ON T62.member_id = T4.link_to_member WHERE T4.date_received = '2019-09-09'","SELECT DISTINCT T3.first_name, T3.last_name, T4.amount FROM Club_Events AS T1 INNER JOIN Club_Attendance AS T2 ON T1.event_id = T2.link_to_event INNER JOIN Club_Members AS T3 ON T3.member_id = T2.link_to_member INNER JOIN Club_Income AS T4 ON T4.link_to_member = T3.member_id WHERE T4.date_received = '2019-09-09'","['Club_Events', 'Club_Income', 'Club_Members', 'Club_Attendance']","SELECT DISTINCT first_name, last_name, amount FROM workload_updated_cluster63_Club_Income_join_Club_Members WHERE date_received = '2019-09-09'"
1466,student_club,Write the full name of the club member with the position of 'Secretary' and list which college the club member belongs to.,"full name refers to first_name, last name","SELECT T1.first_name, T1.last_name, college FROM member AS T1 INNER JOIN major AS T2 ON T2.major_id = T1.link_to_major WHERE T1.position = 'Secretary'",simple,"['member', 'major']","SELECT first_name, last_name, college FROM cluster38_major_join_member WHERE position = 'Secretary'","SELECT T1.first_name, T1.last_name, college FROM Club_Members AS T1 INNER JOIN Club_Majors AS T2 ON T2.major_id = T1.major_id WHERE T1.club_role = 'Secretary'","['Club_Members', 'Club_Majors']","SELECT T1.first_name, T1.last_name, college FROM workload_updated_cluster38_Club_Majors_join_Club_Members AS T1 WHERE club_role = 'Secretary'"
1467,student_club,Calculate the total amount spent on speaker gifts and list the name of the event they were spent on.,total amount spent = SUM(spent) where category = 'Speaker Gifts',"SELECT SUM(T1.spent), T2.event_name FROM budget AS T1 INNER JOIN event AS T2 ON T1.link_to_event = T2.event_id WHERE T1.category = 'Speaker Gifts'",simple,"['budget', 'event']","SELECT SUM(T1.spent), T2.event_name FROM budget AS T1 INNER JOIN event AS T2 ON T1.link_to_event = T2.event_id WHERE T1.category = 'Speaker Gifts'","SELECT SUM(T1.amount_spent), T2.event_name FROM Club_Budgets AS T1 INNER JOIN Club_Events AS T2 ON T1.link_to_event = T2.event_id WHERE T1.budget_category = 'Speaker Gifts'","['Club_Events', 'Club_Budgets']","SELECT SUM(T1.amount_spent), T2.event_name FROM Club_Budgets AS T1 INNER JOIN Club_Events AS T2 ON T1.link_to_event = T2.event_id WHERE T1.budget_category = 'Speaker Gifts'"
1473,debit_card_specializing,What was the average monthly consumption of customers in SME for the year 2013?,"Average Monthly consumption = AVG(Consumption) / 12; Year 2013 can be presented as Between 201301 And 201312, which means between January and December in 2013","SELECT AVG(T2.Consumption) / 12 FROM customers AS T1 INNER JOIN yearmonth AS T2 ON T1.CustomerID = T2.CustomerID WHERE SUBSTRING(T2.Date, 1, 4) = '2013' AND T1.Segment = 'SME'",moderate,"['customers', 'yearmonth']","SELECT AVG(Consumption) / 12 FROM cluster42_customers_join_yearmonth WHERE SUBSTRING(Date, 1, 4) = '2013' AND Segment = 'SME'","SELECT AVG(T2.gas_consumption) / 12 FROM Energy_Customers AS T1 INNER JOIN Energy_Usage AS T2 ON T1.customer_id = T2.customer_id WHERE SUBSTRING(T2.year_month_string, 1, 4) = '2013' AND T1.customer_segment = 'SME'","['Energy_Usage', 'Energy_Customers']","SELECT AVG(gas_consumption) / 12 FROM workload_updated_cluster42_Energy_Customers_join_Energy_Usage WHERE SUBSTRING(year_month_string, 1, 4) = '2013' AND customer_segment = 'SME'"
1475,debit_card_specializing,"How many customers in KAM had a consumption of less than 30,000 for the year 2012?","Year 2012 can be presented as Between 201201 And 201212, which means between January and December in 2012","SELECT COUNT(*) FROM ( SELECT T2.CustomerID FROM customers AS T1 INNER JOIN yearmonth AS T2 ON T1.CustomerID = T2.CustomerID WHERE T1.Segment = 'KAM' AND SUBSTRING(T2.Date, 1, 4) = '2012' GROUP BY T2.CustomerID HAVING SUM(T2.Consumption) < 30000 ) AS t1",moderate,"['customers', 'yearmonth']","SELECT COUNT(*) FROM ( SELECT yearmonth_CustomerID FROM cluster42_customers_join_yearmonth WHERE Segment = 'KAM' AND SUBSTRING(Date, 1, 4) = '2012' GROUP BY yearmonth_CustomerID HAVING SUM(Consumption) < 30000 ) AS t1","SELECT COUNT(*) FROM ( SELECT T2.customer_id FROM Energy_Customers AS T1 INNER JOIN Energy_Usage AS T2 ON T1.customer_id = T2.customer_id WHERE T1.customer_segment = 'KAM' AND SUBSTRING(T2.year_month_string, 1, 4) = '2012' GROUP BY T2.customer_id HAVING SUM(T2.gas_consumption) < 30000 ) AS t1","['Energy_Usage', 'Energy_Customers']","SELECT COUNT(*) FROM (SELECT customer_id FROM workload_updated_cluster42_Energy_Customers_join_Energy_Usage WHERE customer_segment = 'KAM' AND SUBSTRING(year_month_string, 1, 4) = '2012' GROUP BY customer_id HAVING SUM(gas_consumption) < 30000)"
1478,debit_card_specializing,Which segment had the least consumption?,,SELECT T1.Segment FROM customers AS T1 INNER JOIN yearmonth AS T2 ON T1.CustomerID = T2.CustomerID GROUP BY T1.Segment ORDER BY SUM(T2.Consumption) ASC LIMIT 1,simple,"['customers', 'yearmonth']",SELECT Segment FROM cluster42_customers_join_yearmonth GROUP BY Segment ORDER BY SUM(Consumption) ASC LIMIT 1,SELECT T1.customer_segment FROM Energy_Customers AS T1 INNER JOIN Energy_Usage AS T2 ON T1.customer_id = T2.customer_id GROUP BY T1.customer_segment ORDER BY SUM(T2.gas_consumption) ASC LIMIT 1,"['Energy_Usage', 'Energy_Customers']",SELECT customer_segment FROM workload_updated_cluster42_Energy_Customers_join_Energy_Usage GROUP BY customer_segment ORDER BY SUM(gas_consumption) ASC LIMIT 1
1480,debit_card_specializing,What was the gas consumption peak month for SME customers in 2013?,"'in 2013' refers to the first 4 strings of yearmonth.date = '2013', The 5th and 6th string of the date can refer to month.","SELECT SUBSTRING(T2.Date, 5, 2) FROM customers AS T1 INNER JOIN yearmonth AS T2 ON T1.CustomerID = T2.CustomerID WHERE SUBSTRING(T2.Date, 1, 4) = '2013' AND T1.Segment = 'SME' GROUP BY SUBSTRING(T2.Date, 5, 2) ORDER BY SUM(T2.Consumption) DESC LIMIT 1",moderate,"['customers', 'yearmonth']","SELECT SUBSTRING(Date, 5, 2) FROM cluster42_customers_join_yearmonth WHERE SUBSTRING(Date, 1, 4) = '2013' AND Segment = 'SME' GROUP BY SUBSTRING(Date, 5, 2) ORDER BY SUM(Consumption) DESC LIMIT 1","SELECT SUBSTRING(T2.year_month_string, 5, 2) FROM Energy_Customers AS T1 INNER JOIN Energy_Usage AS T2 ON T1.customer_id = T2.customer_id WHERE SUBSTRING(T2.year_month_string, 1, 4) = '2013' AND T1.customer_segment = 'SME' GROUP BY SUBSTRING(T2.year_month_string, 5, 2) ORDER BY SUM(T2.gas_consumption) DESC LIMIT 1","['Energy_Usage', 'Energy_Customers']","SELECT SUBSTRING(year_month_string, 5, 2) FROM workload_updated_cluster42_Energy_Customers_join_Energy_Usage WHERE SUBSTRING(year_month_string, 1, 4) = '2013' AND customer_segment = 'SME' GROUP BY SUBSTRING(year_month_string, 5, 2) ORDER BY SUM(gas_consumption) DESC LIMIT 1"
1482,debit_card_specializing,"Which of the three segments—SME, LAM and KAM—has the biggest and lowest percentage increases in consumption paid in EUR between 2012 and 2013?",Increase or Decrease = consumption for 2013 - consumption for 2012; Percentage of Increase = (Increase or Decrease / consumption for 2013) * 100%; Between 2012 And 2013 can be represented by Between 201201 And 201312; First 4 strings of Date represents the year.,"SELECT CAST((SUM(IIF(T1.Segment = 'SME' AND T2.Date LIKE '2013%', T2.Consumption, 0)) - SUM(IIF(T1.Segment = 'SME' AND T2.Date LIKE '2012%', T2.Consumption, 0))) AS FLOAT) * 100 / SUM(IIF(T1.Segment = 'SME' AND T2.Date LIKE '2012%', T2.Consumption, 0)), CAST(SUM(IIF(T1.Segment = 'LAM' AND T2.Date LIKE '2013%', T2.Consumption, 0)) - SUM(IIF(T1.Segment = 'LAM' AND T2.Date LIKE '2012%', T2.Consumption, 0)) AS FLOAT) * 100 / SUM(IIF(T1.Segment = 'LAM' AND T2.Date LIKE '2012%', T2.Consumption, 0)) , CAST(SUM(IIF(T1.Segment = 'KAM' AND T2.Date LIKE '2013%', T2.Consumption, 0)) - SUM(IIF(T1.Segment = 'KAM' AND T2.Date LIKE '2012%', T2.Consumption, 0)) AS FLOAT) * 100 / SUM(IIF(T1.Segment = 'KAM' AND T2.Date LIKE '2012%', T2.Consumption, 0)) FROM customers AS T1 INNER JOIN yearmonth AS T2 ON T1.CustomerID = T2.CustomerID",challenging,"['customers', 'yearmonth']","SELECT CAST((SUM(IIF(Segment = 'SME' AND Date LIKE '2013%', Consumption, 0)) - SUM(IIF(Segment = 'SME' AND Date LIKE '2012%', Consumption, 0))) AS FLOAT) * 100 / SUM(IIF(Segment = 'SME' AND Date LIKE '2012%', Consumption, 0)), CAST(SUM(IIF(Segment = 'LAM' AND Date LIKE '2013%', Consumption, 0)) - SUM(IIF(Segment = 'LAM' AND Date LIKE '2012%', Consumption, 0)) AS FLOAT) * 100 / SUM(IIF(Segment = 'LAM' AND Date LIKE '2012%', Consumption, 0)) , CAST(SUM(IIF(Segment = 'KAM' AND Date LIKE '2013%', Consumption, 0)) - SUM(IIF(Segment = 'KAM' AND Date LIKE '2012%', Consumption, 0)) AS FLOAT) * 100 / SUM(IIF(Segment = 'KAM' AND Date LIKE '2012%', Consumption, 0)) FROM cluster42_customers_join_yearmonth","SELECT CAST((SUM(IIF(T1.customer_segment = 'SME' AND T2.year_month_string LIKE '2013%', T2.gas_consumption, 0)) - SUM(IIF(T1.customer_segment = 'SME' AND T2.year_month_string LIKE '2012%', T2.gas_consumption, 0))) AS FLOAT) * 100 / SUM(IIF(T1.customer_segment = 'SME' AND T2.year_month_string LIKE '2012%', T2.gas_consumption, 0)), CAST(SUM(IIF(T1.customer_segment = 'LAM' AND T2.year_month_string LIKE '2013%', T2.gas_consumption, 0)) - SUM(IIF(T1.customer_segment = 'LAM' AND T2.year_month_string LIKE '2012%', T2.gas_consumption, 0)) AS FLOAT) * 100 / SUM(IIF(T1.customer_segment = 'LAM' AND T2.year_month_string LIKE '2012%', T2.gas_consumption, 0)) , CAST(SUM(IIF(T1.customer_segment = 'KAM' AND T2.year_month_string LIKE '2013%', T2.gas_consumption, 0)) - SUM(IIF(T1.customer_segment = 'KAM' AND T2.year_month_string LIKE '2012%', T2.gas_consumption, 0)) AS FLOAT) * 100 / SUM(IIF(T1.customer_segment = 'KAM' AND T2.year_month_string LIKE '2012%', T2.gas_consumption, 0)) FROM Energy_Customers AS T1 INNER JOIN Energy_Usage AS T2 ON T1.customer_id = T2.customer_id","['Energy_Usage', 'Energy_Customers']","SELECT CAST((SUM(IIF(customer_segment = 'SME' AND year_month_string LIKE '2013%', gas_consumption, 0)) - SUM(IIF(customer_segment = 'SME' AND year_month_string LIKE '2012%', gas_consumption, 0))) AS FLOAT) * 100 / SUM(IIF(customer_segment = 'SME' AND year_month_string LIKE '2012%', gas_consumption, 0)), CAST(SUM(IIF(customer_segment = 'LAM' AND year_month_string LIKE '2013%', gas_consumption, 0)) - SUM(IIF(customer_segment = 'LAM' AND year_month_string LIKE '2012%', gas_consumption, 0)) AS FLOAT) * 100 / SUM(IIF(customer_segment = 'LAM' AND year_month_string LIKE '2012%', gas_consumption, 0)), CAST(SUM(IIF(customer_segment = 'KAM' AND year_month_string LIKE '2013%', gas_consumption, 0)) - SUM(IIF(customer_segment = 'KAM' AND year_month_string LIKE '2012%', gas_consumption, 0)) AS FLOAT) * 100 / SUM(IIF(customer_segment = 'KAM' AND year_month_string LIKE '2012%', gas_consumption, 0)) FROM workload_updated_cluster42_Energy_Customers_join_Energy_Usage"
1483,debit_card_specializing,How much did customer 6 consume in total between August and November 2013?,Between August And November 2013 refers to Between 201308 And 201311; First 4 strings of Date represents the year.,SELECT SUM(Consumption) FROM yearmonth WHERE CustomerID = 6 AND Date BETWEEN '201308' AND '201311',simple,['yearmonth'],SELECT SUM(Consumption) FROM yearmonth WHERE CustomerID = 6 AND Date BETWEEN '201308' AND '201311',SELECT SUM(gas_consumption) FROM Energy_Usage WHERE customer_id = 6 AND year_month_string BETWEEN '201308' AND '201311',['Energy_Usage'],SELECT SUM(gas_consumption) FROM Energy_Usage WHERE customer_id = 6 AND year_month_string BETWEEN '201308' AND '201311'
1484,debit_card_specializing,"How many more ""discount"" gas stations does the Czech Republic have compared to Slovakia?",Computation of more discount = Total no. of discount gas stations in Czech Republic - Total no. of discount gas stations in Slovakia,"SELECT SUM(IIF(Country = 'CZE', 1, 0)) - SUM(IIF(Country = 'SVK', 1, 0)) FROM gasstations WHERE Segment = 'Discount'",simple,['gasstations'],"SELECT SUM(IIF(Country = 'CZE', 1, 0)) - SUM(IIF(Country = 'SVK', 1, 0)) FROM gasstations WHERE Segment = 'Discount'","SELECT SUM(IIF(country_code = 'CZE', 1, 0)) - SUM(IIF(country_code = 'SVK', 1, 0)) FROM Energy_Stations WHERE station_segment = 'Discount'",['Energy_Stations'],"SELECT SUM(IIF(country_code = 'CZE', 1, 0)) - SUM(IIF(country_code = 'SVK', 1, 0)) FROM Energy_Stations WHERE station_segment = 'Discount'"
1488,debit_card_specializing,Who among KAM's customers consumed the most? How much did it consume?,,"SELECT T2.CustomerID, SUM(T2.Consumption) FROM customers AS T1 INNER JOIN yearmonth AS T2 ON T1.CustomerID = T2.CustomerID WHERE T1.Segment = 'KAM' GROUP BY T2.CustomerID ORDER BY SUM(T2.Consumption) DESC LIMIT 1",simple,"['customers', 'yearmonth']","SELECT yearmonth_CustomerID, SUM(Consumption) FROM cluster42_customers_join_yearmonth WHERE Segment = 'KAM' GROUP BY yearmonth_CustomerID ORDER BY SUM(Consumption) DESC LIMIT 1","SELECT T2.customer_id, SUM(T2.gas_consumption) FROM Energy_Customers AS T1 INNER JOIN Energy_Usage AS T2 ON T1.customer_id = T2.customer_id WHERE T1.customer_segment = 'KAM' GROUP BY T2.customer_id ORDER BY SUM(T2.gas_consumption) DESC LIMIT 1","['Energy_Usage', 'Energy_Customers']","SELECT customer_id, SUM(gas_consumption) FROM workload_updated_cluster42_Energy_Customers_join_Energy_Usage WHERE customer_segment = 'KAM' GROUP BY customer_id ORDER BY SUM(gas_consumption) DESC LIMIT 1"
1491,debit_card_specializing,"Which country has more ""value for money"" gas stations? Please give a total number of ""value for money"" gas stations in each country.",,"SELECT Country , ( SELECT COUNT(GasStationID) FROM gasstations WHERE Segment = 'Value for money' ) FROM gasstations WHERE Segment = 'Value for money' GROUP BY Country ORDER BY COUNT(GasStationID) DESC LIMIT 1",simple,['gasstations'],"SELECT Country , ( SELECT COUNT(GasStationID) FROM gasstations WHERE Segment = 'Value for money' ) FROM gasstations WHERE Segment = 'Value for money' GROUP BY Country ORDER BY COUNT(GasStationID) DESC LIMIT 1","SELECT country_code , ( SELECT COUNT(station_id) FROM Energy_Stations WHERE station_segment = 'Value for money' ) FROM Energy_Stations WHERE station_segment = 'Value for money' GROUP BY country_code ORDER BY COUNT(station_id) DESC LIMIT 1",['Energy_Stations'],"SELECT country_code , ( SELECT COUNT(station_id) FROM Energy_Stations WHERE station_segment = 'Value for money' ) FROM Energy_Stations WHERE station_segment = 'Value for money' GROUP BY country_code ORDER BY COUNT(station_id) DESC LIMIT 1"
1492,debit_card_specializing,What percentage of KAM customers pay in euros?,Percentage of KAM uses Euro = (Total of KAM uses Euro / Total of KAM) * 100%.,SELECT CAST(SUM(Currency = 'EUR') AS FLOAT) * 100 / COUNT(CustomerID) FROM customers WHERE Segment = 'KAM',simple,['customers'],SELECT CAST(SUM(Currency = 'EUR') AS FLOAT) * 100 / COUNT(CustomerID) FROM customers WHERE Segment = 'KAM',SELECT CAST(SUM(currency_type = 'EUR') AS FLOAT) * 100 / COUNT(customer_id) FROM Energy_Customers WHERE customer_segment = 'KAM',['Energy_Customers'],SELECT CAST(SUM(currency_type = 'EUR') AS FLOAT) * 100 / COUNT(customer_id) FROM Energy_Customers WHERE customer_segment = 'KAM'
1494,debit_card_specializing,What percentage of Slovakian gas stations are premium?,Percentage of premium gas station = (Total of premium gas station in Slovakia / Total of gas station in Slovakia) * 100%.,"SELECT CAST(SUM(IIF(Segment = 'Premium', 1, 0)) AS FLOAT) * 100 / COUNT(GasStationID) FROM gasstations WHERE Country = 'SVK'",simple,['gasstations'],"SELECT CAST(SUM(IIF(Segment = 'Premium', 1, 0)) AS FLOAT) * 100 / COUNT(GasStationID) FROM gasstations WHERE Country = 'SVK'","SELECT CAST(SUM(IIF(station_segment = 'Premium', 1, 0)) AS FLOAT) * 100 / COUNT(station_id) FROM Energy_Stations WHERE country_code = 'SVK'",['Energy_Stations'],"SELECT CAST(SUM(IIF(station_segment = 'Premium', 1, 0)) AS FLOAT) * 100 / COUNT(station_id) FROM Energy_Stations WHERE country_code = 'SVK'"
1495,debit_card_specializing,Which client ID consumed the most in September 2013?,September 2013 refers to yearmonth.date = '201309',SELECT T1.CustomerID FROM customers AS T1 INNER JOIN yearmonth AS T2 ON T1.CustomerID = T2.CustomerID WHERE T2.Date = '201309' GROUP BY T1.CustomerID ORDER BY SUM(T2.Consumption) DESC LIMIT 1,simple,"['customers', 'yearmonth']",SELECT yearmonth_CustomerID FROM cluster42_customers_join_yearmonth WHERE Date = '201309' GROUP BY yearmonth_CustomerID ORDER BY SUM(Consumption) DESC LIMIT 1,SELECT T1.customer_id FROM Energy_Customers AS T1 INNER JOIN Energy_Usage AS T2 ON T1.customer_id = T2.customer_id WHERE T2.year_month_string = '201309' GROUP BY T1.customer_id ORDER BY SUM(T2.gas_consumption) DESC LIMIT 1,"['Energy_Usage', 'Energy_Customers']",SELECT customer_id FROM workload_updated_cluster42_Energy_Customers_join_Energy_Usage WHERE year_month_string = '201309' GROUP BY customer_id ORDER BY SUM(gas_consumption) DESC LIMIT 1
1497,debit_card_specializing,Which SME customer consumed the least in June 2012?,June 2012 refers to yearmonth.date = '201206',SELECT T1.CustomerID FROM customers AS T1 INNER JOIN yearmonth AS T2 ON T1.CustomerID = T2.CustomerID WHERE T2.Date = '201206' AND T1.Segment = 'SME' GROUP BY T1.CustomerID ORDER BY SUM(T2.Consumption) ASC LIMIT 1,simple,"['customers', 'yearmonth']",SELECT yearmonth_CustomerID FROM cluster42_customers_join_yearmonth WHERE Date = '201206' AND Segment = 'SME' GROUP BY yearmonth_CustomerID ORDER BY SUM(Consumption) ASC LIMIT 1,SELECT T1.customer_id FROM Energy_Customers AS T1 INNER JOIN Energy_Usage AS T2 ON T1.customer_id = T2.customer_id WHERE T2.year_month_string = '201206' AND T1.customer_segment = 'SME' GROUP BY T1.customer_id ORDER BY SUM(T2.gas_consumption) ASC LIMIT 1,"['Energy_Usage', 'Energy_Customers']",SELECT customer_id FROM workload_updated_cluster42_Energy_Customers_join_Energy_Usage WHERE year_month_string = '201206' AND customer_segment = 'SME' GROUP BY customer_id ORDER BY SUM(gas_consumption) ASC LIMIT 1
1498,debit_card_specializing,What is the highest monthly consumption in the year 2012?,The first 4 strings of yearmonth.date can represent the year.,"SELECT SUM(Consumption) FROM yearmonth WHERE SUBSTRING(Date, 1, 4) = '2012' GROUP BY SUBSTRING(Date, 5, 2) ORDER BY SUM(Consumption) DESC LIMIT 1",simple,['yearmonth'],"SELECT SUM(Consumption) FROM cluster42_customers_join_yearmonth WHERE SUBSTRING(Date, 1, 4) = '2012' GROUP BY SUBSTRING(Date, 5, 2) ORDER BY SUM(Consumption) DESC LIMIT 1","SELECT SUM(gas_consumption) FROM Energy_Usage WHERE SUBSTRING(year_month_string, 1, 4) = '2012' GROUP BY SUBSTRING(year_month_string, 5, 2) ORDER BY SUM(gas_consumption) DESC LIMIT 1",['Energy_Usage'],"SELECT SUM(gas_consumption) FROM Energy_Usage WHERE SUBSTRING(year_month_string, 1, 4) = '2012' GROUP BY SUBSTRING(year_month_string, 5, 2) ORDER BY SUM(gas_consumption) DESC LIMIT 1"
1503,debit_card_specializing,Please list the product description of the products bought in transactions in euro.,,"SELECT DISTINCT T1.ProductID, T3.Description FROM transactions_1k AS T1 INNER JOIN customers AS T2 ON T1.CustomerID = T2.CustomerID INNER JOIN products AS T3 ON T1.ProductID = T3.ProductID WHERE T2.Currency = 'EUR'",simple,"['products', 'customers', 'transactions_1k']","SELECT DISTINCT transactions_1k_ProductID, Description FROM cluster64_customers_join_transactions_1k_join_products WHERE Currency = 'EUR'","SELECT DISTINCT Energy_Sales_product_id, product_description FROM workload_updated_cluster64_Energy_Customers_join_Energy_Products_join_Energy_Sales WHERE currency_type = 'EUR'","['Energy_Products', 'Energy_Sales', 'Energy_Customers']","SELECT DISTINCT Energy_Sales_product_id, product_description FROM workload_updated_cluster64_Energy_Customers_join_Energy_Products_join_Energy_Sales WHERE currency_type = 'EUR'"
1505,debit_card_specializing,"Among the customers who paid in euro, how many of them have a monthly consumption of over 1000?",,SELECT COUNT(*) FROM yearmonth AS T1 INNER JOIN customers AS T2 ON T1.CustomerID = T2.CustomerID WHERE T2.Currency = 'EUR' AND T1.Consumption > 1000.00,simple,"['customers', 'yearmonth']",SELECT COUNT(*) FROM cluster42_customers_join_yearmonth WHERE Currency = 'EUR' AND Consumption > 1000.00,SELECT COUNT(*) FROM Energy_Usage AS T1 INNER JOIN Energy_Customers AS T2 ON T1.customer_id = T2.customer_id WHERE T2.currency_type = 'EUR' AND T1.gas_consumption > 1000.00,"['Energy_Usage', 'Energy_Customers']",SELECT COUNT(*) FROM Energy_Usage AS T1 INNER JOIN Energy_Customers AS T2 ON T1.customer_id = T2.customer_id WHERE T2.currency_type = 'EUR' AND T1.gas_consumption > 1000.00
1506,debit_card_specializing,Please list the product descriptions of the transactions taken place in the gas stations in the Czech Republic.,Gas station in the Czech Republic implies that Country = CZE,SELECT T3.Description FROM transactions_1k AS T1 INNER JOIN gasstations AS T2 ON T1.GasStationID = T2.GasStationID INNER JOIN products AS T3 ON T1.ProductID = T3.ProductID WHERE T2.Country = 'CZE',moderate,"['products', 'transactions_1k', 'gasstations']",SELECT Description FROM cluster64_customers_join_transactions_1k_join_products AS T64 INNER JOIN gasstations AS T2 ON T64.GasStationID = T2.GasStationID WHERE T2.Country = 'CZE',SELECT T3.product_description FROM Energy_Sales AS T1 INNER JOIN Energy_Stations AS T2 ON T1.station_id = T2.station_id INNER JOIN Energy_Products AS T3 ON T1.product_id = T3.product_id WHERE T2.country_code = 'CZE',"['Energy_Stations', 'Energy_Sales', 'Energy_Products']",SELECT product_description FROM workload_updated_cluster43_Energy_Sales_join_Energy_Stations AS T1 INNER JOIN Energy_Products AS T2 ON T1.product_id = T2.product_id WHERE country_code = 'CZE'
1507,debit_card_specializing,Please list the disparate time of the transactions taken place in the gas stations from chain no. 11.,,SELECT DISTINCT T1.Time FROM transactions_1k AS T1 INNER JOIN gasstations AS T2 ON T1.GasStationID = T2.GasStationID WHERE T2.ChainID = 11,simple,"['transactions_1k', 'gasstations']",SELECT DISTINCT Time FROM cluster43_gasstations_join_transactions_1k WHERE ChainID = 11,SELECT DISTINCT T1.trans_time FROM Energy_Sales AS T1 INNER JOIN Energy_Stations AS T2 ON T1.station_id = T2.station_id WHERE T2.chain_id = 11,"['Energy_Stations', 'Energy_Sales']",SELECT DISTINCT trans_time FROM workload_updated_cluster43_Energy_Sales_join_Energy_Stations WHERE chain_id = 11
1509,debit_card_specializing,"Among the transactions made in the gas stations in the Czech Republic, how many of them are taken place after 2012/1/1?",Gas station in the Czech Republic implies that Country = 'CZE',"SELECT COUNT(T1.TransactionID) FROM transactions_1k AS T1 INNER JOIN gasstations AS T2 ON T1.GasStationID = T2.GasStationID WHERE T2.Country = 'CZE' AND strftime('%Y', T1.Date) >= '2012'",moderate,"['transactions_1k', 'gasstations']","SELECT COUNT(TransactionID) FROM cluster43_gasstations_join_transactions_1k WHERE Country = 'CZE' AND strftime('%Y', Date) >= '2012'","SELECT COUNT(T1.trans_id) FROM Energy_Sales AS T1 INNER JOIN Energy_Stations AS T2 ON T1.station_id = T2.station_id WHERE T2.country_code = 'CZE' AND strftime('%Y', T1.trans_date) >= '2012'","['Energy_Stations', 'Energy_Sales']","SELECT COUNT(trans_id) FROM workload_updated_cluster43_Energy_Sales_join_Energy_Stations WHERE country_code = 'CZE' AND strftime('%Y', trans_date) >= '2012'"
1510,debit_card_specializing,What is the average total price of the transactions taken place in gas stations in the Czech Republic?,Gas station in the Czech Republic implies that Country = 'CZE',SELECT AVG(T1.Price) FROM transactions_1k AS T1 INNER JOIN gasstations AS T2 ON T1.GasStationID = T2.GasStationID WHERE T2.Country = 'CZE',simple,"['transactions_1k', 'gasstations']",SELECT AVG(Price) FROM cluster43_gasstations_join_transactions_1k WHERE Country = 'CZE',SELECT AVG(T1.total_price) FROM Energy_Sales AS T1 INNER JOIN Energy_Stations AS T2 ON T1.station_id = T2.station_id WHERE T2.country_code = 'CZE',"['Energy_Stations', 'Energy_Sales']",SELECT AVG(total_price) FROM workload_updated_cluster43_Energy_Sales_join_Energy_Stations WHERE country_code = 'CZE'
1516,debit_card_specializing,How many transactions were paid in EUR in the morning of 2012/8/26?,'2012/8/26' can be represented by '2012-08-26'; The morning refers to the time before '13:00:00',SELECT COUNT(T1.TransactionID) FROM transactions_1k AS T1 INNER JOIN customers AS T2 ON T1.CustomerID = T2.CustomerID WHERE T1.Date = '2012-08-26' AND T1.Time < '13:00:00' AND T2.Currency = 'EUR',moderate,"['customers', 'transactions_1k']",SELECT COUNT(TransactionID) FROM cluster64_customers_join_transactions_1k_join_products WHERE Date = '2012-08-26' AND Time < '13:00:00' AND Currency = 'EUR',SELECT COUNT(trans_id) FROM workload_updated_cluster64_Energy_Customers_join_Energy_Products_join_Energy_Sales WHERE trans_date = '2012-08-26' AND trans_time < '13:00:00' AND currency_type = 'EUR',"['Energy_Sales', 'Energy_Customers']",SELECT COUNT(trans_id) FROM workload_updated_cluster64_Energy_Customers_join_Energy_Products_join_Energy_Sales WHERE trans_date = '2012-08-26' AND trans_time < '13:00:00' AND currency_type = 'EUR'
1518,debit_card_specializing,"For the deal happened at 2012/8/24 12:42:00, which country was it?",'2012/8/24 12:42:00' can refer to date = '2012-08-24' AND T1.time = '12:42:00' in the database,SELECT T2.Country FROM transactions_1k AS T1 INNER JOIN gasstations AS T2 ON T1.GasStationID = T2.GasStationID WHERE T1.Date = '2012-08-24' AND T1.Time = '12:42:00',simple,"['transactions_1k', 'gasstations']",SELECT Country FROM cluster43_gasstations_join_transactions_1k WHERE Date = '2012-08-24' AND Time = '12:42:00',SELECT T2.country_code FROM Energy_Sales AS T1 INNER JOIN Energy_Stations AS T2 ON T1.station_id = T2.station_id WHERE T1.trans_date = '2012-08-24' AND T1.trans_time = '12:42:00',"['Energy_Stations', 'Energy_Sales']",SELECT country_code FROM workload_updated_cluster43_Energy_Sales_join_Energy_Stations WHERE trans_date = '2012-08-24' AND trans_time = '12:42:00'
1519,debit_card_specializing,What was the product id of the transaction happened at 2012/8/23 21:20:00?,'2012/8/23 21:20:00' can refer to date = '2012-08-23' AND T1.time = '21:20:00' in the database,SELECT T1.ProductID FROM transactions_1k AS T1 INNER JOIN gasstations AS T2 ON T1.GasStationID = T2.GasStationID WHERE T1.Date = '2012-08-23' AND T1.Time = '21:20:00',simple,"['transactions_1k', 'gasstations']",SELECT ProductID FROM cluster43_gasstations_join_transactions_1k WHERE Date = '2012-08-23' AND Time = '21:20:00',SELECT T1.product_id FROM Energy_Sales AS T1 INNER JOIN Energy_Stations AS T2 ON T1.station_id = T2.station_id WHERE T1.trans_date = '2012-08-23' AND T1.trans_time = '21:20:00',"['Energy_Stations', 'Energy_Sales']",SELECT product_id FROM workload_updated_cluster43_Energy_Sales_join_Energy_Stations WHERE trans_date = '2012-08-23' AND trans_time = '21:20:00'
1520,debit_card_specializing,"For the customer who paid 124.05 in 2012/8/24, how much did he/she spend during the January of 2012? And what is the date and expenses exactly?",'2012/8/24' can be represented by '2012-08-24'; expense and the consumption has the similar meaning.,"SELECT T1.CustomerID, T2.Date, T2.Consumption FROM transactions_1k AS T1 INNER JOIN yearmonth AS T2 ON T1.CustomerID = T2.CustomerID WHERE T1.Date = '2012-08-24' AND T1.Price = 124.05 AND T2.Date = '201201'",moderate,"['transactions_1k', 'yearmonth']","SELECT T1.CustomerID, T2.Date, T2.Consumption FROM transactions_1k AS T1 INNER JOIN yearmonth AS T2 ON T1.CustomerID = T2.CustomerID WHERE T1.Date = '2012-08-24' AND T1.Price = 124.05 AND T2.Date = '201201'","SELECT T1.customer_id, T2.year_month_string, T2.gas_consumption FROM Energy_Sales AS T1 INNER JOIN Energy_Usage AS T2 ON T1.customer_id = T2.customer_id WHERE T1.trans_date = '2012-08-24' AND T1.total_price = 124.05 AND T2.year_month_string = '201201'","['Energy_Sales', 'Energy_Usage']","SELECT T1.customer_id, T2.year_month_string, T2.gas_consumption FROM Energy_Sales AS T1 INNER JOIN Energy_Usage AS T2 ON T1.customer_id = T2.customer_id WHERE T1.trans_date = '2012-08-24' AND T1.total_price = 124.05 AND T2.year_month_string = '201201'"
1526,debit_card_specializing,"For the customer who paid 634.8 in 2012/8/25, what was the consumption decrease rate from Year 2012 to 2013?",'2012/8/24' can be represented by '2012-08-24'; Consumption decrease rate = (consumption_2012 - consumption_2013) / consumption_2012,"SELECT CAST(SUM(IIF(SUBSTRING(Date, 1, 4) = '2012', Consumption, 0)) - SUM(IIF(SUBSTRING(Date, 1, 4) = '2013', Consumption, 0)) AS FLOAT) / SUM(IIF(SUBSTRING(Date, 1, 4) = '2012', Consumption, 0)) FROM yearmonth WHERE CustomerID = ( SELECT T1.CustomerID FROM transactions_1k AS T1 INNER JOIN gasstations AS T2 ON T1.GasStationID = T2.GasStationID WHERE T1.Date = '2012-08-25' AND T1.Price = 634.8 )",challenging,"['transactions_1k', 'gasstations', 'yearmonth']","SELECT CAST(SUM(IIF(SUBSTRING(Date, 1, 4) = '2012', Consumption, 0)) - SUM(IIF(SUBSTRING(Date, 1, 4) = '2013', Consumption, 0)) AS FLOAT) / SUM(IIF(SUBSTRING(Date, 1, 4) = '2012', Consumption, 0)) FROM yearmonth WHERE CustomerID = ( SELECT CustomerID FROM cluster43_gasstations_join_transactions_1k WHERE Date = '2012-08-25' AND Price = 634.8 )","SELECT CAST(SUM(IIF(SUBSTRING(year_month_string, 1, 4) = '2012', gas_consumption, 0)) - SUM(IIF(SUBSTRING(year_month_string, 1, 4) = '2013', gas_consumption, 0)) AS FLOAT) / SUM(IIF(SUBSTRING(year_month_string, 1, 4) = '2012', gas_consumption, 0)) FROM Energy_Usage WHERE customer_id = ( SELECT T1.customer_id FROM Energy_Sales AS T1 INNER JOIN Energy_Stations AS T2 ON T1.station_id = T2.station_id WHERE T1.trans_date = '2012-08-25' AND T1.total_price = 634.8 )","['Energy_Sales', 'Energy_Usage', 'Energy_Stations']","SELECT CAST(SUM(IIF(SUBSTRING(Date, 1, 4) = '2012', Consumption, 0)) - SUM(IIF(SUBSTRING(Date, 1, 4) = '2013', Consumption, 0)) AS FLOAT) / SUM(IIF(SUBSTRING(Date, 1, 4) = '2012', Consumption, 0)) FROM yearmonth WHERE CustomerID = ( SELECT T1.customer_id FROM Energy_Sales AS T1 INNER JOIN Energy_Stations AS T2 ON T1.station_id = T2.station_id WHERE T1.trans_date = '2012-08-25' AND T1.total_price = 634.8 )"
1527,debit_card_specializing,Which gas station has the highest amount of revenue?,,SELECT GasStationID FROM transactions_1k GROUP BY GasStationID ORDER BY SUM(Price) DESC LIMIT 1,simple,['transactions_1k'],SELECT gasstations_GasStationID FROM cluster43_gasstations_join_transactions_1k GROUP BY gasstations_GasStationID ORDER BY SUM(Price) DESC LIMIT 1,SELECT station_id FROM Energy_Sales GROUP BY station_id ORDER BY SUM(total_price) DESC LIMIT 1,['Energy_Sales'],SELECT station_id FROM Energy_Sales GROUP BY station_id ORDER BY SUM(total_price) DESC LIMIT 1
1530,debit_card_specializing,Which are the top five best selling products? Please state the full name of them.,Description of products contains full name,SELECT T2.Description FROM transactions_1k AS T1 INNER JOIN products AS T2 ON T1.ProductID = T2.ProductID ORDER BY T1.Amount DESC LIMIT 5,simple,"['products', 'transactions_1k']",SELECT Description FROM cluster64_customers_join_transactions_1k_join_products ORDER BY Amount DESC LIMIT 5,SELECT product_description FROM workload_updated_cluster64_Energy_Customers_join_Energy_Products_join_Energy_Sales ORDER BY quantity DESC LIMIT 5,"['Energy_Products', 'Energy_Sales']",SELECT product_description FROM workload_updated_cluster64_Energy_Customers_join_Energy_Products_join_Energy_Sales ORDER BY quantity DESC LIMIT 5
1531,debit_card_specializing,Who is the top spending customer and how much is the average price per single item purchased by this customer? What currency was being used?,verage price per single item = price / amount,"SELECT T2.CustomerID, SUM(T2.Price / T2.Amount), T1.Currency FROM customers AS T1 INNER JOIN transactions_1k AS T2 ON T1.CustomerID = T2.CustomerID WHERE T2.CustomerID = ( SELECT CustomerID FROM yearmonth ORDER BY Consumption DESC LIMIT 1 ) GROUP BY T2.CustomerID, T1.Currency",moderate,"['customers', 'transactions_1k', 'yearmonth']","SELECT transactions_1k_CustomerID, SUM(Price / Amount), Currency FROM cluster64_customers_join_transactions_1k_join_products WHERE transactions_1k_CustomerID = ( SELECT CustomerID FROM yearmonth ORDER BY Consumption DESC LIMIT 1 ) GROUP BY transactions_1k_CustomerID, Currency","SELECT Energy_Sales_customer_id, SUM(total_price / quantity), currency_type FROM workload_updated_cluster64_Energy_Customers_join_Energy_Products_join_Energy_Sales WHERE Energy_Sales_customer_id = ( SELECT customer_id FROM Energy_Usage ORDER BY gas_consumption DESC LIMIT 1 ) GROUP BY Energy_Sales_customer_id, currency_type","['Energy_Sales', 'Energy_Usage', 'Energy_Customers']","SELECT Energy_Sales_customer_id, SUM(total_price / quantity), currency_type FROM workload_updated_cluster64_Energy_Customers_join_Energy_Products_join_Energy_Sales WHERE Energy_Sales_customer_id = (SELECT customer_id FROM Energy_Usage ORDER BY gas_consumption DESC LIMIT 1) GROUP BY Energy_Sales_customer_id, currency_type"
1532,debit_card_specializing,Which country had the gas station that sold the most expensive product id No.2 for one unit?,,SELECT T2.Country FROM transactions_1k AS T1 INNER JOIN gasstations AS T2 ON T1.GasStationID = T2.GasStationID WHERE T1.ProductID = 2 ORDER BY T1.Price DESC LIMIT 1,simple,"['transactions_1k', 'gasstations']",SELECT Country FROM cluster43_gasstations_join_transactions_1k WHERE ProductID = 2 ORDER BY Price DESC LIMIT 1,SELECT T2.country_code FROM Energy_Sales AS T1 INNER JOIN Energy_Stations AS T2 ON T1.station_id = T2.station_id WHERE T1.product_id = 2 ORDER BY T1.total_price DESC LIMIT 1,"['Energy_Stations', 'Energy_Sales']",SELECT country_code FROM workload_updated_cluster43_Energy_Sales_join_Energy_Stations WHERE product_id = 2 ORDER BY total_price DESC LIMIT 1
1533,debit_card_specializing,For all the people who paid more than 29.00 per unit of product id No.5. Give their consumption status in the August of 2012.,August of 2012 means Date contains '201208' in the yearmonth.date of the database; Price per unit of product = Price / Amount,SELECT T2.Consumption FROM transactions_1k AS T1 INNER JOIN yearmonth AS T2 ON T1.CustomerID = T2.CustomerID WHERE T1.Price / T1.Amount > 29.00 AND T1.ProductID = 5 AND T2.Date = '201208',moderate,"['transactions_1k', 'yearmonth']",SELECT Consumption FROM cluster64_customers_join_transactions_1k_join_products AS T64 INNER JOIN yearmonth AS T_ym ON T64.customers_CustomerID = T_ym.CustomerID WHERE T64.Price / T64.Amount > 29.00 AND T64.transactions_1k_ProductID = 5 AND T_ym.Date = '201208',SELECT T2.gas_consumption FROM Energy_Sales AS T1 INNER JOIN Energy_Usage AS T2 ON T1.customer_id = T2.customer_id WHERE T1.total_price / T1.quantity > 29.00 AND T1.product_id = 5 AND T2.year_month_string = '201208',"['Energy_Sales', 'Energy_Usage']",SELECT gas_consumption FROM Energy_Sales AS T1 INNER JOIN Energy_Usage AS T2 ON T1.customer_id = T2.customer_id WHERE T1.total_price / T1.quantity > 29.00 AND T1.product_id = 5 AND T2.year_month_string = '201208'
